actor,n_movies,imdb_mean,imdb_max,votes_mean,votes_max,genre_span,career_span_years
Wes Studi,6,6.75,7.9,195351.0,886204.0,13,17.0
CCH Pounder,7,6.357142857142857,7.9,222862.14285714287,886204.0,9,20.0
Joel David Moore,7,6.057142857142858,7.9,197685.7142857143,886204.0,9,7.0
Orlando Bloom,11,7.472727272727273,8.9,556064.1818181818,1238746.0,10,12.0
Johnny Depp,41,6.736585365853661,8.1,191840.68292682926,809474.0,18,32.0
Jack Davenport,6,7.050000000000001,8.1,335051.0,809474.0,8,8.0
Stephanie Sigman,1,6.8,6.8,275868.0,275868.0,3,0.0
Christoph Waltz,10,7.0,8.5,269866.0,955174.0,11,7.0
Rory Kinnear,5,7.4399999999999995,8.1,423668.6,522048.0,6,7.0
Christian Bale,28,7.257142857142858,9.0,298146.1785714286,1676169.0,19,21.0
Tom Hardy,13,7.484615384615385,8.8,358238.92307692306,1468200.0,12,13.0
Joseph Gordon-Levitt,19,7.094736842105264,8.8,261723.73684210525,1468200.0,13,19.0
Doug Walker,1,7.1,7.1,8.0,8.0,1,
Rob Walker,1,7.1,7.1,8.0,8.0,1,
Samantha Morton,9,6.711111111111112,7.7,39436.444444444445,212204.0,9,15.0
Polly Walker,2,6.75,6.9,146823.0,212204.0,4,20.0
Daryl Sabara,5,5.58,6.9,73165.4,212204.0,7,12.0
Kirsten Dunst,26,6.711538461538461,9.0,148368.07692307694,666937.0,17,22.0
J.K. Simmons,31,6.674193548387096,8.5,164979.0,544665.0,16,20.0
James Franco,28,6.617857142857143,7.8,158633.39285714287,544665.0,15,16.0
Brad Garrett,6,6.616666666666667,8.2,198156.33333333334,692482.0,12,14.0
M.C. Gainey,6,6.466666666666666,7.8,132660.33333333334,305340.0,13,13.0
Donna Murphy,2,7.05,7.8,148706.5,294810.0,8,1.0
Chris Hemsworth,15,6.939999999999999,8.1,333686.4,995415.0,13,7.0
Scarlett Johansson,30,7.056666666666667,8.5,258420.66666666666,995415.0,16,18.0
Robert Downey Jr.,29,6.927586206896551,8.2,244114.8275862069,995415.0,19,21.0
Daniel Radcliffe,12,6.891666666666667,7.8,213946.0,444683.0,11,15.0
Rupert Grint,8,7.237499999999999,7.8,189696.75,387616.0,8,9.0
Alan Rickman,11,7.063636363636363,8.2,177018.18181818182,592582.0,13,28.0
Henry Cavill,7,6.828571428571429,7.7,225723.85714285713,548573.0,9,14.0
Alan D. Purwin,1,6.9,6.9,371639.0,371639.0,3,0.0
Lauren Cohan,3,7.0,8.1,136794.0,371639.0,7,2.0
Frank Langella,14,6.3,7.1,85483.64285714286,240396.0,13,33.0
Kevin Spacey,22,7.1499999999999995,8.6,197519.0,822500.0,15,22.0
Marlon Brando,9,7.2555555555555555,9.2,257978.11111111112,1155770.0,10,55.0
Giancarlo Giannini,3,6.6000000000000005,7.7,204613.66666666666,330784.0,6,6.0
Mathieu Amalric,5,6.9799999999999995,8.0,120576.4,330784.0,8,9.0
Ruth Wilson,3,7.533333333333334,8.6,123359.66666666667,181792.0,11,0.0
Tom Wilkinson,27,6.937037037037037,8.3,118378.5925925926,666937.0,16,20.0
Christopher Meloni,6,6.516666666666667,7.5,130498.83333333333,548573.0,12,18.0
Harry Lennix,9,6.666666666666667,7.7,93452.11111111111,548573.0,14,18.0
Peter Dinklage,14,6.7714285714285705,8.1,97327.92857142857,514125.0,12,15.0
Damián Alcázar,2,6.699999999999999,6.8,80505.0,149922.0,6,6.0
Pierfrancesco Favino,1,6.6,6.6,149922.0,149922.0,4,0.0
Stephen Graham,7,6.728571428571429,7.7,115738.0,370704.0,15,7.0
Sam Claflin,4,6.625,7.6,170432.75,370704.0,5,5.0
Michael Stuhlbarg,4,7.05,7.2,162418.0,268154.0,9,6.0
Nicole Scherzinger,1,6.8,6.8,268154.0,268154.0,6,0.0
Will Smith,20,6.7299999999999995,8.0,235704.0,530870.0,15,21.0
Adam Brown,3,7.766666666666667,7.9,491671.3333333333,637246.0,2,2.0
Aidan Turner,4,7.325,7.9,395510.5,637246.0,5,2.0
James Nesbitt,8,7.5,8.1,190915.375,637246.0,10,16.0
Andrew Garfield,7,6.957142857142857,7.7,219876.85714285713,479453.0,11,7.0
Emma Stone,14,6.671428571428572,8.1,234700.85714285713,451803.0,11,8.0
Chris Zylka,2,5.5,7.0,236313.0,451803.0,5,1.0
Scott Grimes,2,6.7,6.7,117007.5,211765.0,6,11.0
William Hurt,16,6.8374999999999995,8.2,125927.9375,426359.0,16,26.0
Mark Addy,9,5.977777777777778,7.3,61323.333333333336,211765.0,13,13.0
Kristin Scott Thomas,13,6.823076923076922,7.5,77421.61538461539,300542.0,14,19.0
Christopher Lee,15,6.700000000000001,8.8,308004.73333333334,1238746.0,16,45.0
Eva Green,6,6.866666666666667,8.0,239389.16666666666,470501.0,10,8.0
Thomas Kretschmann,13,6.56923076923077,8.3,152334.15384615384,316027.0,16,16.0
Naomi Watts,22,6.78181818181818,8.0,127726.22727272728,395087.0,11,21.0
Evan Parke,3,7.2,7.2,316021.6666666667,316027.0,4,0.0
Leonardo DiCaprio,22,7.50909090909091,8.8,429682.63636363635,1468200.0,11,22.0
Kate Winslet,22,7.018181818181819,8.3,157916.54545454544,793059.0,14,22.0
Gloria Stuart,1,7.7,7.7,793059.0,793059.0,2,0.0
Chris Evans,13,6.73076923076923,8.2,176973.07692307694,508818.0,13,15.0
Liam Neeson,34,6.611764705882354,8.9,191485.5588235294,980946.0,17,33.0
Alexander Skarsgård,9,6.544444444444444,7.1,87645.33333333333,202382.0,7,15.0
Tadanobu Asano,2,6.6,7.3,120008.5,202382.0,8,5.0
Bryce Dallas Howard,9,6.966666666666667,8.1,176872.55555555556,418214.0,10,12.0
Omar Sy,3,6.933333333333333,7.2,168077.0,418214.0,7,6.0
Judy Greer,25,6.112,7.6,102882.4,418214.0,15,16.0
Helen McCrory,3,7.8,7.8,394397.3333333333,522048.0,7,3.0
Albert Finney,8,7.1625,8.1,263398.625,522048.0,10,49.0
Don Cheadle,15,6.893333333333334,8.1,161411.4,557489.0,12,16.0
Jon Favreau,18,6.577777777777778,8.2,198653.05555555556,780588.0,12,19.0
Anne Hathaway,24,6.704166666666668,8.6,149539.0,928227.0,13,15.0
Daniel Cudmore,1,6.8,6.8,383427.0,383427.0,5,0.0
Kelsey Grammer,6,6.083333333333333,7.1,128339.0,383427.0,13,17.0
Hugh Jackman,24,6.866666666666668,8.5,224239.41666666666,844052.0,16,16.0
Sean Hayes,6,5.733333333333333,7.4,83227.33333333333,235025.0,8,10.0
Steve Buscemi,37,6.567567567567568,8.4,137609.8108108108,664719.0,17,23.0
Tyler Labine,7,6.442857142857143,7.6,124121.14285714286,403836.0,14,15.0
Glenn Morshower,8,5.6875,6.5,126915.5,326180.0,9,19.0
Ramon Rodriguez,5,6.42,7.4,154944.2,323207.0,7,8.0
Kevin Dunn,8,6.6875,8.2,223385.625,513158.0,8,15.0
Bingbing Li,4,5.800000000000001,6.1,88736.25,242420.0,8,3.0
Sophia Myles,4,5.925,7.0,154471.25,242420.0,7,11.0
Mila Kunis,15,6.500000000000001,8.0,169375.93333333332,551363.0,11,15.0
Tim Holmes,2,6.4,6.4,175411.0,175413.0,3,0.0
B.J. Novak,3,6.433333333333333,7.5,149114.66666666666,321227.0,11,8.0
Olivia Wilde,15,6.426666666666666,8.1,117572.53333333334,312629.0,13,10.0
Jeff Bridges,24,6.770833333333332,8.2,122209.16666666667,696338.0,17,35.0
James Frain,10,6.55,7.7,91403.0,264186.0,12,21.0
Joe Mantegna,9,6.2444444444444445,7.6,51111.11111111111,267980.0,11,21.0
Eddie Izzard,7,6.014285714285714,7.0,40468.142857142855,101178.0,14,13.0
Ryan Reynolds,19,6.610526315789474,8.1,144988.73684210525,479047.0,16,17.0
Taika Waititi,1,5.6,5.6,223393.0,223393.0,3,0.0
Temuera Morrison,4,5.050000000000001,6.5,78227.25,223393.0,9,15.0
Don Rickles,3,7.633333333333333,8.3,299486.3333333333,544884.0,8,15.0
John Ratzenberger,10,7.890000000000001,8.4,474710.5,718837.0,7,17.0
Tom Hanks,28,7.3999999999999995,8.8,307625.96428571426,1251222.0,17,31.0
Common,10,6.510000000000001,7.3,138519.4,447979.0,16,10.0
Paul Walker,19,6.305263157894737,7.4,115946.15789473684,284792.0,13,17.0
Jason Statham,26,6.546153846153846,8.3,178575.73076923078,600996.0,11,17.0
Vin Diesel,19,6.773684210526315,8.6,213229.8947368421,881236.0,13,17.0
Brad Pitt,34,7.123529411764706,8.8,295389.5882352941,1347461.0,20,24.0
Mireille Enos,4,6.3,7.0,160978.0,465019.0,10,1.0
Peter Capaldi,4,7.1499999999999995,7.7,149998.25,465019.0,8,25.0
Jennifer Lawrence,15,7.046666666666667,8.0,272005.73333333334,701607.0,11,8.0
Bruce Greenwood,19,6.489473684210526,8.0,103507.21052631579,504419.0,16,20.0
Noel Clarke,1,7.8,7.8,395573.0,395573.0,3,0.0
Benedict Cumberbatch,10,7.1899999999999995,8.1,167822.3,467613.0,14,8.0
Ewen Bremner,8,7.125,8.2,168430.125,469561.0,10,17.0
Eddie Marsan,12,7.316666666666666,8.2,273013.6666666667,791783.0,11,12.0
Ralph Brown,2,5.949999999999999,6.3,56081.5,106416.0,3,6.0
Steve Bisley,3,7.2,7.3,292692.3333333333,362933.0,6,34.0
Elizabeth Debicki,3,7.3,7.3,300601.6666666667,362933.0,5,2.0
Reece Ritchie,2,6.3,6.6,111790.0,222403.0,6,4.0
Jake Gyllenhaal,20,6.955000000000001,8.1,183905.4,580999.0,13,14.0
Richard Coyle,5,6.36,6.9,69977.8,222403.0,10,8.0
Charlie Hunnam,6,6.75,7.9,151869.0,381148.0,11,11.0
Clifton Collins Jr.,16,6.3125,7.0,71604.5,381148.0,12,24.0
Larry Joe Campbell,2,6.45,7.0,242189.0,381148.0,5,2.0
Lester Speight,1,6.3,6.3,326180.0,326180.0,3,0.0
Jim Broadbent,30,6.703333333333334,8.2,83286.16666666667,333847.0,16,27.0
Harrison Ford,29,7.075862068965518,8.8,235658.44827586206,911097.0,15,42.0
Ray Winstone,18,6.199999999999999,8.5,111258.72222222222,873649.0,15,15.0
Jack McGraw,1,6.8,6.8,62836.0,62836.0,5,0.0
Peter Sohn,1,6.8,6.8,62836.0,62836.0,5,0.0
A.J. Buckley,5,6.039999999999999,6.8,14527.8,62836.0,9,15.0
Kelly Macdonald,8,7.0875,8.2,226119.0,612060.0,11,16.0
Julie Walters,8,7.0874999999999995,7.7,87353.125,273556.0,10,15.0
Sofia Boutella,1,7.5,7.5,53607.0,53607.0,4,0.0
Melissa Roxburgh,1,7.5,7.5,53607.0,53607.0,4,0.0
Lydia Wilson,1,7.5,7.5,53607.0,53607.0,4,0.0
Fred Willard,12,5.758333333333334,8.4,117969.58333333333,718837.0,10,20.0
Jeff Garlin,5,6.4799999999999995,8.4,178228.8,718837.0,7,9.0
Noémie Lenoir,2,5.65,6.2,73925.5,121084.0,4,8.0
Tzi Ma,4,6.65,7.5,55677.75,121084.0,9,10.0
Dana Ivey,4,6.750000000000001,7.8,71527.75,121084.0,7,22.0
Tom McCarthy,4,6.575,7.1,158715.5,283418.0,8,3.0
Liam James,3,6.900000000000001,7.5,134184.33333333334,283418.0,6,4.0
Oliver Platt,21,6.514285714285713,9.0,82411.09523809524,518537.0,16,23.0
Robin Wright,13,6.792307692307692,8.1,123113.69230769231,330152.0,16,26.0
Colin Firth,19,6.773684210526315,8.0,104167.94736842105,503631.0,15,18.0
Gary Oldman,23,6.51304347826087,8.0,124207.13043478261,382255.0,15,24.0
Eddie Redmayne,7,6.757142857142857,7.7,112998.57142857143,265507.0,9,8.0
Channing Tatum,22,6.281818181818181,7.3,121834.13636363637,408302.0,15,11.0
Casper Crump,2,6.6,6.6,42372.0,42372.0,4,0.0
Kiran Shah,1,6.9,6.9,286506.0,286506.0,3,0.0
Shane Rangi,2,6.6,6.9,196476.0,286506.0,3,5.0
Tye Sheridan,4,7.074999999999999,7.4,114131.5,148379.0,5,5.0
Michael Fassbender,15,6.819999999999999,8.3,222133.66666666666,885175.0,13,10.0
Morgan Freeman,47,6.93404255319149,9.3,239661.6170212766,1689764.0,19,27.0
Heath Ledger,10,7.010000000000001,9.0,277989.9,1676169.0,14,9.0
Delroy Lindo,15,6.553333333333334,8.3,89682.13333333333,665575.0,13,26.0
Jess Harnell,2,7.45,8.3,338140.5,665575.0,5,1.0
Rainn Wilson,8,6.5249999999999995,7.5,153514.375,414345.0,10,9.0
Amy Poehler,14,5.878571428571429,8.3,78427.64285714286,345198.0,12,16.0
Stephen Colbert,2,7.3,8.1,59367.0,114553.0,6,0.0
Chloë Grace Moretz,17,6.341176470588237,7.7,121735.4705882353,376600.0,14,11.0
Salma Hayek,19,6.194736842105264,7.5,75747.52631578948,219091.0,17,21.0
Bai Ling,6,5.900000000000001,7.6,62607.166666666664,136580.0,12,16.0
Brendan Fraser,17,5.788235294117647,7.5,50961.705882352944,248045.0,14,18.0
Russell Wong,3,6.433333333333334,8.0,40319.0,117927.0,7,6.0
Jet Li,13,6.576923076923077,7.9,100468.23076923077,270226.0,11,12.0
Robin Atkin Downes,3,7.2,7.8,65902.66666666667,118992.0,9,12.0
Ike Barinholtz,4,5.300000000000001,6.9,109639.75,216581.0,4,8.0
Steve Carell,20,6.6450000000000005,7.9,167643.4,385943.0,12,12.0
Jimmy Bennett,8,6.000000000000001,7.0,71516.125,141663.0,10,4.0
Tom Cruise,29,7.0137931034482754,8.0,219974.89655172414,431620.0,16,32.0
Lara Pulver,1,7.9,7.9,431620.0,431620.0,3,0.0
Noah Taylor,6,7.183333333333334,7.9,149105.5,431620.0,14,18.0
Jeanne Tripplehorn,5,5.720000000000001,6.8,55917.2,144337.0,9,7.0
Zakes Mokae,2,6.25,6.4,72806.0,144337.0,5,14.0
Rick Aviles,1,6.1,6.1,144337.0,144337.0,4,0.0
Dennis Quaid,22,6.509090909090909,7.9,69557.04545454546,333248.0,18,32.0
Leo Howard,2,5.35,5.8,89955.0,174578.0,7,0.0
Mindy Kaling,3,6.6000000000000005,8.3,182024.0,345198.0,7,8.0
Phyllis Smith,2,7.0,8.3,252808.0,345198.0,6,4.0
Bill Murray,34,6.917647058823531,8.1,125802.23529411765,475518.0,18,36.0
Garry Shandling,5,6.26,7.8,46459.6,106221.0,7,16.0
Kristen Stewart,20,6.12,8.2,150989.1,426359.0,12,12.0
Sharlto Copley,4,7.125,8.0,323761.5,531737.0,9,6.0
Sam Riley,4,6.55,7.7,83099.5,252257.0,11,9.0
Angelina Jolie Pitt,25,6.412000000000001,7.8,140769.68,348861.0,15,21.0
Kodi Smit-McPhee,4,7.175000000000001,7.6,127429.0,317542.0,11,5.0
Bipasha Basu,3,5.066666666666666,6.2,2514.0,3266.0,7,4.0
Tamsin Egerton,4,5.4,6.8,8026.75,18220.0,6,9.0
Alice Englert,2,4.5,4.5,2138.0,2138.0,4,0.0
Keanu Reeves,25,6.756,8.7,128390.44,1217752.0,15,30.0
Jin Akanishi,1,6.3,6.3,116994.0,116994.0,4,0.0
Cary-Hiroyuki Tagawa,12,6.191666666666666,8.1,81262.75,177729.0,13,28.0
Hayley Atwell,8,7.0375000000000005,7.8,200904.875,508818.0,11,7.0
Jon Hamm,9,6.288888888888889,7.6,132457.11111111112,280228.0,15,13.0
Mary Kay Place,5,6.5,7.8,83480.2,254404.0,10,33.0
Kathy Griffin,1,6.4,6.4,138661.0,138661.0,5,0.0
Chris Bauer,6,6.583333333333333,7.1,62738.666666666664,128306.0,13,19.0
Thomas Robinson,1,6.5,6.5,128306.0,128306.0,5,0.0
Daniel Henney,2,7.1,7.9,140174.0,279093.0,8,2.0
Damon Wayans Jr.,4,6.0,7.9,108878.5,279093.0,9,7.0
Abraham Benrubi,3,6.7,7.9,120914.0,279093.0,10,19.0
Joe Lo Truglio,8,6.6375,7.8,129508.375,422606.0,8,11.0
Jack McBrayer,6,6.483333333333333,7.8,152528.16666666666,385943.0,10,6.0
Sarah Silverman,7,6.571428571428572,7.8,115409.71428571429,272534.0,9,14.0
Eddie Deezen,2,6.3,6.6,77578.5,120798.0,5,11.0
Peter Scolari,1,6.6,6.6,120798.0,120798.0,4,0.0
Vivica A. Fox,12,5.916666666666667,8.1,132066.16666666666,735784.0,11,20.0
Judd Hirsch,4,6.925,8.2,203477.0,610568.0,7,36.0
Sela Ward,7,6.528571428571428,8.1,176895.85714285713,569841.0,9,23.0
Craig Ferguson,3,7.266666666666667,8.2,167721.0,485430.0,6,12.0
Gerard Butler,25,6.54,8.2,127346.92,607235.0,17,16.0
America Ferrera,8,6.9875,8.2,121496.5,485430.0,10,12.0
Carolyn Hennesy,1,6.4,6.4,305340.0,305340.0,2,0.0
Nick Stahl,3,7.0,7.6,157901.66666666666,305340.0,6,5.0
Djimon Hounsou,15,6.426666666666667,8.5,215592.13333333333,982637.0,13,17.0
Bradley Cooper,20,6.534999999999999,8.1,194491.55,682155.0,15,10.0
Matthew McConaughey,26,6.7423076923076914,8.6,142089.1923076923,928227.0,15,20.0
Mackenzie Foy,4,7.949999999999999,8.6,317160.5,928227.0,11,3.0
Atsuko Maeda,2,8.2,8.2,374.0,374.0,5,0.0
Shin'ya Tsukamoto,2,8.2,8.2,374.0,374.0,5,0.0
Mark Chinnery,2,8.2,8.2,374.0,374.0,5,0.0
Jordana Brewster,7,6.128571428571428,6.7,141368.0,272227.0,9,16.0
Julia Ormond,7,6.885714285714286,7.8,108124.57142857143,459346.0,11,19.0
Jason Flemyng,20,6.465000000000001,8.3,168749.5,600996.0,16,19.0
Philip Seymour Hoffman,25,7.132,8.2,139816.76,537419.0,14,19.0
Josh Hutcherson,15,6.553333333333332,7.6,155522.66666666666,701607.0,14,12.0
Robert Capron,1,6.1,6.1,124185.0,124185.0,4,0.0
Nicolas Cage,34,6.152941176470588,7.7,97292.88235294117,283967.0,15,30.0
Omar Benson Miller,5,6.02,7.2,74287.2,187181.0,9,9.0
Mike Vogel,7,6.442857142857142,8.1,141434.42857142858,318955.0,10,6.0
Andre Braugher,6,6.3999999999999995,7.3,120274.83333333333,245621.0,10,14.0
Justin Timberlake,10,5.9,7.4,121028.4,304318.0,13,7.0
Eric Idle,9,5.655555555555556,8.3,99258.33333333333,382240.0,8,33.0
Rupert Everett,9,6.099999999999999,7.2,83423.55555555556,314630.0,10,13.0
Callum Rennie,11,6.354545454545455,8.5,139356.9090909091,845580.0,13,17.0
Ruth Negga,2,7.800000000000001,8.3,67228.5,111609.0,5,0.0
Dominic Cooper,11,6.9,8.3,122477.18181818182,508818.0,14,10.0
Matt Smith,3,6.266666666666666,6.6,74063.0,188457.0,6,6.0
Emilia Clarke,2,7.1,7.6,116590.0,188457.0,5,1.0
Laura Brent,1,6.3,6.3,106446.0,106446.0,3,0.0
Bruce Spence,6,6.55,7.7,117248.83333333333,160321.0,10,29.0
Jaime King,6,5.433333333333333,6.1,84522.16666666667,254111.0,10,8.0
Mako,11,5.945454545454544,7.3,82482.45454545454,254111.0,14,26.0
Jennifer Garner,15,6.7,8.0,171623.8,525801.0,14,16.0
Michael O'Neill,6,6.849999999999999,7.6,141579.66666666666,513158.0,12,18.0
Zack Ward,6,6.816666666666666,8.4,122780.83333333333,513158.0,9,33.0
Brian Blessed,7,7.042857142857143,7.8,47957.57142857143,138863.0,11,32.0
Anthony Hopkins,30,6.856666666666668,8.6,133805.03333333333,887467.0,16,36.0
Fiona Shaw,4,6.425,7.5,243597.5,444683.0,7,18.0
Robert Pattinson,8,6.2125,7.6,215790.0,385670.0,6,7.0
Charlize Theron,24,6.554166666666668,8.1,129475.91666666667,552503.0,16,20.0
Alice Braga,6,7.0,8.7,279984.0,533200.0,8,11.0
Willow Smith,2,6.95,7.2,267794.5,530870.0,4,1.0
David Kelly,4,6.574999999999999,7.7,141176.5,320284.0,7,9.0
Janeane Garofalo,11,6.318181818181818,8.0,94804.90909090909,473887.0,12,11.0
Brian Dennehy,9,6.688888888888889,8.0,120163.0,473887.0,11,25.0
Cedric the Entertainer,10,6.159999999999999,7.0,73819.1,266636.0,11,12.0
Jada Pinkett Smith,18,6.4944444444444445,8.4,80289.72222222222,293662.0,16,23.0
Bernie Mac,14,6.064285714285714,7.8,63234.357142857145,402645.0,13,13.0
Robin Williams,27,6.574074074074076,8.3,108605.77777777778,604904.0,17,27.0
Steve Coogan,17,6.311764705882353,7.6,101702.23529411765,307539.0,11,21.0
Rami Malek,5,5.82,6.5,113944.6,234480.0,9,8.0
Dominic Monaghan,1,6.7,6.7,361924.0,361924.0,5,0.0
Collin Chou,1,6.7,6.7,364948.0,364948.0,2,0.0
Nona Gaye,2,5.5,6.7,208148.5,364948.0,5,2.0
Essie Davis,2,6.65,6.7,233643.0,364948.0,6,5.0
Livvy Stubenrauch,1,7.6,7.6,421658.0,421658.0,6,0.0
Josh Gad,8,6.5125,7.6,137116.5,421658.0,12,8.0
Maurice LaMarche,3,6.8,7.6,193034.0,421658.0,7,9.0
Steve Bastoni,3,6.566666666666667,7.2,160274.0,421818.0,7,12.0
Helmut Bakaitis,1,7.2,7.2,421818.0,421818.0,2,0.0
Daniel Bernhardt,1,7.2,7.2,421818.0,421818.0,2,0.0
Natalie Portman,20,6.854999999999999,8.2,246244.35,791783.0,12,20.0
Zoë Kravitz,8,6.450000000000001,8.1,118032.0,552503.0,8,9.0
Armin Mueller-Stahl,5,6.92,7.8,127713.6,261069.0,8,13.0
Ayelet Zurer,6,6.466666666666666,7.6,64672.666666666664,207839.0,6,11.0
Diedrich Bader,8,5.6,7.8,87474.0,200293.0,9,13.0
James Lipton,1,6.9,6.9,146766.0,146766.0,5,0.0
Kelli Garner,6,6.300000000000001,7.4,44390.333333333336,114762.0,11,9.0
Niecy Nash,1,5.1,5.1,33042.0,33042.0,7,0.0
Piper Mackenzie Harris,2,5.449999999999999,5.8,16950.0,33042.0,9,1.0
Edgar Ramírez,9,6.466666666666667,8.1,106899.22222222222,491077.0,10,11.0
Lily James,4,7.0,8.2,92397.25,152826.0,8,3.0
Jeremy Renner,12,7.016666666666666,7.6,179430.5,365104.0,14,12.0
Sean Harris,5,6.720000000000001,7.4,158023.0,456260.0,7,6.0
Simon Merrells,2,5.4,5.8,45476.0,89442.0,5,5.0
Art Malik,3,6.633333333333333,7.4,57293.0,89442.0,7,26.0
Rip Torn,13,6.0,7.9,90141.61538461539,403014.0,15,25.0
Oprah Winfrey,6,6.816666666666666,7.8,58545.833333333336,105902.0,11,29.0
Matthew Broderick,16,6.5125,8.5,97486.1875,644348.0,13,28.0
Mike Bell,1,7.3,7.3,182718.0,182718.0,5,0.0
Aasif Mandvi,4,5.95,6.7,122151.0,213863.0,9,4.0
Noah Ringer,1,4.2,4.2,118951.0,118951.0,4,0.0
Seychelle Gabriel,1,4.2,4.2,118951.0,118951.0,4,0.0
Jake Weber,4,6.45,7.1,109491.0,169023.0,8,15.0
Matt Craven,4,6.125,7.5,71513.5,164238.0,7,13.0
Elisabeth Harnois,1,5.4,5.4,17590.0,17590.0,6,0.0
Dan Fogler,6,6.416666666666667,7.7,77985.33333333333,307029.0,9,6.0
Tom Everett Scott,7,5.585714285714286,7.0,18118.571428571428,43328.0,10,15.0
David Suchet,2,5.4,6.7,49916.5,85086.0,6,7.0
Nonso Anozie,5,5.8,6.2,49641.4,99035.0,7,8.0
Cara Delevingne,5,5.700000000000001,6.4,37228.0,63390.0,6,1.0
Karan Brar,2,6.65,6.9,31782.5,47900.0,5,2.0
Zach Callison,1,6.9,6.9,47900.0,47900.0,5,0.0
Ty Burrell,9,6.833333333333333,7.4,102144.22222222222,326286.0,13,10.0
Julian Glover,5,6.32,8.3,211604.2,515306.0,8,31.0
Martin Short,7,7.057142857142858,9.5,78134.0,172217.0,10,16.0
Toby Stephens,3,6.7,7.4,83189.33333333333,169914.0,7,14.0
Rick Yune,3,6.099999999999999,6.8,78586.66666666667,169914.0,6,13.0
Colin Salmon,10,6.470000000000001,7.9,98353.9,198701.0,8,12.0
Kate McKinnon,2,5.5,5.5,69773.5,69790.0,4,0.0
Zach Woods,3,5.566666666666666,5.7,49057.333333333336,69790.0,6,5.0
Ed Begley Jr.,10,6.200000000000001,7.7,28097.2,69790.0,14,34.0
Bruce Willis,40,6.6275,8.9,198235.05,1324680.0,14,26.0
Will Patton,8,5.9375,6.6,75678.375,322395.0,10,18.0
Rosario Dawson,21,6.523809523809524,8.1,117197.14285714286,656640.0,16,19.0
Sebastian Roché,1,6.3,6.3,142440.0,142440.0,4,0.0
Wayne Knight,8,7.2124999999999995,8.1,200627.25,613473.0,11,23.0
Michael Nyqvist,4,7.425000000000001,8.1,99255.75,365104.0,10,7.0
Kamil McFadden,1,7.3,7.3,123553.0,123553.0,4,0.0
Khamani Griffin,2,6.9,7.3,93970.0,123553.0,6,1.0
David Herman,2,6.35,6.6,109420.0,110788.0,4,1.0
Richard Burgi,3,6.0,6.5,70465.66666666667,110788.0,6,9.0
John Michael Higgins,10,6.35,7.5,94376.3,163665.0,11,14.0
Chad Lindberg,3,6.366666666666667,7.7,133941.66666666666,317166.0,8,9.0
Tony Goldwyn,10,6.43,7.7,96847.4,317166.0,12,25.0
Ben Mendelsohn,10,6.42,7.3,96435.6,187170.0,9,25.0
María Valverde,3,5.966666666666666,6.1,86310.0,128694.0,6,1.0
Leonard Nimoy,9,6.800000000000001,8.0,106286.33333333333,504419.0,9,33.0
Elodie Yung,2,5.65,5.8,99122.0,146352.0,5,3.0
Bryan Brown,2,6.05,6.6,77115.0,102338.0,6,8.0
Joe Morton,10,6.660000000000001,8.5,134672.3,744891.0,12,15.0
Richard Roxburgh,6,6.383333333333334,7.6,105015.33333333333,242188.0,10,14.0
Sam Shepard,15,6.646666666666666,8.0,86019.26666666666,292022.0,13,38.0
Billy Crudup,9,7.088888888888889,8.4,102225.66666666667,392474.0,15,18.0
Stephen McHattie,7,6.500000000000001,7.7,70629.57142857143,392474.0,11,12.0
Matt Frewer,3,6.933333333333334,7.7,139871.33333333334,392474.0,7,5.0
Darlene Love,1,6.6,6.6,127497.0,127497.0,3,0.0
Rene Russo,8,6.7625,7.2,90779.625,130661.0,7,26.0
Kevin Rankin,2,6.4,7.1,149385.0,212106.0,5,11.0
Celia Weston,6,6.133333333333334,7.6,76790.5,212106.0,9,14.0
Regi Davis,1,5.7,5.7,212106.0,212106.0,2,0.0
Dwayne Johnson,23,6.230434782608696,7.3,105876.47826086957,284792.0,13,15.0
Jean Simmons,5,7.18,8.2,60641.0,214091.0,9,51.0
Ming-Na Wen,4,5.3999999999999995,7.5,81207.5,171792.0,13,14.0
Desmond Llewelyn,10,6.75,7.1,81056.5,157519.0,4,34.0
Maria Grazia Cucinotta,1,6.4,6.4,157519.0,157519.0,3,0.0
James D'Arcy,4,6.0,7.4,81467.25,168207.0,9,11.0
Lee Ingleby,1,7.4,7.4,168207.0,168207.0,5,0.0
David Threlfall,1,7.4,7.4,168207.0,168207.0,5,0.0
Taylor Lautner,9,5.055555555555555,5.7,163674.0,348010.0,8,10.0
Peter Mensah,5,6.540000000000001,8.6,166314.4,326286.0,11,13.0
John Diehl,1,7.5,7.5,16769.0,16769.0,5,
Don Johnson,6,5.966666666666666,7.5,58161.166666666664,165792.0,9,23.0
Philip Michael Thomas,1,7.5,7.5,16769.0,16769.0,5,
Mark Rylance,3,6.733333333333333,7.6,73039.66666666667,178118.0,9,1.0
Penelope Wilton,4,7.325,7.7,66015.0,166269.0,9,29.0
Rafe Spall,5,7.340000000000001,8.0,197835.2,440084.0,9,12.0
Lukas Haas,5,7.0,8.1,150375.0,406020.0,12,30.0
Ben Schwartz,2,6.55,6.6,33314.0,62424.0,5,0.0
Snoop Dogg,7,5.985714285714286,7.7,81082.71428571429,305929.0,9,12.0
Stephen Root,20,6.535000000000001,8.2,146040.9,692482.0,18,22.0
Annet Mahendru,1,6.7,6.7,60230.0,60230.0,4,0.0
Andy Richter,3,6.266666666666667,6.9,148818.66666666666,266636.0,4,13.0
Matt Damon,38,7.076315789473684,8.6,193359.26315789475,881236.0,18,20.0
T.I.,3,6.366666666666667,7.4,140017.33333333334,313866.0,8,9.0
Sandra Ellis Lafferty,4,6.85,7.9,187101.75,498397.0,11,10.0
Matt Jones,4,6.375,6.7,52923.75,70136.0,6,4.0
Jim Parsons,4,6.7,6.7,59932.75,70136.0,7,1.0
April Winchell,3,6.7,6.7,70130.0,70136.0,6,0.0
Lisa Ann Walter,5,6.08,6.7,157964.6,334345.0,7,7.0
Rick Gonzalez,4,6.2749999999999995,7.2,126267.25,334345.0,7,3.0
Henry Rollins,3,5.599999999999999,6.6,69794.33333333333,178126.0,6,6.0
Jordi Mollà,9,6.444444444444444,7.6,78956.11111111111,198066.0,12,15.0
Amy Sedaris,7,6.157142857142857,8.1,48520.142857142855,114287.0,10,16.0
Constance Marie,2,6.7,6.7,66706.5,114287.0,9,14.0
August Diehl,1,6.4,6.4,245621.0,245621.0,4,0.0
Logan Lerman,12,6.675,8.0,170956.91666666666,357579.0,13,12.0
Emma Watson,5,6.339999999999999,7.4,190041.6,387616.0,10,13.0
Toby Jones,11,6.854545454545455,7.7,78922.27272727272,220475.0,13,6.0
Mackenzie Crook,4,6.6499999999999995,7.4,84977.0,177383.0,10,7.0
Tony Curran,11,6.4363636363636365,7.4,80357.09090909091,177383.0,15,17.0
Eddie Baroo,1,6.6,6.6,102338.0,102338.0,4,0.0
Alfre Woodard,14,6.585714285714287,7.6,38785.57142857143,148490.0,18,26.0
D.B. Sweeney,5,6.26,6.5,66429.8,238671.0,8,15.0
Della Reese,2,6.05,6.5,20780.0,38438.0,8,4.0
Ralph Ineson,3,6.966666666666666,7.5,24523.0,66483.0,7,18.0
Dave Legeno,4,6.625,7.5,37025.0,72886.0,11,4.0
Will Ferrell,32,6.312499999999998,7.8,98913.96875,267921.0,15,19.0
Verne Troyer,5,6.180000000000001,7.5,191684.8,444683.0,9,10.0
Stephanie Szostak,5,5.68,7.1,57352.2,111003.0,5,4.0
Alfred Enoch,1,6.4,6.4,252.0,252.0,1,0.0
Jürgen Prochnow,5,6.62,8.4,147271.4,314253.0,8,25.0
Seth Gabel,1,6.6,6.6,314253.0,314253.0,2,0.0
Rachel Crow,1,6.4,6.4,58498.0,58498.0,5,0.0
Jeffrey Garcia,1,6.4,6.4,58498.0,58498.0,5,0.0
Miguel Ferrer,3,6.266666666666667,6.9,27954.666666666668,58498.0,9,12.0
Bruce Davison,5,6.5600000000000005,7.5,182855.0,452928.0,11,6.0
Aaron Stanford,4,7.3,7.7,150770.25,405973.0,9,3.0
Paul Anderson,2,7.25,7.5,213158.5,338635.0,8,4.0
Alexa Davalos,4,6.375,7.2,215937.5,229687.0,6,6.0
Rachel Ticotin,2,7.5,7.5,240241.0,240241.0,2,0.0
Ronny Cox,6,6.716666666666666,7.5,119044.0,240241.0,9,25.0
Marshall Bell,4,7.125,8.1,198940.25,271794.0,6,5.0
Clive Russell,3,6.233333333333333,6.7,36169.333333333336,101411.0,5,19.0
Vladimir Kulich,1,6.6,6.6,101411.0,101411.0,3,0.0
Scott Glenn,17,6.782352941176471,8.6,114918.5294117647,887467.0,16,32.0
Stacy Keach,7,6.3571428571428585,8.6,157651.7142857143,782437.0,10,32.0
Michael Gough,5,6.180000000000001,7.6,183453.6,269033.0,6,12.0
John Glover,1,3.7,3.7,189855.0,189855.0,1,0.0
Clint Howard,7,6.299999999999999,7.7,65083.857142857145,141414.0,10,25.0
Molly Shannon,6,5.1499999999999995,6.7,59697.166666666664,141414.0,7,14.0
T.J. Thyne,4,6.875,7.9,97923.25,141414.0,7,1.0
Dougray Scott,8,6.012499999999999,7.0,80626.25,242188.0,11,17.0
Bob Gunton,9,6.133333333333334,9.3,243400.33333333334,1689764.0,10,18.0
Mary Elizabeth Mastrantonio,6,7.383333333333334,8.3,150483.5,537442.0,7,17.0
Karen Allen,5,7.3,8.5,183426.8,661017.0,6,23.0
Ioan Gruffudd,6,5.916666666666667,7.7,121733.5,292022.0,10,15.0
Suraj Sharma,2,7.5,8.0,237958.5,440084.0,5,2.0
Tabu,2,7.8,8.0,228307.0,440084.0,3,6.0
Peter Fonda,4,5.75,7.1,53918.0,182661.0,9,10.0
Matt Long,2,5.75,6.3,110180.5,182661.0,5,0.0
Ato Essandoh,3,7.733333333333333,8.5,334357.6666666667,955174.0,6,12.0
Riz Ahmed,2,7.199999999999999,7.3,48052.5,55982.0,5,6.0
Demi Moore,16,6.13125,7.6,56041.8125,181879.0,14,26.0
Justin Theroux,6,5.933333333333334,7.6,101257.83333333333,357275.0,7,16.0
Melanie Griffith,6,6.2,6.8,21912.666666666668,41638.0,12,33.0
Nathan Lane,11,5.918181818181818,8.5,86631.27272727272,644348.0,11,18.0
Christina Cox,1,6.7,6.7,183909.0,183909.0,4,0.0
Jennifer Ehle,9,6.555555555555556,8.0,173627.66666666666,503631.0,8,7.0
Abbie Cornish,8,6.6375,7.2,113615.875,197584.0,14,7.0
Scott Porter,8,6.199999999999999,8.7,45400.875,104356.0,10,6.0
Nicholas Elia,1,6.1,6.1,57873.0,57873.0,3,0.0
Kick Gurry,1,6.1,6.1,57873.0,57873.0,3,0.0
Teyonah Parris,1,5.3,5.3,35066.0,35066.0,3,0.0
Shelley Conn,1,5.3,5.3,35066.0,35066.0,3,0.0
Domenick Lombardozzi,1,5.3,5.3,35066.0,35066.0,3,0.0
Marc Blucas,8,5.637499999999999,7.1,43095.0,148280.0,14,9.0
Zoë Bell,3,7.5,7.9,271923.6666666667,387436.0,9,8.0
Hayden Christensen,11,6.254545454545454,7.6,131369.9090909091,520104.0,12,14.0
James Coburn,8,6.637499999999999,8.3,125579.125,585659.0,16,39.0
Rila Fukushima,1,6.7,6.7,328067.0,328067.0,4,0.0
Tao Okamoto,1,6.7,6.7,328067.0,328067.0,4,0.0
Ian McDiarmid,3,7.2,8.4,409115.6666666667,681857.0,4,18.0
Vanessa Hessler,1,5.1,5.1,20567.0,20567.0,4,0.0
Santiago Segura,1,5.1,5.1,20567.0,20567.0,4,0.0
Alain Delon,1,5.1,5.1,20567.0,20567.0,4,0.0
Noah Emmerich,9,6.9,8.1,111872.88888888889,667983.0,14,18.0
Roger Willie,2,6.85,7.7,99622.5,143251.0,4,0.0
Noel Fisher,5,5.84,6.3,102491.2,167089.0,6,15.0
Danny Woodburn,6,5.483333333333333,6.4,82156.66666666667,167089.0,10,14.0
Jeremy Howard,2,5.9,5.9,167087.0,167089.0,4,0.0
Basher Savage,1,7.8,7.8,582917.0,582917.0,4,0.0
Phaldut Sharma,1,7.8,7.8,582917.0,582917.0,4,0.0
Amy Warren,1,7.8,7.8,582917.0,582917.0,4,0.0
Grant Heslov,2,5.4,5.8,48371.0,62271.0,5,2.0
Jamie Renée Smith,1,5.8,5.8,62271.0,62271.0,3,0.0
Stephen Amell,1,6.3,6.3,17533.0,17533.0,4,0.0
Reg E. Cathey,8,6.425000000000001,8.6,238413.625,1023511.0,10,21.0
Tim Heidecker,2,4.3,4.3,110486.0,110486.0,3,0.0
Tim Blake Nelson,11,5.954545454545454,7.8,56791.818181818184,225102.0,14,15.0
Archie Panjabi,6,6.8,7.5,76341.66666666667,147497.0,11,16.0
Joe Don Baker,5,6.539999999999999,7.3,116027.2,199025.0,6,10.0
Vincent Schiavelli,5,6.6,7.2,95089.2,215255.0,8,20.0
Adam Baldwin,6,7.1499999999999995,8.0,171880.83333333334,430055.0,8,25.0
Julia Roberts,27,6.366666666666666,7.3,81688.29629629629,284852.0,15,28.0
Mini Anden,2,6.5,6.6,201425.5,284852.0,3,7.0
Stephanie March,1,6.5,6.5,348861.0,348861.0,5,0.0
Mekhi Phifer,13,6.323076923076925,7.4,94886.61538461539,341058.0,10,18.0
Theo James,4,6.300000000000001,6.7,164267.75,341058.0,7,4.0
Adam Scott,14,6.392857142857143,7.5,89846.28571428571,264318.0,11,13.0
Frances Conroy,9,5.733333333333333,7.5,58615.0,264318.0,10,17.0
James Corden,7,5.985714285714286,7.4,42111.857142857145,99430.0,11,7.0
Olly Alexander,2,6.1,7.3,49304.5,53160.0,5,1.0
Catherine Tate,1,4.9,4.9,53160.0,53160.0,4,0.0
Chad L. Coleman,1,5.8,5.8,136019.0,136019.0,5,0.0
George Peppard,2,6.4,7.6,14551.5,25402.0,4,0.0
Dwight Schultz,1,7.6,7.6,25402.0,25402.0,3,
Dirk Benedict,1,7.6,7.6,25402.0,25402.0,3,
Sullivan Stapleton,2,5.550000000000001,6.2,125571.5,225273.0,7,11.0
Mahadeo Shivraj,1,5.5,5.5,66593.0,66593.0,5,0.0
Madison McKinley,1,5.5,5.5,66593.0,66593.0,5,0.0
Tim Gunn,1,5.5,5.5,66593.0,66593.0,5,0.0
G.W. Bailey,2,4.35,5.4,19269.5,24958.0,6,10.0
Roseanne Barr,1,5.4,5.4,13581.0,13581.0,5,0.0
Torey Michael Adkins,1,7.1,7.1,254841.0,254841.0,4,0.0
Olga Fonda,1,7.1,7.1,254841.0,254841.0,4,0.0
Nancy O'Dell,4,5.725,6.6,36505.0,98535.0,10,13.0
Jacob Tremblay,2,6.8500000000000005,8.3,94272.5,161288.0,6,2.0
Vanessa Matsui,1,5.4,5.4,27257.0,27257.0,5,0.0
Jason Patric,5,6.38,7.4,67352.4,92924.0,9,23.0
Lois Chiles,2,5.0,6.3,65053.5,69534.0,6,18.0
Moises Arias,6,5.8,6.7,47009.666666666664,184561.0,10,10.0
Aramis Knight,1,6.7,6.7,184561.0,184561.0,2,0.0
Cyril Raffaelli,2,7.2,7.2,196081.5,336235.0,4,3.0
Jonathan Sadowski,2,6.1,7.2,194438.5,336235.0,6,5.0
Billy Boyd,4,7.825000000000001,8.9,895885.5,1238746.0,7,3.0
Cécile De France,5,6.44,7.3,61401.0,80140.0,6,8.0
Spencer Breslin,3,5.2,6.0,26749.0,36033.0,7,2.0
Kelly Preston,11,6.045454545454544,7.3,57429.454545454544,189923.0,12,22.0
Chi McBride,6,6.7,7.3,135705.66666666666,387632.0,8,12.0
Philip Glenister,1,7.2,7.2,217373.0,217373.0,5,0.0
Jeffrey Jones,9,5.977777777777778,8.3,94844.11111111111,270790.0,15,23.0
Chazz Palminteri,15,6.413333333333332,8.6,81130.8,740918.0,12,20.0
Jenifer Lewis,5,5.5200000000000005,7.1,20514.4,89351.0,8,8.0
Anika Noni Rose,3,5.233333333333333,7.1,56286.0,89351.0,8,6.0
Donald Glover,3,6.366666666666667,8.1,176839.33333333334,472488.0,7,2.0
Benedict Wong,4,7.674999999999999,8.1,239518.75,472488.0,6,13.0
Mathew Buck,1,7.2,7.2,6.0,6.0,1,
Warren Beatty,5,5.8,7.5,19773.2,47819.0,10,20.0
Del Zamora,2,5.65,6.9,14717.0,25332.0,5,17.0
Robert Duvall,25,6.968,9.2,178266.4,1155770.0,14,52.0
Oliver Reed,4,7.925,8.5,254533.0,982637.0,8,35.0
Connie Nielsen,9,6.722222222222223,8.5,164061.66666666666,982637.0,10,16.0
Jessica Capshaw,2,6.2,7.7,210059.0,399651.0,5,1.0
Frank Grillo,9,6.322222222222222,8.2,125407.88888888889,399651.0,9,14.0
Ivana Milicevic,9,6.3999999999999995,8.0,158946.44444444444,470501.0,10,9.0
Tobias Menzies,3,8.166666666666666,8.5,330458.3333333333,470501.0,6,0.0
Erick Avari,4,6.175000000000001,8.1,110688.0,177729.0,7,13.0
Estella Warren,5,5.46,7.0,88415.8,177729.0,10,2.0
Jenette Goldstein,3,7.833333333333333,8.5,412493.3333333333,744891.0,6,12.0
S. Epatha Merkerson,4,6.825,8.5,201536.5,744891.0,6,27.0
Denzel Washington,32,7.1156250000000005,7.9,124278.59375,324671.0,14,27.0
RZA,7,6.3999999999999995,7.8,133460.42857142858,324671.0,7,9.0
Ruby Dee,6,6.25,7.9,72041.66666666667,324671.0,9,31.0
Tom Arnold,9,5.077777777777778,7.2,34744.77777777778,190439.0,12,24.0
Jamie Lee Curtis,15,6.266666666666666,7.9,70608.46666666666,190439.0,12,32.0
Tia Carrere,6,6.449999999999999,7.2,75152.83333333333,190439.0,14,11.0
Michael Rispoli,5,6.160000000000001,7.7,163422.8,435864.0,5,8.0
Robert De Niro,54,6.7370370370370365,9.0,134840.0185185185,790926.0,18,43.0
Teri Polo,8,5.85,7.0,77682.0,260442.0,10,11.0
Blythe Danner,9,6.677777777777778,8.2,100662.22222222222,260442.0,11,40.0
Derek Jeter,1,6.7,6.7,189806.0,189806.0,3,0.0
Vanessa Williams,9,5.5555555555555545,6.9,22875.555555555555,84424.0,13,18.0
Roma Maffia,3,6.266666666666667,6.7,69750.66666666667,88241.0,5,19.0
Bill Fagerbakke,2,6.95,7.0,80919.5,102933.0,8,8.0
Jason Alexander,4,6.324999999999999,6.9,115585.25,213476.0,10,25.0
Wendie Malick,4,6.675,7.3,76169.25,131180.0,9,14.0
Eartha Kitt,4,5.8500000000000005,7.3,39223.75,128285.0,7,15.0
John Fiedler,4,7.225,8.9,148392.25,447785.0,9,48.0
Sylvester Stallone,27,6.307407407407408,8.1,105111.33333333333,375240.0,14,40.0
Annie Parisse,2,6.300000000000001,6.9,132171.0,255447.0,7,10.0
Armando Riesco,5,6.92,7.6,114579.2,255447.0,10,5.0
Gary Lewis,3,6.866666666666666,7.8,75941.33333333333,108076.0,9,6.0
Ed Speleers,2,5.699999999999999,6.3,65148.0,108076.0,6,5.0
Max Records,1,6.8,6.8,87677.0,87677.0,4,0.0
Catherine O'Hara,14,6.678571428571428,7.6,83323.57142857143,311075.0,15,24.0
Ryan Corr,2,6.949999999999999,7.1,70509.0,87677.0,5,5.0
Troy Evans,3,5.766666666666667,6.7,45520.666666666664,85833.0,7,24.0
Emma Kenney,1,6.7,6.7,85833.0,85833.0,4,0.0
Rufus Sewell,13,6.415384615384616,7.7,138435.23076923078,295375.0,11,16.0
Udo Kier,12,5.758333333333333,8.0,61138.666666666664,216486.0,13,18.0
Mark Margolis,12,6.8999999999999995,8.4,163491.66666666666,573541.0,12,14.0
Stephen Collins,4,6.375,8.0,119856.25,400292.0,5,11.0
Debi Mazar,9,6.388888888888889,8.5,100881.11111111111,293662.0,10,13.0
Rene Auberjonois,2,4.75,5.4,113638.5,190786.0,6,4.0
Jake Busey,9,6.222222222222222,8.2,71389.44444444444,221521.0,10,18.0
Patrick Muldoon,2,5.9,7.2,111131.5,221521.0,4,18.0
Seth Gilliam,3,6.8,7.5,103341.66666666667,221521.0,7,19.0
Jim Sturgess,7,7.257142857142857,7.8,120770.0,284825.0,8,6.0
Anthony LaPaglia,4,7.0,7.2,36172.5,65785.0,10,16.0
Christopher Heyerdahl,4,5.125,5.8,25550.0,87451.0,6,18.0
Alex Borstein,5,5.779999999999999,7.5,63193.4,107815.0,12,12.0
Ingrid Bolsø Berdal,4,5.775,6.1,110971.0,159868.0,7,2.0
Michael Wincott,11,6.927272727272728,7.7,67524.72727272728,170179.0,15,27.0
Anna Friel,4,6.0,6.3,14610.75,52029.0,9,11.0
Bobb'e J. Thompson,4,6.375,7.0,101122.0,195255.0,9,3.0
Jamie Kennedy,7,5.585714285714286,7.1,35456.42857142857,137854.0,9,15.0
Traylor Howard,2,4.300000000000001,6.4,30392.0,40751.0,3,7.0
Ben Stein,1,2.2,2.2,40751.0,40751.0,3,0.0
Benjamin Walker,2,6.45,7.0,100205.5,128629.0,8,3.0
Frank Dillane,1,7.0,7.0,71782.0,71782.0,6,0.0
Randy Quaid,7,5.728571428571429,7.4,28184.428571428572,71183.0,11,22.0
Burt Young,5,6.06,8.4,86863.0,221000.0,7,22.0
Igal Naor,1,6.9,6.9,110364.0,110364.0,4,0.0
Sean Huze,1,6.9,6.9,110364.0,110364.0,4,0.0
Francesca Capaldi,1,7.2,7.2,27918.0,27918.0,4,0.0
Bill Melendez,2,7.800000000000001,8.4,24872.0,27918.0,4,50.0
Venus Schultheis,1,7.2,7.2,27918.0,27918.0,4,0.0
Campbell Scott,6,7.550000000000001,8.3,6728.5,18697.0,11,10.0
Felicity Huffman,4,7.050000000000001,7.5,24645.0,36321.0,7,17.0
Ben Gazzara,5,5.52,7.3,13476.0,42987.0,6,17.0
Patricia Velasquez,1,6.3,6.3,248045.0,248045.0,4,0.0
Ni Ni,1,7.6,7.6,38690.0,38690.0,4,0.0
Shigeo Kobayashi,1,7.6,7.6,38690.0,38690.0,4,0.0
Zooey Deschanel,19,6.494736842105265,7.9,96278.8947368421,376600.0,13,12.0
Jon Heder,9,5.9,6.9,63080.666666666664,161448.0,9,11.0
Jon Lovitz,14,6.157142857142857,7.8,61538.21428571428,164148.0,14,28.0
Roger Bart,1,5.2,5.2,49739.0,49739.0,3,0.0
Thomas Middleditch,1,6.2,6.2,106790.0,106790.0,1,0.0
Katherine LaNasa,2,6.6,7.0,59247.0,106790.0,3,4.0
Milla Jovovich,19,6.1000000000000005,7.7,96387.26315789473,343274.0,12,25.0
Kristin Davis,6,5.083333333333333,7.0,54267.666666666664,83506.0,8,7.0
Chris Noth,6,5.766666666666667,7.0,33800.0,80025.0,8,13.0
Liza Minnelli,3,5.533333333333334,6.7,26207.666666666668,59581.0,5,33.0
Frank Welker,8,6.2250000000000005,8.0,73268.875,260939.0,12,14.0
Elton John,3,6.7,7.4,59465.333333333336,119622.0,6,9.0
Rosie Perez,5,6.6,7.0,68339.0,255257.0,9,12.0
Drake,1,6.6,6.6,145321.0,145321.0,4,0.0
Derek Jacobi,8,6.8375,8.0,117575.75,503631.0,11,26.0
AJ Michalka,3,6.833333333333333,7.1,179348.33333333334,287822.0,5,2.0
Michael Imperioli,5,5.92,6.7,69308.8,125114.0,5,17.0
Alexander Gould,3,6.533333333333332,8.2,238737.33333333334,692482.0,7,4.0
Bernard Hill,5,6.9799999999999995,8.9,291093.4,1215718.0,8,7.0
Olivia Williams,11,6.636363636363637,8.1,115437.81818181818,704766.0,14,17.0
Chris Barrie,1,5.7,5.7,157016.0,157016.0,4,0.0
Michael Jeter,7,6.799999999999999,8.5,186790.7142857143,782610.0,14,6.0
Trevor Morgan,4,5.45,7.3,68523.5,219501.0,8,6.0
Alessandro Nivola,4,6.475,7.9,74865.5,219501.0,9,8.0
David Oyelowo,11,6.627272727272728,7.7,113397.54545454546,403836.0,11,10.0
Joan Plowright,4,6.35,6.9,46968.5,106528.0,8,15.0
Tod Fennell,1,6.6,6.6,68935.0,68935.0,3,0.0
Megalyn Echikunwoke,3,5.333333333333333,5.7,58418.0,165618.0,7,2.0
Cole Hauser,11,6.290909090909091,7.7,80728.63636363637,193962.0,9,20.0
Craig T. Nelson,10,6.609999999999999,8.0,110611.6,479166.0,15,33.0
Lou Romano,1,8.0,8.0,479166.0,479166.0,4,0.0
Holly Hunter,13,6.93076923076923,8.0,78509.46153846153,479166.0,12,19.0
Christopher Masterson,2,5.949999999999999,6.3,59650.5,98199.0,4,2.0
Matthew Modine,2,5.949999999999999,6.3,88684.5,156267.0,5,10.0
Linda Fiorentino,3,6.0,7.3,140103.66666666666,403014.0,8,5.0
Ethan Suplee,10,7.25,8.6,184201.0,782437.0,8,15.0
Mei Melançon,1,6.6,6.6,160440.0,160440.0,4,0.0
Harris Yulin,2,6.3,6.6,86258.5,160440.0,5,0.0
John Lone,1,6.6,6.6,160440.0,160440.0,4,0.0
Miranda Otto,5,6.4,7.6,74047.6,138941.0,10,16.0
Amber Valletta,7,5.957142857142856,6.7,51353.0,98403.0,10,10.0
Will Forte,9,6.166666666666667,7.8,71964.33333333333,152601.0,9,9.0
Al Roker,1,7.0,7.0,152601.0,152601.0,4,0.0
Maile Flanagan,1,7.0,7.0,166791.0,166791.0,5,0.0
Denis Leary,5,6.88,7.6,167936.4,328159.0,10,11.0
Kelly Keaton,1,7.0,7.0,166791.0,166791.0,5,0.0
Joey Slotnick,3,6.3999999999999995,7.3,113739.33333333333,236421.0,9,13.0
Adrian Martinez,5,6.4799999999999995,7.3,85744.2,236421.0,7,12.0
Kelly Lynch,3,5.833333333333333,6.5,65590.0,145350.0,6,12.0
LL Cool J,10,5.569999999999999,6.8,56354.8,145350.0,11,8.0
June Foray,1,7.5,7.5,171792.0,171792.0,6,0.0
Harvey Fierstein,4,5.275,7.5,56277.25,171792.0,9,14.0
Brandon T. Jackson,5,5.640000000000001,7.0,85482.6,307539.0,9,8.0
Joely Richardson,5,6.6,7.8,104374.0,330152.0,9,31.0
Goran Visnjic,6,6.466666666666666,7.8,156578.66666666666,330152.0,11,15.0
Aldis Hodge,2,7.75,7.9,209593.0,299258.0,8,20.0
Kevin Chamberlin,3,6.733333333333334,7.6,113492.0,299258.0,8,14.0
Robert Maillet,2,6.65,7.6,254701.5,477300.0,6,5.0
Jim Varney,2,7.550000000000001,8.3,348174.0,623757.0,7,6.0
Cree Summer,4,5.875,6.8,26122.0,72591.0,9,5.0
Joshua Mikel,3,5.733333333333333,6.1,13936.333333333334,16198.0,9,0.0
Bella Thorne,5,5.88,6.5,36502.6,87165.0,9,6.0
Jesse McCartney,5,4.82,5.2,34764.6,57276.0,10,8.0
Sayed Badreya,2,5.95,6.4,185105.5,213863.0,3,4.0
Kevin Nealon,6,5.583333333333333,7.0,84953.33333333333,172878.0,10,15.0
Adam Sandler,24,6.129166666666666,7.5,119908.29166666667,266103.0,12,19.0
Haley Joel Osment,9,6.099999999999999,8.1,126152.66666666667,704766.0,12,20.0
Kevin Sussman,7,6.214285714285714,7.1,116352.0,248468.0,7,9.0
Rachael Harris,5,6.16,6.7,28508.4,44099.0,8,9.0
Marc John Jefferies,3,5.666666666666667,7.1,24062.0,35834.0,12,13.0
Marsha Thomason,3,4.733333333333333,4.9,21979.666666666668,32049.0,6,3.0
Tom Skerritt,10,6.470000000000001,8.5,164380.1,563827.0,13,33.0
Larry King,3,6.866666666666667,7.5,83890.66666666667,200556.0,7,14.0
Greg Grunberg,4,5.9750000000000005,7.7,81033.75,202115.0,8,14.0
Kim Dickens,4,7.0,7.7,98498.0,223127.0,10,11.0
Michael Wright,1,6.4,6.4,86152.0,86152.0,3,0.0
George Harris,2,6.050000000000001,6.4,43479.0,86152.0,6,1.0
Curtiss Cook,4,6.5,7.4,39876.25,86152.0,5,8.0
Leven Rambin,3,6.133333333333334,7.2,37685.333333333336,86627.0,7,3.0
Sanaa Lathan,8,6.650000000000001,7.2,57530.0,191437.0,12,18.0
Alun Armstrong,4,6.1499999999999995,6.2,33294.5,52136.0,9,17.0
Velibor Topic,1,6.2,6.2,52136.0,52136.0,5,0.0
Michael Byrne,2,4.3,6.2,58800.0,65464.0,5,3.0
Stephen Dillane,6,6.966666666666666,7.6,51020.5,121259.0,7,10.0
Catherine McCormack,6,6.349999999999999,7.0,66667.83333333333,212167.0,10,9.0
Kim Delaney,1,5.6,5.6,60467.0,60467.0,3,0.0
Will.i.am,1,7.0,7.0,165333.0,165333.0,5,0.0
Wanda Sykes,5,5.66,7.0,54218.2,165333.0,9,10.0
Anne Heche,9,6.2444444444444445,7.8,66822.22222222222,225122.0,12,11.0
Gaby Hoffmann,6,6.616666666666666,7.7,37787.166666666664,86664.0,9,18.0
Natascha McElhone,4,6.2,8.1,219079.0,667983.0,8,5.0
Lex Shrapnel,1,6.7,6.7,49311.0,49311.0,4,0.0
Christian Camargo,2,7.15,7.6,190688.0,332065.0,4,6.0
William Smith,5,6.8,7.2,65160.6,113068.0,6,16.0
Sandahl Bergman,3,6.266666666666667,6.9,85449.33333333333,113068.0,3,3.0
Paddy Considine,7,7.242857142857143,8.0,43637.71428571428,148238.0,7,13.0
Bruce McGill,16,6.449999999999998,8.0,60487.1875,197412.0,14,34.0
Rosemarie DeWitt,5,6.540000000000001,8.0,80065.8,148238.0,7,7.0
Richard E. Grant,6,5.8999999999999995,7.2,20384.0,43376.0,11,24.0
Shirley Henderson,11,6.718181818181819,8.5,70407.36363636363,469561.0,11,14.0
Michael Angarano,13,6.561538461538461,7.9,54373.769230769234,207287.0,15,15.0
Alan Ruck,8,6.225,7.2,84126.75,260981.0,9,18.0
Jami Gertz,3,6.3,7.2,79898.66666666667,144053.0,7,19.0
Paul Sanchez,2,6.85,7.7,200990.0,394317.0,6,10.0
Nick Searcy,2,6.5,7.7,199664.5,394317.0,5,7.0
Elizabeth Daily,6,6.183333333333334,7.2,34809.666666666664,132501.0,11,8.0
Joan Allen,11,7.281818181818182,8.3,112540.09090909091,348232.0,12,29.0
Oksana Akinshina,2,7.85,7.9,191848.0,348232.0,5,2.0
Dean Stockwell,5,6.839999999999999,7.4,61740.0,146134.0,8,54.0
Elliott Gould,2,6.949999999999999,7.8,213739.5,402645.0,4,3.0
Fred Tatasciore,1,7.1,7.1,142496.0,142496.0,6,0.0
Teala Dunn,1,7.1,7.1,142496.0,142496.0,6,0.0
Jeff Bennett,1,7.1,7.1,142496.0,142496.0,6,0.0
Hettienne Park,1,8.6,8.6,159910.0,159910.0,5,
Scott Thompson,1,8.6,8.6,159910.0,159910.0,5,
Caroline Dhavernas,4,6.8,8.6,62134.5,159910.0,9,2.0
Jim Carter,3,5.533333333333334,6.1,18802.666666666668,26413.0,7,8.0
Gabourey Sidibe,5,7.159999999999999,7.8,99449.4,185845.0,5,3.0
Sarah Parish,1,6.9,6.9,182757.0,182757.0,2,0.0
Lisa Bonet,2,7.449999999999999,7.6,165626.5,188116.0,8,2.0
Zoe Kazan,5,6.459999999999999,6.8,20064.0,69860.0,4,7.0
Hunter Parrish,6,6.633333333333333,7.5,64115.333333333336,146899.0,8,10.0
Meryl Streep,26,6.896153846153846,8.2,79385.61538461539,286178.0,18,39.0
Al Pacino,21,6.876190476190475,9.2,206982.57142857142,1155770.0,10,44.0
Jane Krakowski,6,5.916666666666668,7.4,32466.666666666668,71183.0,7,25.0
Debra Messing,7,6.114285714285715,6.6,45003.71428571428,106909.0,9,6.0
Clemens Schick,2,6.85,7.6,95312.5,188887.0,3,13.0
Gabriel Thomson,1,7.6,7.6,188887.0,188887.0,3,0.0
Bob Hoskins,16,6.6625000000000005,8.0,50535.3125,188887.0,16,28.0
F. Murray Abraham,8,6.875,8.3,193294.0,537442.0,13,31.0
Tom Noonan,5,6.82,7.6,37904.0,106528.0,11,22.0
Li Gong,6,6.883333333333333,7.5,47935.333333333336,119286.0,8,12.0
Karl Yune,1,7.3,7.3,119286.0,119286.0,2,0.0
Nikki Griffin,1,6.0,6.0,179500.0,179500.0,3,0.0
Zachery Ty Bryan,1,6.0,6.0,179500.0,179500.0,3,0.0
Amber Stevens West,2,6.55,7.1,218843.0,258186.0,4,8.0
Imelda Staunton,8,7.05,7.7,49137.5,140499.0,11,11.0
Michael Palin,3,7.466666666666666,8.3,154525.33333333334,382240.0,6,36.0
Raymond Cruz,5,6.56,8.0,67162.0,170179.0,7,9.0
Jsu Garcia,1,5.5,5.5,61417.0,61417.0,3,0.0
Rick Worthy,1,5.5,5.5,61417.0,61417.0,3,0.0
Ben Vereen,2,7.4,7.8,11341.0,19228.0,5,10.0
Roy Scheider,6,7.466666666666666,8.0,109576.83333333333,412454.0,9,8.0
Max Wright,1,7.8,7.8,19228.0,19228.0,4,0.0
Ellen Wong,1,7.5,7.5,273921.0,273921.0,4,0.0
Anna Kendrick,15,6.373333333333333,7.7,165084.2,348010.0,12,7.0
Kieran Culkin,8,6.6625,7.5,77730.5,273921.0,9,19.0
Tchéky Karyo,4,6.500000000000001,7.2,114365.75,199025.0,8,8.0
Rekha Sharma,1,5.4,5.4,77029.0,77029.0,4,0.0
Janet Jackson,2,5.1,5.9,24147.5,39391.0,4,7.0
Chris Elliott,4,5.199999999999999,8.1,124063.75,437418.0,8,16.0
Larry Miller,10,4.970000000000001,7.6,28663.1,175962.0,11,16.0
Sarah Michelle Gellar,12,5.741666666666667,8.2,58566.083333333336,149222.0,13,12.0
Linda Cardellini,7,5.985714285714286,7.0,61683.42857142857,131801.0,9,17.0
Miguel A. Núñez Jr.,1,4.9,4.9,71424.0,71424.0,3,0.0
Wood Harris,3,6.766666666666666,7.1,136415.0,203461.0,4,3.0
Jason Cope,4,7.05,8.0,250356.5,531737.0,3,4.0
Rakie Ayola,2,7.1,7.1,203459.5,203461.0,2,0.0
Julie Kavner,3,6.866666666666667,7.6,92510.0,246492.0,4,19.0
Cameron Monaghan,2,5.9,6.4,129597.0,246492.0,4,5.0
Hal Holbrook,11,7.054545454545454,8.2,90243.27272727272,426359.0,16,35.0
Ted Danson,6,6.25,6.9,21964.666666666668,36918.0,9,30.0
Adrienne Barbeau,4,6.7749999999999995,7.2,38796.5,91017.0,5,9.0
Katt Williams,2,5.05,5.8,14758.5,19284.0,5,8.0
Tom Hulce,2,7.2,8.3,256921.5,270790.0,8,24.0
Seth MacFarlane,5,6.16,7.0,202608.8,471644.0,7,7.0
Brian Steele,2,6.9,7.0,226494.0,244566.0,5,4.0
Iván Kamarás,1,7.0,7.0,208422.0,208422.0,5,0.0
Anthony Edwards,3,6.266666666666667,7.7,103278.33333333333,301279.0,7,6.0
Michael Rapaport,16,6.4125000000000005,8.0,57500.4375,244840.0,11,22.0
Vanessa Redgrave,11,6.854545454545455,7.5,60825.36363636364,300542.0,11,36.0
Anthony Reynolds,2,6.699999999999999,7.3,352084.0,701607.0,5,1.0
Mike Tyson,3,6.966666666666666,7.2,186640.33333333334,375879.0,6,9.0
Mason Lee,1,6.5,6.5,375879.0,375879.0,1,0.0
Andrew Bryniarski,2,5.0,7.0,118759.5,215255.0,3,10.0
David Ogden Stiers,4,7.1,8.4,44006.5,117212.0,9,1.0
Jason Scott Lee,4,6.4,7.2,42156.25,117212.0,11,11.0
Garrick Hagon,1,6.7,6.7,125036.0,125036.0,4,0.0
Dalip Singh,1,6.4,6.4,130070.0,130070.0,3,0.0
Steve Reevis,1,6.4,6.4,130070.0,130070.0,3,0.0
Lauren Gottlieb,2,5.4,6.4,13928.0,22838.0,8,2.0
Paul Michael Glaser,2,7.35,8.0,60465.5,91092.0,5,32.0
Nellie Sciutto,1,8.1,8.1,786092.0,786092.0,2,0.0
Joseph Sikora,2,6.699999999999999,8.1,404156.0,786092.0,4,10.0
Katy Mixon,5,5.9399999999999995,7.4,49016.8,81800.0,6,6.0
Drew Carey,1,6.3,6.3,103022.0,103022.0,5,0.0
Paula Abdul,1,6.3,6.3,103022.0,103022.0,5,0.0
Kathryn Joosten,1,6.1,6.1,72326.0,72326.0,4,0.0
Carmen Electra,9,4.144444444444443,6.1,70009.88888888889,120795.0,6,7.0
Jennifer Jason Leigh,15,7.06,7.9,85631.0,281649.0,14,33.0
Liam Aiken,6,6.2,7.7,49675.5,200359.0,9,12.0
Bailee Madison,5,6.4799999999999995,7.2,86651.0,172878.0,8,5.0
Elden Henson,7,6.471428571428572,8.8,48111.857142857145,213483.0,14,13.0
Charlie Cox,1,8.8,8.8,213483.0,213483.0,6,
Royce Johnson,1,8.8,8.8,213483.0,213483.0,6,
Dave Chappelle,10,6.03,7.2,63132.4,225282.0,9,9.0
Monica Potter,8,6.6625000000000005,7.7,102175.125,299127.0,10,12.0
Cameron Boyce,2,6.4,6.6,118484.5,150764.0,4,0.0
Ethan Embry,11,6.3,7.1,53829.27272727273,155262.0,12,17.0
Jodi Benson,1,5.2,5.2,63625.0,63625.0,3,0.0
Sam Lloyd,1,5.2,5.2,63625.0,63625.0,3,0.0
Virginia Madsen,12,6.216666666666666,7.5,56811.5,164608.0,14,31.0
Lili Taylor,9,6.566666666666667,7.6,100295.22222222222,300110.0,11,27.0
Michael Jordan,2,6.9,7.5,56945.0,112167.0,8,4.0
William Abadie,1,5.6,5.6,65499.0,65499.0,5,0.0
Henry Czerny,3,6.633333333333333,7.5,45650.0,65499.0,8,9.0
Roger Rees,7,5.828571428571428,7.4,50998.57142857143,102129.0,13,13.0
Juan Riedinger,2,5.5,5.5,139424.5,139426.0,3,0.0
Michael Potts,1,6.7,6.7,76099.0,76099.0,5,0.0
Alex McArthur,1,6.7,6.7,76099.0,76099.0,5,0.0
Jim Parrack,2,6.699999999999999,7.6,229070.0,303185.0,4,3.0
Tom Cavanagh,2,4.949999999999999,5.3,11326.0,16385.0,6,3.0
Josh Robert Thompson,1,4.6,4.6,16385.0,16385.0,4,0.0
Zahn McClarnon,1,7.0,7.0,44143.0,44143.0,4,0.0
Charles Napier,5,5.76,7.0,52325.8,183425.0,10,39.0
Leslie Bibb,9,5.9444444444444455,7.4,59289.333333333336,217480.0,11,14.0
Nicholas Turturro,4,4.9750000000000005,6.5,16575.25,44662.0,7,21.0
June Lockhart,2,4.8,5.1,29636.0,58402.0,7,16.0
Jose Pablo Cantillo,6,6.849999999999999,7.0,141389.33333333334,196422.0,7,11.0
Dorian Missick,9,6.666666666666667,8.1,97416.33333333333,262160.0,11,12.0
Michael Brandon,1,7.0,7.0,666.0,666.0,2,0.0
Fran Drescher,2,6.85,7.0,38958.5,56501.0,5,26.0
Elizabeth Montgomery,1,7.6,7.6,11427.0,11427.0,3,
Agnes Moorehead,2,7.3,7.6,7482.5,11427.0,6,0.0
Dick York,1,7.6,7.6,11427.0,11427.0,3,
Quincy Jones,1,7.3,7.3,27543.0,27543.0,4,0.0
Penn Jillette,1,7.3,7.3,27543.0,27543.0,4,0.0
Russi Taylor,1,7.3,7.3,27543.0,27543.0,4,0.0
Josh Stamberg,1,5.9,5.9,103787.0,103787.0,3,0.0
Alan Young,1,5.9,5.9,103787.0,103787.0,3,0.0
Mika Boorem,3,6.033333333333334,6.9,26453.333333333332,30339.0,9,4.0
David Paymer,4,5.65,6.2,30454.0,78974.0,8,14.0
Nick Chinlund,4,5.475,6.7,68087.5,128010.0,7,23.0
Michael Emerson,3,7.333333333333333,8.4,133711.66666666666,299127.0,9,9.0
Adrian Alonso,1,5.9,5.9,71574.0,71574.0,3,0.0
Rosalind Chao,1,7.0,7.0,83560.0,83560.0,3,0.0
Annabella Sciorra,4,5.925,7.0,36115.75,83560.0,5,15.0
Michael McKean,9,6.433333333333334,7.5,31912.11111111111,80639.0,11,17.0
Roxane Duran,1,6.4,6.4,979.0,979.0,4,0.0
Nissim Renard,1,6.4,6.4,979.0,979.0,4,0.0
Julie-Marie Parmentier,1,6.4,6.4,979.0,979.0,4,0.0
Harold Perrineau,11,6.672727272727273,7.5,77519.90909090909,216032.0,11,17.0
Bart the Bear,1,6.9,6.9,55913.0,55913.0,4,0.0
Boris Kodjoe,8,5.487500000000001,6.5,52874.25,151424.0,9,12.0
Devin Ratray,6,6.866666666666666,7.8,138053.33333333334,311075.0,9,23.0
Jon Foster,1,7.3,7.3,45231.0,45231.0,3,0.0
Bruce Thomas,1,7.3,7.3,45231.0,45231.0,3,0.0
Viggo Mortensen,19,6.6157894736842096,7.7,60084.36842105263,189249.0,14,29.0
Amy Brenneman,1,5.8,5.8,53132.0,53132.0,4,0.0
Tiya Sircar,2,5.0,5.2,5095.5,8913.0,4,0.0
Charlie Rowe,3,6.6000000000000005,7.4,69906.0,109873.0,8,4.0
Madison Rothschild,1,5.2,5.2,8913.0,8913.0,3,0.0
Richard Tyson,5,5.159999999999999,7.1,96899.6,247289.0,9,22.0
John Topor,1,2.4,2.4,65464.0,65464.0,3,0.0
Jenna Elfman,1,5.7,5.7,24183.0,24183.0,6,0.0
Heather Locklear,4,5.575,6.1,17485.75,24183.0,12,25.0
Elio Germano,1,5.8,5.8,37446.0,37446.0,3,0.0
Andrea Di Stefano,1,5.8,5.8,37446.0,37446.0,3,0.0
Fergie,1,5.8,5.8,37446.0,37446.0,3,0.0
Brian Anthony Wilson,1,6.0,6.0,56403.0,56403.0,4,0.0
Larenz Tate,5,6.7,7.5,27632.6,56403.0,8,10.0
Adam Goldberg,11,6.827272727272727,9.0,110441.18181818182,610568.0,14,18.0
Glenne Headly,2,5.199999999999999,5.8,24138.0,24868.0,7,6.0
Lotte Verbeek,1,6.0,6.0,58752.0,58752.0,3,0.0
Joseph Gilgun,6,7.1000000000000005,8.3,56645.833333333336,99177.0,9,10.0
Tom Sizemore,1,5.7,5.7,47612.0,47612.0,3,0.0
Val Kilmer,1,5.7,5.7,47612.0,47612.0,3,0.0
Bob Neill,1,5.7,5.7,47612.0,47612.0,3,0.0
Adam LeFevre,3,6.333333333333333,7.2,11514.333333333334,25843.0,9,5.0
Penny Balfour,1,6.0,6.0,25843.0,25843.0,4,0.0
Mia Farrow,5,6.8,8.0,52251.0,140527.0,8,40.0
Jacques Perrin,2,7.9,8.0,8999.5,10369.0,2,8.0
Pedro Armendáriz Jr.,2,7.3,7.8,9359.0,11088.0,3,7.0
Rie Miyazawa,1,7.8,7.8,7630.0,7630.0,2,0.0
Jemima Rooper,1,4.2,4.2,16474.0,16474.0,5,0.0
Sasha Roiz,2,6.1,6.6,98638.5,112769.0,7,8.0
Dylan Schombing,1,5.6,5.6,84508.0,84508.0,5,0.0
Currie Graham,1,5.6,5.6,84508.0,84508.0,5,0.0
Sariann Monaco,1,4.4,4.4,230.0,230.0,2,0.0
David Hoffman,1,4.4,4.4,230.0,230.0,2,0.0
Ben Diskin,1,4.4,4.4,230.0,230.0,2,0.0
Austin Pendleton,5,6.8,8.2,146591.2,610568.0,4,36.0
Niketa Calame,1,8.5,8.5,644348.0,644348.0,5,0.0
Melissa Sturm,1,6.5,6.5,64387.0,64387.0,5,0.0
Emily Watson,9,7.2666666666666675,7.7,110116.77777777778,265507.0,9,15.0
Tim Meadows,5,5.24,6.7,36801.6,60370.0,8,11.0
Mo Gallini,1,5.9,5.9,191912.0,191912.0,3,0.0
Veronica Cartwright,3,5.566666666666667,5.9,61668.0,119590.0,4,10.0
Jeremy Northam,6,6.3999999999999995,6.9,27649.5,65037.0,10,12.0
Jonathan Winters,5,5.74,7.6,25134.6,60884.0,10,44.0
Eric Stonestreet,2,6.25,6.8,61035.5,97664.0,4,3.0
Albert Brooks,11,6.872727272727272,8.3,130809.09090909091,507063.0,15,40.0
Max Ryan,5,5.4799999999999995,6.6,73225.4,166610.0,9,14.0
Miranda Cosgrove,4,6.924999999999999,7.7,221554.75,385943.0,5,10.0
Mary McDonnell,4,7.475,8.1,301418.25,580999.0,7,11.0
Ariana Richards,4,6.75,8.1,246121.25,613473.0,6,7.0
Richard Schiff,8,6.1125,7.6,59052.125,278362.0,10,12.0
Vanessa Lee Chester,2,5.15,6.5,143961.0,278362.0,4,11.0
Rita Davies,1,7.9,7.9,361767.0,361767.0,3,0.0
Danny Huston,7,7.171428571428571,7.9,132804.14285714287,361767.0,9,11.0
Tyler Mane,4,5.925000000000001,7.4,132171.75,452928.0,7,10.0
Bokeem Woodbine,12,6.599999999999999,7.7,58060.416666666664,259492.0,12,19.0
Michael Biehn,12,6.283333333333332,8.4,141459.41666666666,600266.0,12,29.0
Jay Leno,1,6.9,6.9,194249.0,194249.0,6,0.0
Ray Romano,2,6.050000000000001,6.9,102458.0,194249.0,7,2.0
Allen Covert,2,6.0,6.8,175156.0,266103.0,4,5.0
Peter Dante,2,6.449999999999999,6.8,192776.5,266103.0,3,6.0
Jerry Stiller,5,4.720000000000001,6.7,24455.6,98693.0,9,11.0
Paul Dooley,2,6.800000000000001,6.9,79922.0,98693.0,6,1.0
Elijah Kelley,1,6.7,6.7,98693.0,98693.0,6,0.0
Alan Ford,2,5.6,6.1,22540.0,28635.0,6,8.0
Izabella Scorupco,2,6.15,7.2,113830.0,199025.0,5,9.0
Michael Kelly,10,6.87,7.8,173019.9,447979.0,11,15.0
Barry Shabaka Henley,2,6.4,7.3,154645.5,303864.0,3,6.0
Matt Ryan,1,7.5,7.5,36919.0,36919.0,4,
Charles Halford,1,7.5,7.5,36919.0,36919.0,4,
Yvette Nicole Brown,2,5.85,6.3,52019.5,87768.0,6,1.0
Kevin Dillon,4,7.300000000000001,8.5,127919.0,291603.0,7,23.0
Nicholas Lea,2,6.300000000000001,6.7,37493.0,49536.0,5,7.0
Jud Tylor,1,7.1,7.1,88451.0,88451.0,4,0.0
Martin Scorsese,1,6.0,6.0,132415.0,132415.0,4,0.0
Loretta Devine,14,6.100000000000001,7.9,82607.28571428571,361169.0,13,15.0
Jennifer Hudson,4,6.05,7.3,19395.75,55901.0,6,7.0
Brent Sexton,1,8.3,8.3,29450.0,29450.0,3,
Adam Arkin,4,6.3999999999999995,8.3,19506.0,36381.0,6,31.0
Damian Lewis,1,8.3,8.3,29450.0,29450.0,3,
Christina Milian,5,4.96,5.7,27015.6,59435.0,8,9.0
Moritz Bleibtreu,4,7.525,7.8,99303.0,176936.0,7,11.0
Tom Selleck,4,6.1,6.8,39357.75,72867.0,8,23.0
Christian Berkel,3,7.466666666666666,7.8,83238.0,175960.0,7,9.0
Sarah Steele,1,6.5,6.5,65668.0,65668.0,3,0.0
Paz Vega,3,6.3999999999999995,7.0,36820.0,65668.0,7,10.0
Brían F. O'Byrne,3,6.466666666666666,6.6,46210.666666666664,80196.0,7,9.0
Azura Skye,1,6.6,6.6,57038.0,57038.0,4,0.0
John Gielgud,7,6.614285714285715,8.4,50729.42857142857,171726.0,10,18.0
Ben Cross,2,6.550000000000001,7.2,47930.5,55350.0,7,14.0
Geoffrey Palmer,1,6.7,6.7,31080.0,31080.0,3,0.0
Randall Duk Kim,2,4.7,6.7,43765.5,56451.0,8,10.0
Daniel Sharman,2,6.1,6.1,87109.5,138190.0,6,1.0
Steve Byers,1,6.1,6.1,138190.0,138190.0,4,0.0
Ransford Doherty,1,6.6,6.6,93790.0,93790.0,5,0.0
Lena Olin,7,6.242857142857143,7.3,72108.42857142857,150308.0,9,17.0
Sean Pertwee,7,6.028571428571429,7.5,69358.57142857143,261317.0,11,15.0
Kiernan Shipka,1,6.0,6.0,35510.0,35510.0,4,0.0
Lou Taylor Pucci,5,6.28,7.2,53392.2,125016.0,7,8.0
Megan Mullally,6,5.733333333333334,7.9,10565.666666666666,14280.0,8,12.0
Bridget Fonda,7,6.542857142857144,7.6,82056.28571428571,267980.0,8,11.0
John Heard,16,6.25625,7.6,30395.0625,153468.0,12,32.0
Mike Starr,13,6.430769230769231,8.7,106767.92307692308,728685.0,10,25.0
James Pickens Jr.,2,5.75,6.0,43519.0,81611.0,6,0.0
Peter Coyote,8,6.775,7.9,72852.0,281842.0,11,25.0
Huey Lewis,2,6.0,6.0,44914.0,81611.0,6,2.0
Keegan-Michael Key,2,6.35,6.4,21257.5,27130.0,4,0.0
Alexis Dziena,3,6.3,6.7,51010.333333333336,74887.0,9,5.0
Maude Apatow,2,6.300000000000001,6.4,102421.0,104005.0,2,3.0
Frances Fisher,10,6.669999999999999,8.3,69934.8,277505.0,10,23.0
Tim McGraw,3,6.533333333333334,7.1,40765.0,101386.0,6,4.0
Gary Cole,15,6.226666666666666,7.8,90593.46666666666,255257.0,13,17.0
Kevin Pollak,10,6.16,8.6,140927.6,740918.0,12,24.0
Raven-Symoné,3,5.199999999999999,5.7,53971.333333333336,74343.0,4,6.0
Mhairi Calvey,1,8.4,8.4,736638.0,736638.0,4,0.0
Patrick McGoohan,2,8.0,8.4,411864.0,736638.0,5,16.0
James Robinson,1,8.4,8.4,736638.0,736638.0,4,0.0
James Morrison,2,7.4,7.7,74953.0,143525.0,4,0.0
Brian Geraghty,5,6.76,7.6,119078.8,332065.0,7,3.0
Marcia Wallace,1,7.4,7.4,259083.0,259083.0,3,0.0
Yeardley Smith,2,7.550000000000001,7.7,241877.0,259083.0,5,10.0
Martin Landau,14,6.6642857142857155,7.9,46234.0,142416.0,17,49.0
Jeffrey DeMunn,6,7.266666666666667,9.3,472097.1666666667,1689764.0,9,13.0
Cristián de la Fuente,1,4.5,4.5,34435.0,34435.0,3,0.0
Jean-Claude Dreyfus,1,7.1,7.1,11798.0,11798.0,3,0.0
Oanh Nguyen,1,7.1,7.1,11798.0,11798.0,3,0.0
David Gant,1,7.1,7.1,11798.0,11798.0,3,0.0
Peter Boyle,7,6.785714285714286,8.3,122085.42857142857,507063.0,10,27.0
Merritt Wever,4,6.75,7.8,169940.75,395087.0,5,12.0
Cherry Jones,2,6.7,6.7,155678.0,271592.0,3,9.0
Rory Culkin,7,6.871428571428572,7.7,56457.71428571428,271592.0,7,6.0
Conrad Vernon,1,7.2,7.2,314630.0,314630.0,6,0.0
Jennifer Saunders,2,7.45,7.7,228875.5,314630.0,6,5.0
Cheech Marin,11,5.736363636363636,7.3,74566.36363636363,263853.0,14,15.0
George Carlin,7,6.428571428571429,7.4,93745.71428571429,263853.0,10,17.0
Hector Elizondo,9,6.2,7.4,63149.555555555555,213476.0,9,24.0
Leila Arcieri,1,5.8,5.8,142569.0,142569.0,3,0.0
Eve,1,5.8,5.8,142569.0,142569.0,3,0.0
Tim Conway,2,6.75,7.5,17958.5,34359.0,6,0.0
Billy West,2,6.75,7.5,51006.5,67654.0,6,9.0
Franco Nero,4,5.875,7.1,72280.75,269858.0,9,30.0
John Amos,5,5.9399999999999995,7.1,60039.8,269858.0,8,41.0
Josh Charles,6,6.583333333333333,8.0,93081.33333333333,277451.0,14,26.0
Lyndie Greenwood,1,7.5,7.5,49049.0,49049.0,5,
Nicole Beharie,5,7.0600000000000005,7.5,55722.0,145395.0,9,5.0
Katia Winter,2,6.5,7.5,27657.0,49049.0,6,0.0
Bob Balaban,9,6.8,7.8,79933.77777777778,237848.0,11,44.0
Freddy Rodríguez,4,6.025,6.9,26076.25,78635.0,8,5.0
Raoul Bova,2,6.15,6.7,89673.0,143628.0,7,1.0
Bridgit Mendler,1,4.5,4.5,31649.0,31649.0,5,0.0
Chris Klein,7,5.228571428571429,7.3,37198.0,103241.0,12,10.0
Radha Mitchell,12,6.575,7.7,109257.5,266310.0,11,20.0
LeVar Burton,5,6.9,7.6,57829.0,97838.0,7,8.0
Michael Dorn,1,6.4,6.4,56741.0,56741.0,4,0.0
Jonathan Frakes,4,6.75,7.6,68383.25,97838.0,6,8.0
Alison Lohman,7,6.4,8.0,96416.42857142857,350698.0,10,12.0
Peter Gerety,4,6.875,7.6,87434.25,273108.0,8,15.0
Ron Rifkin,3,6.3999999999999995,6.7,23138.333333333332,43559.0,6,28.0
David Hyde Pierce,4,6.7,7.6,38145.25,63274.0,11,19.0
Jeremy Irvine,4,6.5,7.2,43165.5,116159.0,4,4.0
Todd Graff,1,7.6,7.6,131217.0,131217.0,4,0.0
John Buffalo Mailer,1,6.3,6.3,84118.0,84118.0,1,0.0
Sarah Gadon,6,6.3500000000000005,7.8,49148.5,138582.0,13,5.0
Zach McGowan,1,6.3,6.3,138582.0,138582.0,5,0.0
Mark Valley,4,6.225,8.4,33683.0,58023.0,8,15.0
Nathaniel Parker,2,7.25,7.7,116130.5,212085.0,7,3.0
Victor Wong,6,5.883333333333334,7.8,51617.166666666664,96385.0,12,11.0
Chelcie Ross,3,6.2,7.5,34651.333333333336,50656.0,4,13.0
Garcelle Beauvais,2,5.449999999999999,5.6,22545.0,39659.0,5,1.0
Brooke Smith,4,6.725,7.6,31650.0,39659.0,6,11.0
Ben Daniels,1,5.2,5.2,88146.0,88146.0,4,0.0
Dexter Fletcher,5,7.12,8.2,135165.2,414976.0,11,25.0
Phill Lewis,1,5.4,5.4,41663.0,41663.0,4,0.0
Tate Taylor,2,5.45,5.5,22955.0,41663.0,5,2.0
Sandrine Holt,3,5.466666666666666,6.4,45900.0,117096.0,10,18.0
Stephen Rea,9,6.166666666666667,7.3,29181.666666666668,117096.0,11,22.0
Shane Hartline,1,5.9,5.9,61995.0,61995.0,4,0.0
James Martin Kelly,1,5.9,5.9,61995.0,61995.0,4,0.0
Celina Beach,1,5.9,5.9,61995.0,61995.0,4,0.0
Rory Cochrane,3,6.633333333333333,7.1,72907.33333333333,89383.0,7,11.0
Talisa Soto,3,4.633333333333333,6.6,42377.666666666664,74009.0,6,13.0
Gregg Henry,5,5.84,6.8,27454.6,61912.0,8,22.0
Minnie Driver,13,7.0307692307692315,8.4,107526.23076923077,604904.0,11,18.0
Brandy Norwood,2,5.35,6.2,13376.0,25572.0,8,15.0
Ron Howard,2,6.85,7.5,44705.5,63839.0,9,28.0
Jim Belushi,9,6.188888888888889,7.5,38399.22222222222,132423.0,16,27.0
Lea Michele,2,5.5,5.6,5136.0,5156.0,7,2.0
Brandon Molale,2,6.050000000000001,6.7,106256.5,173530.0,5,2.0
Archie Kao,1,5.4,5.4,38983.0,38983.0,5,0.0
Laurence Olivier,5,6.2,8.2,39885.0,87424.0,10,64.0
Indira Varma,4,6.25,8.6,31841.75,70568.0,8,10.0
Neil Maskell,3,5.966666666666668,7.4,24567.333333333332,31124.0,8,7.0
Charlotte Rampling,12,6.608333333333334,7.8,40749.5,128729.0,13,30.0
50 Cent,5,5.959999999999999,7.5,89423.2,177653.0,9,10.0
Matt Gerald,2,6.6,6.7,103113.0,177653.0,7,5.0
Roxanne McKee,1,4.2,4.2,44891.0,44891.0,3,0.0
Gaia Weiss,1,4.2,4.2,44891.0,44891.0,3,0.0
Luke Newberry,3,5.8999999999999995,6.8,20847.0,44891.0,6,12.0
Philip Baker Hall,9,6.311111111111111,7.6,37371.444444444445,86504.0,9,25.0
Gary Farmer,5,6.42,7.2,25728.0,101899.0,8,14.0
Vincent Pastore,9,5.477777777777778,7.6,19015.555555555555,76016.0,8,9.0
Aida Turturro,1,5.6,5.6,32224.0,32224.0,5,0.0
Robert Blake,2,6.8,8.0,25625.0,32224.0,7,28.0
Rupert Evans,4,7.05,8.2,85776.0,244566.0,11,12.0
Ashraf Barhom,2,6.7,7.2,39752.5,52496.0,6,2.0
Max Minghella,2,6.050000000000001,7.2,50904.0,52496.0,8,2.0
Jenna Fischer,3,5.866666666666667,6.4,42039.333333333336,103230.0,3,4.0
Stephen Merchant,1,5.9,5.9,103230.0,103230.0,2,0.0
Graham McTavish,3,7.666666666666667,8.5,74860.0,146708.0,7,1.0
Michael Raymond-James,2,6.9,7.0,39951.0,52421.0,5,10.0
Simon McBurney,3,7.5,7.7,195111.66666666666,265507.0,6,8.0
Michael Gaston,2,7.25,7.4,105395.0,174248.0,4,6.0
Maury Chaykin,5,6.56,8.0,57989.6,186485.0,9,18.0
Kevin McNally,8,6.750000000000001,7.7,52621.25,114692.0,13,25.0
Kaitlyn Dever,2,7.0,7.4,58921.0,102728.0,4,0.0
Nancy Travis,2,6.35,7.4,10145.0,15114.0,3,0.0
Mitch Pileggi,3,6.2,7.0,56637.333333333336,85720.0,7,10.0
Owen Teale,1,5.4,5.4,29285.0,29285.0,4,0.0
Lisa Edelstein,3,6.1000000000000005,6.4,84388.66666666667,158864.0,5,3.0
Reece Thompson,1,5.5,5.5,75573.0,75573.0,4,0.0
Marcus Chong,1,8.7,8.7,1217752.0,1217752.0,2,0.0
Gloria Foster,2,8.399999999999999,8.7,609321.5,1217752.0,4,35.0
Kathleen Quinlan,6,6.833333333333333,7.6,77149.83333333333,208817.0,14,12.0
Miko Hughes,6,6.333333333333333,7.6,78716.33333333333,208817.0,9,9.0
Aisha Tyler,3,6.5,7.2,31645.333333333332,60156.0,7,7.0
Judge Reinhold,7,6.542857142857144,7.3,63645.142857142855,126464.0,8,27.0
Eric Lloyd,3,5.933333333333334,6.4,33419.0,64742.0,4,8.0
Jean Stapleton,1,6.5,6.5,151812.0,151812.0,3,0.0
Andrea Savage,1,6.9,6.9,212499.0,212499.0,1,0.0
Stuart Wilson,3,6.866666666666667,7.2,99893.66666666667,135404.0,8,6.0
Tony Amendola,1,6.7,6.7,135404.0,135404.0,6,0.0
Matt Walsh,6,6.0,6.6,79236.66666666667,272789.0,6,6.0
Finn Wittrock,3,7.133333333333333,7.2,69826.66666666667,103589.0,4,1.0
Alex Russell,4,6.675000000000001,7.2,105746.75,204327.0,8,2.0
Jack O'Connell,7,7.214285714285714,7.7,66323.57142857143,103589.0,9,10.0
Clint Eastwood,16,7.3374999999999995,8.9,151664.375,561773.0,12,48.0
Courtney B. Vance,3,6.633333333333333,7.6,95883.0,143696.0,4,21.0
William Devane,3,6.766666666666667,7.1,62275.333333333336,111368.0,6,24.0
Leon,4,5.950000000000001,6.9,48713.25,96096.0,11,8.0
Janine Turner,1,6.4,6.4,96096.0,96096.0,3,0.0
Samantha Mathis,4,6.85,7.6,149094.0,357275.0,7,15.0
Lily Tomlin,5,6.660000000000001,6.9,27070.4,56813.0,6,10.0
Daniel von Bargen,7,6.3,7.8,67634.0,225102.0,12,2.0
Jay Hernandez,14,6.128571428571429,7.0,40925.642857142855,138814.0,13,15.0
Marian Seldes,4,6.449999999999999,7.5,40290.5,87331.0,3,10.0
Horatio Sanz,1,6.4,6.4,213863.0,213863.0,2,0.0
Vinessa Shaw,6,6.283333333333334,7.3,86689.16666666667,227071.0,9,15.0
Sydney Pollack,5,7.0,7.4,103677.4,227071.0,6,25.0
David Zayas,4,5.8500000000000005,7.2,61472.75,112769.0,8,8.0
Quvenzhané Wallis,3,6.866666666666667,8.1,178082.33333333334,439176.0,7,2.0
Gerald McRaney,3,6.8999999999999995,7.4,97326.0,149337.0,7,31.0
Warren Christie,2,5.75,6.3,97434.0,147641.0,7,1.0
Abigail Spencer,4,6.35,7.2,60011.75,147641.0,9,2.0
Natasha Lyonne,12,6.291666666666665,7.0,91345.83333333333,315549.0,11,20.0
Lea Thompson,8,5.7125,8.5,185136.5,732212.0,11,32.0
Jennifer Grey,1,6.4,6.4,41776.0,41776.0,3,0.0
Maura Tierney,6,6.366666666666667,7.2,94661.0,220392.0,7,11.0
Paul Guilfoyle,7,6.285714285714286,8.3,79869.57142857143,414219.0,8,9.0
Adrian Lester,1,6.7,6.7,23940.0,23940.0,2,0.0
Yvonne Zima,1,6.7,6.7,60508.0,60508.0,5,0.0
Craig Bierko,2,6.85,7.0,56252.0,60508.0,6,3.0
Melina Kanakaredes,1,6.7,6.7,60508.0,60508.0,5,0.0
Michael Kitchen,2,6.7,7.2,50819.5,52339.0,5,15.0
Pamela Reed,2,5.75,6.2,27148.0,49300.0,5,14.0
Jonah Bobo,2,6.3,6.5,48140.0,67707.0,7,3.0
Meat Loaf,5,6.3,8.8,290722.4,1347461.0,9,6.0
Eugenie Bondurant,1,8.8,8.8,1347461.0,1347461.0,1,0.0
Kimberly Williams-Paisley,2,6.55,7.1,27410.5,46951.0,2,8.0
Frances O'Connor,4,7.074999999999999,8.1,39335.75,81888.0,8,20.0
Michael Moore,6,6.866666666666666,8.0,43073.166666666664,123090.0,5,20.0
Caitlin Stasey,1,5.1,5.1,65709.0,65709.0,4,0.0
Kevin Grevioux,4,6.074999999999999,7.0,101397.5,208092.0,6,11.0
Tony Noble,1,6.9,6.9,25474.0,25474.0,2,0.0
Barney Clark,1,6.9,6.9,25474.0,25474.0,2,0.0
Ian McNeice,2,6.65,6.9,14031.0,25474.0,3,1.0
Bill Cobbs,13,6.3307692307692305,7.4,36866.846153846156,89972.0,14,25.0
Martin Henderson,3,6.699999999999999,7.1,52779.0,134625.0,9,12.0
Tom Goodman-Hill,1,7.1,7.1,134625.0,134625.0,6,0.0
Michael Smiley,3,7.0,7.5,126241.0,190490.0,6,7.0
David Calder,1,7.5,7.5,190490.0,190490.0,3,0.0
Simon Chandler,1,7.5,7.5,190490.0,190490.0,3,0.0
Josh Zuckerman,1,6.2,6.2,162909.0,162909.0,3,0.0
Robert Wagner,6,6.45,7.0,105712.83333333333,183425.0,8,36.0
Dee Bradley Baker,3,7.0,7.9,31584.666666666668,40883.0,8,5.0
Bob Peck,1,8.1,8.1,613473.0,613473.0,3,0.0
Isabella Rossellini,6,6.783333333333334,7.1,27706.166666666668,78974.0,10,17.0
Dean Jones,1,6.9,6.9,69663.0,69663.0,4,0.0
Peng Lin,1,6.1,6.1,11584.0,11584.0,4,0.0
Si Won Choi,1,6.1,6.1,11584.0,11584.0,4,0.0
Sung-jun Yoo,1,6.1,6.1,11584.0,11584.0,4,0.0
John Witherspoon,7,5.499999999999999,7.3,29870.714285714286,74626.0,6,14.0
Brittany Daniel,5,5.12,5.9,55990.2,98794.0,8,9.0
David Keith,6,5.983333333333333,6.9,33768.166666666664,86902.0,10,27.0
Shawna Waldron,1,6.8,6.8,43027.0,43027.0,3,0.0
Romany Malco,10,5.99,7.1,68530.6,313797.0,6,13.0
Ice-T,1,5.9,5.9,38076.0,38076.0,4,0.0
Craig Stark,1,7.9,7.9,272839.0,272839.0,5,0.0
Chelsea Handler,1,5.5,5.5,24089.0,24089.0,5,0.0
Elizabeth Perkins,6,5.616666666666666,6.3,32900.166666666664,60884.0,9,17.0
Vincent Regan,4,5.8500000000000005,7.7,180082.75,607235.0,8,11.0
Haley Bennett,5,5.54,7.1,47217.4,116681.0,9,2.0
Eric Dane,4,6.6,7.1,51088.0,116681.0,9,11.0
Kathleen Turner,8,5.687500000000001,7.2,51264.75,116910.0,9,28.0
Tichina Arnold,2,5.5,5.9,83465.0,99989.0,4,7.0
Drew Sidora,2,4.95,5.9,50270.0,99989.0,6,2.0
Jill Hennessy,2,5.85,5.9,51142.0,99989.0,5,8.0
Emily Ratajkowski,2,7.1,8.1,295363.0,569841.0,6,1.0
Patrick Fugit,6,7.05,8.1,125014.5,569841.0,9,12.0
Josh Hamilton,2,7.45,7.9,205171.5,407601.0,4,2.0
Nicky Naudé,1,7.9,7.9,407601.0,407601.0,3,0.0
Clarence Williams III,5,6.139999999999999,6.7,25948.8,48225.0,11,7.0
Timothy Hutton,7,6.171428571428571,7.2,50154.71428571428,147504.0,7,16.0
Peter Krause,1,8.1,8.1,667983.0,667983.0,3,0.0
Aria Noelle Curzon,1,7.0,7.0,91093.0,91093.0,7,0.0
Eden Riegel,1,7.0,7.0,91093.0,91093.0,7,0.0
Anjelica Huston,11,6.645454545454546,7.6,61690.63636363636,209133.0,11,27.0
Patrick Fischler,4,6.449999999999999,7.2,121102.75,185258.0,8,10.0
Fred Ward,6,6.400000000000001,7.6,77778.83333333333,156898.0,7,34.0
Miriam Margolyes,6,6.316666666666666,7.1,31957.833333333332,94435.0,7,29.0
Carol Ann Susi,1,5.2,5.2,46031.0,46031.0,4,0.0
Jimmy Shubert,1,7.0,7.0,285623.0,285623.0,3,0.0
Alicia Witt,9,6.18888888888889,7.3,40386.22222222222,85673.0,10,18.0
Anne Bancroft,6,6.3,8.2,63247.0,161972.0,9,28.0
Woody Allen,11,6.927272727272726,8.1,51696.545454545456,192940.0,9,32.0
Tasha Smith,4,5.15,5.6,26038.75,83506.0,6,3.0
Tom Welling,2,5.6,5.8,58944.5,75152.0,3,2.0
Alyson Stoner,4,5.975,6.5,64031.0,90938.0,7,7.0
Rosa Salazar,1,6.4,6.4,138246.0,138246.0,3,0.0
Ki Hong Lee,2,6.6,6.8,224574.5,310903.0,4,1.0
Jaqueline Fleming,1,7.1,7.1,238916.0,238916.0,4,0.0
Jessalyn Gilsig,1,6.5,6.5,32353.0,32353.0,3,0.0
Jacinda Barrett,4,6.025,7.6,26107.75,48753.0,6,6.0
Billy Burke,9,6.355555555555556,7.2,46669.11111111111,91151.0,12,18.0
Saffron Burrows,5,5.74,7.3,54929.2,152247.0,8,13.0
Misha Gabriel Hamilton,2,6.9,7.3,39276.0,45394.0,4,3.0
Judith Hill,1,7.3,7.3,33158.0,33158.0,2,0.0
Mekia Cox,1,7.3,7.3,33158.0,33158.0,2,0.0
Monique Gabriela Curnen,2,6.4,6.6,91067.5,180479.0,3,4.0
Griffin Kane,1,6.6,6.6,180479.0,180479.0,2,0.0
Bill Hunter,1,4.4,4.4,23476.0,23476.0,4,0.0
Dyan Cannon,3,5.3999999999999995,6.5,10742.333333333334,23476.0,5,8.0
John Hodgman,1,7.7,7.7,143121.0,143121.0,3,0.0
Dawn French,1,7.7,7.7,143121.0,143121.0,3,0.0
Kristen Connolly,2,6.0,7.0,220151.0,277172.0,5,4.0
Fred Williamson,1,6.1,6.1,120795.0,120795.0,2,0.0
Jake Lloyd,2,5.95,6.5,34719.5,68406.0,4,5.0
Harvey Korman,4,6.175,7.8,59924.75,95294.0,4,22.0
James Babson,1,6.8,6.8,244566.0,244566.0,4,0.0
Elaine Stritch,3,6.0,7.0,45282.0,72287.0,7,12.0
Sophie Okonedo,7,6.5,8.1,99454.0,264533.0,10,12.0
Stockard Channing,10,6.220000000000001,7.2,37180.9,170027.0,7,27.0
Adhir Kalyan,2,6.25,7.3,55306.5,84209.0,4,0.0
Oliver Hudson,3,5.7,7.3,18922.666666666668,26404.0,3,7.0
Bianca Kajlich,3,5.833333333333333,7.3,43748.0,77935.0,6,9.0
Ritchie Coster,1,5.3,5.3,61966.0,61966.0,3,0.0
Brenda Bakke,1,5.4,5.4,35918.0,35918.0,2,0.0
Peter Greene,5,6.1,6.9,91862.2,265818.0,7,16.0
Patrick Kilpatrick,3,5.8999999999999995,6.2,26172.0,35918.0,6,14.0
Colm Feore,9,6.2444444444444445,7.8,75581.22222222222,199056.0,14,16.0
Gemma Chan,1,6.2,6.2,99035.0,99035.0,3,0.0
Julian Kostov,1,5.9,5.9,69484.0,69484.0,4,0.0
Gary Dourdan,3,6.066666666666666,6.3,66046.0,170179.0,7,14.0
Tate Donovan,6,6.883333333333333,7.7,156786.33333333334,452465.0,10,7.0
Louis Ferreira,1,7.2,7.2,256213.0,256213.0,5,0.0
Ned Beatty,6,6.366666666666667,7.3,83952.83333333333,256213.0,10,33.0
Isaac Hempstead Wright,2,6.65,6.8,43615.0,46347.0,7,3.0
Tracy Morgan,6,5.333333333333333,6.8,36714.5,75347.0,11,11.0
Dianne Wiest,10,6.7,7.9,80948.0,357581.0,7,28.0
Alison Brie,5,6.460000000000001,7.8,110972.0,246698.0,10,5.0
Treat Williams,10,6.33,8.4,80014.6,279179.0,10,31.0
Eileen Brennan,4,6.375,8.3,82972.25,175607.0,7,32.0
Wade Williams,1,6.7,6.7,173530.0,173530.0,4,0.0
Ryan Gosling,17,7.01764705882353,7.9,156915.4705882353,431578.0,10,15.0
Xander Berkeley,7,6.528571428571429,7.9,136427.0,483756.0,9,28.0
Leleti Khumalo,1,7.4,7.4,124222.0,124222.0,4,0.0
Michael Weston,4,6.625,7.6,99153.25,187595.0,8,10.0
Denis O'Hare,8,6.9375,8.0,133385.75,326494.0,8,8.0
Steven Anthony Lawrence,1,4.9,4.9,10883.0,10883.0,3,0.0
Michael Lerner,3,5.866666666666667,6.6,10127.333333333334,16764.0,7,18.0
Ray Walston,4,7.050000000000001,8.3,76294.25,175607.0,8,39.0
David Rasche,2,6.15,6.2,21568.5,42144.0,6,8.0
Blair Brown,1,6.1,6.1,42144.0,42144.0,3,0.0
Martin Donovan,4,5.625,6.1,46758.0,49888.0,7,8.0
Julia Duffy,1,6.3,6.3,76560.0,76560.0,3,0.0
Paul Adelstein,2,6.25,6.3,38914.0,76560.0,4,6.0
Ed Lauter,4,7.0,8.0,104471.25,190030.0,6,36.0
Bojana Novakovic,3,6.5,6.6,112548.0,158354.0,5,1.0
Penelope Ann Miller,2,5.85,6.0,63488.5,107801.0,7,7.0
John Kapelos,2,5.85,6.0,18949.5,19176.0,8,3.0
Chi Muoi Lo,1,5.7,5.7,19176.0,19176.0,4,0.0
Joe Viterelli,1,5.9,5.9,69319.0,69319.0,2,0.0
Cathy Moriarty,5,6.640000000000001,8.3,99936.0,235133.0,8,22.0
Carrie Preston,3,6.566666666666666,7.5,69288.66666666667,99236.0,5,10.0
Ben Falcone,4,5.575,7.1,32426.5,49240.0,6,10.0
Xzibit,2,5.449999999999999,6.6,56966.5,62584.0,5,0.0
Sunny Mabrey,1,4.3,4.3,51349.0,51349.0,4,0.0
Jacob Hopkins,1,5.7,5.7,97089.0,97089.0,5,0.0
Alan Dale,2,5.65,5.7,68932.5,97089.0,5,1.0
Josh Wingate,1,5.7,5.7,97089.0,97089.0,5,0.0
Timothy West,1,6.7,6.7,36144.0,36144.0,7,0.0
Adriano Giannini,1,6.7,6.7,36144.0,36144.0,7,0.0
Susanna Thompson,2,6.4,6.7,20598.0,31788.0,5,3.0
Mia Kirshner,5,6.2,7.2,37403.4,80305.0,7,12.0
Philip Winchester,3,5.966666666666666,7.1,17510.0,35565.0,11,2.0
Michael Irby,2,6.550000000000001,6.9,91923.0,126746.0,4,4.0
Robert Forster,9,5.9,8.0,88282.0,239540.0,11,36.0
Wilson Cruz,1,4.8,4.8,14596.0,14596.0,3,0.0
Vanessa Marshall,1,4.8,4.8,14596.0,14596.0,3,0.0
Matt Bomer,4,6.125,6.7,110019.25,304318.0,10,9.0
Kevin Corrigan,7,6.6428571428571415,7.6,69734.85714285714,422606.0,8,18.0
Kevin Zegers,9,6.111111111111111,7.4,73141.44444444444,194426.0,12,18.0
Mike O'Malley,1,4.9,4.9,31640.0,31640.0,5,0.0
Shawn Christian,1,4.9,4.9,31640.0,31640.0,5,0.0
Ariel Gade,2,5.199999999999999,5.6,35678.0,44966.0,4,1.0
Camryn Manheim,3,5.266666666666667,7.0,23475.333333333332,44966.0,4,6.0
Jamie Foreman,2,6.75,7.4,97151.0,134070.0,6,4.0
Louis Lombardi,5,5.68,6.7,42195.0,60293.0,8,14.0
Ulrich Thomsen,3,6.633333333333333,8.1,84683.66666666667,140780.0,7,17.0
Olivia Munn,4,5.625,6.2,36706.25,54447.0,6,5.0
Mike Dopud,3,5.0,5.7,28463.0,41763.0,8,9.0
Tania Saulnier,2,5.15,6.5,50155.0,61912.0,7,1.0
Eddie Peng,1,6.0,6.0,1212.0,1212.0,3,0.0
Aaron Kwok,1,6.0,6.0,1212.0,1212.0,3,0.0
Paolo Montalban,1,6.7,6.7,18209.0,18209.0,3,0.0
Clayne Crawford,2,6.75,6.8,19192.5,20176.0,6,5.0
Ed Skrein,2,6.6,8.1,252907.0,479047.0,7,1.0
Stefan Kapicic,1,8.1,8.1,479047.0,479047.0,5,0.0
Morgan Fairchild,1,4.9,4.9,16260.0,16260.0,2,0.0
Eric McCormack,2,6.2,7.5,15936.0,16260.0,5,0.0
Keir O'Donnell,1,7.3,7.3,325264.0,325264.0,6,0.0
Leonard Roberts,3,6.8,7.4,118904.66666666667,325264.0,9,17.0
Odeya Rush,3,6.466666666666666,6.6,44451.333333333336,47988.0,6,3.0
Dylan Minnette,6,7.183333333333334,8.1,96581.33333333333,383591.0,9,5.0
Ken Marino,5,6.040000000000001,6.9,62991.8,195255.0,7,14.0
Soleil Moon Frye,1,6.6,6.6,24420.0,24420.0,3,
Caroline Rhea,1,6.6,6.6,24420.0,24420.0,3,
Nate Richert,1,6.6,6.6,24420.0,24420.0,3,
Willie Garson,5,6.82,8.1,176286.8,437418.0,7,12.0
Taylor Negron,4,4.3,6.2,7041.5,15517.0,5,14.0
Kurtwood Smith,7,6.671428571428571,8.0,74513.85714285714,277451.0,11,23.0
Richard Crenna,1,5.7,5.7,92106.0,92106.0,4,0.0
Matt Bushell,1,6.0,6.0,27664.0,27664.0,4,0.0
Malcolm Goodwin,1,6.0,6.0,27664.0,27664.0,4,0.0
Robert Baker,1,6.0,6.0,27664.0,27664.0,4,0.0
Kevin Brown,1,4.7,4.7,29523.0,29523.0,3,0.0
Kim Shaw,3,5.766666666666667,6.4,43952.666666666664,101730.0,3,5.0
Jessica Szohr,4,5.9,6.9,62312.5,159931.0,4,4.0
Rob Riggle,9,6.311111111111111,7.8,164595.0,583341.0,7,8.0
Shawn Roberts,5,5.62,6.2,59363.4,131447.0,6,5.0
Nate Parker,7,6.542857142857143,7.3,43331.57142857143,200647.0,9,8.0
Tristan Mack Wilds,2,6.550000000000001,7.2,49846.0,70885.0,5,6.0
Cynthia Nixon,2,6.45,7.0,56605.5,80025.0,6,0.0
Leighton Meester,5,5.98,7.4,56913.2,136973.0,9,4.0
Brian Thompson,3,6.066666666666667,8.1,238324.0,600266.0,5,13.0
Terry O'Neill,1,6.4,6.4,78343.0,78343.0,3,0.0
Chris Penn,9,6.377777777777777,8.4,106106.33333333333,664719.0,9,20.0
Spencer Wilding,7,5.957142857142857,7.0,51803.142857142855,92640.0,8,4.0
Christopher Lambert,8,5.762499999999999,7.5,41927.375,98629.0,9,30.0
Mihalis Giannatos,1,5.9,5.9,28099.0,28099.0,4,0.0
Irene Papas,1,5.9,5.9,28099.0,28099.0,4,0.0
Brian Austin Green,2,5.5,6.7,14055.0,26992.0,3,0.0
Noureen DeWulf,5,5.26,6.7,19243.6,40654.0,5,3.0
Barry Corbin,9,6.522222222222222,8.1,89230.0,612060.0,9,32.0
Ashley Scott,6,6.016666666666667,7.4,30716.333333333332,63599.0,10,6.0
Michael Bowen,2,7.1,8.0,282933.5,512749.0,4,0.0
Siobhan Fallon Hogan,4,7.525,8.8,380886.75,1251222.0,7,17.0
Sam Anderson,1,8.8,8.8,1251222.0,1251222.0,2,0.0
Matthew Gray Gubler,2,6.25,7.3,98405.5,139535.0,7,3.0
Beth Riesgraf,1,5.2,5.2,57276.0,57276.0,5,0.0
Irene Bedard,3,6.766666666666667,7.2,42667.333333333336,119675.0,8,3.0
Margot Kidder,6,5.3999999999999995,7.3,59822.666666666664,126357.0,8,31.0
Holland Taylor,4,6.249999999999999,6.8,33346.25,56168.0,7,10.0
Thomas Ian Nicholas,4,5.975,6.9,52363.5,162331.0,5,18.0
Alyson Hannigan,10,5.8,8.2,105336.0,315549.0,7,24.0
Chris Mulkey,6,6.850000000000001,8.5,204718.0,399138.0,9,32.0
Michael Chernus,2,7.1,7.9,162978.0,323353.0,3,2.0
Fred Rogers,1,6.0,6.0,85903.0,85903.0,3,0.0
James Wilcox,2,6.15,7.2,156978.0,229574.0,4,0.0
Natasha Richardson,2,5.9,6.7,36869.0,68417.0,5,3.0
Ricky Schroder,5,6.4399999999999995,7.3,18225.2,81026.0,5,20.0
James Karen,2,7.7,8.0,228766.5,338383.0,3,19.0
Kurt Fuller,6,6.8500000000000005,8.0,138148.0,338383.0,10,19.0
Haley Ramm,2,6.0,6.2,76465.5,126746.0,6,5.0
Erika Christensen,5,6.040000000000001,6.9,36908.2,126746.0,5,7.0
Dylan Baker,10,6.299999999999999,7.8,33903.1,79877.0,11,21.0
Chiaki Kuriyama,1,8.1,8.1,735784.0,735784.0,1,0.0
David Carradine,7,6.228571428571429,8.1,148707.7142857143,735784.0,10,36.0
Adam Alexi-Malle,1,6.4,6.4,56874.0,56874.0,1,0.0
Gary Jones,1,8.4,8.4,63982.0,63982.0,4,
Christopher Judge,4,7.45,8.4,21592.0,63982.0,6,1.0
Don S. Davis,1,8.4,8.4,63982.0,63982.0,4,
Michael Parks,2,6.7,8.0,271919.0,512749.0,6,10.0
Jack Palance,3,6.8999999999999995,7.6,129004.0,269033.0,7,1.0
Brion James,1,6.3,6.3,75365.0,75365.0,4,0.0
Jason Connery,1,6.6,6.6,96690.0,96690.0,4,0.0
Kate Luyben,1,6.6,6.6,96690.0,96690.0,4,0.0
J.T. Walsh,5,7.040000000000001,8.0,53434.4,98348.0,9,10.0
Madeline Carroll,6,6.166666666666668,7.7,43397.333333333336,67191.0,10,5.0
Ophelia Lovibond,2,6.6,7.2,48105.0,67191.0,6,2.0
Thomas McDonell,3,5.8,6.6,37328.0,88049.0,5,4.0
Carlos Ponce,4,5.1499999999999995,5.9,26700.75,44103.0,6,10.0
Holt McCallany,3,6.1000000000000005,6.4,90031.0,207686.0,6,10.0
Paul McGann,1,6.4,6.4,207686.0,207686.0,3,0.0
Charles S. Dutton,8,5.9624999999999995,7.3,71479.625,207686.0,12,18.0
Andrea Corr,1,6.3,6.3,29205.0,29205.0,4,0.0
Peter Polycarpou,1,6.3,6.3,29205.0,29205.0,4,0.0
Jimmy Nail,1,6.3,6.3,29205.0,29205.0,4,0.0
Michael Lonsdale,2,7.25,7.3,78916.5,145422.0,5,12.0
Om Puri,3,6.666666666666667,6.9,26298.666666666668,46239.0,7,7.0
Sally Hawkins,8,7.1499999999999995,7.7,64104.375,150082.0,10,10.0
Matt Lucas,3,6.7,7.2,91216.66666666667,218711.0,7,3.0
Nicholas Braun,4,5.925,6.2,77224.75,104072.0,6,11.0
Jenna Boyd,2,5.8,6.0,23822.5,35830.0,5,0.0
Rex Linn,1,6.0,6.0,35830.0,35830.0,4,0.0
John Ashton,1,6.5,6.5,27191.0,27191.0,2,0.0
Seymour Cassel,8,6.3500000000000005,7.6,41965.25,209133.0,9,16.0
Terence Bernie Hines,1,5.8,5.8,44453.0,44453.0,1,0.0
Russell Tovey,3,6.633333333333333,6.9,22624.666666666668,36877.0,8,6.0
Ellen Barkin,7,6.885714285714286,8.1,49659.142857142855,213226.0,9,19.0
Miranda Richardson,10,6.76,7.6,53931.2,140499.0,12,14.0
Paterson Joseph,1,5.5,5.5,110614.0,110614.0,2,0.0
Bruce Boxleitner,1,6.3,6.3,13215.0,13215.0,3,0.0
John Castle,1,6.3,6.3,13215.0,13215.0,3,0.0
Billy Campbell,2,5.949999999999999,6.3,21941.0,30667.0,5,1.0
Lauren Holly,3,6.1000000000000005,7.3,103954.33333333333,288451.0,7,7.0
Tina Fey,8,6.4,7.0,65203.125,245989.0,12,10.0
Hugh Bonneville,1,6.4,6.4,24285.0,24285.0,5,0.0
Brady Corbet,5,5.82,6.9,27083.2,69569.0,11,10.0
Peter Gallagher,8,6.8375,8.4,149583.25,822500.0,10,21.0
David Walton,2,6.050000000000001,6.4,38495.0,61680.0,5,4.0
Albert Dupontel,2,7.550000000000001,7.7,74925.5,87244.0,6,2.0
André Dussollier,2,7.45,7.7,43632.0,62607.0,7,5.0
Denis Lavant,3,6.733333333333334,7.7,30769.666666666668,62607.0,5,8.0
James Mason,6,7.383333333333334,7.8,35393.333333333336,67825.0,9,28.0
Shelley Winters,3,7.466666666666666,7.7,47196.0,67825.0,6,4.0
Lois Maxwell,8,7.25,7.8,88372.5,139432.0,7,17.0
Tom Berenger,9,6.633333333333334,8.1,94065.88888888889,305929.0,13,28.0
Norman Reedus,8,6.45,7.9,81025.5,197845.0,9,17.0
Madison Pettis,4,6.0,7.7,70517.25,232710.0,5,8.0
Jon Seda,3,6.166666666666667,6.7,26638.333333333332,39247.0,7,15.0
Jason Momoa,2,5.5,5.7,22470.0,39247.0,3,2.0
Amanda Detmer,3,5.6000000000000005,5.9,38455.0,68417.0,4,6.0
Billy Gardell,1,5.6,5.6,68417.0,68417.0,2,0.0
Todd Stashwick,1,5.6,5.6,68417.0,68417.0,2,0.0
Jackie Cooper,2,5.85,6.8,63132.5,76331.0,5,3.0
Todd Giebenhain,1,2.4,2.4,41620.0,41620.0,3,0.0
David Backus,1,2.4,2.4,41620.0,41620.0,3,0.0
Lenny Venito,1,2.4,2.4,41620.0,41620.0,3,0.0
Bernadette Peters,3,6.0,7.1,33351.0,86347.0,10,21.0
Kylie Minogue,4,5.324999999999999,7.6,77604.75,224013.0,10,18.0
Matt O'Leary,2,6.4,7.3,40632.5,59982.0,4,0.0
Quentin Tarantino,5,7.419999999999999,8.4,238247.2,664719.0,8,19.0
Kimberly Elise,6,6.449999999999999,7.3,13612.166666666666,56605.0,6,17.0
Hill Harper,4,4.949999999999999,6.5,10696.5,27198.0,9,18.0
Kelvin Han Yee,1,5.9,5.9,18310.0,18310.0,3,0.0
Parker Sawyers,1,7.4,7.4,216032.0,216032.0,3,0.0
Ann-Margret,3,6.166666666666667,7.3,45890.333333333336,102167.0,4,48.0
Jessica Simpson,2,5.3,5.5,52031.5,66382.0,4,1.0
Alice Greczyn,3,5.3,6.5,49492.333333333336,72715.0,6,4.0
Dash Mihok,6,6.233333333333333,7.6,30898.833333333332,138941.0,10,10.0
Mircea Monroe,3,6.233333333333334,7.4,51160.333333333336,136680.0,7,5.0
Matt Price,2,7.050000000000001,7.4,78186.5,100743.0,4,8.0
Tom Dreesen,1,7.4,7.4,100743.0,100743.0,3,0.0
Gerry Becker,1,7.4,7.4,100743.0,100743.0,3,0.0
Rebecca Dayan,2,6.4,6.5,48983.0,97775.0,4,4.0
Amber Rose Revah,2,6.05,6.5,56611.5,97775.0,5,4.0
Kasia Smutniak,1,6.5,6.5,97775.0,97775.0,2,0.0
Victoria Smurfit,1,5.5,5.5,42324.0,42324.0,3,0.0
Tony Cox,6,5.883333333333334,7.3,78292.5,185878.0,6,15.0
Rob Moran,2,6.15,6.5,103456.0,185878.0,3,14.0
Rob Paulsen,5,5.7,6.6,15612.4,23943.0,7,7.0
Jorge Garcia,1,4.9,4.9,15740.0,15740.0,2,0.0
Alia Shawkat,6,6.233333333333334,7.1,29071.5,55665.0,10,9.0
Bobby Block,1,7.9,7.9,467113.0,467113.0,5,0.0
Chris Miller,1,7.9,7.9,467113.0,467113.0,5,0.0
Kathleen Freeman,1,7.9,7.9,467113.0,467113.0,5,0.0
Jon Stewart,2,4.949999999999999,7.1,101943.0,200035.0,8,5.0
Bonnie Hunt,4,6.625,7.3,70990.75,189923.0,5,7.0
Lupe Ontiveros,5,5.960000000000001,7.7,48311.8,224671.0,3,13.0
Shirley Knight,2,6.65,7.7,122178.5,224671.0,3,4.0
Joel Courtney,2,6.85,7.1,147516.0,287822.0,5,0.0
Zach Mills,1,7.1,7.1,287822.0,287822.0,3,0.0
Conchata Ferrell,4,6.8999999999999995,7.9,135245.0,357581.0,6,27.0
Thomas Lennon,12,6.391666666666666,8.5,152765.91666666666,845580.0,11,13.0
Craig Roberts,4,6.75,7.3,147201.5,258186.0,8,4.0
Danny Masterson,2,5.85,6.8,149534.5,271691.0,6,8.0
Megan Park,3,6.433333333333334,7.0,43602.666666666664,56654.0,6,9.0
Herbert Russell,2,6.85,7.0,43897.5,46482.0,4,2.0
Mark L. Young,2,6.55,7.0,32857.0,54010.0,4,7.0
James Ransone,6,6.283333333333334,7.6,87331.33333333333,273108.0,8,9.0
Deborah Kara Unger,7,6.5,7.8,111217.71428571429,261069.0,9,15.0
Bill Duke,8,6.2250000000000005,7.8,74049.875,290949.0,11,27.0
Dylan Walsh,4,6.425,7.2,45618.25,114321.0,11,15.0
Chandler Canterbury,3,6.0,6.2,103392.0,186879.0,8,4.0
Sissy Spacek,11,6.709090909090909,8.0,36942.0,71153.0,13,32.0
Michael Monks,1,5.0,5.0,58961.0,58961.0,4,0.0
Mark Christopher Lawrence,1,5.0,5.0,58961.0,58961.0,4,0.0
Scoot McNairy,7,6.471428571428571,8.1,175436.0,452465.0,13,11.0
Billy Brown,1,5.7,5.7,43328.0,43328.0,6,0.0
Rupert Graves,5,6.859999999999999,8.2,167534.6,791783.0,5,20.0
Fann Wong,1,6.2,6.2,81444.0,81444.0,3,0.0
Anna-Louise Plowman,1,6.2,6.2,81444.0,81444.0,3,0.0
Georgina Chapman,1,6.2,6.2,81444.0,81444.0,3,0.0
Nicola Walker,1,7.9,7.9,1824.0,1824.0,2,
Gemma Jones,1,7.9,7.9,1824.0,1824.0,2,
Cheryl Hines,4,5.35,7.1,21024.0,37714.0,9,10.0
Jennifer Esposito,6,6.25,7.9,136071.33333333334,361169.0,7,5.0
Conrad Goode,1,6.3,6.3,40362.0,40362.0,4,0.0
Derek Mears,3,5.833333333333333,6.4,119137.33333333333,171418.0,7,8.0
Erik Per Sullivan,2,6.300000000000001,6.7,52365.5,63067.0,4,1.0
Olivier Martinez,4,6.525,7.1,21118.75,63067.0,7,12.0
Chad Lowe,1,6.7,6.7,63067.0,63067.0,2,0.0
Alex Pettyfer,6,6.066666666666666,7.2,84544.16666666667,195043.0,10,8.0
Reuben Langdon,1,6.1,6.1,195043.0,195043.0,4,0.0
Emily Wickersham,1,6.1,6.1,195043.0,195043.0,4,0.0
Amr Waked,3,6.8,7.0,181915.33333333334,327367.0,4,9.0
Kayvan Novak,3,7.1000000000000005,7.3,91453.66666666667,109191.0,4,5.0
James Badge Dale,3,7.166666666666667,7.4,132090.0,203111.0,5,5.0
David Costabile,5,6.720000000000001,7.4,81973.0,148334.0,7,7.0
Ana de la Reguera,2,6.5,7.3,55565.5,65551.0,7,8.0
Mary Lynn Rajskub,8,6.2749999999999995,7.3,67747.75,116625.0,7,12.0
Charles Martinet,1,7.8,7.8,261069.0,261069.0,3,0.0
Alice Krige,4,6.4,7.2,55544.75,172792.0,11,27.0
Faizon Love,10,5.49,7.2,17999.1,48322.0,9,19.0
Dania Ramirez,4,5.875,6.7,83553.0,172112.0,9,8.0
Michael Cudlitz,3,7.066666666666667,7.4,84429.66666666667,107227.0,8,11.0
Alycia Debnam-Carey,1,5.8,5.8,54101.0,54101.0,2,0.0
Scott Lawrence,1,5.8,5.8,54101.0,54101.0,2,0.0
Gilbert R. Hill,1,5.5,5.5,60293.0,60293.0,4,0.0
Jon Tenney,3,6.6000000000000005,7.3,33775.333333333336,60293.0,6,16.0
Phoebe Cates,3,6.366666666666666,7.2,72179.33333333333,142293.0,4,6.0
Robert Picardo,4,6.125,6.6,43557.0,77415.0,9,31.0
Marcel Iures,2,5.5,5.9,37528.5,46451.0,4,8.0
Mike Epps,14,5.750000000000001,7.8,76110.35714285714,583341.0,9,16.0
Celia Imrie,5,6.779999999999999,7.3,58728.4,98629.0,6,29.0
John Billingsley,3,6.633333333333333,8.0,58814.0,129799.0,5,9.0
Sven-Ole Thorsen,1,4.4,4.4,17997.0,17997.0,3,0.0
Joan Chen,5,6.459999999999999,7.8,21101.8,70274.0,11,24.0
Taylor Dooley,1,3.5,3.5,20310.0,20310.0,4,0.0
Peter Youngblood Hills,1,6.6,6.6,176169.0,176169.0,3,0.0
Virginie Ledoyen,2,6.75,6.9,90231.0,176169.0,7,3.0
Rain,1,6.4,6.4,58349.0,58349.0,3,0.0
Shô Kosugi,1,6.4,6.4,58349.0,58349.0,3,0.0
Ben Miles,2,6.65,6.9,40686.0,58349.0,6,4.0
Carmine Giovinazzo,1,6.5,6.5,26034.0,26034.0,3,0.0
David Jason,1,7.8,7.8,4438.0,4438.0,3,
Bruce Alexander,1,7.8,7.8,4438.0,4438.0,3,
John Lyons,1,7.8,7.8,4438.0,4438.0,3,
Rumer Willis,2,4.699999999999999,5.1,29454.0,34896.0,6,13.0
Jay Mohr,4,6.125,7.3,40911.0,80140.0,7,16.0
Agnes Bruckner,5,6.34,7.3,25221.0,43575.0,8,5.0
Muse Watson,5,5.42,6.6,83739.0,181225.0,8,18.0
Kelly Rowan,1,6.3,6.3,62981.0,62981.0,3,0.0
Richard Brake,1,6.2,6.2,86374.0,86374.0,3,0.0
Stephen Walters,2,7.35,8.5,68382.5,86374.0,5,0.0
Tim Matheson,3,6.900000000000001,7.6,38156.333333333336,90177.0,4,31.0
Rita Wilson,3,5.766666666666667,6.6,21384.0,45293.0,4,15.0
J.D. Evermore,2,5.75,5.9,61340.0,92461.0,7,2.0
Rachel Roberts,1,5.9,5.9,92461.0,92461.0,5,0.0
Harry Connick Jr.,8,6.625,8.0,56139.25,167967.0,11,19.0
Tim Daly,4,6.275,7.3,19767.75,49926.0,9,6.0
Rick Hoffman,2,6.15,6.4,86585.0,138814.0,6,3.0
Valeria Golino,4,7.175000000000001,8.0,148337.5,383784.0,7,14.0
Michelle Forbes,1,5.7,5.7,54021.0,54021.0,4,0.0
Aaron Hill,1,7.5,7.5,7945.0,7945.0,3,
Brittany Curran,2,6.05,7.5,5890.5,7945.0,4,0.0
Grey Damon,1,7.5,7.5,7945.0,7945.0,3,
M. Emmet Walsh,8,6.362499999999999,8.2,83454.625,461609.0,13,38.0
Jessica Collins,1,6.7,6.7,3077.0,3077.0,5,0.0
Donald Watkins,1,6.7,6.7,3077.0,3077.0,5,0.0
Vanessa Ferlito,3,5.5,7.0,36212.333333333336,79264.0,6,4.0
Raza Jaffrey,1,7.7,7.7,189249.0,189249.0,3,0.0
Paul Brooke,1,6.4,6.4,55889.0,55889.0,5,0.0
Rab Affleck,1,6.4,6.4,55889.0,55889.0,5,0.0
David Bailie,1,6.4,6.4,55889.0,55889.0,5,0.0
Gregory Smith,4,6.0,6.1,25948.75,46239.0,7,15.0
William Atherton,2,5.75,6.2,12275.0,16562.0,4,15.0
Lara Flynn Boyle,3,5.733333333333333,7.0,50200.666666666664,114610.0,7,21.0
Grant Bowler,2,5.8,7.0,17750.0,33535.0,5,0.0
Julie Benz,6,6.133333333333334,7.0,41037.166666666664,88529.0,8,10.0
Mo'Nique,9,5.533333333333333,7.3,31620.777777777777,86956.0,7,9.0
Ian Ziering,2,4.65,6.0,46273.5,58015.0,6,8.0
Zoey Deutch,2,6.1,6.2,58733.5,67796.0,4,3.0
Alden Ehrenreich,4,6.050000000000001,6.8,55482.75,84620.0,7,5.0
Pruitt Taylor Vince,4,6.425,7.3,51383.25,105568.0,8,13.0
Willie Nelson,1,4.9,4.9,15880.0,15880.0,2,0.0
Andrew Wilson,2,6.0,7.1,35179.0,54478.0,3,8.0
Robin Shou,2,3.7,3.7,28093.5,36363.0,8,12.0
Josie Ho,2,5.5,7.3,13371.5,19824.0,5,3.0
David Patrick Kelly,4,7.0,7.6,42222.75,136580.0,8,10.0
Gilbert Gottfried,2,5.8,6.3,8365.0,14429.0,6,7.0
Tom Sturridge,1,7.4,7.4,90932.0,90932.0,3,0.0
James Lew,1,7.6,7.6,170684.0,170684.0,3,0.0
Jacob Vargas,9,5.977777777777778,7.6,33185.11111111111,170684.0,13,22.0
Alison Doody,2,7.300000000000001,8.3,291935.5,515306.0,4,4.0
Guro Nagelhus Schia,1,6.6,6.6,70886.0,70886.0,2,0.0
Matthew Macfadyen,1,6.6,6.6,70886.0,70886.0,2,0.0
Leland Orser,3,6.5,6.7,57442.0,120202.0,4,7.0
Mel Rodriguez,1,6.8,6.8,206104.0,206104.0,3,0.0
Dwight Yoakam,5,6.8,8.0,69979.6,206104.0,9,10.0
Lochlyn Munro,6,4.866666666666666,6.0,6605.0,14147.0,7,13.0
P.J. Soles,4,7.074999999999999,7.9,118710.0,157863.0,2,28.0
Steve Bacic,1,4.6,4.6,1263.0,1263.0,2,0.0
Mykelti Williamson,2,6.6,7.1,77725.0,137854.0,8,17.0
Fares Fares,2,6.550000000000001,6.7,27005.5,40568.0,4,5.0
Michael Nardone,1,6.4,6.4,40568.0,40568.0,3,0.0
Douglas Haase,1,6.4,6.4,93367.0,93367.0,2,0.0
Corinna Harney,1,6.4,6.4,93367.0,93367.0,2,0.0
Vince Vieluf,2,6.5,6.6,51430.5,93367.0,3,3.0
Bradley Whitford,5,6.44,7.0,81827.4,277172.0,9,18.0
Brian Doyle-Murray,5,5.459999999999999,7.4,40897.4,81888.0,6,27.0
Fred Gwynne,4,6.875,7.5,53617.5,82743.0,8,8.0
Gretchen Mol,7,6.614285714285714,7.8,60907.142857142855,237872.0,9,11.0
Jon Gries,9,6.2333333333333325,7.3,41225.555555555555,161448.0,10,21.0
Keith Hudson,1,7.0,7.0,71708.0,71708.0,4,0.0
Andy Dick,2,5.65,6.0,72711.5,122347.0,4,4.0
Gulshan Grover,1,7.8,7.8,5639.0,5639.0,3,0.0
Eric Peterson,1,7.8,7.8,5639.0,5639.0,3,0.0
Nandita Das,1,7.8,7.8,5639.0,5639.0,3,0.0
Charlie Korsmo,2,6.3,6.5,42852.0,47819.0,6,8.0
Faye Dunaway,8,6.45,8.1,37052.875,103493.0,7,26.0
Alissa Dean,1,6.4,6.4,22447.0,22447.0,3,0.0
Adam Garcia,4,4.9750000000000005,6.4,34400.25,90539.0,8,4.0
Natalya Bondarchuk,1,8.1,8.1,54057.0,54057.0,3,0.0
Donatas Banionis,1,8.1,8.1,54057.0,54057.0,3,0.0
Anatoliy Solonitsyn,1,8.1,8.1,54057.0,54057.0,3,0.0
George Cole,1,5.8,5.8,11913.0,11913.0,4,0.0
Bronagh Gallagher,2,6.05,6.3,12570.0,13227.0,6,16.0
Crystal Lowe,5,6.32,7.7,96272.6,218771.0,6,11.0
Julia Jones,1,4.7,4.7,45729.0,45729.0,5,0.0
Billy Blair,1,4.7,4.7,45729.0,45729.0,5,0.0
Randall 'Tex' Cobb,2,6.35,6.8,130095.0,220392.0,6,11.0
Swoosie Kurtz,4,6.949999999999999,7.7,82975.25,220392.0,4,9.0
Amy Ryan,3,7.033333333333332,7.6,60655.666666666664,178118.0,5,7.0
Olympia Dukakis,2,7.3,7.3,16405.5,30230.0,5,21.0
Jacqueline Bisset,3,4.3999999999999995,7.2,5426.0,14580.0,7,23.0
Luke Grimes,4,5.625,6.5,122626.25,238671.0,7,9.0
Jenny McCarthy,3,4.8999999999999995,6.1,40791.333333333336,111526.0,5,7.0
Pamela Anderson,1,5.5,5.5,111526.0,111526.0,1,0.0
Regina Hall,7,5.457142857142857,6.6,41615.71428571428,111526.0,3,11.0
Candice Bergen,3,6.566666666666667,8.1,129399.0,171726.0,7,27.0
Heather Burns,2,6.2,6.2,69285.5,137377.0,4,9.0
Wendy Raquel Robinson,1,6.2,6.2,137377.0,137377.0,4,0.0
Anita Briem,2,5.449999999999999,5.8,49174.5,85323.0,10,2.0
Brad Renfro,4,6.300000000000001,7.0,23775.75,45798.0,5,14.0
Noel Gugliemi,7,6.385714285714286,7.4,62007.71428571428,184795.0,9,9.0
Patrick Bergin,2,5.9,6.9,47381.0,81442.0,4,7.0
Jane Fonda,5,6.26,7.4,29805.8,54242.0,6,46.0
Robin Sachs,1,7.3,7.3,123558.0,123558.0,3,0.0
Enrico Colantoni,4,6.6499999999999995,8.4,60533.5,123558.0,8,3.0
Eric Jacobson,1,7.1,7.1,75176.0,75176.0,4,0.0
Steve Whitmire,2,7.4,7.7,54513.0,75176.0,6,19.0
Traci Lords,3,6.433333333333334,7.1,78742.66666666667,191437.0,6,4.0
Robert Ri'chard,4,5.95,7.2,71184.25,94463.0,4,6.0
Bruce Altman,2,6.85,7.2,32895.0,57281.0,3,1.0
Matt Malloy,2,6.9,7.3,34415.5,57281.0,3,5.0
Eric Stoltz,9,6.644444444444444,8.9,206063.11111111112,1324680.0,13,18.0
Kari Wuhrer,3,4.7,5.7,31875.0,73539.0,6,6.0
Izabella Miko,2,5.449999999999999,5.6,48929.0,90539.0,6,1.0
Tyra Banks,2,5.699999999999999,5.8,47458.0,90539.0,4,1.0
Kris Marshall,6,7.233333333333334,7.7,93112.16666666667,318634.0,4,7.0
Madeline Kahn,7,7.314285714285714,8.0,76131.71428571429,211226.0,7,24.0
Ian Richardson,3,7.133333333333333,7.8,90308.0,124765.0,8,4.0
Rod Steiger,5,7.140000000000001,8.4,34472.4,100890.0,8,40.0
Emilio Estefan Jr.,1,5.4,5.4,50148.0,50148.0,5,0.0
Lucille Ball,1,7.2,7.2,5888.0,5888.0,2,0.0
Tom Bosley,2,6.25,7.2,23271.0,40654.0,3,42.0
Nick Zano,2,4.0,4.3,13604.5,17829.0,6,4.0
James Tumminia,1,6.3,6.3,149549.0,149549.0,4,0.0
Joel McHale,4,5.7,6.5,47682.0,87165.0,9,5.0
William Lucking,2,6.699999999999999,7.1,28478.0,32544.0,6,5.0
Vincent Kartheiser,1,5.9,5.9,20688.0,20688.0,3,0.0
Gary Stretch,2,7.1,7.7,72115.0,104301.0,3,8.0
Shea Whigham,5,6.68,7.4,50026.4,104301.0,5,9.0
Demián Bichir,4,6.475,7.2,77475.0,133177.0,6,2.0
Will Beinbrink,1,6.5,6.5,79141.0,79141.0,3,0.0
Valerie Cruz,1,6.5,6.5,79141.0,79141.0,3,0.0
Ben Miller,1,6.1,6.1,114692.0,114692.0,3,0.0
Natalie Imbruglia,1,6.1,6.1,114692.0,114692.0,3,0.0
José Ferrer,3,7.2,8.4,98782.0,192775.0,7,22.0
Robert Clohessy,3,7.133333333333333,7.4,102973.66666666667,125198.0,7,5.0
T.V. Carpio,2,7.4,7.4,91861.5,91863.0,4,0.0
Joe Komara,1,7.3,7.3,152591.0,152591.0,2,0.0
David Belle,2,6.4,7.2,68725.5,81523.0,5,4.0
Alexa PenaVega,12,5.45,6.7,26581.666666666668,84325.0,12,19.0
Keenen Ivory Wayans,2,6.15,7.0,9112.5,15455.0,5,9.0
Obba Babatundé,2,5.7,6.0,34443.5,44130.0,5,12.0
John de Lancie,4,6.2,7.5,35984.5,83786.0,8,12.0
Carter Jenkins,2,5.4,5.4,9649.5,16580.0,5,3.0
Malese Jow,2,5.7,6.0,11222.5,16580.0,8,5.0
Adrien Dorval,1,6.8,6.8,42621.0,42621.0,4,0.0
Costas Mandylor,9,6.077777777777778,6.8,61640.77777777778,142115.0,10,17.0
Nels Lennarson,1,6.8,6.8,42621.0,42621.0,4,0.0
Kristy Swanson,2,5.1,5.3,17826.5,27648.0,5,1.0
Henry Thomas,5,6.62,7.9,87486.4,281842.0,8,28.0
Laz Alonso,7,5.828571428571428,7.3,12649.42857142857,27117.0,9,6.0
Omari Hardwick,5,6.0200000000000005,6.5,7244.8,15697.0,7,4.0
Ye Liu,2,7.35,7.7,22442.0,36455.0,4,3.0
Man Li,1,7.0,7.0,36455.0,36455.0,2,0.0
James With,1,5.4,5.4,48245.0,48245.0,3,0.0
Charlie Yeung,2,5.95,6.5,27072.5,48245.0,4,6.0
Omar Epps,9,6.233333333333333,7.2,26946.222222222223,124941.0,9,7.0
Giovanna Mezzogiorno,1,6.4,6.4,19114.0,19114.0,2,0.0
Unax Ugalde,1,6.4,6.4,19114.0,19114.0,2,0.0
Marcela Mar,1,6.4,6.4,19114.0,19114.0,2,0.0
Céline Sallette,1,8.3,8.3,15762.0,15762.0,4,
Pierre Perrier,2,7.050000000000001,8.3,8386.0,15762.0,4,0.0
Clotilde Hesme,1,8.3,8.3,15762.0,15762.0,4,
Sam Waterston,4,6.3,6.8,12708.25,21212.0,8,20.0
Togo Igawa,1,6.3,6.3,89568.0,89568.0,4,0.0
Tim McInnerny,3,7.1000000000000005,7.5,51529.333333333336,89568.0,7,5.0
Daniel Kaluuya,2,6.949999999999999,7.6,142892.5,196217.0,7,4.0
Clea DuVall,11,6.236363636363635,7.7,107813.27272727272,452465.0,11,14.0
Daniel Roebuck,7,6.228571428571429,7.8,69808.57142857143,213668.0,12,18.0
Martin Kove,6,6.616666666666667,8.6,65399.333333333336,126916.0,9,40.0
Julia Nickson,1,6.4,6.4,117606.0,117606.0,4,0.0
Mel Blanc,1,7.5,7.5,90360.0,90360.0,4,0.0
Dickie Jones,1,7.5,7.5,90360.0,90360.0,4,0.0
Cliff Edwards,1,7.5,7.5,90360.0,90360.0,4,0.0
Isabelle Huppert,6,6.933333333333334,7.9,36080.166666666664,70382.0,9,33.0
Daniel Mays,5,6.28,7.3,51466.8,152247.0,9,7.0
Rob Brown,1,7.3,7.3,73006.0,73006.0,1,0.0
Michael Nouri,3,6.633333333333333,7.3,36308.0,73006.0,4,22.0
Lillian Adams,1,5.1,5.1,46158.0,46158.0,2,0.0
Chelsea Bond,1,5.1,5.1,46158.0,46158.0,2,0.0
Judith Chapman,1,5.1,5.1,46158.0,46158.0,2,0.0
Wilford Brimley,5,7.0,8.2,78519.8,258078.0,8,19.0
Augustus Prew,2,6.55,6.6,125165.5,202967.0,6,3.0
Charlie Tahan,2,6.9,7.3,98723.0,150082.0,3,3.0
Valerie Tian,1,6.5,6.5,47364.0,47364.0,3,0.0
Dax Flame,2,6.95,7.2,282676.5,408302.0,3,0.0
Clarke Peters,2,6.85,7.0,123176.5,203269.0,3,15.0
Dylan Moran,4,7.1000000000000005,8.0,167225.25,395921.0,5,8.0
Julia Sawalha,1,7.0,7.0,140499.0,140499.0,5,0.0
Masi Oka,3,6.733333333333333,7.7,193084.0,270228.0,6,7.0
Geoffrey Holder,2,6.1,6.8,47570.0,74957.0,6,19.0
William Xifaras,1,6.6,6.6,133177.0,133177.0,3,0.0
Richard Burton,4,6.325,7.8,21869.25,43270.0,7,24.0
Roddy McDowall,6,6.55,7.8,18920.166666666668,23546.0,9,41.0
Charice,1,6.5,6.5,74169.0,74169.0,3,0.0
Reggie Lee,3,6.533333333333334,6.6,105206.66666666667,158354.0,6,3.0
Mimi Rogers,2,4.95,6.5,21052.0,30651.0,3,7.0
David Eigenberg,1,6.5,6.5,63677.0,63677.0,4,0.0
Bono,2,7.1,8.4,61147.5,119622.0,3,2.0
Slash,1,5.8,5.8,119622.0,119622.0,1,0.0
Anthony Zerbe,3,6.8999999999999995,7.2,40472.0,74009.0,7,19.0
Robert Davi,5,6.459999999999999,8.0,56993.0,105478.0,9,25.0
Fisher Stevens,11,5.254545454545455,6.5,22453.0,63216.0,14,21.0
Jared Burke,1,7.6,7.6,248123.0,248123.0,3,0.0
Jeremy Crutchley,2,6.8,7.6,155446.5,248123.0,5,3.0
Maggie Cheung,4,7.550000000000001,7.9,86062.0,149414.0,7,2.0
Tony Chiu Wai Leung,5,7.44,7.9,80355.0,149414.0,8,11.0
Debbie Reynolds,4,6.5,8.3,49801.75,150020.0,10,60.0
Anders Holm,2,7.05,7.5,125161.0,247020.0,4,2.0
Randall Park,4,6.025,6.6,118712.0,247020.0,3,4.0
Jed Brophy,4,7.050000000000001,8.0,151783.75,531737.0,10,16.0
Dong-gun Jang,3,6.666666666666667,8.1,20822.333333333332,31943.0,5,6.0
Gavin MacLeod,2,6.55,7.5,1650.0,1742.0,5,0.0
Bob Hastings,1,7.5,7.5,1558.0,1558.0,2,
Dany Boon,4,7.1,7.8,20540.75,30587.0,8,7.0
Evan Jones,1,7.0,7.0,187181.0,187181.0,2,0.0
Youssef Hajdi,1,4.9,4.9,590.0,590.0,4,0.0
Jamel Debbouze,2,6.65,8.4,267426.0,534262.0,5,14.0
Mélissa Theuriau,1,4.9,4.9,590.0,590.0,4,0.0
Bérénice Bejo,2,7.45,8.0,163516.5,190030.0,5,10.0
Julian Sands,8,6.35,7.6,29763.0,93894.0,9,23.0
Lee Evans,2,5.800000000000001,6.4,16224.5,29861.0,6,1.0
Anthony Chau-Sang Wong,2,6.25,7.3,18390.0,29861.0,5,3.0
Mandy Gonzalez,1,6.6,6.6,125198.0,125198.0,3,0.0
J. Smith-Cameron,1,6.6,6.6,125198.0,125198.0,3,0.0
JoBeth Williams,1,6.2,6.2,34809.0,34809.0,1,0.0
William Bassett,3,6.633333333333333,7.2,86336.66666666667,126916.0,6,2.0
William Zabka,2,7.2,7.2,126911.5,126916.0,4,0.0
Annabeth Gish,2,4.6,6.4,32666.5,56646.0,5,2.0
Bruce Campbell,1,6.4,6.4,56646.0,56646.0,3,0.0
Thomas F. Wilson,7,6.242857142857143,8.5,206201.14285714287,732212.0,12,24.0
Jeffrey Weissman,2,7.6,7.8,311782.5,340085.0,4,1.0
Dan Bilzerian,1,7.6,7.6,203963.0,203963.0,5,0.0
Jerry Ferrara,2,7.0,7.6,104506.0,203963.0,6,6.0
Scott Elrod,3,6.566666666666666,7.6,94789.0,203963.0,8,3.0
Rosie O'Donnell,1,7.2,7.2,71754.0,71754.0,3,0.0
Lori Petty,2,6.2,7.2,48272.0,71754.0,5,3.0
Javier Botet,3,7.1000000000000005,7.8,66665.66666666667,134869.0,4,3.0
Marcella Lentz-Pope,1,7.7,7.7,479453.0,479453.0,2,0.0
Dustin Fitzsimons,2,5.1,7.7,240027.5,479453.0,3,2.0
Sachiko Ishida,1,6.4,6.4,132048.0,132048.0,3,0.0
Sabrina Revelle,1,6.4,6.4,132048.0,132048.0,3,0.0
Carmen Perez,1,6.4,6.4,132048.0,132048.0,3,0.0
Beau Mirchoff,1,5.1,5.1,93748.0,93748.0,1,0.0
Roger Jackson,2,6.35,7.2,160276.5,222018.0,2,4.0
Kelly Rutherford,1,5.5,5.5,98535.0,98535.0,2,0.0
Wendy Crewson,2,6.65,7.3,24707.5,48806.0,5,5.0
Nadine Velazquez,5,6.5,7.3,98967.2,264047.0,5,9.0
Eric Schweig,2,7.0,7.8,63912.5,113068.0,8,18.0
Terry Kinney,3,6.833333333333333,7.8,63742.666666666664,113068.0,6,20.0
Curtis Armstrong,7,6.328571428571428,7.7,37724.42857142857,110394.0,11,26.0
Jason Douglas,1,8.1,8.1,656640.0,656640.0,2,0.0
Powers Boothe,5,6.88,8.1,170271.2,656640.0,9,20.0
Jane Curtin,1,7.1,7.1,166194.0,166194.0,2,0.0
Susan Ward,2,5.25,5.9,56556.5,109445.0,6,1.0
Jay O. Sanders,1,8.0,8.0,113472.0,113472.0,3,0.0
Sally Kirkland,4,7.074999999999999,8.1,29569.0,113472.0,5,29.0
Cheryl Penland,1,8.0,8.0,113472.0,113472.0,3,0.0
Marisol Nichols,1,4.6,4.6,31968.0,31968.0,2,0.0
Nia Long,14,6.114285714285714,7.4,30741.428571428572,74626.0,11,21.0
Matthew Perry,5,6.0,6.7,62747.0,146899.0,7,10.0
Kate Upton,2,5.55,6.0,64982.5,104481.0,2,2.0
David Thornton,2,4.8,6.0,58813.0,104481.0,2,12.0
Andrew Fiscella,3,5.633333333333333,6.0,53009.0,75345.0,5,1.0
Shantel VanSanten,2,5.0,5.2,38160.5,75345.0,4,5.0
Krista Allen,2,5.800000000000001,6.4,50443.5,75345.0,4,4.0
Joaquim de Almeida,3,5.666666666666667,6.4,29900.333333333332,86902.0,9,15.0
Sam Jaeger,1,6.4,6.4,86902.0,86902.0,4,0.0
Mario Lopez,1,6.4,6.4,147317.0,147317.0,2,0.0
Lino Facioli,1,6.4,6.4,147317.0,147317.0,2,0.0
Pink,1,6.4,6.4,147317.0,147317.0,2,0.0
Nick Cannon,4,5.725,7.0,26793.5,38142.0,8,4.0
Michael Jai White,10,5.209999999999999,6.5,15339.7,52805.0,10,18.0
Margarita Levieva,1,7.3,7.3,173848.0,173848.0,3,0.0
Aidan Quinn,12,6.658333333333334,7.7,43298.166666666664,210548.0,13,12.0
Lindsay Sloane,3,6.366666666666667,6.9,179292.33333333334,353442.0,3,14.0
Paul Scheer,1,5.9,5.9,20615.0,20615.0,5,0.0
Jonathan Morgan Heit,1,5.9,5.9,20615.0,20615.0,5,0.0
Jonathan Brewer,1,7.8,7.8,236000.0,236000.0,4,0.0
Dalia Hernández,1,7.8,7.8,236000.0,236000.0,4,0.0
Rudy Youngblood,2,5.7,7.8,118066.5,236000.0,5,9.0
Topher Grace,6,5.916666666666667,6.4,47945.333333333336,171418.0,7,10.0
Roscoe Lee Browne,3,6.333333333333333,6.8,38337.333333333336,94435.0,6,26.0
Debra Winger,2,6.4,6.9,20135.0,32370.0,6,17.0
Ebon Moss-Bachrach,2,6.5,6.8,57757.5,114321.0,3,3.0
Deneen Tyler,1,6.5,6.5,87447.0,87447.0,3,0.0
Joy Bryant,1,6.5,6.5,87447.0,87447.0,3,0.0
Gena Rowlands,6,6.966666666666666,8.0,97354.5,396396.0,10,38.0
Busy Philipps,5,6.0600000000000005,7.1,65895.4,98794.0,5,11.0
Beau Garrett,1,5.8,5.8,54421.0,54421.0,2,0.0
Johnny Cannizzaro,1,6.9,6.9,25465.0,25465.0,4,0.0
Scott Vance,1,6.9,6.9,25465.0,25465.0,4,0.0
Steve Schirripa,1,6.9,6.9,25465.0,25465.0,4,0.0
Lorraine Bracco,2,6.1,6.2,36046.5,54650.0,6,3.0
José Wilker,1,6.0,6.0,17443.0,17443.0,3,0.0
Sean Connery,1,6.0,6.0,17443.0,17443.0,3,0.0
Ian Whyte,2,3.7,4.7,74620.0,92789.0,6,2.0
Sam Trammell,4,5.8,7.8,91797.0,249688.0,7,16.0
Johnny Lewis,3,5.066666666666666,6.6,52891.0,92789.0,8,3.0
Macaulay Culkin,6,6.55,7.5,111601.33333333333,311075.0,8,14.0
Jonathan Hyde,1,5.2,5.2,49612.0,49612.0,2,0.0
John Larroquette,2,5.25,5.3,25794.5,49612.0,4,6.0
Nelson Ascencio,1,7.0,7.0,192462.0,192462.0,3,0.0
Jeremy Owen,1,7.0,7.0,192462.0,192462.0,3,0.0
Bobby Lee,1,7.0,7.0,192462.0,192462.0,3,0.0
Julene Renee,1,5.8,5.8,30394.0,30394.0,2,0.0
Tom Virtue,1,5.8,5.8,30394.0,30394.0,2,0.0
Shenae Grimes-Beech,2,6.15,6.2,57426.5,104119.0,5,2.0
Aimee Teegarden,3,6.766666666666666,8.7,53189.0,104119.0,5,0.0
Anthony Heald,2,7.55,8.6,496015.5,887467.0,5,8.0
Nat Faxon,2,5.9,6.7,70006.0,84382.0,2,7.0
Jesse James,1,4.7,4.7,10132.0,10132.0,2,0.0
Emma Bell,2,6.050000000000001,6.2,43706.0,83788.0,4,4.0
Jacqueline MacInnes Wood,1,5.9,5.9,83788.0,83788.0,1,0.0
Angie Dickinson,3,7.233333333333334,7.4,44495.333333333336,95860.0,5,33.0
Jimmy Fallon,4,5.575,6.9,28523.5,55665.0,9,4.0
KaDee Strickland,2,6.95,7.7,21492.5,36223.0,5,0.0
Ione Skye,2,6.65,7.1,23993.0,36223.0,5,19.0
Bruce Dinsmore,1,7.4,7.4,8495.0,8495.0,3,
Melissa Altro,1,7.4,7.4,8495.0,8495.0,3,
Daniel Brochu,1,7.4,7.4,8495.0,8495.0,3,
Shaun Weiss,2,6.050000000000001,6.4,47350.5,50199.0,4,16.0
Thomas Horn,1,6.9,6.9,81298.0,81298.0,3,0.0
Stephen Henderson,2,6.9,6.9,42438.5,81298.0,3,2.0
Noah Bean,1,6.5,6.5,58871.0,58871.0,3,0.0
Patti D'Arbanville,1,6.5,6.5,58871.0,58871.0,3,0.0
Vanessa Aspillaga,1,6.5,6.5,58871.0,58871.0,3,0.0
Anne Archer,4,5.7,6.9,21541.75,55101.0,7,24.0
Jesse L. Martin,2,6.35,7.0,24080.5,41685.0,5,7.0
David Fine,2,6.95,7.0,29165.0,41685.0,3,10.0
Angela Bettis,1,5.1,5.1,12093.0,12093.0,4,0.0
Jimmy Smits,2,6.15,7.2,10910.0,12093.0,5,9.0
Valerie Perri,1,5.3,5.3,10446.0,10446.0,1,0.0
Carlease Burke,1,5.3,5.3,10446.0,10446.0,1,0.0
Marco Hofschneider,1,4.4,4.4,26051.0,26051.0,3,0.0
Justin Chambers,2,5.4,6.1,26662.5,40469.0,6,7.0
Catherine Deneuve,7,6.757142857142857,8.0,27695.0,79330.0,10,40.0
Andrea Frankle,1,5.7,5.7,37412.0,37412.0,2,0.0
William Ragsdale,1,5.7,5.7,37412.0,37412.0,2,0.0
David Proval,2,7.050000000000001,7.4,33901.5,67797.0,6,42.0
Cliff Robertson,3,6.266666666666666,7.1,6865.333333333333,13830.0,6,26.0
Lillo Brancato,1,6.1,6.1,13830.0,13830.0,2,0.0
Jesse Borrego,2,7.2,8.0,49839.5,76498.0,4,18.0
Callum Blue,2,6.25,6.4,43616.0,76498.0,6,2.0
Jaleel White,1,6.2,6.2,11156.0,11156.0,7,0.0
John Doman,5,6.92,8.0,109535.0,338415.0,10,14.0
Steven Weber,2,6.6,7.3,9439.0,11232.0,3,0.0
Mira Sorvino,5,5.9399999999999995,6.6,13401.4,31227.0,6,14.0
Dane Cook,6,5.733333333333333,6.8,44806.0,76467.0,5,4.0
Bobbie Phillips,1,4.6,4.6,49874.0,49874.0,1,0.0
Elizabeth Berkley,4,5.775,6.8,28465.25,49874.0,7,6.0
Lauren Lee Smith,1,5.1,5.1,27305.0,27305.0,4,0.0
Geraldine Chaplin,5,7.08,8.0,72092.2,145270.0,5,47.0
Oaklee Pendergast,1,7.6,7.6,145270.0,145270.0,2,0.0
Isabelle Adjani,3,5.866666666666667,6.9,8005.333333333333,11031.0,9,18.0
Carol Kane,6,6.183333333333334,8.1,89449.33333333333,294163.0,9,27.0
James Gammon,3,6.3,6.8,49813.0,79877.0,8,8.0
Richard Epcar,1,5.9,5.9,17365.0,17365.0,4,0.0
Patricia Heaton,2,5.65,5.9,13924.0,17365.0,4,22.0
Mathieu Kassovitz,3,7.266666666666666,8.4,188956.33333333334,534262.0,7,1.0
Isabelle Nanty,2,7.7,8.4,279350.0,534262.0,4,8.0
Riley Smith,4,5.925000000000001,6.9,25266.5,43764.0,12,2.0
Bob Saget,1,4.8,4.8,17722.0,17722.0,4,0.0
Mary-Kate Olsen,3,5.8,7.0,36392.666666666664,64190.0,6,7.0
Andrew Daly,2,6.3,6.5,77985.5,140740.0,4,4.0
Jonathan Jackson,2,6.5,6.7,14198.0,17983.0,4,3.0
Jeffrey Combs,3,5.066666666666666,6.3,24199.0,45317.0,5,6.0
Jason Robards,5,6.419999999999999,7.7,40576.2,178731.0,8,23.0
Eddie Rouse,2,7.15,7.5,63839.0,121432.0,6,9.0
Tim Guinee,4,6.625,8.2,13262.5,29967.0,8,21.0
Bridgette Wilson-Sampras,6,5.6499999999999995,6.4,28775.5,81783.0,10,10.0
John Aylward,3,5.7,6.5,44496.0,93272.0,8,17.0
Matt Ross,2,6.15,6.5,12803.0,15130.0,3,7.0
Troy Garity,1,7.3,7.3,190132.0,190132.0,3,0.0
John Gatins,1,5.9,5.9,30842.0,30842.0,2,0.0
Lou Saliba,1,5.9,5.9,30842.0,30842.0,2,0.0
Greg Collins,2,6.35,6.8,21537.5,30842.0,2,4.0
Kelly Ripa,1,4.4,4.4,2458.0,2458.0,5,0.0
Jasmine Trinca,1,5.8,5.8,28429.0,28429.0,5,0.0
Ashley Walters,1,5.1,5.1,20201.0,20201.0,4,0.0
Sarah Roemer,4,6.725,8.1,141968.25,186984.0,5,3.0
Aaron Yoo,6,6.449999999999999,7.0,81872.66666666667,186984.0,7,8.0
Ljubomir Kerekes,1,6.9,6.9,22010.0,22010.0,6,0.0
James Brolin,5,5.84,6.9,15510.0,22010.0,9,13.0
Zan Marolt,1,6.9,6.9,22010.0,22010.0,6,0.0
John Mahoney,2,6.699999999999999,7.3,39711.5,65474.0,4,2.0
Andy Lau,5,6.94,7.6,31354.0,92295.0,9,19.0
Takeshi Kaneshiro,3,7.366666666666667,7.6,50695.333333333336,92295.0,6,4.0
Kuno Becker,2,6.4,6.8,27120.5,50919.0,5,0.0
Kang-ho Song,3,7.1000000000000005,7.3,92170.33333333333,181472.0,8,7.0
François Cluzet,5,6.960000000000001,7.2,8221.6,18395.0,10,21.0
Anushka Shetty,1,8.4,8.4,62756.0,62756.0,5,0.0
Tamannaah Bhatia,1,8.4,8.4,62756.0,62756.0,5,0.0
Prabhas,1,8.4,8.4,62756.0,62756.0,5,0.0
Michelle Nolden,2,6.55,7.1,57647.0,114925.0,5,5.0
Arliss Howard,1,7.1,7.1,114925.0,114925.0,4,0.0
Brooklynn Proulx,1,7.1,7.1,114925.0,114925.0,4,0.0
Colin Ferguson,2,6.75,7.9,35985.5,39559.0,4,0.0
Atticus Shaffer,3,5.533333333333334,7.0,52750.333333333336,73886.0,9,3.0
Sean Maher,1,8.0,8.0,242599.0,242599.0,4,0.0
Michael Hitchcock,1,8.0,8.0,242599.0,242599.0,4,0.0
Robert Vaughn,2,5.050000000000001,5.2,30666.5,49934.0,5,18.0
Oscar Gale,1,6.4,6.4,46480.0,46480.0,2,0.0
Wei Zhao,2,7.35,7.4,46908.5,56923.0,7,7.0
Courtney Gains,1,6.1,6.1,83786.0,83786.0,2,0.0
Eric Winter,2,6.55,6.6,138791.5,163665.0,3,1.0
Max Casella,2,6.550000000000001,7.4,57021.5,96233.0,3,17.0
Phil Hartman,2,6.5,7.3,18730.0,19650.0,6,9.0
Emily Osment,2,4.65,5.1,38322.5,44885.0,8,7.0
Hye-kyo Song,1,6.5,6.5,24557.0,24557.0,3,0.0
Elvis Tsui,1,6.5,6.5,24557.0,24557.0,3,0.0
Kristen Johnston,2,6.75,7.8,22204.0,38383.0,3,0.0
Bianca Collins,1,6.4,6.4,2169.0,2169.0,4,0.0
Jiao Xu,2,6.45,6.5,6780.0,11391.0,6,6.0
Blythe Auffarth,1,6.4,6.4,2169.0,2169.0,4,0.0
Jeff Kober,4,5.5,6.1,35881.5,49721.0,7,12.0
Daniella Alonso,4,5.675,8.1,19657.5,49721.0,5,8.0
D.B. Woodside,1,4.4,4.4,23473.0,23473.0,3,0.0
Eduardo Verástegui,3,6.133333333333333,7.4,12248.333333333334,23473.0,7,9.0
Kari Matchett,3,6.133333333333333,6.8,16815.666666666668,27052.0,7,1.0
Sonia Braga,2,6.0,6.4,10199.0,19686.0,3,18.0
Bill Nunn,3,6.0,6.1,18811.0,37611.0,7,8.0
Beth Grant,8,6.6375,8.0,99679.875,383784.0,7,25.0
Dagmara Dominczyk,5,6.0200000000000005,6.6,17457.6,34592.0,5,13.0
Matthew Glave,1,6.2,6.2,34592.0,34592.0,2,0.0
Mariah Carey,3,5.566666666666666,7.3,64441.0,86956.0,3,8.0
Jason Marsden,2,6.3,6.6,10220.5,17859.0,3,16.0
Richard Masur,1,8.2,8.2,258078.0,258078.0,3,0.0
David Clennon,2,7.5,8.2,130871.5,258078.0,5,10.0
Nolan Gerard Funk,3,5.3,6.4,64060.666666666664,125305.0,5,1.0
Ted Markland,1,6.4,6.4,9740.0,9740.0,3,0.0
Claudia Stedelin,1,6.4,6.4,9740.0,9740.0,3,0.0
Gregory Scott Cummins,1,6.4,6.4,9740.0,9740.0,3,0.0
Usher Raymond,2,3.4000000000000004,5.2,39554.0,74351.0,7,10.0
Leonor Varela,4,5.425000000000001,5.9,3643.5,5699.0,8,14.0
Harry Treadaway,2,6.9,7.3,50146.5,52908.0,5,1.0
Bruce Goodchild,1,7.1,7.1,105144.0,105144.0,1,0.0
Jeffrey W. Jenkins,1,7.1,7.1,105144.0,105144.0,1,0.0
Mike Howard,1,7.1,7.1,105144.0,105144.0,1,0.0
David Walliams,1,4.8,4.8,6691.0,6691.0,4,0.0
Ryan Cartwright,1,4.8,4.8,6691.0,6691.0,4,0.0
Nick Robinson,1,5.2,5.2,55617.0,55617.0,4,0.0
Maggie Siff,1,5.2,5.2,55617.0,55617.0,4,0.0
Phylicia Rashad,2,6.550000000000001,7.7,76530.0,146708.0,4,3.0
Owen Burke,1,7.6,7.6,280228.0,280228.0,3,0.0
Christopher James Baker,1,6.0,6.0,28109.0,28109.0,4,0.0
Anthony Simcoe,1,6.0,6.0,28109.0,28109.0,4,0.0
Alexandra Maria Lara,5,7.580000000000001,8.3,128849.8,312629.0,9,9.0
Jim Meskimen,2,8.05,8.1,307010.0,372990.0,1,8.0
Patton Oswalt,3,6.866666666666667,8.0,120240.0,241030.0,3,12.0
Neil Flynn,3,6.866666666666667,8.0,164527.0,245989.0,4,7.0
Michael Roark,1,6.9,6.9,17948.0,17948.0,2,0.0
Laura Harring,5,6.719999999999999,8.0,98035.8,235992.0,10,6.0
Tamala Jones,6,5.25,6.9,14765.666666666666,60572.0,8,10.0
Molly C. Quinn,2,5.65,7.0,159738.5,316671.0,3,0.0
Laura-Leigh,1,7.0,7.0,316671.0,316671.0,2,0.0
Yuliya Snigir,1,5.3,5.3,4387.0,4387.0,3,0.0
Aleksey Serebryakov,1,5.3,5.3,4387.0,4387.0,3,0.0
Fedor Bondarchuk,2,4.699999999999999,5.3,2390.0,4387.0,5,6.0
Barbara Carrera,1,6.2,6.2,48636.0,48636.0,3,0.0
Bernie Casey,1,6.2,6.2,48636.0,48636.0,3,0.0
Klaus Maria Brandauer,2,6.45,6.7,32183.0,48636.0,4,8.0
Charlie McDermott,2,6.800000000000001,7.2,80465.0,139184.0,4,2.0
Collette Wolfe,4,5.8999999999999995,6.4,71123.0,139184.0,4,6.0
Taylor Blackwell,1,6.4,6.4,6069.0,6069.0,2,0.0
Reeve Carney,2,6.1,6.8,9261.0,12375.0,6,11.0
Colin O'Donoghue,1,6.0,6.0,75864.0,75864.0,4,0.0
Mason Gamble,1,7.8,7.8,220591.0,220591.0,3,0.0
Blair Underwood,7,6.085714285714286,7.8,44421.0,220591.0,8,26.0
Kenan Thompson,7,4.685714285714285,5.7,39857.42857142857,115650.0,10,12.0
Omid Abtahi,1,4.5,4.5,8860.0,8860.0,5,0.0
Lynn Hung,1,7.2,7.2,21912.0,21912.0,4,0.0
Kwok-Kwan Chan,2,7.25,7.3,39417.5,56923.0,6,14.0
William Hootkins,8,6.0375000000000005,8.5,128742.625,661017.0,12,24.0
Lily Cole,3,6.166666666666667,6.8,49464.0,126307.0,7,4.0
Quinton Aaron,5,5.480000000000001,7.7,70562.4,223127.0,8,6.0
Catherine Dyer,1,7.7,7.7,223127.0,223127.0,3,0.0
Aimee Garcia,5,4.779999999999999,6.6,16710.8,58297.0,10,6.0
Jon Foo,2,6.449999999999999,7.1,16197.5,30210.0,5,0.0
Reginald Ballard,1,6.9,6.9,353442.0,353442.0,2,0.0
Bruce Green,1,7.7,7.7,240962.0,240962.0,3,0.0
Rebecca Mader,1,6.8,6.8,286178.0,286178.0,3,0.0
Nichelle Nichols,7,6.528571428571429,7.7,56369.0,91414.0,8,23.0
Walter Koenig,5,6.540000000000001,7.3,46368.8,63330.0,7,18.0
Robert Mitchum,2,7.15,7.3,94449.5,127503.0,5,3.0
Josh Segarra,1,6.3,6.3,94241.0,94241.0,2,0.0
Amy Schumer,1,6.3,6.3,94241.0,94241.0,2,0.0
Nicole Sullivan,1,5.9,5.9,33887.0,33887.0,2,0.0
Sherri Shepherd,1,5.9,5.9,33887.0,33887.0,2,0.0
Matt McCoy,1,8.3,8.3,414219.0,414219.0,4,0.0
Lauren Ambrose,4,6.175,6.5,34279.0,62198.0,4,15.0
Natasha Henstridge,7,5.671428571428572,6.7,36695.0,90374.0,11,18.0
Jordan Lund,1,5.8,5.8,61018.0,61018.0,4,0.0
Marg Helgenberger,2,5.8,5.8,31352.0,61018.0,6,2.0
Amanda Wyss,2,7.5,7.5,149289.0,149293.0,1,0.0
Lin Shaye,15,6.26,7.5,96315.46666666666,247289.0,14,31.0
Judith Godrèche,1,6.4,6.4,125219.0,125219.0,2,0.0
Anne Parillaud,1,6.4,6.4,125219.0,125219.0,2,0.0
Kevin Connolly,4,7.7250000000000005,8.5,144839.75,396396.0,7,8.0
Kiersey Clemons,2,6.65,7.3,42323.0,56605.0,3,1.0
Al Freeman Jr.,1,7.7,7.7,63923.0,63923.0,4,0.0
Mackenzie Aladjem,1,6.2,6.2,104005.0,104005.0,1,0.0
Charlyne Yi,2,6.6,7.0,201297.5,298590.0,2,5.0
Craig Parker,1,6.6,6.6,119974.0,119974.0,5,0.0
Steven Mackintosh,5,7.040000000000001,8.4,46262.4,119974.0,12,17.0
Christine Taylor,2,5.75,6.2,44648.5,57140.0,6,11.0
Victor Webster,1,5.9,5.9,25883.0,25883.0,2,0.0
Jaymes Butler,1,6.7,6.7,198701.0,198701.0,3,0.0
Zelda Rubinstein,3,6.433333333333334,7.4,74694.66666666667,105448.0,3,6.0
Heather O'Rourke,3,6.433333333333334,7.4,74694.66666666667,105448.0,3,6.0
Beau Bridges,6,6.266666666666667,7.3,63310.333333333336,205284.0,7,28.0
Jamie Hector,1,5.4,5.4,107772.0,107772.0,5,0.0
Danneel Ackles,3,5.566666666666666,6.6,61239.666666666664,113918.0,6,3.0
Kirsten Day,1,5.9,5.9,48019.0,48019.0,3,0.0
Steve Howey,5,4.74,5.9,35894.0,79094.0,7,6.0
Ashley Williams,3,6.666666666666667,7.1,62139.0,92599.0,7,3.0
Jodi Lyn O'Keefe,3,6.3,7.0,17858.333333333332,43879.0,6,13.0
Logan Browning,2,7.1,7.2,1192.5,1641.0,2,0.0
Vic Morrow,2,6.9,7.3,20968.0,25613.0,7,7.0
Tatum O'Neal,1,7.3,7.3,16323.0,16323.0,4,0.0
Joyce Van Patten,1,7.3,7.3,16323.0,16323.0,4,0.0
Raul Julia,2,5.3,6.8,74861.0,96607.0,5,3.0
Ed Stoppard,1,8.5,8.5,497946.0,497946.0,3,0.0
Emilia Fox,1,8.5,8.5,497946.0,497946.0,3,0.0
Frank Finlay,4,6.975,8.5,129236.75,497946.0,9,32.0
Shaun Toub,2,7.199999999999999,7.6,38131.0,68119.0,3,1.0
Keisha Castle-Hughes,3,7.3,7.6,18459.333333333332,34232.0,6,9.0
Hiam Abbass,1,6.8,6.8,8143.0,8143.0,3,0.0
Paris Hilton,3,5.766666666666667,6.7,69779.33333333333,94463.0,3,3.0
Brian Van Holt,4,5.425,6.7,55806.75,94463.0,5,5.0
Colin Stinton,1,7.3,7.3,168314.0,168314.0,2,0.0
Aaliyah,2,5.65,6.1,50515.5,57040.0,6,2.0
Kevin Peter Hall,1,6.2,6.2,105478.0,105478.0,3,0.0
Jesse Tyler Ferguson,1,6.2,6.2,40964.0,40964.0,3,0.0
Joseph Cross,2,6.2,6.2,30482.0,40964.0,4,2.0
Douglas Smith,3,6.166666666666667,6.6,19466.0,48621.0,6,14.0
Sam J. Jones,1,6.4,6.4,38017.0,38017.0,3,0.0
Cicely Tyson,7,5.428571428571429,6.4,11650.285714285714,28257.0,10,8.0
Carmen Ejogo,2,6.1,7.1,37124.5,45992.0,7,3.0
Leon Rippy,1,6.6,6.6,31751.0,31751.0,4,0.0
Bill Bailey,2,7.0,7.9,185962.5,352695.0,5,3.0
Eros Vlahos,1,6.1,6.1,19230.0,19230.0,3,0.0
Frank Whaley,2,6.0,6.6,8802.0,17124.0,4,9.0
Nicki Aycox,2,5.75,5.9,61679.0,78256.0,5,5.0
Joanna Lumley,2,6.85,7.4,118292.5,188785.0,7,1.0
Ken Arnold,1,5.0,5.0,65044.0,65044.0,3,0.0
Richard Cetrone,1,5.0,5.0,65044.0,65044.0,3,0.0
Benjamin J. Cain Jr.,1,5.0,5.0,65044.0,65044.0,3,0.0
Pip Torrens,1,5.6,5.6,15788.0,15788.0,5,0.0
Richard Thomas,1,7.4,7.4,54643.0,54643.0,2,0.0
Marion Ross,1,4.5,4.5,52052.0,52052.0,4,0.0
Drake Bell,4,5.375,7.6,51590.5,143137.0,9,14.0
Michael Beach,1,6.2,6.2,63548.0,63548.0,3,0.0
Alona Tal,2,5.4,6.2,37279.5,63548.0,4,5.0
Shannon Elizabeth,7,5.771428571428571,7.0,108199.28571428571,315549.0,2,6.0
Portia de Rossi,2,5.6,6.2,40258.0,54390.0,2,6.0
Jim Gaffigan,6,6.25,7.2,40348.0,106098.0,6,8.0
Richard T. Jones,3,6.366666666666667,7.1,83155.66666666667,207934.0,6,16.0
Michael Mosley,1,5.1,5.1,34948.0,34948.0,3,0.0
Lucy Gordon,1,6.5,6.5,28130.0,28130.0,4,0.0
Alex Jennings,2,6.9,7.3,56731.5,85333.0,5,4.0
Wendell Pierce,5,6.4799999999999995,7.1,53941.6,90046.0,8,13.0
Austin Nichols,3,6.2,7.2,33692.0,51842.0,7,4.0
Matt Prokop,2,4.15,4.5,28097.0,43795.0,6,2.0
Brooke Shields,3,5.199999999999999,6.1,36699.333333333336,50125.0,8,30.0
Richard Brancatisano,1,5.2,5.2,11482.0,11482.0,3,0.0
Cariba Heine,1,5.2,5.2,11482.0,11482.0,3,0.0
Lysette Anthony,1,6.0,6.0,23351.0,23351.0,3,0.0
Rosanna Arquette,4,5.775,6.1,13272.0,30511.0,9,20.0
Dann Florek,1,5.7,5.7,4795.0,4795.0,4,0.0
Christopher Rich,1,5.7,5.7,4795.0,4795.0,4,0.0
Jason Behr,1,6.8,6.8,28542.0,28542.0,1,0.0
Michiel Huisman,4,7.35,7.8,71217.25,93767.0,8,9.0
Shawn Doyle,1,5.5,5.5,31918.0,31918.0,4,0.0
Bashar Rahal,3,4.833333333333333,5.7,17737.0,31918.0,7,6.0
Paul Sorvino,12,6.500000000000001,8.7,71545.91666666667,728685.0,16,35.0
Lela Rochon,1,4.8,4.8,11512.0,11512.0,3,0.0
Ray Nicholas,1,4.8,4.8,11512.0,11512.0,3,0.0
Maurice Compte,2,5.7,5.7,47500.0,47502.0,4,0.0
Benno Fürmann,2,5.6,6.1,12591.0,14962.0,4,3.0
Soleyman Pierini,1,7.4,7.4,77394.0,77394.0,4,0.0
Jade Kindar-Martin,1,7.4,7.4,77394.0,77394.0,4,0.0
Marley Shelton,6,5.666666666666667,6.5,18101.166666666668,56338.0,11,12.0
Lee Arenberg,1,4.6,4.6,2189.0,2189.0,3,0.0
Angus Macfadyen,2,5.25,5.9,56638.0,111087.0,5,10.0
Warren Brown,1,8.6,8.6,70568.0,70568.0,4,
Rie Rasmussen,1,6.3,6.3,28584.0,28584.0,4,0.0
Isabelle Carré,1,7.1,7.1,4885.0,4885.0,4,0.0
Jeffrey Dover,1,6.8,6.8,11101.0,11101.0,4,0.0
Tobey Maguire,1,6.8,6.8,11101.0,11101.0,4,0.0
Jeremy W. Auman,1,6.8,6.8,11101.0,11101.0,4,0.0
Maricel Álvarez,1,7.5,7.5,68885.0,68885.0,1,0.0
Hanaa Bouchaib,1,7.5,7.5,68885.0,68885.0,1,0.0
Eduard Fernández,1,7.5,7.5,68885.0,68885.0,1,0.0
Beverly D'Angelo,10,6.5200000000000005,8.6,112707.6,782437.0,9,35.0
Jacob Latimore,1,6.8,6.8,310903.0,310903.0,4,0.0
Aml Ameen,1,6.8,6.8,310903.0,310903.0,4,0.0
June Diane Raphael,1,5.4,5.4,23072.0,23072.0,1,0.0
Melissa McMeekin,2,6.65,7.9,149470.5,275869.0,4,5.0
Ellen Burstyn,10,6.869999999999999,8.4,118884.6,573541.0,8,42.0
Kevin J. O'Connor,2,6.35,7.5,16672.0,24977.0,6,1.0
Hudson Leick,1,5.2,5.2,8367.0,8367.0,5,0.0
Sami Gayle,1,5.5,5.5,36914.0,36914.0,4,0.0
Yûki Amami,1,7.7,7.7,85589.0,85589.0,4,0.0
Rumi Hiiragi,1,7.7,7.7,85589.0,85589.0,4,0.0
Yuria Nara,1,7.7,7.7,85589.0,85589.0,4,0.0
Hayley Lovitt,1,7.1,7.1,50041.0,50041.0,2,0.0
Melissa Benoist,3,7.566666666666666,8.5,156663.0,399138.0,4,1.0
Tiago Riani,1,7.1,7.1,50041.0,50041.0,2,0.0
Eva Marie Saint,2,6.0,6.4,6083.5,8427.0,5,5.0
Vincent Perez,2,6.1,6.6,10890.5,18041.0,5,7.0
Fana Mokoena,1,7.1,7.1,21223.0,21223.0,3,0.0
Tony Kgoroge,1,7.1,7.1,21223.0,21223.0,3,0.0
Terry Pheto,4,7.05,7.3,16448.75,25063.0,4,8.0
Kyle Hebert,1,6.3,6.3,4265.0,4265.0,5,0.0
Brianne Brozey,1,6.3,6.3,4265.0,4265.0,5,0.0
Joe Ochman,1,6.3,6.3,4265.0,4265.0,5,0.0
Veronika Vernadskaya,1,4.9,4.9,49312.0,49312.0,5,0.0
Dato Bakhtadze,1,4.9,4.9,49312.0,49312.0,5,0.0
Stephen Boss,2,6.35,6.5,46345.5,47297.0,3,2.0
Ryan Guzman,3,5.466666666666666,6.5,24359.0,45394.0,6,3.0
Rachel Blanchard,5,5.76,6.5,78461.8,132963.0,9,7.0
Chris Ellis,1,5.3,5.3,22220.0,22220.0,4,0.0
Eddie Jemison,2,6.8,7.1,80978.0,124242.0,6,3.0
Marco St. John,2,5.8,6.5,68634.0,124242.0,9,6.0
Robert John Burke,3,5.966666666666666,6.5,51198.666666666664,83097.0,7,15.0
Kenny Baker,4,8.225000000000001,8.8,619150.75,911097.0,5,6.0
Ryan Kruger,1,6.0,6.0,62770.0,62770.0,3,0.0
David Kross,2,7.35,7.6,100778.0,189812.0,4,8.0
Susanne Lothar,1,7.6,7.6,189812.0,189812.0,2,0.0
David Gallagher,2,6.4,6.4,38662.0,63839.0,5,9.0
Kyra Sedgwick,5,6.08,6.4,40725.0,63839.0,9,16.0
Héctor Jiménez,3,5.6000000000000005,6.1,24975.0,65551.0,6,10.0
Wendi McLendon-Covey,3,5.966666666666666,6.8,87969.0,218711.0,4,4.0
Steve Bannos,1,6.8,6.8,218711.0,218711.0,2,0.0
Portia Doubleday,3,5.400000000000001,5.9,78720.33333333333,108248.0,6,2.0
Cas Anvar,4,7.075,8.3,143968.0,379462.0,6,12.0
Russell Peters,2,5.5,7.5,194485.5,379462.0,4,5.0
Illeana Douglas,5,6.0200000000000005,7.1,23954.8,62468.0,9,12.0
Michael DeLorenzo,1,7.1,7.1,38949.0,38949.0,4,0.0
Danny Nucci,1,7.1,7.1,38949.0,38949.0,4,0.0
Judy Davis,5,6.860000000000001,7.4,27115.6,67893.0,9,29.0
Julian Richings,9,6.51111111111111,7.6,54138.444444444445,160511.0,11,18.0
John Belushi,3,7.133333333333333,7.9,85939.33333333333,142448.0,5,2.0
Holmes Osborne,2,7.0,7.1,17018.5,24019.0,7,3.0
Ken Howard,3,6.766666666666666,7.6,21743.333333333332,48909.0,9,33.0
Kyle Schmid,3,6.466666666666666,7.5,90328.33333333333,186606.0,9,1.0
Roberts Blossom,2,7.0,7.6,54438.5,69197.0,4,7.0
Pat Hingle,1,6.4,6.4,69197.0,69197.0,3,0.0
Mike Doyle,1,5.9,5.9,18771.0,18771.0,2,0.0
Nora Dunn,3,5.233333333333333,5.9,22234.0,45144.0,5,8.0
Sonja Sohn,2,7.0,7.2,27502.0,53028.0,2,1.0
Marc Anthony,1,6.8,6.8,53028.0,53028.0,2,0.0
Andrea Martin,5,6.62,9.5,15069.4,26300.0,11,10.0
George Kennedy,7,6.3,6.9,40299.0,83269.0,9,27.0
Rollo Weeks,1,5.7,5.7,3088.0,3088.0,5,0.0
Simon Callow,4,6.95,7.8,74322.5,175524.0,6,17.0
Jean Louisa Kelly,1,7.3,7.3,30230.0,30230.0,2,0.0
Doug Cockle,1,6.3,6.3,17319.0,17319.0,6,0.0
Hope Davis,10,6.94,7.3,47143.1,107557.0,11,17.0
Peter Jason,2,6.8,7.3,61945.0,73501.0,5,2.0
Brian McNamara,1,6.3,6.3,50389.0,50389.0,4,0.0
Jayne Eastwood,2,6.85,7.2,94152.0,172080.0,5,5.0
Chita Rivera,1,7.2,7.2,172080.0,172080.0,3,0.0
Joey Lauren Adams,5,6.5,7.3,76301.4,161858.0,5,13.0
Dillon Casey,1,6.8,6.8,145852.0,145852.0,2,0.0
Lucas Bryant,1,6.8,6.8,145852.0,145852.0,2,0.0
Carel Struycken,1,6.8,6.8,96607.0,96607.0,2,0.0
Heather Matarazzo,4,6.4,7.5,33401.75,94049.0,5,7.0
Rodger Bumpass,1,7.0,7.0,58906.0,58906.0,5,0.0
Tom Guiry,2,7.6,8.0,170947.5,338415.0,5,0.0
Spencer Treat Clark,3,6.3999999999999995,8.0,140633.66666666666,338415.0,5,14.0
Mike Colter,3,6.8,8.1,160843.0,482064.0,5,11.0
Yetta Gottesman,1,6.1,6.1,124501.0,124501.0,2,0.0
Bern Cohen,1,6.1,6.1,124501.0,124501.0,2,0.0
Casey Kasem,1,6.1,6.1,8146.0,8146.0,5,0.0
Melinda Dillon,2,7.15,7.7,75918.5,139288.0,3,14.0
Chris Lowell,1,7.4,7.4,270238.0,270238.0,2,0.0
Howard Hesseman,1,7.2,7.2,107557.0,107557.0,2,0.0
June Squibb,1,7.2,7.2,107557.0,107557.0,2,0.0
Vincent Leclerc,1,6.9,6.9,184641.0,184641.0,3,0.0
Cory Hardrict,1,6.9,6.9,184641.0,184641.0,3,0.0
Daniel Rindress-Kay,1,6.9,6.9,184641.0,184641.0,3,0.0
Tracie Thoms,1,7.4,7.4,428916.0,428916.0,5,0.0
Christine Cavanaugh,2,6.35,6.8,54220.0,94435.0,6,3.0
Jean Smart,2,5.6,6.3,21771.5,34258.0,5,12.0
Maria Thayer,2,7.65,8.1,110844.0,217507.0,3,0.0
Zach Gilford,6,6.400000000000001,8.7,46347.333333333336,114241.0,10,5.0
Tony Nappo,4,6.625000000000001,6.9,102323.0,188679.0,7,4.0
Fionnula Flanagan,5,7.040000000000001,7.6,95973.2,268581.0,8,13.0
Antony Starr,2,6.9,7.9,40838.5,44198.0,6,1.0
Bonnie Somerville,1,5.9,5.9,37479.0,37479.0,3,0.0
Scott Adsit,2,6.0,6.1,20216.0,37479.0,4,1.0
Christa B. Allen,2,5.35,6.1,62112.5,122187.0,4,8.0
Audrey Fleurot,1,7.7,7.7,301149.0,301149.0,3,0.0
Nina Arianda,2,7.4,7.7,151658.0,301149.0,6,5.0
John Savage,6,7.1000000000000005,8.2,60486.166666666664,232577.0,8,35.0
Raphael Sbarge,1,6.1,6.1,28942.0,28942.0,2,0.0
Brenda Song,1,5.1,5.1,15074.0,15074.0,4,0.0
Anne Meara,2,6.05,7.0,17867.0,20660.0,6,24.0
Priscilla Presley,2,6.6,6.8,80059.5,83269.0,2,3.0
Tanya Roberts,2,5.55,6.3,35949.5,68565.0,4,1.0
Patrick Macnee,2,6.449999999999999,6.6,45669.0,68565.0,4,4.0
Geraldine McEwan,1,7.5,7.5,98160.0,98160.0,5,0.0
Mark Gatiss,3,7.099999999999999,7.7,95319.66666666667,166269.0,9,4.0
Peter Sallis,1,7.5,7.5,98160.0,98160.0,5,0.0
Nellie McKay,1,7.1,7.1,167967.0,167967.0,2,0.0
Frankie Muniz,8,5.3999999999999995,7.0,19644.25,29008.0,11,6.0
Alfie Allen,2,6.9,7.8,99397.5,192930.0,7,7.0
Brenda Blethyn,6,7.1000000000000005,7.8,70553.16666666667,193455.0,11,9.0
Luisa Ranieri,1,6.5,6.5,74630.0,74630.0,3,0.0
Marcia DeBonis,1,6.5,6.5,74630.0,74630.0,3,0.0
Ken Takakura,1,6.6,6.6,39306.0,39306.0,3,0.0
Kate Capshaw,2,7.1,7.6,184637.5,329969.0,4,5.0
Larry David,4,6.574999999999999,7.6,24680.25,58967.0,4,23.0
Mehcad Brooks,3,5.966666666666666,7.2,15175.666666666666,34910.0,7,9.0
Derek Luke,7,6.528571428571429,7.3,22538.714285714286,57674.0,10,13.0
Edgar Arreola,2,7.199999999999999,7.6,107566.0,196217.0,7,0.0
Bernardo Saracino,1,7.6,7.6,196217.0,196217.0,5,0.0
Oona Laurence,2,7.4,7.5,73768.0,147128.0,5,1.0
Emmanuelle Vaugier,3,6.599999999999999,7.6,98109.66666666667,188679.0,6,3.0
Facundo Lombard,1,6.2,6.2,47297.0,47297.0,3,0.0
Sanoe Lake,1,5.6,5.6,26066.0,26066.0,3,0.0
Danny Rhodes,1,7.6,7.6,186977.0,186977.0,4,0.0
Christian Stolte,1,7.6,7.6,186977.0,186977.0,4,0.0
Megan Franich,1,6.6,6.6,138435.0,138435.0,1,0.0
Mark Rendall,2,6.449999999999999,6.6,69975.5,138435.0,2,2.0
Method Man,2,4.85,7.0,57892.0,88518.0,3,0.0
Yaphet Kotto,6,7.083333333333333,8.5,139525.16666666666,563827.0,10,27.0
Richard Dawson,1,6.6,6.6,112669.0,112669.0,4,0.0
Maria Conchita Alonso,3,4.866666666666666,6.6,39171.666666666664,112669.0,6,24.0
Tisha Campbell-Martin,3,5.933333333333333,6.9,19225.333333333332,49349.0,7,5.0
Vicky Krieps,1,6.8,6.8,159198.0,159198.0,3,0.0
Jessica Barden,1,6.8,6.8,159198.0,159198.0,3,0.0
John Macmillan,1,6.8,6.8,159198.0,159198.0,3,0.0
Yaya DaCosta,4,6.675000000000001,7.2,42721.5,110616.0,5,8.0
Jasika Nicole,1,6.7,6.7,21767.0,21767.0,2,0.0
Jurnee Smollett-Bell,5,7.0,7.6,18674.2,47626.0,8,19.0
Alan Oppenheimer,3,6.866666666666667,7.4,76271.33333333333,111117.0,11,29.0
Tom Kane,3,7.400000000000001,7.9,54323.666666666664,111117.0,10,0.0
Katie Lowes,2,7.1,7.1,148330.5,148334.0,3,0.0
Luke Mably,2,6.4,6.9,51030.0,70076.0,5,5.0
Robert Lopez,1,7.3,7.3,15600.0,15600.0,5,0.0
Huell Howser,1,7.3,7.3,15600.0,15600.0,5,0.0
Cheri Oteri,1,3.4,3.4,30651.0,30651.0,1,0.0
Kirk Baltz,1,6.8,6.8,21998.0,21998.0,3,0.0
Graham Beckel,1,6.8,6.8,21998.0,21998.0,3,0.0
Tika Sumpter,3,5.933333333333334,6.9,32003.666666666668,75903.0,7,1.0
Josh Hopkins,2,5.7,6.9,8200.0,15843.0,4,0.0
Aunjanue Ellis,4,6.300000000000001,6.9,7170.75,15843.0,8,15.0
Rhys Wakefield,3,5.966666666666666,6.3,72551.66666666667,139329.0,6,3.0
Dave Annable,1,5.2,5.2,15052.0,15052.0,3,0.0
Jacki Weaver,1,6.2,6.2,78974.0,78974.0,2,0.0
Aisha Hinds,1,7.4,7.4,146364.0,146364.0,4,0.0
Daniel Stern,5,6.659999999999999,7.4,52776.6,146364.0,8,28.0
Cameron Bright,5,6.12,7.7,134403.2,357579.0,8,2.0
Hugh Dillon,1,6.3,6.3,65979.0,65979.0,4,0.0
Drea de Matteo,1,6.3,6.3,65979.0,65979.0,4,0.0
Stephen Baldwin,2,6.25,7.2,41957.5,76842.0,7,7.0
Doug E. Doug,2,6.15,6.9,56748.5,69733.0,6,9.0
Sarah Polley,9,6.833333333333334,7.7,33146.88888888889,79517.0,9,15.0
Delphine Chanéac,1,5.8,5.8,79517.0,79517.0,3,0.0
David Hewlett,6,6.7,7.3,46456.833333333336,160511.0,8,12.0
Jordan Prentice,1,4.6,4.6,33669.0,33669.0,5,0.0
Eddie Cibrian,7,5.9142857142857155,6.7,12042.42857142857,28606.0,6,15.0
Lobo Sebastian,1,5.6,5.6,11520.0,11520.0,2,0.0
Robert Costanzo,1,5.6,5.6,11520.0,11520.0,2,0.0
Jessica Paré,2,7.0,7.0,44979.0,44979.0,4,0.0
Christopher Cousins,2,7.0,7.0,44979.0,44979.0,4,0.0
Mark Camacho,2,7.0,7.0,44979.0,44979.0,4,0.0
Sandra Vergara,1,6.4,6.4,85024.0,85024.0,2,0.0
Grace Phipps,1,6.4,6.4,85024.0,85024.0,2,0.0
Reid Ewing,1,6.4,6.4,85024.0,85024.0,2,0.0
Michael Greyeyes,3,6.8,7.2,28633.0,70771.0,6,10.0
Texas Battle,1,2.7,2.7,56451.0,56451.0,5,0.0
Christiana Leucas,1,6.4,6.4,114241.0,114241.0,3,0.0
James Burnett,1,6.4,6.4,114241.0,114241.0,3,0.0
Munro Chambers,1,4.8,4.8,22449.0,22449.0,4,0.0
Terence Maynard,2,6.1,6.1,30092.0,30092.0,2,0.0
Stark Sands,2,6.1,6.1,30092.0,30092.0,2,0.0
Phil LaMarr,3,6.5,8.9,446521.6666666667,1324680.0,6,18.0
Lynda Boyd,1,7.0,7.0,24033.0,24033.0,1,0.0
Atom Egoyan,1,7.3,7.3,21086.0,21086.0,2,0.0
Paul Gross,2,6.65,7.3,12397.5,21086.0,4,8.0
Björn Hlynur Haraldsson,1,8.2,8.2,2308.0,2308.0,3,
Ólafur Darri Ólafsson,1,8.2,8.2,2308.0,2308.0,3,
Ingvar Eggert Sigurðsson,2,7.55,8.2,2114.0,2308.0,5,0.0
Ned Bellamy,3,5.133333333333334,6.1,17953.333333333332,25558.0,7,9.0
Richard Roundtree,1,6.1,6.1,25558.0,25558.0,4,0.0
James Biberi,2,6.6,6.7,34364.0,54147.0,5,7.0
Saïd Taghmaoui,1,6.6,6.6,9004.0,9004.0,5,0.0
Emir Kusturica,2,6.949999999999999,7.3,6885.5,9004.0,5,2.0
Bill Paterson,1,7.0,7.0,23864.0,23864.0,3,0.0
Lucy Boynton,1,7.0,7.0,23864.0,23864.0,3,0.0
Nicholas Tse,2,6.25,6.9,7239.0,8215.0,4,4.0
Toby Leonard Moore,1,5.6,5.6,8215.0,8215.0,3,0.0
Sarah Carter,3,5.933333333333334,6.8,53690.0,120786.0,6,3.0
Holly Valance,2,6.35,7.9,261129.5,483756.0,3,2.0
Jaycee Chan,1,6.0,6.0,4670.0,4670.0,5,0.0
Louise Bourgoin,1,7.2,7.2,9214.0,9214.0,2,0.0
Kad Merad,2,7.15,7.2,19900.5,30587.0,3,1.0
Sandrine Kiberlain,2,7.050000000000001,7.2,5326.5,9214.0,6,8.0
Kathy Baker,1,6.8,6.8,52972.0,52972.0,4,0.0
Tyrone Keogh,1,7.1,7.1,10175.0,10175.0,3,0.0
Patrick Lyster,1,7.1,7.1,10175.0,10175.0,3,0.0
Jemima West,1,2.0,2.0,3279.0,3279.0,3,0.0
Konstantin Khabenskiy,3,6.033333333333334,7.5,16659.333333333332,47097.0,5,11.0
Sergey Garmash,2,4.65,5.2,642.0,891.0,5,5.0
Chiara Caselli,1,6.7,6.7,14618.0,14618.0,4,0.0
Hana Mae Lee,2,6.85,7.2,155797.5,213898.0,3,3.0
Birgitte Hjort Sørensen,2,6.3,6.5,69667.5,97697.0,5,1.0
Tyler Hilton,1,7.9,7.9,188637.0,188637.0,4,0.0
Dallas Roberts,3,7.0,7.9,69573.0,188637.0,6,0.0
Amanda Schull,3,6.5,7.6,13722.0,20839.0,9,16.0
Kirk Acevedo,1,7.6,7.6,20839.0,20839.0,5,
Milos Forman,1,6.4,6.4,44816.0,44816.0,3,0.0
Mark Williams,2,6.25,6.7,17919.0,19616.0,5,14.0
Bradley Pierce,1,5.8,5.8,16222.0,16222.0,4,0.0
Jennifer Hall,1,7.1,7.1,71596.0,71596.0,6,0.0
David Julian Hirsh,1,7.1,7.1,71596.0,71596.0,6,0.0
Dick Clark,2,7.55,8.0,97343.0,123090.0,7,0.0
Hannah Spearritt,1,4.9,4.9,28632.0,28632.0,4,0.0
Angel Coulby,1,7.1,7.1,92850.0,92850.0,4,0.0
Jason Lewis,1,7.1,7.1,92850.0,92850.0,4,0.0
Scott Weinger,1,8.0,8.0,260939.0,260939.0,7,0.0
Neil Brown Jr.,2,7.25,7.9,100242.0,119928.0,7,7.0
R. Marcos Taylor,1,7.9,7.9,119928.0,119928.0,5,0.0
Amrish Puri,2,7.85,8.1,250847.5,329969.0,5,2.0
John Sessions,1,7.1,7.1,2167.0,2167.0,5,0.0
Enrique Iglesias,1,6.4,6.4,130094.0,130094.0,3,0.0
Reginald VelJohnson,1,8.2,8.2,592582.0,592582.0,2,0.0
Charlie Talbert,1,7.8,7.8,182983.0,182983.0,4,0.0
Demetri Martin,1,6.7,6.7,24663.0,24663.0,3,0.0
Eddie Cahill,1,7.5,7.5,36636.0,36636.0,4,0.0
Kenneth Mitchell,1,7.5,7.5,36636.0,36636.0,4,0.0
Alex Rocco,6,5.583333333333333,7.1,37864.833333333336,121058.0,13,18.0
Haruma Miura,1,6.5,6.5,8227.0,8227.0,3,0.0
Yû Aoi,1,6.5,6.5,8227.0,8227.0,3,0.0
Shun Oguri,1,6.5,6.5,8227.0,8227.0,3,0.0
Rebecca De Mornay,5,6.640000000000001,7.7,61870.0,177828.0,11,13.0
Topol,2,7.4,8.0,50962.0,72085.0,7,10.0
Ann Talman,1,6.9,6.9,85423.0,85423.0,2,0.0
David Sparrow,1,6.9,6.9,85423.0,85423.0,2,0.0
Lilli Lavine,1,6.9,6.9,85423.0,85423.0,2,0.0
Mia Sara,1,5.8,5.8,44394.0,44394.0,4,0.0
Gloria Reuben,1,5.8,5.8,44394.0,44394.0,4,0.0
Noah Lomax,1,6.7,6.7,78008.0,78008.0,3,0.0
David Lyons,2,6.7,6.7,75012.5,78008.0,6,0.0
Mimi Kirkland,1,6.7,6.7,78008.0,78008.0,3,0.0
Larry Bagby,2,6.75,6.8,39109.5,60494.0,7,10.0
Omri Katz,1,6.7,6.7,60494.0,60494.0,3,0.0
Lily Rabe,2,5.5,6.3,31607.0,59068.0,4,9.0
Elizabeth McGovern,4,7.4750000000000005,7.8,127806.75,435864.0,6,35.0
Deborah Twiss,1,7.7,7.7,435864.0,435864.0,2,0.0
Dilshad Vadsaria,1,6.1,6.1,77935.0,77935.0,3,0.0
Jeri Ryan,1,4.9,4.9,27378.0,27378.0,4,0.0
Simon Woods,1,7.8,7.8,193455.0,193455.0,2,0.0
Talulah Riley,1,7.8,7.8,193455.0,193455.0,2,0.0
Sean Young,2,7.55,8.2,339047.5,461609.0,3,12.0
Tómas Lemarquis,1,6.2,6.2,69355.0,69355.0,3,0.0
Richard Sammel,1,6.2,6.2,69355.0,69355.0,3,0.0
Antoni Corone,2,6.800000000000001,6.9,38444.0,72693.0,4,14.0
Oleg Taktarov,1,6.9,6.9,72693.0,72693.0,3,0.0
Bob Clendenin,2,5.75,6.7,10660.5,11983.0,4,2.0
Ben Chaplin,3,6.266666666666666,7.9,25523.666666666668,45703.0,6,8.0
Philippe Labro,1,8.0,8.0,10369.0,10369.0,1,0.0
Samaire Armstrong,3,4.533333333333332,5.3,23380.666666666668,44103.0,6,9.0
Mary McCormack,5,6.36,7.0,9072.4,22250.0,5,4.0
Ron Eldard,3,6.599999999999999,7.6,51611.666666666664,75920.0,4,4.0
George Lopez,2,6.2,7.0,17985.5,29971.0,4,8.0
Francis Capra,2,6.9,8.4,29906.0,55524.0,6,0.0
Mara Wilson,3,5.3,6.9,62841.0,181380.0,6,7.0
Dominic Flores,1,6.1,6.1,11476.0,11476.0,2,0.0
Bella Heathcote,3,5.766666666666667,7.0,11560.333333333334,23775.0,6,1.0
Tulku Jamyang Kunga Tenzin,1,7.0,7.0,21606.0,21606.0,4,0.0
Tenzin Thuthob Tsarong,1,7.0,7.0,21606.0,21606.0,4,0.0
Tencho Gyalpo,1,7.0,7.0,21606.0,21606.0,4,0.0
Fenella Woolgar,1,6.5,6.5,61269.0,61269.0,3,0.0
Katherine Parkinson,1,6.5,6.5,61269.0,61269.0,3,0.0
Donald Faison,10,5.37,6.8,47849.7,202967.0,8,21.0
Elena Anaya,3,6.166666666666667,6.5,15607.333333333334,27689.0,7,1.0
Eduardo Noriega,2,6.4,6.7,26529.0,42792.0,8,2.0
Steven Berkoff,2,7.35,8.1,88000.5,101627.0,6,8.0
Louis Jourdan,1,6.6,6.6,74374.0,74374.0,3,0.0
Kabir Bedi,2,6.3,6.6,42023.5,74374.0,5,27.0
Harold Ramis,2,6.95,7.0,173609.5,298590.0,4,26.0
Martin Starr,6,6.1499999999999995,7.0,92195.5,298590.0,5,7.0
Jeffrey Markle,1,7.4,7.4,74476.0,74476.0,1,0.0
Sofia Vassilieva,1,7.4,7.4,74476.0,74476.0,1,0.0
Richard Wilson,1,7.4,7.4,12980.0,12980.0,3,0.0
Phil Davis,2,7.35,7.4,44127.0,64625.0,5,4.0
Andrew Simpson,1,7.4,7.4,64625.0,64625.0,4,0.0
Shaun Parkes,2,7.25,7.4,41909.5,64625.0,6,7.0
Jake McDorman,1,7.9,7.9,38177.0,38177.0,4,
Matthew Settle,2,5.3,6.0,9510.0,15352.0,3,2.0
Tatyana Ali,5,6.0600000000000005,7.2,14659.6,50653.0,5,17.0
Aretha Franklin,1,7.9,7.9,142448.0,142448.0,4,0.0
Ray Charles,1,7.9,7.9,142448.0,142448.0,4,0.0
Michael Rady,1,6.2,6.2,22304.0,22304.0,4,0.0
Jeremy Jordan,2,5.800000000000001,5.9,6349.5,6476.0,5,2.0
Dolly Parton,2,5.75,5.8,7112.0,7748.0,3,30.0
Christopher Webster,1,7.1,7.1,144021.0,144021.0,3,0.0
Sharon Small,2,7.449999999999999,7.8,81480.5,144021.0,3,2.0
Peter McNicholl,1,7.1,7.1,144021.0,144021.0,3,0.0
Ty Olsson,2,5.9,6.2,28965.0,42761.0,6,4.0
Barret Oliver,1,7.4,7.4,99557.0,99557.0,4,0.0
Art Carney,1,8.7,8.7,3446.0,3446.0,2,
Joyce Randolph,1,8.7,8.7,3446.0,3446.0,2,
Jackie Gleason,2,8.35,8.7,33153.0,62860.0,4,0.0
Jean Marsh,2,7.1,7.5,25275.0,30982.0,6,13.0
Piper Laurie,2,6.7,6.7,15936.0,19568.0,7,21.0
Tim Rose,1,6.7,6.7,19568.0,19568.0,5,0.0
Lew Temple,6,6.033333333333334,7.1,30531.333333333332,76267.0,9,16.0
Vanesa Tomasino,1,6.2,6.2,60555.0,60555.0,3,0.0
William Mapother,2,6.45,7.0,43971.0,71387.0,6,7.0
Junix Inocian,1,6.3,6.3,42876.0,42876.0,4,0.0
Paul Barber,1,6.3,6.3,42876.0,42876.0,4,0.0
Eion Bailey,2,5.300000000000001,6.4,24763.5,49405.0,5,4.0
John Neville,2,6.5,6.8,17176.5,30096.0,3,1.0
Kim-Marie Woodhouse,1,6.6,6.6,926.0,926.0,3,0.0
Amy Carson,1,6.6,6.6,926.0,926.0,3,0.0
Joseph Kaiser,1,6.6,6.6,926.0,926.0,3,0.0
Julie Gonzalo,2,6.0,6.1,79777.0,96693.0,5,1.0
Gerry Bednob,2,6.85,7.1,231816.0,313797.0,2,3.0
Martin Clunes,1,7.2,7.2,175524.0,175524.0,3,0.0
Boyd Holbrook,3,6.366666666666667,6.8,42696.333333333336,87950.0,7,2.0
David Harbour,1,6.5,6.5,87950.0,87950.0,4,0.0
Jeanne Moreau,2,7.45,7.9,34038.5,57958.0,5,34.0
Rob McElhenney,3,7.7,8.8,52199.333333333336,133415.0,3,2.0
Kaitlin Olson,2,7.6000000000000005,8.8,102345.5,133415.0,2,0.0
Glenn Howerton,2,7.7,8.8,68809.5,133415.0,1,0.0
Ryan O'Neal,5,6.38,8.1,31767.2,101627.0,8,23.0
Dirk Bogarde,1,7.4,7.4,40277.0,40277.0,3,0.0
Wolfgang Preiss,1,7.4,7.4,40277.0,40277.0,3,0.0
Robert Pine,3,5.833333333333333,6.5,45759.333333333336,94108.0,5,3.0
Carl Gilliard,1,6.5,6.5,94108.0,94108.0,2,0.0
Suzie Plakson,1,6.5,6.5,94108.0,94108.0,2,0.0
Keegan Connor Tracy,2,5.85,6.2,81274.5,120786.0,4,2.0
Michael Landes,1,6.2,6.2,120786.0,120786.0,2,0.0
Kate Walsh,2,6.6,8.0,216072.0,351274.0,5,2.0
Larry Hankin,1,6.5,6.5,161168.0,161168.0,3,0.0
Paula Garcés,6,5.6000000000000005,7.7,47496.5,155262.0,7,11.0
Jason George,2,5.75,6.3,16679.5,22147.0,6,0.0
Todd Allen,2,7.2,7.2,19934.5,28247.0,4,12.0
Brad Leland,1,7.2,7.2,28247.0,28247.0,4,0.0
Seth Meyers,1,5.7,5.7,66579.0,66579.0,2,0.0
Gregory Itzin,1,6.0,6.0,44913.0,44913.0,4,0.0
Jack Thompson,3,6.3,7.3,30527.666666666668,44913.0,9,28.0
Pam Ferris,1,6.4,6.4,72886.0,72886.0,3,0.0
Mario Van Peebles,4,4.175,5.5,12864.5,30840.0,9,43.0
David Conrad,1,6.3,6.3,8118.0,8118.0,2,0.0
Monica Keena,1,6.3,6.3,8118.0,8118.0,2,0.0
Kirstie Alley,3,6.066666666666666,7.7,41228.333333333336,91414.0,6,33.0
Chelsea Field,1,5.2,5.2,8008.0,8008.0,2,0.0
Jessica Wesson,1,5.2,5.2,8008.0,8008.0,2,0.0
Paul Hogan,4,5.5,6.5,36636.5,74743.0,5,15.0
Donald Sumpter,2,6.6,7.5,58170.5,111351.0,9,5.0
Maia Morgenstern,1,7.1,7.1,179235.0,179235.0,1,0.0
Christo Jivkov,1,7.1,7.1,179235.0,179235.0,1,0.0
Hristo Shopov,1,7.1,7.1,179235.0,179235.0,1,0.0
Matthew Lawrence,2,6.800000000000001,6.9,92086.0,181380.0,4,15.0
Dreama Walker,2,7.3,8.2,293220.5,561773.0,4,4.0
Ahney Her,1,8.2,8.2,561773.0,561773.0,1,0.0
Luke Bracey,3,6.266666666666667,6.7,42030.333333333336,50056.0,8,3.0
DeVaughn Nixon,1,6.1,6.1,89972.0,89972.0,4,0.0
Caroline Goodall,1,8.9,8.9,865020.0,865020.0,3,0.0
Embeth Davidtz,5,6.82,8.9,214858.0,865020.0,6,18.0
Jamie Blackley,1,6.2,6.2,29282.0,29282.0,3,0.0
Igor Jijikine,1,5.4,5.4,3170.0,3170.0,4,0.0
Agnia Ditkovskite,1,5.4,5.4,3170.0,3170.0,4,0.0
Jason Ritter,7,5.885714285714286,6.9,25491.285714285714,89101.0,8,12.0
Katharine Isabelle,4,5.9,6.3,30472.25,89101.0,7,11.0
Sara Stewart,1,4.7,4.7,2863.0,2863.0,1,0.0
Ava Acres,1,4.7,4.7,2863.0,2863.0,1,0.0
Liza Lapira,1,7.0,7.0,296787.0,296787.0,4,0.0
Ben Feldman,3,6.2,7.0,123420.66666666667,296787.0,9,9.0
Paige Turco,3,5.466666666666666,6.0,30425.0,42765.0,8,18.0
Kevin Nash,2,5.85,6.0,40483.5,42765.0,7,24.0
Ernie Reyes Jr.,3,6.0,7.0,27171.666666666668,42765.0,8,17.0
Charles Martin Smith,1,7.9,7.9,219008.0,219008.0,3,0.0
Billy Drago,2,6.6,7.9,112575.5,219008.0,4,2.0
Bryan Callen,3,5.0,6.2,32820.333333333336,75903.0,4,4.0
Hugh O'Conor,1,7.3,7.3,150308.0,150308.0,2,0.0
Leslie Caron,1,7.3,7.3,150308.0,150308.0,2,0.0
Bob Newhart,2,5.9,7.2,31847.0,46417.0,3,33.0
Gedde Watanabe,3,6.133333333333333,7.0,18343.0,21416.0,4,23.0
Greta Gerwig,5,6.340000000000001,7.4,50798.2,168717.0,4,4.0
Dana Delany,2,7.3,7.8,49453.0,95241.0,7,1.0
Lee Remick,2,7.6,7.6,80959.5,80961.0,3,0.0
Billie Whitelaw,3,7.7,7.9,171538.0,352695.0,5,31.0
Patrick Troughton,2,7.6,7.6,80959.5,80961.0,3,0.0
Chelan Simmons,3,6.333333333333333,7.6,101775.0,127842.0,3,4.0
Gina Holden,3,5.8999999999999995,6.3,57589.333333333336,102861.0,4,6.0
Riley Thomas Stewart,2,6.6,6.7,58323.0,76882.0,2,1.0
Jay R. Ferguson,2,6.3,6.5,52682.5,76882.0,4,2.0
Larry the Cable Guy,2,3.9000000000000004,4.7,6684.5,9104.0,3,7.0
Darcy Donavan,1,7.2,7.2,267921.0,267921.0,1,0.0
Chris Gauthier,2,5.55,6.1,16655.0,26755.0,8,7.0
Rebecca Gayheart,1,6.7,6.7,36253.0,36253.0,4,0.0
David O'Hara,1,6.5,6.5,101977.0,101977.0,4,0.0
Paul F. Tompkins,1,8.1,8.1,372990.0,372990.0,1,0.0
Kevin Breznahan,1,8.1,8.1,372990.0,372990.0,1,0.0
Flea,2,6.15,7.1,24607.0,36996.0,6,11.0
Nancy Cartwright,1,5.6,5.6,5674.0,5674.0,6,0.0
Eddie Griffin,9,5.3999999999999995,6.6,19297.555555555555,59380.0,8,16.0
Katharine McPhee,2,4.75,5.5,42396.0,63969.0,4,3.0
LisaRaye McCoy,2,5.4,5.5,6873.5,13194.0,4,3.0
Keshia Knight Pulliam,3,5.5,6.9,10720.666666666666,13194.0,5,24.0
Gregory Alan Williams,1,7.0,7.0,35833.0,35833.0,3,0.0
Oliver James,2,5.85,5.9,35372.0,48095.0,5,1.0
Jonathan Breck,2,5.85,6.1,65996.0,86890.0,2,2.0
Billy Aaron Brown,1,5.6,5.6,45102.0,45102.0,1,0.0
DMX,1,5.8,5.8,34942.0,34942.0,4,0.0
Alexandra Breckenridge,2,6.050000000000001,6.4,60426.5,116762.0,4,9.0
Laura Ramsey,4,5.075,6.4,54994.0,116762.0,7,5.0
Steve Pemberton,1,6.3,6.3,88714.0,88714.0,2,0.0
Lily Atkinson,1,6.3,6.3,88714.0,88714.0,2,0.0
Emma de Caunes,1,6.3,6.3,88714.0,88714.0,2,0.0
Salli Richardson-Whitfield,3,6.099999999999999,7.9,21908.666666666668,39559.0,8,10.0
Johnny Messner,2,3.8499999999999996,4.6,11489.0,22243.0,5,11.0
Nicholas Gonzalez,6,5.849999999999999,7.3,9252.166666666666,32357.0,7,11.0
Aaron Staton,1,7.5,7.5,87331.0,87331.0,2,0.0
Eric Cantona,1,7.5,7.5,75973.0,75973.0,3,0.0
Fanny Ardant,1,7.5,7.5,75973.0,75973.0,3,0.0
Alexis Arquette,1,5.3,5.3,39768.0,39768.0,4,0.0
Vince Corazza,1,5.3,5.3,39768.0,39768.0,4,0.0
Park Bench,1,5.3,5.3,39768.0,39768.0,4,0.0
Joseph Cotten,4,7.0,7.5,10723.5,25019.0,10,32.0
Richard Anderson,1,7.5,7.5,25019.0,25019.0,4,0.0
James Whitmore,1,7.5,7.5,25019.0,25019.0,4,0.0
Victoria Beckham,1,3.3,3.3,28377.0,28377.0,3,0.0
Richard Briers,3,6.3,7.8,29871.0,30618.0,4,1.0
J.B. Smoove,4,5.625,6.5,31973.25,60202.0,6,13.0
Ari Graynor,6,6.266666666666667,6.7,49417.333333333336,74887.0,4,4.0
Kylie Bunbury,1,5.7,5.7,60202.0,60202.0,1,0.0
Essence Atkins,5,4.4399999999999995,5.4,12127.2,34620.0,7,5.0
Linda Kozlowski,3,5.6000000000000005,6.5,46179.333333333336,74743.0,4,15.0
Jere Burns,2,4.8,4.8,10330.0,19699.0,5,8.0
Griffin Cleveland,2,6.0,6.0,48560.5,48562.0,3,0.0
Cjon Saulsberry,2,6.0,6.0,48560.5,48562.0,3,0.0
Connie Ray,1,6.0,6.0,19737.0,19737.0,4,0.0
Amy Stewart,1,6.0,6.0,19737.0,19737.0,4,0.0
Trevor Blumas,1,6.0,6.0,19737.0,19737.0,4,0.0
James Read,1,6.6,6.6,58297.0,58297.0,3,0.0
Tyrone Giordano,2,6.449999999999999,6.6,53687.0,58297.0,3,0.0
Taron Egerton,2,7.5,7.5,32510.0,32513.0,4,0.0
Justin Fletcher,1,8.3,8.3,7968.0,7968.0,3,
Kate Harbour,1,8.3,8.3,7968.0,7968.0,3,
John Sparkes,1,8.3,8.3,7968.0,7968.0,3,
Óscar Jaenada,3,6.033333333333334,6.8,38767.666666666664,74691.0,6,6.0
Don McManus,1,7.3,7.3,109855.0,109855.0,4,0.0
Scott Mechlowicz,4,6.625,7.3,54064.5,162067.0,7,11.0
Jacob Pitts,1,6.6,6.6,162067.0,162067.0,1,0.0
Claudia Christian,1,4.6,4.6,12263.0,12263.0,3,0.0
Tony Plana,1,4.6,4.6,12263.0,12263.0,3,0.0
Nia Peeples,1,4.6,4.6,12263.0,12263.0,3,0.0
Tyler James Williams,2,5.199999999999999,5.3,6231.5,8398.0,4,7.0
Bebe Neuwirth,2,5.8,6.3,4632.0,5178.0,7,4.0
Amanda Tilson,1,7.5,7.5,22289.0,22289.0,3,0.0
Matthew Knight,2,6.25,7.5,30473.5,38658.0,5,1.0
Gillian Jacobs,3,5.766666666666666,6.6,37506.666666666664,76303.0,6,6.0
Jonathan Tucker,2,6.2,6.5,35081.0,60062.0,3,1.0
Sergio Calderón,1,5.9,5.9,60062.0,60062.0,1,0.0
Emily Meade,3,5.566666666666666,7.1,12375.0,16411.0,6,6.0
Zena Grey,2,4.8,4.8,16411.0,16411.0,3,0.0
Jacob Young,1,6.8,6.8,171151.0,171151.0,3,0.0
Chris Marquette,2,6.25,6.8,86352.5,171151.0,7,11.0
Timothy Bottoms,1,6.8,6.8,171151.0,171151.0,3,0.0
Paul Ben-Victor,2,5.7,6.0,15586.0,15814.0,6,3.0
Zach Grenier,3,6.866666666666667,7.9,9611.666666666666,15814.0,9,8.0
Tara Fitzgerald,1,7.0,7.0,87682.0,87682.0,5,0.0
Chris Parnell,1,6.7,6.7,59900.0,59900.0,1,0.0
Jorma Taccone,1,6.7,6.7,59900.0,59900.0,1,0.0
Devon Murray,1,7.3,7.3,16995.0,16995.0,1,0.0
Pauline McLynn,2,6.8,7.3,9196.5,16995.0,2,1.0
Patrick St. Esprit,1,6.8,6.8,39357.0,39357.0,2,0.0
Peter Firth,2,6.199999999999999,6.3,13903.5,15531.0,7,31.0
Steve Railsback,1,6.1,6.1,15531.0,15531.0,4,0.0
Jennifer Hale,3,5.5,7.2,9805.666666666666,23664.0,9,2.0
Marco Treviño,1,6.9,6.9,21098.0,21098.0,3,0.0
Peter Kwong,1,7.3,7.3,92464.0,92464.0,4,0.0
Kate Burton,4,7.25,7.6,107080.25,279179.0,7,24.0
Malonn Lévana,1,6.3,6.3,5525.0,5525.0,2,0.0
Alice Pol,1,6.3,6.3,5525.0,5525.0,2,0.0
James Patrick Stuart,1,7.7,7.7,21940.0,21940.0,3,0.0
William Morgan Sheppard,3,6.7,7.7,14832.333333333334,21940.0,8,15.0
Daniel Lapaine,1,6.4,6.4,18693.0,18693.0,3,0.0
Tom Amandes,1,6.4,6.4,18693.0,18693.0,3,0.0
John Doe,2,6.25,6.4,9700.5,18693.0,5,0.0
Natasha Calis,2,5.9,5.9,47169.0,47169.0,2,0.0
Madison Davenport,2,5.9,5.9,47169.0,47169.0,2,0.0
Cathryn de Prume,2,6.1,6.2,6769.0,7870.0,3,18.0
Rhys Coiro,1,5.8,5.8,27117.0,27117.0,3,0.0
Christopher Evan Welch,3,6.533333333333334,7.2,80421.66666666667,198111.0,3,7.0
Sam McMurray,2,5.7,5.9,6250.0,7528.0,6,7.0
Brian Bosworth,1,5.9,5.9,4972.0,4972.0,4,0.0
Richard Gant,1,5.9,5.9,4972.0,4972.0,4,0.0
Ted Wass,1,4.8,4.8,3334.0,3334.0,2,0.0
Donovan Scott,1,4.8,4.8,3334.0,3334.0,2,0.0
Kaylee DeFer,1,4.1,4.1,4875.0,4875.0,5,0.0
Jack Plotnick,2,5.35,5.8,18780.0,26185.0,4,9.0
Craig Hall,1,7.9,7.9,44198.0,44198.0,3,0.0
Don McKellar,2,6.75,6.9,31693.0,59462.0,6,4.0
Yûsuke Iseya,1,6.6,6.6,59462.0,59462.0,4,0.0
Joe Pingue,1,6.6,6.6,59462.0,59462.0,4,0.0
Michael Paré,3,4.1000000000000005,6.3,15484.666666666666,30628.0,6,10.0
Julie Adams,1,7.2,7.2,96480.0,96480.0,2,0.0
Erica Linz,1,6.8,6.8,7100.0,7100.0,1,0.0
Igor Zaripov,1,6.8,6.8,7100.0,7100.0,1,0.0
Dallas Barnett,1,6.8,6.8,7100.0,7100.0,1,0.0
Aidan McArdle,1,6.8,6.8,9264.0,9264.0,1,0.0
James Tupper,1,6.8,6.8,9264.0,9264.0,1,0.0
Sean Buchanan,1,7.8,7.8,69676.0,69676.0,4,0.0
Liya Kebede,1,7.8,7.8,69676.0,69676.0,4,0.0
Shawn Hatosy,6,6.383333333333333,7.2,27796.166666666668,64944.0,5,10.0
Gilles Lellouche,1,7.1,7.1,18395.0,18395.0,2,0.0
Benoît Magimel,2,6.85,7.1,10493.0,18395.0,2,7.0
Scout Taylor-Compton,4,5.525,6.6,28599.75,39260.0,7,1.0
Gil Birmingham,1,5.7,5.7,2395.0,2395.0,4,0.0
Yolande Moreau,1,2.9,2.9,753.0,753.0,3,0.0
Jérôme Deschamps,1,2.9,2.9,753.0,753.0,3,0.0
André Wilms,1,2.9,2.9,753.0,753.0,3,0.0
Evgeniy Mironov,1,5.2,5.2,891.0,891.0,4,0.0
Aleksandr Bashirov,1,5.2,5.2,891.0,891.0,4,0.0
Jack Hawkins,3,7.966666666666666,8.4,116043.33333333333,192775.0,6,13.0
Dan O'Herlihy,2,5.949999999999999,7.3,17250.0,28589.0,7,12.0
Wai-Keung Lau,1,6.5,6.5,5900.0,5900.0,2,0.0
Siu-Wong Fan,1,6.5,6.5,5900.0,5900.0,2,0.0
Kevin Williamson,1,6.1,6.1,124941.0,124941.0,2,0.0
Lori Singer,3,6.3999999999999995,6.5,38195.333333333336,51459.0,7,5.0
Leah Remini,2,6.95,7.2,92686.0,185258.0,1,0.0
Harry Shearer,1,7.6,7.6,63274.0,63274.0,3,0.0
Jeff Anderson,2,7.199999999999999,7.8,165792.0,181749.0,2,14.0
Jennifer Schwalbach Smith,1,6.6,6.6,149835.0,149835.0,2,0.0
Kathleen Wilhoite,2,6.0,6.3,17203.5,30119.0,6,14.0
David Arquette,5,6.779999999999999,7.2,56673.8,222018.0,10,12.0
Diana Ross,1,5.2,5.2,10895.0,10895.0,5,0.0
Theresa Merritt,1,5.2,5.2,10895.0,10895.0,5,0.0
Lena Horne,1,5.2,5.2,10895.0,10895.0,5,0.0
Ellen Albertini Dow,2,5.55,5.8,19692.0,27675.0,4,2.0
Lolita Davidovich,1,5.4,5.4,10100.0,10100.0,3,0.0
Kelly Brook,1,5.5,5.5,72552.0,72552.0,2,0.0
A.J. Langer,1,3.9,3.9,2265.0,2265.0,2,0.0
Clive Revill,1,7.2,7.2,2541.0,2541.0,5,0.0
Donald Pleasence,10,6.9300000000000015,8.3,88142.6,165638.0,11,32.0
Kenneth Williams,1,7.2,7.2,2541.0,2541.0,5,0.0
Derek Graf,1,7.7,7.7,386217.0,386217.0,4,0.0
Anthony Daniels,1,8.8,8.8,837759.0,837759.0,4,0.0
Theresa Randle,1,6.8,6.8,172405.0,172405.0,5,0.0
O.J. Simpson,1,6.8,6.8,83269.0,83269.0,2,0.0
Kerr Smith,2,6.0,6.7,94188.5,181058.0,2,1.0
Brendan Fehr,3,5.966666666666666,6.7,62881.0,181058.0,5,11.0
Catherine Dent,1,6.1,6.1,19709.0,19709.0,2,0.0
Brian Johnson,2,6.1,8.0,192848.0,355126.0,4,1.0
Matt Letscher,1,8.0,8.0,355126.0,355126.0,3,0.0
Jessica Bowman,1,6.6,6.6,53415.0,53415.0,2,0.0
Dell Yount,1,6.6,6.6,53415.0,53415.0,2,0.0
Keeley Hawes,1,5.4,5.4,4191.0,4191.0,3,0.0
Oliver Stark,1,5.4,5.4,4191.0,4191.0,3,0.0
Eva Amurri Martino,4,6.25,6.9,19893.25,40274.0,4,8.0
Dan Hedaya,5,6.279999999999999,6.9,40426.4,123390.0,6,15.0
Lainie Kazan,2,6.1,6.6,52992.5,102071.0,4,2.0
Lynn Whitfield,3,5.233333333333333,7.3,13625.666666666666,30840.0,7,10.0
Judith Barsi,2,5.05,7.3,46296.5,61753.0,5,1.0
Garrett Morris,2,4.699999999999999,5.1,1809.0,3174.0,5,3.0
James Bolam,1,7.2,7.2,17740.0,17740.0,2,0.0
Ian Hart,1,7.2,7.2,17740.0,17740.0,2,0.0
Marie Gillain,1,6.7,6.7,32003.0,32003.0,2,0.0
Benoît Poelvoorde,1,6.7,6.7,32003.0,32003.0,2,0.0
Landon Liboiron,3,6.366666666666667,6.5,5430.0,6904.0,5,7.0
Gaye Brown,1,6.2,6.2,8924.0,8924.0,3,0.0
Iben Hjejle,3,6.033333333333334,6.2,4396.333333333333,8924.0,8,1.0
Tom Burke,2,5.7,6.2,9150.0,9376.0,6,1.0
Romola Garai,4,6.6499999999999995,8.2,17664.0,28570.0,8,9.0
Lillete Dubey,3,7.133333333333333,7.8,22416.333333333332,30479.0,3,12.0
Roger Lloyd Pack,1,6.2,6.2,17373.0,17373.0,1,0.0
Simon Yam,2,7.1,7.3,6591.0,6919.0,5,3.0
Bingbing Fan,2,7.0,7.1,7720.0,9177.0,5,0.0
Drew Powell,2,5.75,6.8,118441.0,209396.0,5,1.0
Kim Thomson,1,6.8,6.8,209396.0,209396.0,2,0.0
Alexandra Silber,1,6.8,6.8,209396.0,209396.0,2,0.0
Joan Rivers,1,7.1,7.1,136667.0,136667.0,3,0.0
Michael Winslow,3,5.699999999999999,7.1,83121.33333333333,136667.0,4,10.0
Dick Van Patten,3,6.966666666666666,7.1,52260.0,136667.0,5,19.0
Cem Yilmaz,1,7.1,7.1,53341.0,53341.0,2,0.0
Phil Leeds,1,7.0,7.0,154199.0,154199.0,4,0.0
Angus T. Jones,3,5.966666666666666,7.0,21294.666666666668,30058.0,6,2.0
Debra Monk,1,7.5,7.5,54631.0,54631.0,2,0.0
Michael Papajohn,2,6.35,7.9,170343.5,293304.0,5,13.0
Colleen Haskell,1,4.8,4.8,47383.0,47383.0,2,0.0
Manish Dayal,1,7.3,7.3,52894.0,52894.0,2,0.0
Juhi Chawla,1,7.3,7.3,52894.0,52894.0,2,0.0
Charlotte Le Bon,1,7.3,7.3,52894.0,52894.0,2,0.0
Ray McKinnon,1,5.8,5.8,48909.0,48909.0,5,0.0
Roma Downey,1,5.6,5.6,15448.0,15448.0,3,0.0
Darwin Shaw,1,5.6,5.6,15448.0,15448.0,3,0.0
Shane Brolly,1,7.0,7.0,208092.0,208092.0,3,0.0
Julian Fellowes,1,7.4,7.4,13455.0,13455.0,3,0.0
Charles Keating,1,4.6,4.6,41239.0,41239.0,1,0.0
Bobby Moynihan,1,6.4,6.4,59805.0,59805.0,2,0.0
Matthew Daddario,2,6.550000000000001,6.7,36200.5,59805.0,4,1.0
Jack Reynor,1,6.4,6.4,59805.0,59805.0,2,0.0
Grigoriy Dobrygin,1,6.4,6.4,2587.0,2587.0,1,0.0
Radivoje Bukvic,2,5.75,6.4,14677.0,26767.0,3,1.0
Pawel Szajda,1,6.4,6.4,2587.0,2587.0,1,0.0
Neil Diamond,1,5.9,5.9,33287.0,33287.0,3,0.0
Kyle Gass,1,5.9,5.9,33287.0,33287.0,3,0.0
Zachary Gordon,5,6.400000000000001,6.9,25734.0,41737.0,5,5.0
Jason Mewes,5,6.58,7.8,105016.8,181749.0,2,16.0
Bruce Dern,12,6.391666666666667,7.8,29385.833333333332,105568.0,14,45.0
Aries Spears,1,5.3,5.3,18900.0,18900.0,2,0.0
Paulo Costanzo,3,5.8,6.5,71378.33333333333,132963.0,3,2.0
Vernon Dobtcheff,3,6.3999999999999995,8.0,64050.666666666664,168398.0,8,35.0
Rock Hudson,1,6.2,6.2,1547.0,1547.0,5,0.0
Jeremy Kemp,1,6.2,6.2,1547.0,1547.0,5,0.0
Sebastian Koch,3,7.866666666666667,8.5,109987.66666666667,259379.0,5,4.0
Roger Cross,2,5.449999999999999,5.8,9297.0,16831.0,5,7.0
Ben Crompton,2,6.3,6.3,37311.5,48873.0,5,3.0
Anne-Marie Duff,3,6.833333333333333,7.2,31081.333333333332,48873.0,6,5.0
Amidou,1,7.7,7.7,9513.0,9513.0,3,0.0
Joe Spinell,1,7.7,7.7,9513.0,9513.0,3,0.0
Romain Duris,2,7.3,7.3,19774.5,34383.0,3,5.0
Ludivine Sagnier,3,7.066666666666666,7.3,31402.666666666668,53977.0,7,8.0
Fabrice Luchini,1,7.3,7.3,5166.0,5166.0,2,0.0
Dendrie Taylor,1,6.8,6.8,83171.0,83171.0,3,0.0
Gabriel Almirón,1,6.7,6.7,6920.0,6920.0,4,0.0
Diego Ramos,1,6.7,6.7,6920.0,6920.0,4,0.0
Pablo Rago,1,6.7,6.7,6920.0,6920.0,4,0.0
Alessandra Mastronardi,1,6.3,6.3,67893.0,67893.0,2,0.0
Ornella Muti,1,6.3,6.3,67893.0,67893.0,2,0.0
Warren Clarke,2,6.5,7.1,14568.5,19832.0,6,27.0
Kenneth Colley,1,5.9,5.9,19832.0,19832.0,3,0.0
Trey Parker,3,7.066666666666666,7.8,109493.66666666667,162037.0,6,7.0
Matt Hill,1,4.8,4.8,25086.0,25086.0,6,0.0
DeWayne Warren,1,6.3,6.3,22649.0,22649.0,2,0.0
Qi Shu,2,6.6,6.8,123337.5,237248.0,4,13.0
Matt Schulze,1,6.8,6.8,237248.0,237248.0,3,0.0
Leslie Hope,1,6.6,6.6,80556.0,80556.0,3,0.0
Eddie Kaye Thomas,2,4.55,4.6,26426.5,39788.0,4,2.0
Jason London,4,5.324999999999999,6.6,8491.75,14656.0,7,11.0
Chris Harrison,1,2.9,2.9,4398.0,4398.0,3,
Sarah Wynter,1,5.8,5.8,2295.0,2295.0,3,0.0
Elaine Hendrix,6,5.75,8.0,6232.333333333333,15047.0,7,15.0
Dom DeLuise,6,6.083333333333333,7.7,23096.166666666668,36559.0,7,23.0
Teri Garr,6,7.616666666666666,8.0,116880.5,288451.0,9,20.0
Ian Somerhalder,3,6.3,7.5,36137.666666666664,44339.0,6,5.0
Kimberly J. Brown,2,6.1,6.7,16495.0,30058.0,2,4.0
Steve Harris,2,5.7,5.9,16588.5,30058.0,3,10.0
Bam Margera,3,6.933333333333333,7.1,57460.333333333336,67992.0,3,8.0
Chris Pontius,4,6.775,7.1,52057.25,67992.0,4,8.0
Steve-O,3,6.933333333333333,7.1,57460.333333333336,67992.0,3,8.0
Murray Hamilton,3,7.233333333333333,8.0,175542.66666666666,412454.0,5,17.0
Joseph Mascolo,1,5.7,5.7,51314.0,51314.0,3,0.0
Ali Hillis,1,3.7,3.7,17829.0,17829.0,5,0.0
Hayley McFarland,1,7.5,7.5,300110.0,300110.0,3,0.0
Mark Duplass,6,5.916666666666667,7.0,32333.5,101287.0,6,10.0
Mike White,2,6.85,7.1,107671.0,210680.0,3,3.0
Nick Krause,1,7.3,7.3,205284.0,205284.0,2,0.0
Shailene Woodley,3,7.3999999999999995,7.8,186854.33333333334,249688.0,3,3.0
Ski Carr,1,7.1,7.1,58222.0,58222.0,5,0.0
Zane Holtz,1,7.1,7.1,58222.0,58222.0,5,0.0
Bobby Coleman,2,5.55,5.8,36959.5,62421.0,5,1.0
Melissa Ordway,1,5.8,5.8,62421.0,62421.0,4,0.0
Taran Killam,4,6.6499999999999995,8.1,133433.25,439176.0,5,10.0
Jason Weaver,1,5.7,5.7,28649.0,28649.0,4,0.0
Brendan Coyle,2,7.0,7.6,24928.0,44723.0,6,7.0
Romeo Miller,2,5.05,5.3,22010.0,36666.0,5,9.0
Fernando Rey,2,7.8,7.8,82476.0,82476.0,4,0.0
Tony Lo Bianco,2,7.8,7.8,82476.0,82476.0,4,0.0
Phil Collins,1,5.4,5.4,11634.0,11634.0,4,0.0
Tony Jay,3,5.533333333333334,6.0,40083.666666666664,87538.0,8,15.0
Skye McCole Bartusiak,1,4.1,4.1,25960.0,25960.0,4,0.0
Charles Mesure,1,4.1,4.1,25960.0,25960.0,4,0.0
Barry Watson,2,4.75,5.4,18983.5,25960.0,5,3.0
Marc Macaulay,2,5.7,5.9,35822.0,62364.0,5,3.0
Kath Soucie,2,6.35,6.4,8749.5,13319.0,7,5.0
Ken Sansom,1,6.3,6.3,13319.0,13319.0,5,0.0
Aryana Engineer,1,7.0,7.0,141663.0,141663.0,3,0.0
Joseph Julian Soria,2,6.449999999999999,6.8,18255.5,18915.0,6,1.0
Denise Boutte,2,3.65,3.8,5741.0,9560.0,1,0.0
Lamman Rucker,3,4.2,5.6,4093.6666666666665,9811.0,4,3.0
David Mann,1,3.5,3.5,1922.0,1922.0,1,
Jamey Sheridan,1,8.1,8.1,195333.0,195333.0,4,0.0
Brian d'Arcy James,1,8.1,8.1,195333.0,195333.0,4,0.0
Richard Lawson,1,5.5,5.5,5427.0,5427.0,3,0.0
Alex Winter,1,6.2,6.2,49680.0,49680.0,5,0.0
Maximilian Schell,4,6.8,8.3,36834.75,44457.0,9,47.0
Yvette Mimieux,1,5.9,5.9,18481.0,18481.0,2,0.0
Thekla Reuten,1,6.3,6.3,79461.0,79461.0,3,0.0
Filippo Timi,1,6.3,6.3,79461.0,79461.0,3,0.0
Violante Placido,1,6.3,6.3,79461.0,79461.0,3,0.0
Dave Foley,2,3.8,4.1,21378.5,39095.0,3,9.0
Anneliese van der Pol,1,3.5,3.5,39095.0,39095.0,1,0.0
Harriet Walter,1,7.5,7.5,243799.0,243799.0,1,0.0
Dermot Crowley,1,7.5,7.5,243799.0,243799.0,1,0.0
Jeremy Shada,1,7.2,7.2,136048.0,136048.0,2,0.0
Keram Malicki-Sánchez,1,4.8,4.8,35131.0,35131.0,2,0.0
Gunnar Hansen,3,6.6000000000000005,7.5,75984.0,96411.0,2,39.0
Shaun Sipos,2,5.699999999999999,6.6,20078.0,35131.0,3,2.0
William McNamara,4,4.85,6.6,10933.25,42315.0,9,20.0
Marisa Saks,1,3.5,3.5,50337.0,50337.0,1,0.0
Lee Marvin,4,7.275,8.1,20629.75,53741.0,8,7.0
Lucas Grabeel,4,5.5249999999999995,7.6,69877.0,136673.0,8,2.0
María Botto,1,6.3,6.3,12276.0,12276.0,4,0.0
Jan Cornet,2,6.8,7.3,6207.5,12276.0,5,1.0
Francesca Rettondini,1,5.5,5.5,75920.0,75920.0,1,0.0
Isaiah Washington,3,6.266666666666667,6.9,31496.666666666668,75920.0,4,8.0
Jeff Perry,1,6.5,6.5,90677.0,90677.0,4,0.0
Skyler Samuels,2,6.05,6.5,37375.0,51326.0,3,6.0
Romi Aboulafia,1,6.9,6.9,55441.0,55441.0,2,0.0
Jesper Christensen,1,6.9,6.9,55441.0,55441.0,2,0.0
Margaret Cho,1,3.9,3.9,26624.0,26624.0,2,0.0
Jason Beghe,1,3.9,3.9,26624.0,26624.0,2,0.0
Christine Lakin,2,5.55,5.8,26129.5,41273.0,5,0.0
James Wolk,3,5.7,6.0,18393.0,41273.0,4,4.0
Jasper Levine,1,7.0,7.0,185587.0,185587.0,3,0.0
Thomas Law,1,7.0,7.0,185587.0,185587.0,3,0.0
Kay Panabaker,2,5.45,5.9,14969.5,15877.0,8,2.0
Jay Laga'aia,1,6.5,6.5,105797.0,105797.0,4,0.0
Tiffany Lamb,1,6.5,6.5,105797.0,105797.0,4,0.0
Damien Garvey,2,5.4,6.5,54450.5,105797.0,6,5.0
Geoff Stults,5,5.4399999999999995,6.4,25582.4,101730.0,3,10.0
Brett Cullen,3,6.333333333333333,6.8,19353.0,32951.0,8,9.0
Toby Hemingway,1,5.3,5.3,39541.0,39541.0,4,0.0
Vanessa Lengies,4,6.2,6.8,35870.75,76467.0,6,10.0
John Patrick Amedori,1,6.4,6.4,22604.0,22604.0,3,0.0
Jake Short,1,4.9,4.9,5332.0,5332.0,3,0.0
Samira Wiley,1,7.1,7.1,4303.0,4303.0,5,0.0
Tom Bower,2,6.699999999999999,6.8,25144.5,50198.0,3,2.0
Sheryl Lee,1,6.1,6.1,42664.0,42664.0,3,0.0
Pablo Sevilla,1,7.0,7.0,12417.0,12417.0,5,
Janet Leigh,4,7.275,8.5,130339.5,422432.0,7,20.0
John Gavin,1,8.5,8.5,422432.0,422432.0,3,0.0
Vera Miles,2,8.3,8.5,238086.5,422432.0,5,2.0
Riki Lindhome,1,5.9,5.9,36983.0,36983.0,2,0.0
Billy Barty,1,5.4,5.4,2061.0,2061.0,1,0.0
Leo McKern,2,6.35,7.0,41861.0,50125.0,5,5.0
John Wood,1,7.0,7.0,33597.0,33597.0,4,0.0
Jan Hooks,1,6.9,6.9,18366.0,18366.0,3,0.0
Steve Guttenberg,6,6.316666666666666,7.2,28735.833333333332,87739.0,7,17.0
Chi Ling Chiu,1,7.8,7.8,99353.0,99353.0,4,0.0
Qiu Yuen,1,7.8,7.8,99353.0,99353.0,4,0.0
Shengyi Huang,1,7.8,7.8,99353.0,99353.0,4,0.0
Mark Feuerstein,2,6.0,6.7,4330.0,8546.0,3,0.0
Sharon Lawrence,2,6.300000000000001,6.7,6316.5,12519.0,4,0.0
Mustafa Haidari,1,7.6,7.6,68119.0,68119.0,1,0.0
Khalid Abdalla,2,7.85,8.1,37398.5,68119.0,4,6.0
Kelly Carlson,2,5.25,5.8,20348.0,27486.0,4,2.0
Tom Hollander,4,7.2,7.9,71145.0,202341.0,8,12.0
Zak Orth,1,5.3,5.3,23076.0,23076.0,2,0.0
Robert Miano,2,4.8,5.3,11553.0,23076.0,6,10.0
Ronald Reagan,1,7.4,7.4,35137.0,35137.0,3,0.0
Bernie Sanders,1,7.4,7.4,35137.0,35137.0,3,0.0
Carroll Baker,1,6.6,6.6,6484.0,6484.0,3,0.0
Joe Cole,2,6.65,7.1,24515.5,28845.0,6,0.0
Lorna Raver,1,5.7,5.7,26236.0,26236.0,3,0.0
Joanne Whalley,3,5.466666666666666,6.6,10938.666666666666,23928.0,8,14.0
Jacky Ido,1,6.1,6.1,82082.0,82082.0,4,0.0
Sam Lerner,1,4.8,4.8,26390.0,26390.0,1,0.0
Tiffany Dupont,2,6.6,6.9,3314.5,5796.0,4,2.0
James Callis,1,6.3,6.3,5796.0,5796.0,3,0.0
Nimrat Kaur,3,7.533333333333334,8.5,22417.333333333332,30977.0,7,10.0
Jordan Carlos,1,6.7,6.7,60516.0,60516.0,4,0.0
Dequina Moore,1,6.7,6.7,60516.0,60516.0,4,0.0
Nick Gomez,1,5.6,5.6,22823.0,22823.0,3,0.0
Taylor Cole,1,5.6,5.6,22823.0,22823.0,3,0.0
Don Stark,1,4.3,4.3,6701.0,6701.0,3,0.0
Dustin Nguyen,1,4.3,4.3,6701.0,6701.0,3,0.0
Melonie Diaz,3,7.033333333333334,7.5,46172.333333333336,79855.0,4,11.0
Sarah Solemani,1,7.1,7.1,13505.0,13505.0,4,0.0
Christopher Guest,3,6.2,7.3,12317.666666666666,22408.0,5,24.0
Lynn Cohen,5,6.32,7.4,10670.6,35586.0,6,13.0
David Ramsey,1,6.1,6.1,16372.0,16372.0,2,0.0
Riccardo Scamarcio,3,7.066666666666666,7.3,26941.0,61360.0,4,5.0
James Russo,2,6.65,7.3,71906.5,126464.0,3,5.0
Jeff DeRocker,1,6.8,6.8,30083.0,30083.0,3,0.0
Edi Gathegi,4,6.275,7.0,76859.0,196422.0,5,9.0
Brendan Sexton III,3,7.1000000000000005,7.6,57081.666666666664,77551.0,7,10.0
Vanessa Angel,1,1.9,1.9,25371.0,25371.0,3,0.0
Peter Wingfield,1,1.9,1.9,25371.0,25371.0,3,0.0
Scott Baio,1,1.9,1.9,25371.0,25371.0,3,0.0
Gigi Rice,1,5.5,5.5,21933.0,21933.0,3,0.0
Susie Essman,1,5.5,5.5,21933.0,21933.0,3,0.0
Nia Vardalos,5,6.18,6.6,30185.0,102071.0,5,14.0
Ricardo Montalban,1,7.0,7.0,3454.0,3454.0,5,0.0
Sammy Davis Jr.,1,7.0,7.0,3454.0,3454.0,5,0.0
Serena Scott Thomas,1,6.7,6.7,61935.0,61935.0,5,0.0
Katherine Waterston,2,6.65,6.7,33480.0,61935.0,6,3.0
Martin Dew,1,6.7,6.7,61935.0,61935.0,5,0.0
Caity Lotz,1,5.0,5.0,7894.0,7894.0,2,0.0
Chris Brown,4,5.725,6.6,17126.5,34579.0,4,6.0
Scott Wolf,2,7.4,7.5,37543.0,59474.0,5,0.0
Gary Coleman,2,6.15,8.0,8123.5,8560.0,5,5.0
Chriss Anglin,1,4.3,4.3,8560.0,8560.0,2,0.0
Geoffrey Arend,4,5.824999999999999,7.1,53585.25,104089.0,9,9.0
Marko Zaror,1,5.6,5.6,59248.0,59248.0,4,0.0
Jackie Burroughs,1,6.2,6.2,15169.0,15169.0,4,0.0
Kevin Alejandro,2,4.85,5.3,9577.0,18571.0,5,3.0
Lesley Manville,4,6.8999999999999995,7.6,9243.75,17933.0,7,15.0
Catherine Lough Haggquist,1,2.3,2.3,37626.0,37626.0,2,0.0
Darren Shahlavi,2,3.6999999999999997,5.1,20862.5,37626.0,4,10.0
Karin Konoval,1,2.3,2.3,37626.0,37626.0,2,0.0
Charlie Saxton,1,6.4,6.4,11958.0,11958.0,5,0.0
Ryan Donowho,3,6.966666666666666,7.3,8048.666666666667,11958.0,6,6.0
Bill Lake,1,7.0,7.0,14301.0,14301.0,2,0.0
Dylan Authors,1,7.0,7.0,14301.0,14301.0,2,0.0
Victoria Learn,1,7.0,7.0,14301.0,14301.0,2,0.0
Tyrone Benskin,1,7.0,7.0,48346.0,48346.0,3,0.0
Nora Zehetner,4,6.550000000000001,7.1,19925.25,41737.0,6,13.0
Caitlyn Jenner,1,4.5,4.5,2998.0,2998.0,3,0.0
Randy Jones,1,4.5,4.5,2998.0,2998.0,3,0.0
Donny Boaz,1,7.0,7.0,2302.0,2302.0,3,0.0
Brent Anderson,1,7.0,7.0,2302.0,2302.0,3,0.0
Damon Wayans,1,2.8,2.8,4518.0,4518.0,2,0.0
Matthew Walker,1,7.1,7.1,8087.0,8087.0,2,0.0
Guang Li,1,7.1,7.1,8087.0,8087.0,2,0.0
Toni Braxton,1,6.7,6.7,14015.0,14015.0,4,0.0
Garrett Clayton,1,6.7,6.7,14015.0,14015.0,4,0.0
Melvil Poupaud,1,5.3,5.3,7976.0,7976.0,2,0.0
Rosalind Ayres,1,6.9,6.9,13727.0,13727.0,6,0.0
Jimmy Jean-Louis,2,4.6,6.2,5446.0,8279.0,4,1.0
Esai Morales,5,6.44,8.0,6223.4,21409.0,12,27.0
Yuqi Zhang,1,6.5,6.5,11391.0,11391.0,3,0.0
Chi Chung Lam,1,6.5,6.5,11391.0,11391.0,3,0.0
Marie-Anne Chazel,1,6.0,6.0,7147.0,7147.0,4,0.0
Christian Clavier,2,6.5,7.0,15792.5,24438.0,4,5.0
Philippe Nahon,2,6.7,7.4,47195.5,87244.0,8,4.0
Laura Spencer,1,5.1,5.1,13026.0,13026.0,8,0.0
Mark Webber,7,6.014285714285714,7.1,10670.42857142857,28845.0,10,17.0
Peter Vaughan,2,7.550000000000001,7.9,22860.5,45703.0,3,0.0
Ewen Solon,1,7.2,7.2,18.0,18.0,2,
George Coulouris,1,7.2,7.2,18.0,18.0,2,
Tom Conti,1,5.4,5.4,6147.0,6147.0,4,0.0
Aaron Ashmore,2,5.35,5.7,10789.5,20821.0,6,11.0
Elea Oberon,1,5.2,5.2,118.0,118.0,2,0.0
Necar Zadegan,1,5.2,5.2,118.0,118.0,2,0.0
Traci Dinwiddie,1,5.2,5.2,118.0,118.0,2,0.0
Sammo Kam-Bo Hung,2,6.2,6.2,12464.0,19774.0,6,11.0
Andy On,1,6.2,6.2,5154.0,5154.0,4,0.0
Kevin McGowan,1,7.0,7.0,102.0,102.0,3,0.0
Mani Bharathi,1,7.0,7.0,102.0,102.0,3,0.0
Michael Lieber,1,7.0,7.0,102.0,102.0,3,0.0
Maggie Wheeler,1,4.8,4.8,50.0,50.0,1,0.0
Jacqueline Lovell,1,4.8,4.8,50.0,50.0,1,0.0
Joey D. Vieira,1,4.8,4.8,50.0,50.0,1,0.0
Alan David,1,7.5,7.5,77656.0,77656.0,2,0.0
Martina Gedeck,2,7.95,8.5,144490.5,259379.0,5,2.0
Michael Spears,1,8.0,8.0,186485.0,186485.0,3,0.0
Dan Byrd,3,6.466666666666666,7.1,156442.0,276746.0,4,6.0
W. Earl Brown,3,6.3,7.2,91887.0,222018.0,7,17.0
Shelley Duvall,4,7.125,8.4,214080.5,610333.0,7,21.0
Joe Turkel,1,8.4,8.4,610333.0,610333.0,2,0.0
Scatman Crothers,2,8.55,8.7,645187.0,680041.0,2,5.0
J.J. Cohen,1,8.5,8.5,732212.0,732212.0,3,0.0
Eric Mendenhall,1,4.1,4.1,8346.0,8346.0,2,0.0
Hope Olaide Wilson,1,4.1,4.1,8346.0,8346.0,2,0.0
Mary J. Blige,2,4.25,4.4,4989.5,8346.0,5,4.0
Kari J. Kramer,1,5.0,5.0,60.0,60.0,2,0.0
Cabrina Collesides,1,5.0,5.0,60.0,60.0,2,0.0
Erin O'Brien,1,5.0,5.0,60.0,60.0,2,0.0
Kelli Barrett,1,6.1,6.1,77987.0,77987.0,3,0.0
David Moscow,1,5.4,5.4,57479.0,57479.0,2,0.0
David Agranov,1,5.4,5.4,57479.0,57479.0,2,0.0
Mem Ferda,2,6.55,7.1,29921.0,53977.0,6,3.0
Nicole 'Snooki' Polizzi,1,6.6,6.6,29.0,29.0,4,
Jenni 'Jwoww' Farley,1,6.6,6.6,29.0,29.0,4,
Paul 'Pauly D' DelVecchio,1,6.6,6.6,29.0,29.0,4,
Ryûnosuke Kamiki,1,8.6,8.6,417971.0,417971.0,4,0.0
Miyu Irino,1,8.6,8.6,417971.0,417971.0,4,0.0
Bunta Sugawara,1,8.6,8.6,417971.0,417971.0,4,0.0
Terence Yin,1,6.2,6.2,1904.0,1904.0,3,0.0
Michael Wong,2,5.75,6.2,1143.5,1904.0,3,1.0
Roger Allam,3,7.099999999999999,7.6,107941.0,139749.0,6,7.0
Sophie Nélisse,1,7.6,7.6,98741.0,98741.0,2,0.0
Katrina Bowden,4,6.05,7.6,52006.0,127842.0,5,5.0
Dominique McElligott,2,6.5,6.6,39333.0,71276.0,5,1.0
Stephen Boyd,1,6.7,6.7,6156.0,6156.0,3,0.0
Mel Ferrer,1,6.7,6.7,6156.0,6156.0,3,0.0
Dante Brown,1,6.4,6.4,5147.0,5147.0,1,0.0
Kyra Nichols,1,5.7,5.7,1153.0,1153.0,3,0.0
Darci Kistler,1,5.7,5.7,1153.0,1153.0,3,0.0
Margaret Tracey,1,5.7,5.7,1153.0,1153.0,3,0.0
Tracy Letts,1,7.8,7.8,550.0,550.0,1,0.0
Pedro Miguel Arce,1,6.2,6.2,78883.0,78883.0,1,0.0
Ching Wan Lau,2,5.95,6.2,371.0,625.0,2,2.0
Angelica Lee,1,5.7,5.7,625.0,625.0,1,0.0
Louis Koo,2,5.5,5.7,504.0,625.0,2,1.0
Carla Gallo,2,6.800000000000001,7.2,113154.0,216581.0,3,5.0
Amy Yasbeck,2,7.1,7.3,136732.0,265818.0,5,0.0
Chester,1,7.3,7.3,297014.0,297014.0,1,0.0
Ken Davitian,1,7.3,7.3,297014.0,297014.0,1,0.0
Luenell,1,7.3,7.3,297014.0,297014.0,1,0.0
Alanna Ubach,4,5.9750000000000005,6.4,43882.75,131801.0,6,20.0
Raquel Welch,2,4.25,6.2,68472.0,131801.0,2,3.0
JR Bourne,1,6.7,6.7,96569.0,96569.0,3,0.0
Bree Turner,1,5.7,5.7,59380.0,59380.0,2,0.0
Paul Schneider,5,7.0200000000000005,7.5,40135.6,114762.0,4,9.0
Sean Patrick Thomas,4,6.25,6.9,57337.25,149222.0,4,5.0
Louis Mandylor,2,6.35,6.6,57816.5,102071.0,3,14.0
Joey Fatone,1,6.1,6.1,13562.0,13562.0,3,0.0
Fran Kranz,1,6.6,6.6,18727.0,18727.0,2,0.0
Carl Weathers,4,6.85,8.1,171836.25,375240.0,9,12.0
Shane Black,1,7.8,7.8,290949.0,290949.0,3,0.0
Collins Pennie,1,3.9,3.9,27664.0,27664.0,2,0.0
Mario Monicelli,1,6.7,6.7,35718.0,35718.0,3,0.0
Lindsay Duncan,2,7.25,7.8,119029.5,202341.0,4,10.0
Melinda Clarke,3,7.033333333333334,7.7,39456.333333333336,65785.0,8,0.0
Andrew Dice Clay,1,7.3,7.3,150082.0,150082.0,1,0.0
Christian Clemenson,1,7.6,7.6,83374.0,83374.0,3,0.0
David Alan Basche,1,7.6,7.6,83374.0,83374.0,3,0.0
Susan Blommaert,2,7.25,7.6,43476.5,83374.0,3,3.0
Christian Monzon,1,5.3,5.3,36666.0,36666.0,3,0.0
Nicollette Sheridan,1,5.3,5.3,29621.0,29621.0,2,0.0
Hulk Hogan,1,5.3,5.3,29621.0,29621.0,2,0.0
Barry Bostwick,4,5.65,7.4,9242.75,29621.0,9,34.0
Chris Brochu,2,5.949999999999999,7.1,17984.5,35514.0,5,3.0
Martin Balsam,1,7.2,7.2,17277.0,17277.0,3,0.0
Dan Bakkedahl,1,5.8,5.8,52467.0,52467.0,3,0.0
Olivia d'Abo,2,5.4,5.8,31782.0,62009.0,6,14.0
Grace Jones,1,5.8,5.8,62009.0,62009.0,3,0.0
Frank Vincent,4,6.5,8.3,62574.0,235133.0,8,29.0
Sasha Alexander,2,6.449999999999999,7.3,14411.5,25344.0,2,10.0
Freddie Jones,1,6.8,6.8,14870.0,14870.0,4,0.0
Nicholas Rowe,1,6.8,6.8,14870.0,14870.0,4,0.0
Roger Ashton-Griffiths,1,6.8,6.8,14870.0,14870.0,4,0.0
Susan May Pratt,1,6.7,6.7,15817.0,15817.0,3,0.0
Ethan Stiefel,1,6.7,6.7,15817.0,15817.0,3,0.0
Timothée Chalamet,1,5.7,5.7,9051.0,9051.0,1,0.0
Kevin G. Schmidt,1,5.2,5.2,8023.0,8023.0,2,0.0
Corbin Bleu,6,5.083333333333333,6.6,25555.833333333332,59254.0,8,8.0
Marie Avgeropoulos,1,5.3,5.3,28209.0,28209.0,2,0.0
Richard Farnsworth,2,6.5,8.0,32566.5,63733.0,5,18.0
Michael Horse,1,5.0,5.0,1400.0,1400.0,3,0.0
John McMartin,1,7.4,7.4,27629.0,27629.0,2,0.0
Nancy Allen,2,7.25,7.4,25807.5,27629.0,3,1.0
Dennis Franz,2,7.1,7.4,23871.0,27629.0,2,3.0
Rebecca Budig,1,4.4,4.4,19586.0,19586.0,3,0.0
Bruce Payne,2,4.65,4.9,12302.0,19586.0,5,8.0
Paul Freeman,3,4.7,6.7,8963.0,19586.0,8,27.0
Frankie Valli,1,5.7,5.7,8895.0,8895.0,3,0.0
Shelley Long,2,5.15,5.5,5292.0,7470.0,4,6.0
Kellie Martin,1,5.5,5.5,7470.0,7470.0,2,0.0
Juliet Stevenson,2,7.05,7.1,5421.0,10680.0,4,11.0
Shaun Evans,2,6.65,7.1,5940.5,10680.0,3,5.0
Kim Chan,2,5.95,6.0,22474.5,29591.0,6,13.0
David Margulies,3,6.633333333333333,7.1,90021.0,216486.0,5,14.0
Karen Young,1,5.9,5.9,29591.0,29591.0,2,0.0
Albert Salmi,1,6.7,6.7,10832.0,10832.0,3,0.0
Ralph Richardson,1,6.7,6.7,10832.0,10832.0,3,0.0
David Masterson,2,6.0,7.0,9235.5,15352.0,5,6.0
Kerry Condon,1,7.0,7.0,15352.0,15352.0,3,0.0
Khulan Chuluun,1,7.3,7.3,37635.0,37635.0,5,0.0
Honglei Sun,3,6.233333333333333,7.3,14151.666666666666,37635.0,6,2.0
Henry Silva,2,5.5,7.5,36312.5,70084.0,5,17.0
Michael Beck,1,3.5,3.5,2541.0,2541.0,2,0.0
Julie Christie,3,7.866666666666667,8.0,39017.333333333336,55816.0,3,31.0
Aden Young,2,6.4,7.4,5877.0,6091.0,8,7.0
Suzie Steen,1,7.4,7.4,6091.0,6091.0,4,0.0
Paul Sparks,2,7.0,7.3,17320.5,31359.0,4,0.0
Sam Reid,1,7.1,7.1,27882.0,27882.0,4,0.0
Poppy Montgomery,2,6.35,6.7,12291.5,12854.0,3,0.0
Ulrich Tukur,1,7.8,7.8,52958.0,52958.0,2,0.0
Leonie Benesch,1,7.8,7.8,52958.0,52958.0,2,0.0
Burghart Klaußner,2,7.75,7.8,83682.5,114407.0,3,6.0
James Cullen Bressack,1,4.0,4.0,436.0,436.0,1,0.0
Anna Harr,1,4.0,4.0,436.0,436.0,1,0.0
Nick Cassavetes,1,5.9,5.9,10082.0,10082.0,5,0.0
James Hetfield,1,7.2,7.2,13359.0,13359.0,1,0.0
Lars Ulrich,1,7.2,7.2,13359.0,13359.0,1,0.0
Mackenzie Gray,2,6.65,7.2,26869.5,40380.0,2,2.0
Nora von Waldstätten,1,7.7,7.7,10111.0,10111.0,4,
Katharina Schüttler,1,7.7,7.7,10111.0,10111.0,4,
Shawn Yue,2,6.2,6.9,4305.0,6069.0,2,1.0
Takuya Kimura,2,5.8,6.1,3720.0,4899.0,5,1.0
Simón Andreu,1,5.5,5.5,2541.0,2541.0,1,0.0
Mark Moses,2,6.45,6.7,44051.0,87203.0,9,13.0
Greg Nicotero,3,6.933333333333334,7.2,76353.33333333333,129719.0,1,21.0
John Amplas,2,7.2,7.2,49670.5,49672.0,1,0.0
Joseph Pilato,2,7.2,7.2,49670.5,49672.0,1,0.0
Kevork Malikyan,1,6.7,6.7,14325.0,14325.0,4,0.0
Brigitte Nielsen,1,5.0,5.0,30215.0,30215.0,3,0.0
Cassie Ventura,1,6.2,6.2,67653.0,67653.0,4,0.0
Mari Koda,1,6.2,6.2,67653.0,67653.0,4,0.0
Luis Rosado,1,6.2,6.2,67653.0,67653.0,4,0.0
Hakeem Kae-Kazim,2,7.0,8.1,163820.5,264533.0,6,5.0
Henry Ian Cusick,3,6.7,7.7,51226.0,140780.0,8,6.0
Vondie Curtis-Hall,1,4.4,4.4,1633.0,1633.0,4,0.0
Jessica Lowndes,3,4.3999999999999995,4.8,7462.666666666667,13133.0,4,7.0
Kirk Fox,1,6.0,6.0,4387.0,4387.0,3,0.0
Shawn Andrews,1,6.0,6.0,4387.0,4387.0,3,0.0
Rob Campbell,1,6.0,6.0,4387.0,4387.0,3,0.0
Eric Sykes,1,7.6,7.6,268581.0,268581.0,3,0.0
Elaine Cassidy,2,7.3,7.6,137635.5,268581.0,4,2.0
Carrie Henn,1,8.4,8.4,488537.0,488537.0,3,0.0
Jeremy Brett,1,7.9,7.9,66959.0,66959.0,4,0.0
Rex Harrison,1,7.9,7.9,66959.0,66959.0,4,0.0
Theodore Bikel,1,7.9,7.9,66959.0,66959.0,4,0.0
Patrick Gallagher,1,7.5,7.5,149966.0,149966.0,4,0.0
Jay Chandrasekhar,3,6.333333333333333,7.1,51561.333333333336,76151.0,5,5.0
Owain Yeoman,1,6.3,6.3,54710.0,54710.0,1,0.0
Chris Moss,1,6.3,6.3,54710.0,54710.0,1,0.0
Betsy Russell,2,4.85,5.6,36050.0,67978.0,3,1.0
Chris Kattan,3,6.333333333333333,6.9,20966.0,48458.0,9,11.0
Erik Knudsen,1,5.6,5.6,64190.0,64190.0,3,0.0
Valente Rodriguez,1,7.4,7.4,23480.0,23480.0,3,0.0
Diana Maria Riva,1,7.4,7.4,23480.0,23480.0,3,0.0
Morgan Saylor,1,7.4,7.4,23480.0,23480.0,3,0.0
Shad Moss,3,5.066666666666666,6.0,6501.333333333333,7991.0,4,6.0
Malika,1,6.0,6.0,8522.0,8522.0,5,0.0
Adam Boyer,1,6.0,6.0,8522.0,8522.0,5,0.0
Ben Platt,1,7.2,7.2,213898.0,213898.0,3,0.0
Megyn Price,1,3.1,3.1,9104.0,9104.0,2,0.0
Kevin Clash,1,5.8,5.8,2045.0,2045.0,5,0.0
Caroll Spinney,1,5.8,5.8,2045.0,2045.0,5,0.0
David Niven,3,7.233333333333333,7.8,3741.3333333333335,4550.0,6,27.0
John Ireland,2,6.949999999999999,7.1,2308.5,4550.0,6,15.0
Ava Gardner,2,6.9,7.0,4044.0,4550.0,8,12.0
Elizabeth Blackmore,1,6.5,6.5,125016.0,125016.0,1,0.0
Ellen Sandweiss,2,7.05,7.6,133117.5,141219.0,2,32.0
Rachel Dratch,2,6.35,6.8,7593.5,15033.0,3,2.0
Harland Williams,4,5.625,6.7,28763.25,48225.0,3,11.0
Clé Bennett,1,3.3,3.3,4600.0,4600.0,1,0.0
Conrad Coates,1,3.3,3.3,4600.0,4600.0,1,0.0
DeRay Davis,1,3.3,3.3,4600.0,4600.0,1,0.0
Clyde Kusatsu,2,4.7,6.4,12653.0,21225.0,4,19.0
Jake Wood,2,7.6,7.6,295375.0,295375.0,4,0.0
Tippi Hedren,1,6.4,6.4,1275.0,1275.0,3,0.0
Brenda Fricker,1,6.9,6.9,16234.0,16234.0,4,0.0
David Murray,1,6.9,6.9,16234.0,16234.0,4,0.0
Gerard McSorley,2,6.95,7.0,11462.0,16234.0,4,4.0
Carlos Bardem,1,6.6,6.6,13762.0,13762.0,4,0.0
Chris Andrew Ciulla,1,5.5,5.5,32671.0,32671.0,4,0.0
Mary Mouser,1,6.6,6.6,10706.0,10706.0,4,0.0
Jan-Michael Vincent,2,6.35,7.5,20179.0,36657.0,5,21.0
Paul Winfield,2,6.65,8.1,301983.5,600266.0,2,7.0
Rick Gomez,1,4.1,4.1,16268.0,16268.0,2,0.0
Tim Williams,1,4.1,4.1,16268.0,16268.0,2,0.0
Julianna Guill,1,4.1,4.1,16268.0,16268.0,2,0.0
Griffin Dunne,1,6.8,6.8,55895.0,55895.0,4,0.0
Matt Servitto,2,6.45,6.5,18953.5,24668.0,5,6.0
Tamara Tunie,2,6.7,7.4,62376.0,119150.0,5,14.0
Laurence Fox,1,7.1,7.1,46204.0,46204.0,3,0.0
Danny Strong,1,6.3,6.3,37700.0,37700.0,2,0.0
Samm Levine,1,6.3,6.3,37700.0,37700.0,2,0.0
Bruno Kirby,2,7.449999999999999,7.6,123728.0,149108.0,5,2.0
Harley Jane Kozak,1,7.6,7.6,149108.0,149108.0,3,0.0
Gretchen Palmer,1,7.6,7.6,149108.0,149108.0,3,0.0
Jack Warden,5,7.26,8.9,100139.0,447785.0,6,42.0
Mark Walters,1,6.4,6.4,35312.0,35312.0,4,0.0
Ron Lester,1,6.4,6.4,35312.0,35312.0,4,0.0
Rachel Brosnahan,2,4.8,4.8,42182.5,42183.0,5,0.0
Vincent Walsh,1,5.4,5.4,1449.0,1449.0,1,0.0
Finn Ireland,1,5.4,5.4,1449.0,1449.0,1,0.0
Sergi López,2,7.8,8.2,251041.0,467234.0,5,4.0
Maribel Verdú,2,7.949999999999999,8.2,279305.5,467234.0,6,5.0
Ivana Baquero,1,8.2,8.2,467234.0,467234.0,3,0.0
Jessika Van,1,6.6,6.6,7210.0,7210.0,4,
Angell Conwell,2,5.5,6.4,7589.0,9566.0,5,0.0
Kamel Krifa,1,5.5,5.5,28736.0,28736.0,2,0.0
Bolo Yeung,2,6.15,6.8,43157.0,57578.0,5,3.0
Alonna Shaw,1,5.5,5.5,28736.0,28736.0,2,0.0
Joe Cornish,1,7.9,7.9,352695.0,352695.0,3,0.0
Gustaf Skarsgård,1,6.6,6.6,18041.0,18041.0,5,0.0
Tsianina Joelson,1,5.3,5.3,13661.0,13661.0,3,0.0
Marc Donato,2,6.75,7.2,13443.0,25549.0,2,2.0
Cynthia Stevenson,1,5.1,5.1,92712.0,92712.0,3,0.0
Tracey Walter,3,6.033333333333334,6.9,12956.0,25332.0,7,16.0
Don Pardo,1,7.6,7.6,24256.0,24256.0,1,0.0
Ruby Jerins,1,7.2,7.2,113963.0,113963.0,2,0.0
Alexandra Holden,2,6.25,6.8,5202.0,8215.0,4,5.0
Trent Ford,2,5.75,5.8,5416.5,8215.0,5,4.0
Brad William Henke,3,7.0,7.4,31136.0,51996.0,5,7.0
Farrah Fawcett,2,5.2,6.8,21116.0,39847.0,4,28.0
Karl Malden,5,7.279999999999999,8.2,52876.8,100890.0,9,28.0
Brian Keith,2,5.85,6.8,23925.5,42614.0,6,9.0
Shannon Tweed,1,6.8,6.8,30682.0,30682.0,2,0.0
Jon Polito,3,6.333333333333333,7.2,51469.666666666664,98629.0,8,28.0
Robin Weigert,1,7.2,7.2,24104.0,24104.0,1,0.0
Angela Sarafyan,2,7.1,7.6,10311.5,20616.0,3,2.0
Lynn Redgrave,5,6.94,7.5,18548.6,31077.0,9,37.0
Tuppence Middleton,3,7.3999999999999995,8.2,64852.333333333336,92640.0,7,0.0
Michel Galabru,1,7.1,7.1,30587.0,30587.0,2,0.0
Jodie Whittaker,2,6.4,6.6,43997.5,82331.0,7,3.0
Emily Alyn Lind,1,7.3,7.3,45449.0,45449.0,2,0.0
Paz de la Huerta,2,7.35,7.4,104075.0,162701.0,3,7.0
Justin Kirk,3,5.366666666666667,5.7,4967.0,7444.0,4,4.0
Ivan Sergei,1,5.1,5.1,7444.0,7444.0,3,0.0
Conrad Kemp,1,6.7,6.7,12817.0,12817.0,3,0.0
Tanya van Graan,1,6.7,6.7,12817.0,12817.0,3,0.0
Trond Fausa,1,8.1,8.1,19164.0,19164.0,3,
Steven Van Zandt,1,8.1,8.1,19164.0,19164.0,3,
Tommy Karlsen,1,8.1,8.1,19164.0,19164.0,3,
Charles Aznavour,1,6.6,6.6,8624.0,8624.0,2,0.0
David Alpay,1,6.6,6.6,8624.0,8624.0,2,0.0
Marie-Josée Croze,3,6.866666666666667,7.7,12894.0,24921.0,7,1.0
William Shockley,1,6.5,6.5,1033.0,1033.0,2,0.0
Carole Bouquet,1,6.6,6.6,29392.0,29392.0,5,0.0
Ryôko Hirosue,1,6.6,6.6,29392.0,29392.0,5,0.0
Michel Muller,1,6.6,6.6,29392.0,29392.0,5,0.0
Dustin Milligan,3,6.5,6.5,30872.0,61912.0,7,4.0
Adrian Pasdar,1,6.9,6.9,219171.0,219171.0,3,0.0
Chen Chang,2,7.15,7.9,113583.5,217740.0,3,15.0
Sihung Lung,1,7.9,7.9,217740.0,217740.0,3,0.0
Pei-Pei Cheng,1,7.9,7.9,217740.0,217740.0,3,0.0
Ara Celi,1,8.4,8.4,822500.0,822500.0,1,0.0
Hugh O'Brian,1,6.0,6.0,87538.0,87538.0,2,0.0
Bex Taylor-Klaus,1,7.3,7.3,18058.0,18058.0,5,
Jason Wiles,1,7.3,7.3,18058.0,18058.0,5,
Bobby Campo,1,7.3,7.3,18058.0,18058.0,5,
Rae Dawn Chong,4,7.1,7.8,61230.75,111649.0,6,30.0
Kyung-gu Sol,2,6.45,7.2,2974.5,3290.0,4,6.0
Ji-won Ha,1,5.7,5.7,2659.0,2659.0,4,0.0
Nicole Dionne,1,5.7,5.7,2659.0,2659.0,4,0.0
Allen Leech,1,8.1,8.1,467613.0,467613.0,4,0.0
Levon Helm,3,7.733333333333333,8.2,19926.333333333332,34194.0,9,27.0
Isabelle Nélisse,1,6.2,6.2,134869.0,134869.0,2,0.0
Megan Charpentier,1,6.2,6.2,134869.0,134869.0,2,0.0
Jackson Nicoll,2,6.0,6.6,44478.5,77724.0,2,1.0
Georgina Cates,1,6.6,6.6,77724.0,77724.0,1,0.0
Grasie Mercedes,1,6.6,6.6,77724.0,77724.0,1,0.0
Sylvia Syms,1,7.3,7.3,85333.0,85333.0,2,0.0
Glenn Shadix,1,7.5,7.5,189413.0,189413.0,2,0.0
Jessica Raine,1,6.4,6.4,139749.0,139749.0,4,0.0
Tessa Thompson,1,5.0,5.0,34711.0,34711.0,2,0.0
Lee Majors,4,5.6000000000000005,6.3,20547.25,29008.0,4,6.0
Clayton Snyder,1,5.3,5.3,27580.0,27580.0,5,0.0
Adam Lamberg,1,5.3,5.3,27580.0,27580.0,5,0.0
Allison Tolman,3,6.8,7.1,63230.666666666664,79916.0,5,0.0
Virginia Capers,1,7.2,7.2,13442.0,13442.0,3,0.0
Rae'Ven Kelly,1,7.2,7.2,13442.0,13442.0,3,0.0
Dororthy Thorton,1,7.2,7.2,13442.0,13442.0,3,0.0
JoAnna Garcia Swisher,1,5.7,5.7,80305.0,80305.0,1,0.0
William Petersen,2,6.3,7.0,23647.5,26846.0,4,0.0
Claude Rains,3,8.4,8.6,219225.0,387508.0,7,23.0
Martha MacIsaac,2,6.6,6.6,67823.0,67824.0,3,0.0
André the Giant,1,8.1,8.1,294163.0,294163.0,4,0.0
Russ Tamblyn,1,7.8,7.8,431578.0,431578.0,2,0.0
Kali Rocha,1,6.0,6.0,15582.0,15582.0,3,0.0
Ser'Darius Blain,1,6.7,6.7,12596.0,12596.0,3,0.0
Jessie T. Usher,1,6.7,6.7,12596.0,12596.0,3,0.0
Luke Benward,1,6.4,6.4,8427.0,8427.0,3,0.0
Mitchell Ryan,2,6.15,7.4,47081.0,73347.0,6,2.0
Kurt Loder,1,4.0,4.0,28964.0,28964.0,5,0.0
Erica Leerhsen,1,4.0,4.0,28964.0,28964.0,5,0.0
Kim Director,1,4.0,4.0,28964.0,28964.0,5,0.0
Rachel True,2,6.35,6.5,30351.0,57140.0,5,4.0
Brenda Strong,3,6.566666666666667,6.9,19512.333333333332,57140.0,6,9.0
Hutch Dano,1,6.7,6.7,13874.0,13874.0,4,0.0
Jason Spevack,1,6.7,6.7,13874.0,13874.0,4,0.0
Sierra McCormick,1,6.7,6.7,13874.0,13874.0,4,0.0
Nicole Ari Parker,2,7.2,7.9,96272.5,189032.0,3,2.0
Nina Hartley,1,7.9,7.9,189032.0,189032.0,1,0.0
Joss Ackland,1,5.5,5.5,17074.0,17074.0,5,0.0
Danny Pino,3,6.933333333333334,7.9,5804.0,8369.0,8,1.0
Joey Lawrence,1,4.1,4.1,13048.0,13048.0,3,0.0
Firass Dirani,1,4.7,4.7,27486.0,27486.0,3,0.0
Cinda McCain,2,6.1,6.3,7627.0,14814.0,2,0.0
Angelo Anthony Pizza,1,7.3,7.3,187170.0,187170.0,3,0.0
Akie Kotabe,1,6.3,6.3,50056.0,50056.0,3,0.0
Geneviève Bujold,1,4.9,4.9,13320.0,13320.0,3,0.0
Jason Priestley,3,5.733333333333333,7.1,5810.333333333333,13320.0,4,16.0
George C. Scott,4,7.625,8.5,126160.0,342585.0,9,23.0
Nina Hoss,1,6.8,6.8,57210.0,57210.0,3,0.0
Homayoun Ershadi,1,6.8,6.8,57210.0,57210.0,3,0.0
Cam Clarke,1,5.7,5.7,2037.0,2037.0,4,0.0
Phil Vischer,2,6.15,6.6,2586.0,3135.0,6,6.0
Yuri Lowenthal,1,5.7,5.7,2037.0,2037.0,4,0.0
Larry Mullen Jr.,1,8.4,8.4,2673.0,2673.0,2,0.0
The Edge,1,8.4,8.4,2673.0,2673.0,2,0.0
Adrian Paul,1,4.6,4.6,16340.0,16340.0,4,0.0
Adam Copeland,1,4.6,4.6,16340.0,16340.0,4,0.0
Kevin Gage,3,6.166666666666667,7.2,9104.333333333334,19768.0,6,14.0
Sandra Nelson,1,6.6,6.6,9649.0,9649.0,4,0.0
Keith Allen,2,6.25,6.6,8584.0,9649.0,7,3.0
Kyla Pratt,1,2.8,2.8,2724.0,2724.0,2,0.0
Shirley Douglas,1,2.8,2.8,2724.0,2724.0,2,0.0
Daniel Wu,2,6.25,7.1,31324.0,53471.0,4,3.0
Nicole de Boer,2,7.4,7.5,83816.5,160511.0,5,0.0
Chris Bruno,1,7.5,7.5,7122.0,7122.0,4,
Michael Michele,1,6.6,6.6,17261.0,17261.0,4,0.0
Khandi Alexander,4,6.475,7.5,17198.0,39508.0,4,9.0
Dan Futterman,3,6.766666666666667,7.0,11199.0,24150.0,8,10.0
Marla Sokoloff,2,5.5,5.5,62340.0,116625.0,4,0.0
Estelle Parsons,2,7.4,7.4,1465.0,1465.0,2,0.0
Anna Madeley,1,8.0,8.0,307639.0,307639.0,3,0.0
Eric Godon,1,8.0,8.0,307639.0,307639.0,3,0.0
Elizabeth Berrington,1,8.0,8.0,307639.0,307639.0,3,0.0
Diahann Carroll,3,5.766666666666667,7.3,3774.0,6915.0,8,19.0
Conleth Hill,1,7.2,7.2,58967.0,58967.0,2,0.0
Guillermo Arriaga,1,7.5,7.5,34194.0,34194.0,5,0.0
Corbin Bernsen,6,6.616666666666667,8.4,49549.0,175962.0,7,21.0
Chris Geere,1,5.5,5.5,15388.0,15388.0,4,0.0
Anna Silk,1,7.9,7.9,3828.0,3828.0,3,
Mac McDonald,1,6.7,6.7,42792.0,42792.0,4,0.0
Mike Muscat,1,5.3,5.3,4996.0,4996.0,3,0.0
Thomas Stroppel,1,5.6,5.6,1933.0,1933.0,3,0.0
Amber Marie Bollinger,1,5.6,5.6,1933.0,1933.0,3,0.0
Kalim Chandler,1,5.6,5.6,1933.0,1933.0,3,0.0
Gustav Fröhlich,1,8.3,8.3,111841.0,111841.0,2,0.0
Rudolf Klein-Rogge,1,8.3,8.3,111841.0,111841.0,2,0.0
Brigitte Helm,1,8.3,8.3,111841.0,111841.0,2,0.0
Dany Verissimo-Petit,1,7.2,7.2,55928.0,55928.0,3,0.0
Satoshi Tsumabuki,1,6.4,6.4,9427.0,9427.0,2,0.0
Konstantin Lavronenko,1,8.0,8.0,31589.0,31589.0,3,0.0
Vladimir Garin,1,8.0,8.0,31589.0,31589.0,3,0.0
Nataliya Vdovina,1,8.0,8.0,31589.0,31589.0,3,0.0
Sarunyu Wongkrachang,2,6.4,6.6,13118.0,24570.0,5,7.0
Petchtai Wongkamlao,1,6.2,6.2,24570.0,24570.0,1,0.0
Nirut Sirichanya,1,6.2,6.2,24570.0,24570.0,1,0.0
JJ Feild,2,6.7,7.0,34896.5,64777.0,6,9.0
Conrad Dunn,1,5.6,5.6,2699.0,2699.0,3,0.0
Gina Bellman,1,5.6,5.6,2699.0,2699.0,3,0.0
Aubrey Poo,1,6.0,6.0,609.0,609.0,3,0.0
Edward Fox,1,4.5,4.5,2236.0,2236.0,4,0.0
Gael Le Cornec,1,5.9,5.9,7519.0,7519.0,5,0.0
Hans Matheson,2,5.9,6.0,2134.5,3425.0,5,5.0
Steven Elder,1,4.9,4.9,5018.0,5018.0,3,0.0
Lucy Gaskell,1,4.9,4.9,5018.0,5018.0,3,0.0
Ferdinando Vetere,1,5.7,5.7,80.0,80.0,1,0.0
Rodrigo De la Serna,1,5.7,5.7,80.0,80.0,1,0.0
Maximilian Dirr,1,5.7,5.7,80.0,80.0,1,0.0
Yasuaki Kurata,1,7.1,7.1,9177.0,9177.0,4,0.0
Linus Roache,2,5.25,6.6,492.0,695.0,3,12.0
Arben Bajraktaraj,1,7.5,7.5,12937.0,12937.0,2,0.0
Bart Shatto,1,6.2,6.2,993.0,993.0,3,0.0
Sharon Leal,2,5.7,6.2,3484.0,5975.0,4,0.0
Jean-Marc Barr,1,7.4,7.4,18646.0,18646.0,1,0.0
Jeremy Davies,4,7.199999999999999,7.4,55670.75,106098.0,6,11.0
Saurabh Shukla,1,8.0,8.0,641997.0,641997.0,2,0.0
Ayush Mahesh Khedekar,1,8.0,8.0,641997.0,641997.0,2,0.0
Anil Kapoor,2,6.4,8.0,321760.5,641997.0,3,3.0
Lois Smith,3,7.066666666666666,7.6,43742.0,73193.0,5,12.0
Joe Flaherty,2,8.1,9.5,11763.0,23516.0,6,0.0
John Meillon,1,5.5,5.5,44096.0,44096.0,3,0.0
Chad Bishop,1,5.7,5.7,1554.0,1554.0,5,0.0
Malik Yoba,2,7.35,7.8,48575.5,69733.0,6,0.0
Jensen Ackles,2,6.45,7.4,35466.0,45603.0,6,0.0
Barbara Bach,1,7.1,7.1,76477.0,76477.0,4,0.0
Caroline Munro,1,7.1,7.1,76477.0,76477.0,4,0.0
Amy Bruni,1,6.6,6.6,5563.0,5563.0,1,
Steve Gonsalves,1,6.6,6.6,5563.0,5563.0,1,
Jason Hawes,1,6.6,6.6,5563.0,5563.0,1,
Susan Hogan,1,6.7,6.7,15730.0,15730.0,2,0.0
Olivia Colman,1,6.4,6.4,82327.0,82327.0,3,0.0
Shelby Vischer,1,6.6,6.6,3135.0,3135.0,6,0.0
Mike Nawrocki,1,6.6,6.6,3135.0,3135.0,6,0.0
Maya Angelou,1,5.9,5.9,8904.0,8904.0,2,0.0
Gino Salvano,1,5.7,5.7,9693.0,9693.0,4,0.0
Roger Guenveur Smith,1,5.7,5.7,9693.0,9693.0,4,0.0
Allen Payne,1,4.5,4.5,17262.0,17262.0,4,0.0
Linda Blair,2,5.85,8.0,150273.0,284252.0,1,4.0
Lance Gross,1,4.9,4.9,5721.0,5721.0,2,0.0
Paolo Seganti,1,6.9,6.9,9323.0,9323.0,3,0.0
Bethany Joy Lenz,1,5.7,5.7,19805.0,19805.0,2,0.0
Eliza Coupe,2,5.9,6.3,7560.5,13866.0,3,5.0
Kane Hodder,6,4.933333333333334,5.7,21021.333333333332,38985.0,7,26.0
Lexa Doig,1,4.4,4.4,38985.0,38985.0,4,0.0
China Chow,1,5.4,5.4,11693.0,11693.0,3,0.0
Osric Chau,1,5.4,5.4,11233.0,11233.0,2,0.0
Isaach De Bankolé,1,8.0,8.0,89906.0,89906.0,2,0.0
Emmanuelle Seigner,1,8.0,8.0,89906.0,89906.0,2,0.0
Jane Adams,3,7.233333333333333,7.6,33080.0,92781.0,4,14.0
Noam Jenkins,1,5.9,5.9,12519.0,12519.0,3,0.0
Tovah Feldshuh,1,6.6,6.6,6782.0,6782.0,1,0.0
Bonnie Henna,1,6.7,6.7,9334.0,9334.0,3,0.0
Melissa Sagemiller,1,3.9,3.9,7277.0,7277.0,4,0.0
Candace Kroslak,1,3.9,3.9,7277.0,7277.0,4,0.0
Angela Featherstone,2,5.45,7.0,9821.5,12366.0,6,3.0
Nigel Whitmey,1,5.7,5.7,2427.0,2427.0,4,0.0
Todd Boyce,1,5.7,5.7,2427.0,2427.0,4,0.0
Behrouz Vossoughi,1,6.5,6.5,524.0,524.0,3,0.0
Ruth Sheen,2,7.199999999999999,7.6,13047.0,17933.0,3,12.0
Karl Johnson,1,6.8,6.8,17933.0,17933.0,3,0.0
Edouard Baer,2,6.6,6.9,2306.5,3174.0,5,8.0
Sara Forestier,2,6.75,7.2,4739.0,6304.0,3,1.0
Ulrich Mühe,2,7.9,8.5,135228.0,259379.0,5,4.0
Woo-sung Jung,2,7.1,7.3,16112.5,26156.0,4,2.0
Kelly Lin,1,6.9,6.9,6069.0,6069.0,1,0.0
John Gallagher Jr.,2,6.9,7.3,69473.0,126893.0,5,5.0
Diora Baird,1,3.6,3.6,9928.0,9928.0,2,0.0
Elisa Donovan,1,6.8,6.8,123390.0,123390.0,2,0.0
Krystyna Janda,2,9.1,9.1,12590.5,12591.0,1,
Olgierd Lukaszewicz,2,9.1,9.1,12590.5,12591.0,1,
Olaf Lubaszenko,2,9.1,9.1,12590.5,12591.0,1,
Amelia Warner,1,7.4,7.4,44795.0,44795.0,2,0.0
Stephen Marcus,1,7.4,7.4,44795.0,44795.0,2,0.0
Jacek Koman,1,7.4,7.4,271.0,271.0,4,
Jaroslaw Boberek,1,7.4,7.4,271.0,271.0,4,
Marian Dziedziel,1,7.4,7.4,271.0,271.0,4,
Bruno Ganz,1,8.3,8.3,248354.0,248354.0,4,0.0
Belén Rueda,2,7.8,8.1,92372.5,120189.0,5,3.0
Lola Dueñas,2,7.85,8.1,70618.5,76681.0,6,2.0
Tamar Novas,1,8.1,8.1,64556.0,64556.0,3,0.0
Paul Brannigan,1,6.3,6.3,85022.0,85022.0,4,0.0
Alison Chand,1,6.3,6.3,85022.0,85022.0,4,0.0
Stephanie Danielson,1,3.6,3.6,912.0,912.0,1,0.0
Boys II Men,1,1.6,1.6,74351.0,74351.0,2,0.0
Sean Kingston,1,1.6,1.6,74351.0,74351.0,2,0.0
Fredro Starr,2,5.199999999999999,6.1,23964.5,47876.0,4,14.0
Tuesday Knight,1,5.7,5.7,36108.0,36108.0,3,0.0
Rodney Eastman,1,5.7,5.7,36108.0,36108.0,3,0.0
Brooke Bundy,1,5.7,5.7,36108.0,36108.0,3,0.0
Brighton Sharbino,3,7.266666666666667,8.2,6393.333333333333,12796.0,6,3.0
Patrick Wayne,1,6.8,6.8,42614.0,42614.0,5,0.0
Andrew Keegan,3,6.533333333333334,7.2,85588.33333333333,222099.0,4,2.0
Gene Simmons,1,5.9,5.9,28805.0,28805.0,1,0.0
Sedona Legge,1,6.8,6.8,12983.0,12983.0,3,0.0
Antonio Sabato Jr.,1,6.1,6.1,24834.0,24834.0,4,0.0
Charlotte Sullivan,3,6.233333333333333,6.8,14519.0,31836.0,5,13.0
Greg Germann,3,5.333333333333333,5.9,17662.0,31371.0,7,24.0
Jenny Agutter,3,5.766666666666667,6.8,23820.333333333332,39847.0,6,36.0
Henry Simmons,2,6.25,6.9,22320.0,31964.0,4,5.0
Kate del Castillo,4,5.925000000000001,7.5,8615.0,14831.0,5,7.0
Elina Alminas,1,7.7,7.7,289508.0,289508.0,4,0.0
Corey Johnson,1,7.7,7.7,289508.0,289508.0,4,0.0
Sonoya Mizuno,1,7.7,7.7,289508.0,289508.0,4,0.0
Orson Bean,1,7.8,7.8,254404.0,254404.0,3,0.0
Teo Halm,1,5.8,5.8,15664.0,15664.0,3,0.0
Jason Gray-Stanford,1,5.8,5.8,15664.0,15664.0,3,0.0
Ella Wahlestedt,1,5.8,5.8,15664.0,15664.0,3,0.0
Rolando Molina,2,6.3,6.5,24449.0,27492.0,3,1.0
Kazunari Ninomiya,1,7.9,7.9,132149.0,132149.0,3,0.0
Yuki Matsuzaki,1,7.9,7.9,132149.0,132149.0,3,0.0
Shidô Nakamura,1,7.9,7.9,132149.0,132149.0,3,0.0
Lena Endre,1,8.1,8.1,335.0,335.0,4,
David Dencik,1,8.1,8.1,335.0,335.0,4,
Justin Chon,2,5.25,5.9,31222.5,60407.0,2,1.0
Sarah Wright,2,5.300000000000001,5.9,33887.0,60407.0,1,5.0
Josie Loren,1,5.9,5.9,60407.0,60407.0,1,0.0
Catalina Sandino Moreno,3,7.133333333333333,7.5,32407.666666666668,63084.0,6,8.0
Kathryn Morris,2,6.65,6.8,10349.0,18442.0,3,8.0
Sarita Choudhury,2,5.85,6.0,18406.0,28573.0,5,17.0
Yves Jacques,1,7.3,7.3,4767.0,4767.0,2,0.0
Daniel Auteuil,1,7.3,7.3,4767.0,4767.0,2,0.0
Meghan Heffern,1,6.3,6.3,56264.0,56264.0,4,0.0
Natalie Lisinska,1,6.3,6.3,56264.0,56264.0,4,0.0
Paul Mazursky,1,5.9,5.9,1595.0,1595.0,3,0.0
Ezra Miller,4,7.225,8.0,119350.25,351274.0,4,3.0
Thomas Ian Griffith,1,5.1,5.1,922.0,922.0,1,0.0
Ian Gomez,1,5.1,5.1,922.0,922.0,1,0.0
Luke Treadaway,1,6.6,6.6,82331.0,82331.0,4,0.0
John Boyega,1,6.6,6.6,82331.0,82331.0,4,0.0
Nikola Djuricko,1,4.3,4.3,31414.0,31414.0,3,0.0
Branko Djuric,1,4.3,4.3,31414.0,31414.0,3,0.0
Jelena Jovanova,1,4.3,4.3,31414.0,31414.0,3,0.0
Tara Platt,1,6.7,6.7,88241.0,88241.0,2,0.0
Dean Dawson,1,6.8,6.8,90.0,90.0,4,0.0
Jung-jae Lee,1,6.8,6.8,90.0,90.0,4,0.0
Steve Irwin,1,5.4,5.4,5663.0,5663.0,4,0.0
Louis Herthum,1,6.6,6.6,77305.0,77305.0,5,0.0
Annie Golden,1,6.6,6.6,77305.0,77305.0,5,0.0
Dameon Clarke,1,6.6,6.6,77305.0,77305.0,5,0.0
Gary Schwartz,1,7.4,7.4,16281.0,16281.0,3,0.0
Everett McGill,3,7.2,8.0,26751.333333333332,63733.0,5,18.0
Gabriel Millman,1,6.9,6.9,14354.0,14354.0,1,0.0
Rob Morrow,1,6.9,6.9,14354.0,14354.0,1,0.0
Hannah Murray,1,6.4,6.4,9957.0,9957.0,3,0.0
Jude Ciccolella,1,7.8,7.8,75675.0,75675.0,3,0.0
Julian Morris,4,5.25,5.9,14346.25,24012.0,5,9.0
Margo Harshman,1,5.1,5.1,24012.0,24012.0,2,0.0
Ronald Colman,1,7.8,7.8,3256.0,3256.0,3,0.0
Mary Astor,1,7.8,7.8,3256.0,3256.0,3,0.0
Cara Horgan,1,7.8,7.8,132386.0,132386.0,2,0.0
Sheila Hancock,1,7.8,7.8,132386.0,132386.0,2,0.0
Richard Johnson,1,7.8,7.8,132386.0,132386.0,2,0.0
Björk,1,8.0,8.0,79330.0,79330.0,3,0.0
Vincent Gallo,4,6.325,7.5,14206.5,36657.0,4,8.0
Christian Campbell,2,6.15,6.2,8195.5,14757.0,6,2.0
Bill Erwin,2,7.3,7.3,41401.0,61753.0,6,8.0
Gabriel Damon,1,7.3,7.3,61753.0,61753.0,3,0.0
Min-sik Choi,3,8.066666666666668,8.4,147210.66666666666,356181.0,6,2.0
Bin Won,1,8.1,8.1,31943.0,31943.0,3,0.0
Lee J. Cobb,2,8.45,8.9,366018.5,447785.0,3,16.0
Robert Shaw,5,7.659999999999999,8.3,142021.4,412454.0,9,13.0
Lambert Wilson,3,7.066666666666666,7.9,8704.333333333334,12411.0,5,4.0
Charlotte Lewis,1,5.9,5.9,39798.0,39798.0,5,0.0
Ally Sheedy,3,6.733333333333333,7.1,30843.0,71842.0,5,27.0
Jason Cottle,1,6.5,6.5,57996.0,57996.0,5,0.0
Alex Veadov,1,6.5,6.5,57996.0,57996.0,5,0.0
Rorke Denver,1,6.5,6.5,57996.0,57996.0,5,0.0
Josh Henderson,2,5.55,6.5,46451.5,90938.0,6,8.0
Sid Haig,5,6.4,7.5,79400.4,239540.0,6,15.0
Ashley Hinshaw,1,7.1,7.1,204327.0,204327.0,3,0.0
Amy Irving,3,6.966666666666666,7.2,15781.666666666666,29239.0,3,26.0
Steven Hill,1,6.6,6.6,9503.0,9503.0,3,0.0
Katherine Boecher,2,3.3,3.3,34219.0,34219.0,2,0.0
Britney Spears,2,3.3,3.3,34219.0,34219.0,2,0.0
Dave Allen,2,3.3,3.3,34219.0,34219.0,2,0.0
Kirby Bliss Blanton,1,6.7,6.7,157051.0,157051.0,2,0.0
Oliver Cooper,1,6.7,6.7,157051.0,157051.0,2,0.0
Bill Hickman,1,8.0,8.0,76398.0,76398.0,3,0.0
Jerry Nelson,1,7.7,7.7,33850.0,33850.0,5,0.0
Anthony Burrell,1,5.9,5.9,12383.0,12383.0,2,0.0
Ashley Ashida Dixon,1,5.9,5.9,12383.0,12383.0,2,0.0
Lexie Contursi,1,5.9,5.9,12383.0,12383.0,2,0.0
Nat Wolff,3,6.833333333333333,7.8,110943.33333333333,249688.0,3,2.0
Richard Dysart,1,5.4,5.4,3000.0,3000.0,2,0.0
Talia Shire,2,5.800000000000001,6.2,1531.0,3000.0,3,30.0
Robert Foxworth,1,5.4,5.4,3000.0,3000.0,2,0.0
Lusia Strus,1,7.0,7.0,62468.0,62468.0,3,0.0
Kathryn Erbe,3,6.3999999999999995,7.0,21515.333333333332,62468.0,5,13.0
Kelvin Taylor,1,8.6,8.6,173172.0,173172.0,5,
Viva Bianca,1,8.6,8.6,173172.0,173172.0,5,
Peter Hermann,2,6.6,7.6,40286.0,76094.0,3,0.0
Mare Winningham,1,7.6,7.6,76094.0,76094.0,2,0.0
Tammin Sursok,1,5.3,5.3,30462.0,30462.0,4,0.0
Dichen Lachman,2,4.2,5.3,15656.5,30462.0,5,3.0
Joanna 'JoJo' Levesque,1,5.3,5.3,30462.0,30462.0,4,0.0
Meg Crosbie,1,6.4,6.4,63390.0,63390.0,3,0.0
Lark Voorhies,1,5.3,5.3,2301.0,2301.0,1,0.0
Bill Irwin,3,6.666666666666667,7.0,24295.666666666668,41226.0,3,9.0
John Colicos,1,6.6,6.6,16764.0,16764.0,4,0.0
Martin Semmelrogge,1,8.4,8.4,168203.0,168203.0,4,0.0
Herbert Grönemeyer,1,8.4,8.4,168203.0,168203.0,4,0.0
Tom Hughes,1,7.8,7.8,202341.0,202341.0,3,0.0
Zhengyong Zhang,1,7.6,7.6,92295.0,92295.0,4,0.0
Jonny Weston,2,6.25,6.4,39117.0,57349.0,5,0.0
Sofia Black-D'Elia,2,5.4,6.4,28793.0,57349.0,5,1.0
Gary Weeks,1,6.4,6.4,57349.0,57349.0,2,0.0
Veronika Dash,1,7.0,7.0,15412.0,15412.0,3,0.0
Tammy Blanchard,2,7.0,7.0,28015.0,40618.0,3,2.0
Sherman Hemsley,1,5.7,5.7,6965.0,6965.0,2,0.0
Aleksa Palladino,1,6.3,6.3,20576.0,20576.0,2,0.0
Greg Mottola,1,6.3,6.3,20576.0,20576.0,2,0.0
Jill Clayburgh,1,6.2,6.2,20000.0,20000.0,2,0.0
Brian Dietzen,1,2.1,2.1,23606.0,23606.0,3,0.0
Kelly Clarkson,1,2.1,2.1,23606.0,23606.0,3,0.0
Nick Damici,2,5.9,6.5,26447.5,34263.0,5,7.0
Susan Gardner,1,5.3,5.3,18632.0,18632.0,2,0.0
Samantha Ivers,1,7.1,7.1,29613.0,29613.0,2,0.0
Ah-sung Ko,1,7.0,7.0,68883.0,68883.0,4,0.0
Doona Bae,1,7.0,7.0,68883.0,68883.0,4,0.0
Paul Gleason,1,5.7,5.7,763.0,763.0,3,0.0
Serena Grandi,1,7.7,7.7,55516.0,55516.0,1,0.0
Sabrina Ferilli,1,7.7,7.7,55516.0,55516.0,1,0.0
Toni Servillo,1,7.7,7.7,55516.0,55516.0,1,0.0
Michael Harding,1,7.1,7.1,12047.0,12047.0,2,0.0
Jake Richardson,1,7.1,7.1,12047.0,12047.0,2,0.0
Harmony Korine,1,6.8,6.8,84620.0,84620.0,2,0.0
Mia Wasikowska,3,6.866666666666667,7.1,71617.33333333333,110616.0,3,3.0
Erin Boyes,1,6.3,6.3,8014.0,8014.0,3,0.0
David Richmond-Peck,1,6.3,6.3,8014.0,8014.0,3,0.0
Timothy Webber,1,6.3,6.3,8014.0,8014.0,3,0.0
Eamonn Walker,3,6.933333333333334,7.3,19427.333333333332,29608.0,8,6.0
Alicja Bachleda,3,7.233333333333334,7.5,14256.0,16863.0,7,5.0
James Shigeta,1,7.2,7.2,18520.0,18520.0,3,0.0
Andy Davoli,1,6.4,6.4,12559.0,12559.0,2,0.0
Bálint Péntek,1,7.1,7.1,5603.0,5603.0,3,0.0
Marcell Nagy,1,7.1,7.1,5603.0,5603.0,3,0.0
Péter Fancsikai,1,7.1,7.1,5603.0,5603.0,3,0.0
Ni Yan,3,6.233333333333333,7.3,2536.3333333333335,2789.0,2,5.0
Dahong Ni,2,5.7,5.7,2410.0,2410.0,2,0.0
Yuanyuan Gao,1,7.7,7.7,8429.0,8429.0,3,0.0
Ryu Kohata,1,7.7,7.7,8429.0,8429.0,3,0.0
Rebecca Black,1,3.2,3.2,408.0,408.0,5,0.0
Hiroyuki Ikeuchi,1,6.1,6.1,4899.0,4899.0,4,0.0
Meisa Kuroki,1,6.1,6.1,4899.0,4899.0,4,0.0
Kenneth Cranham,1,5.6,5.6,12128.0,12128.0,3,0.0
Ana Imnadze,1,5.6,5.6,12128.0,12128.0,3,0.0
Rachael Carpani,1,6.9,6.9,64423.0,64423.0,3,0.0
Emma Lung,1,6.9,6.9,64423.0,64423.0,3,0.0
Michael Dorman,1,6.9,6.9,64423.0,64423.0,3,0.0
Kelly LeBrock,1,7.5,7.5,314.0,314.0,1,0.0
Alexandra Callas,1,7.5,7.5,314.0,314.0,1,0.0
Connor Corum,1,5.8,5.8,21034.0,21034.0,2,0.0
Matt Marr,1,2.8,2.8,105.0,105.0,2,0.0
Ginger Jensen,1,2.8,2.8,105.0,105.0,2,0.0
Gary Daniels,1,2.8,2.8,105.0,105.0,2,0.0
Denise Crosby,1,6.6,6.6,63855.0,63855.0,2,0.0
Tetsu Watanabe,1,7.5,7.5,3466.0,3466.0,1,0.0
Akira Terao,1,7.5,7.5,3466.0,3466.0,1,0.0
Tatsuo Matsumura,1,7.5,7.5,3466.0,3466.0,1,0.0
Wei Tang,1,6.2,6.2,117.0,117.0,1,0.0
Hailu Qin,1,6.2,6.2,117.0,117.0,1,0.0
Zach Galligan,2,6.25,7.2,73118.0,142293.0,3,9.0
Harry Carey Jr.,3,7.466666666666666,7.8,58509.666666666664,142293.0,7,36.0
Peter Cushing,1,8.7,8.7,911097.0,911097.0,4,0.0
Jason Mantzoukas,1,6.0,6.0,49671.0,49671.0,1,0.0
Klaus Kinski,1,8.0,8.0,55816.0,55816.0,3,0.0
Wagner Moura,3,7.133333333333333,8.1,32606.333333333332,81644.0,6,7.0
Selton Mello,1,7.2,7.2,14437.0,14437.0,5,0.0
Daniel Zettel,1,7.2,7.2,14437.0,14437.0,5,0.0
Jack McGee,2,6.65,7.9,138137.0,275869.0,5,13.0
Lane Smith,3,6.6000000000000005,7.5,43316.666666666664,82743.0,7,5.0
Zoe Ventoura,1,4.3,4.3,3104.0,3104.0,3,0.0
Christopher Sommers,1,4.3,4.3,3104.0,3104.0,3,0.0
John Enos III,2,7.199999999999999,7.3,106711.5,207934.0,5,5.0
Lauren German,4,5.875000000000001,7.4,68881.25,162701.0,6,11.0
Robert Prosky,1,7.6,7.6,73193.0,73193.0,2,0.0
Eric Mabius,3,6.966666666666666,7.7,50593.333333333336,149222.0,3,14.0
Shawnee Smith,6,6.416666666666668,7.7,136629.33333333334,299127.0,5,9.0
George Newbern,2,5.65,6.0,41237.0,76207.0,3,2.0
Sid Caesar,5,7.06,7.6,57026.8,170027.0,6,18.0
Alicia Keys,1,7.3,7.3,19440.0,19440.0,1,0.0
Peter Berg,1,4.6,4.6,10966.0,10966.0,2,0.0
Steven Bauer,1,6.0,6.0,9903.0,9903.0,3,0.0
Gabrielle Carteris,1,6.0,6.0,9903.0,9903.0,3,0.0
Bud Cort,2,6.25,7.0,14105.0,23023.0,4,14.0
Louise Fletcher,3,6.7,8.7,228933.66666666666,680041.0,3,32.0
Fiona Glascott,1,7.5,7.5,73249.0,73249.0,2,0.0
Eva Birthistle,1,7.5,7.5,73249.0,73249.0,2,0.0
Hardy Krüger,1,8.1,8.1,101627.0,101627.0,4,0.0
Sheridan Smith,1,6.8,6.8,15684.0,15684.0,2,0.0
Pauline Collins,1,6.8,6.8,15684.0,15684.0,2,0.0
Patricia Tallman,1,7.6,7.6,128850.0,128850.0,3,0.0
Jim Rash,2,6.35,7.4,64125.0,115813.0,3,11.0
Kevin Tighe,3,6.7,7.8,72619.33333333333,171882.0,4,5.0
Alan Van Sprang,2,7.45,7.7,18131.0,34098.0,6,1.0
Scott Handy,1,7.7,7.7,2164.0,2164.0,3,0.0
Jimi Mistry,3,6.433333333333334,7.0,10131.0,14548.0,4,8.0
Alex Karpovsky,2,6.85,7.4,48496.5,96233.0,3,1.0
Wayne Pygram,1,5.1,5.1,14129.0,14129.0,3,0.0
Lisa Pelikan,1,5.1,5.1,14129.0,14129.0,3,0.0
Samantha Eggar,1,6.9,6.9,2603.0,2603.0,2,0.0
David Kennedy,1,6.8,6.8,11132.0,11132.0,3,0.0
Angus Barnett,1,6.8,6.8,11132.0,11132.0,3,0.0
Phyllida Law,1,6.8,6.8,11132.0,11132.0,3,0.0
Geoff Bell,3,6.433333333333334,6.9,33949.0,66840.0,6,4.0
Scott Patterson,1,5.8,5.8,88529.0,88529.0,2,0.0
John Cassavetes,2,7.1,8.0,70572.5,140527.0,4,1.0
Britt Ekland,1,6.2,6.2,618.0,618.0,3,0.0
Alix Freihage,1,4.3,4.3,45144.0,45144.0,3,0.0
Lina Esco,1,4.3,4.3,45144.0,45144.0,3,0.0
Max Cullen,1,6.4,6.4,5772.0,5772.0,4,0.0
John Howard,1,6.4,6.4,5772.0,5772.0,4,0.0
Deborra-Lee Furness,1,6.4,6.4,5772.0,5772.0,4,0.0
John Abraham,2,6.9,7.8,13279.0,13998.0,2,1.0
Preity Zinta,2,6.95,7.9,24223.5,34449.0,3,2.0
Shah Rukh Khan,4,7.199999999999999,8.0,40125.5,69759.0,5,8.0
Tom Cullen,3,6.3999999999999995,7.7,16531.0,28570.0,6,3.0
Francesc Pagès,1,5.4,5.4,16747.0,16747.0,1,0.0
Glenn Beck,1,8.3,8.3,427357.0,427357.0,3,0.0
Keir Dullea,1,8.3,8.3,427357.0,427357.0,3,0.0
Gary Lockwood,1,8.3,8.3,427357.0,427357.0,3,0.0
Dee Wallace,4,6.5,7.9,88787.75,281842.0,6,31.0
Raoul Max Trujillo,1,6.3,6.3,1337.0,1337.0,2,0.0
Kelli Williams,1,6.4,6.4,859.0,859.0,2,0.0
Antonia Thomas,1,7.9,7.9,2651.0,2651.0,1,
Johnny Flynn,1,7.9,7.9,2651.0,2651.0,1,
Hannah Britland,1,7.9,7.9,2651.0,2651.0,1,
Boman Irani,1,5.3,5.3,8598.0,8598.0,1,0.0
Riteish Deshmukh,2,6.3,7.3,11087.5,13577.0,3,3.0
Arjun Rampal,1,5.3,5.3,8598.0,8598.0,1,0.0
Taylor Handley,1,5.8,5.8,2618.0,2618.0,4,0.0
Santiago Cabrera,1,6.6,6.6,3665.0,3665.0,3,0.0
Karin Viard,2,7.35,7.4,12928.0,15060.0,4,3.0
Eric Elmosnino,1,7.4,7.4,15060.0,15060.0,3,0.0
François Damiens,1,7.4,7.4,15060.0,15060.0,3,0.0
Glen Powell,2,4.45,5.3,3534.0,6935.0,4,1.0
Leigh Whannell,3,6.3,6.6,101839.66666666667,142115.0,4,9.0
Clare Kramer,1,5.9,5.9,70141.0,70141.0,2,0.0
Eddie Albert,2,7.55,7.8,21805.0,43270.0,4,3.0
Richard Beymer,2,7.699999999999999,7.8,57594.5,71919.0,8,1.0
Ted Raimi,4,6.9,7.8,97774.75,141219.0,5,26.0
Frances Bay,2,6.3,7.0,78260.0,156143.0,3,1.0
Patricia Belcher,2,6.4,6.7,62674.5,86890.0,4,12.0
Al Leong,2,6.7,6.9,55487.5,85362.0,6,6.0
Jack Wild,1,7.5,7.5,25303.0,25303.0,3,0.0
Ron Moody,1,7.5,7.5,25303.0,25303.0,3,0.0
Andrew Lawrence,1,6.5,6.5,6808.0,6808.0,5,0.0
Dabney Coleman,2,5.75,6.5,5356.0,6808.0,6,20.0
Tina Turner,1,6.2,6.2,101840.0,101840.0,4,0.0
Angelo Rossitto,2,4.8,6.2,51897.5,101840.0,5,5.0
Vernon Wells,3,5.766666666666667,7.6,82117.33333333333,133966.0,5,29.0
Stephanie Lemelin,1,6.0,6.0,35654.0,35654.0,3,0.0
Hayley Kiyoko,1,6.1,6.1,54190.0,54190.0,3,0.0
Vanity,2,6.050000000000001,6.9,8496.5,9424.0,6,3.0
Austin O'Brien,1,5.4,5.4,27800.0,27800.0,2,0.0
Jeff Fahey,2,5.1,5.4,14127.5,27800.0,4,22.0
Sal Lopez,1,5.6,5.6,12388.0,12388.0,2,0.0
Shiri Appleby,2,5.55,6.1,10053.0,16300.0,4,1.0
Tom Waits,1,7.2,7.2,57363.0,57363.0,2,0.0
Isiah Whitlock Jr.,1,7.3,7.3,408.0,408.0,3,0.0
Herbert Lom,2,7.15,7.2,32200.0,44804.0,6,8.0
Jaden Klein,1,5.2,5.2,25210.0,25210.0,3,0.0
Laila Haley,1,5.2,5.2,25210.0,25210.0,3,0.0
Johnny Whitworth,2,5.35,6.0,23658.0,26849.0,4,7.0
Eddie Jones,2,5.949999999999999,6.6,3431.5,6143.0,4,19.0
Richard Lynch,2,5.05,5.3,4225.5,6143.0,4,2.0
Ronald Pickup,1,6.6,6.6,22369.0,22369.0,2,0.0
Tina Desai,1,6.6,6.6,22369.0,22369.0,2,0.0
Charlie Murphy,1,6.5,6.5,8295.0,8295.0,3,0.0
Simon Rhee,1,6.2,6.2,37901.0,37901.0,2,0.0
Steve Oedekerk,1,6.2,6.2,37901.0,37901.0,2,0.0
Jennifer Tung,1,6.2,6.2,37901.0,37901.0,2,0.0
Reba McEntire,1,7.1,7.1,90070.0,90070.0,3,0.0
Michael Gross,2,6.199999999999999,7.1,49029.0,90070.0,3,22.0
Lindy Booth,2,6.0,6.1,55257.5,87494.0,4,2.0
Byron Mann,1,6.0,6.0,15358.0,15358.0,5,0.0
Carlos Alazraqui,1,5.9,5.9,23928.0,23928.0,2,0.0
Niall Horan,1,4.1,4.1,22161.0,22161.0,2,0.0
Harry Styles,1,4.1,4.1,22161.0,22161.0,2,0.0
Zayn Malik,1,4.1,4.1,22161.0,22161.0,2,0.0
Chase Ellison,2,7.2,7.4,25218.0,46076.0,5,1.0
Jack Guzman,1,7.0,7.0,4360.0,4360.0,2,0.0
Chad Allen,1,7.0,7.0,4360.0,4360.0,2,0.0
Jasper Cole,1,5.5,5.5,35888.0,35888.0,3,0.0
Rob Huebel,2,6.7,6.7,55797.0,87203.0,5,0.0
Michaela Conlin,1,7.9,7.9,111506.0,111506.0,5,
Tamara Taylor,2,6.75,7.9,60989.0,111506.0,5,0.0
Johanna Braddy,2,5.949999999999999,6.1,56428.5,76828.0,3,1.0
Lee Tergesen,1,6.1,6.1,36029.0,36029.0,3,0.0
Carlo Cecchi,1,7.7,7.7,26832.0,26832.0,4,0.0
Clotilde Mollet,1,7.7,7.7,26832.0,26832.0,4,0.0
Johannes Silberschneider,1,7.7,7.7,26832.0,26832.0,4,0.0
Iddo Goldberg,2,6.949999999999999,7.3,46446.0,58509.0,4,5.0
India de Beaufort,1,6.6,6.6,58509.0,58509.0,3,0.0
Jillian Estell,1,6.6,6.6,8058.0,8058.0,1,0.0
François Chau,1,7.3,7.3,84641.0,84641.0,4,0.0
Toby Huss,1,7.3,7.3,84641.0,84641.0,4,0.0
Evan Ross,2,6.6,6.7,28462.0,56005.0,3,1.0
Flavio Parenti,1,7.0,7.0,14031.0,14031.0,2,0.0
Alba Rohrwacher,1,7.0,7.0,14031.0,14031.0,2,0.0
Waris Ahluwalia,1,7.0,7.0,14031.0,14031.0,2,0.0
Lesley Ann Warren,2,7.1,7.1,46180.5,67949.0,6,3.0
Dennis Burkley,1,5.6,5.6,1768.0,1768.0,3,0.0
Tim DeKay,2,7.15,7.3,18362.5,20426.0,4,1.0
Gillian White,1,6.5,6.5,8720.0,8720.0,3,0.0
Stephanie Vogt,1,4.8,4.8,20837.0,20837.0,3,0.0
Eoin Macken,1,4.8,4.8,20837.0,20837.0,3,0.0
Gen Seto,1,4.8,4.8,20837.0,20837.0,3,0.0
Dree Hemingway,1,6.3,6.3,30325.0,30325.0,2,0.0
Maria Dizzia,1,6.3,6.3,30325.0,30325.0,2,0.0
Robert Peters,2,7.050000000000001,7.2,17710.0,22246.0,5,15.0
Eddie 'Piolin' Sotelo,1,7.2,7.2,13174.0,13174.0,2,0.0
Rekha,2,6.15,6.3,10325.0,12411.0,7,10.0
Sharat Saxena,1,6.3,6.3,12411.0,12411.0,4,0.0
Naseeruddin Shah,2,6.85,7.4,15904.0,19397.0,6,5.0
Carol Sutton,1,6.7,6.7,59297.0,59297.0,4,0.0
Scott A. Martin,1,6.7,6.7,59297.0,59297.0,4,0.0
Robert Pralgo,2,6.75,7.0,32927.5,33473.0,6,5.0
Norah Jones,1,6.7,6.7,44208.0,44208.0,2,0.0
Adriane Lenox,1,6.7,6.7,44208.0,44208.0,2,0.0
George DiCenzo,1,6.2,6.2,1402.0,1402.0,1,0.0
Sergej Trifunovic,1,5.7,5.7,20008.0,20008.0,3,0.0
Karen Mok,1,7.3,7.3,56923.0,56923.0,3,0.0
Anna Vareschi,1,5.0,5.0,11487.0,11487.0,1,0.0
Cheryl Tiegs,1,5.0,5.0,11487.0,11487.0,1,0.0
Michel Serrault,1,6.6,6.6,1649.0,1649.0,3,0.0
Numan Acar,1,6.6,6.6,8307.0,8307.0,2,0.0
Claire Foy,1,6.6,6.6,8307.0,8307.0,2,0.0
Haluk Bilginer,1,6.6,6.6,8307.0,8307.0,2,0.0
Aitana Sánchez-Gijón,1,6.8,6.8,1135.0,1135.0,2,0.0
Romane Bohringer,2,7.199999999999999,7.6,23559.5,45984.0,3,8.0
Lubna Azabal,2,7.199999999999999,8.2,53719.0,80429.0,4,1.0
Larry Fessenden,2,6.9,7.3,26273.5,43839.0,4,3.0
Kip Pardue,3,6.1000000000000005,7.3,26509.666666666668,68222.0,4,2.0
Danny Dyer,5,6.4,7.1,17874.8,31890.0,7,8.0
Laura Harris,2,6.949999999999999,7.3,27149.0,31890.0,4,3.0
Dulé Hill,2,7.35,8.4,38643.0,67315.0,5,0.0
Kerry Cahill,1,7.0,7.0,19979.0,19979.0,1,0.0
Lee Norris,1,6.7,6.7,465.0,465.0,1,0.0
Andrés Montiel,1,6.2,6.2,683.0,683.0,3,0.0
Jorge Luis Moreno,1,6.2,6.2,683.0,683.0,3,0.0
William Miller,1,6.2,6.2,683.0,683.0,3,0.0
Jared Gilman,1,6.5,6.5,2041.0,2041.0,3,0.0
Harvey Weinstein,2,5.45,7.4,1722.5,2971.0,2,12.0
Sandra Echeverría,1,4.2,4.2,361.0,361.0,1,0.0
Nicholas Hamilton,1,5.2,5.2,5637.0,5637.0,3,0.0
Sean Keenan,1,5.2,5.2,5637.0,5637.0,3,0.0
Reef Ireland,1,5.2,5.2,5637.0,5637.0,3,0.0
Glenn Plummer,2,5.800000000000001,6.4,5934.0,10771.0,4,6.0
Drew Fuller,2,5.65,7.4,9547.5,14100.0,4,1.0
Drew Waters,3,5.1000000000000005,6.0,5869.333333333333,10196.0,6,6.0
Leonor Watling,1,6.1,6.1,22753.0,22753.0,3,0.0
Danny Sapani,1,6.1,6.1,22753.0,22753.0,3,0.0
Damian Walshe-Howling,1,5.8,5.8,11950.0,11950.0,2,0.0
Adrienne Pickering,1,5.8,5.8,11950.0,11950.0,2,0.0
Gyton Grantley,2,6.449999999999999,7.1,8845.5,11950.0,5,0.0
Adrian Holmes,1,5.7,5.7,11285.0,11285.0,4,0.0
Craig Fairbrass,1,5.7,5.7,11285.0,11285.0,4,0.0
Teryl Rothery,1,5.7,5.7,11285.0,11285.0,4,0.0
Mishael Morgan,1,4.5,4.5,1642.0,1642.0,2,0.0
Shane Pollard,1,4.5,4.5,1642.0,1642.0,2,0.0
Chase Armitage,1,4.5,4.5,1642.0,1642.0,2,0.0
Michael McElhatton,3,6.666666666666667,6.9,11444.666666666666,19616.0,6,3.0
Amanda Troop,1,4.8,4.8,162.0,162.0,2,0.0
Veronica Ferres,1,6.3,6.3,3075.0,3075.0,2,0.0
Sigríður María Egilsdóttir,1,6.9,6.9,1920.0,1920.0,3,0.0
Charlotte Bøving,1,6.9,6.9,1920.0,1920.0,3,0.0
Shabana Azmi,1,5.4,5.4,1250.0,1250.0,4,0.0
Sendhil Ramamurthy,2,6.550000000000001,7.7,101682.5,202115.0,7,0.0
John Light,1,7.0,7.0,2223.0,2223.0,2,0.0
Jesse Moss,1,7.0,7.0,2223.0,2223.0,2,0.0
Luke Perry,3,5.466666666666668,5.9,400.0,553.0,2,4.0
Dal-su Oh,1,7.3,7.3,26156.0,26156.0,4,0.0
Enrique Murciano,1,6.7,6.7,8369.0,8369.0,2,0.0
Victor Rivers,1,6.7,6.7,8369.0,8369.0,2,0.0
Akon,2,5.4,5.6,6378.5,12372.0,4,2.0
Burt Kwouk,2,7.0,7.1,47438.0,75280.0,6,8.0
Emmanuelle Riva,1,7.9,7.9,70382.0,70382.0,2,0.0
Jean-Louis Trintignant,2,8.0,8.1,44097.5,70382.0,2,42.0
Jesse Garcia,2,6.1,7.1,2719.0,3675.0,3,9.0
Spencer Tracy,4,7.5,8.3,19400.5,44457.0,9,23.0
Antonio de la Torre,1,7.6,7.6,76681.0,76681.0,4,0.0
Carmen Maura,1,7.6,7.6,76681.0,76681.0,4,0.0
Don Francks,1,6.7,6.7,23516.0,23516.0,5,0.0
John Vernon,2,6.5,6.7,18096.5,23516.0,7,12.0
Jizelle Jade,1,6.1,6.1,9006.0,9006.0,3,0.0
Luisa D'Oliveira,1,5.3,5.3,4486.0,4486.0,3,0.0
Michaela McManus,1,5.3,5.3,4486.0,4486.0,3,0.0
Steven Michael Quezada,2,7.0,8.0,4839.5,9673.0,4,4.0
Bárbara Mori,1,6.0,6.0,9673.0,9673.0,4,0.0
Luke Ford,2,7.45,7.5,6651.0,13003.0,6,0.0
Katrina Kaif,2,7.1,7.3,27936.5,42296.0,3,5.0
Vic Waghorn,1,6.9,6.9,42296.0,42296.0,2,0.0
Bolaji Badejo,1,8.5,8.5,563827.0,563827.0,2,0.0
Marilyn Burns,2,7.5,7.5,96410.5,96411.0,2,0.0
Edwin Neal,2,7.5,7.5,96410.5,96411.0,2,0.0
Rosalind Harris,1,8.0,8.0,29839.0,29839.0,4,0.0
Earl Cameron,1,7.0,7.0,82073.0,82073.0,3,0.0
Shanley Caswell,2,4.0,5.8,6577.0,12520.0,3,1.0
Parker Bagley,1,5.8,5.8,12520.0,12520.0,3,0.0
Lunetta Savino,1,7.3,7.3,8667.0,8667.0,3,0.0
Alessandro Preziosi,1,7.3,7.3,8667.0,8667.0,3,0.0
Jarrod Bunch,1,6.7,6.7,6525.0,6525.0,2,0.0
Catherine Hicks,1,6.5,6.5,62038.0,62038.0,2,0.0
Alex Vincent,1,6.5,6.5,62038.0,62038.0,2,0.0
Dinah Manoff,1,6.5,6.5,62038.0,62038.0,2,0.0
Bill Clinton,3,7.8,8.0,64364.666666666664,123090.0,3,5.0
Tucker Albrizzi,1,8.0,8.0,66610.0,66610.0,2,0.0
Roberta Valderrama,1,6.5,6.5,92364.0,92364.0,4,0.0
Don Ameche,2,7.25,7.5,52138.0,102895.0,4,45.0
Ralph Bellamy,1,7.5,7.5,102895.0,102895.0,1,0.0
Denholm Elliott,4,7.325,7.8,38047.5,102895.0,4,11.0
Patrick Cranshaw,1,5.5,5.5,4247.0,4247.0,2,0.0
Danny Webb,2,7.4,7.7,13424.0,23441.0,7,8.0
Gbenga Akinnagbe,1,7.2,7.2,32188.0,32188.0,2,0.0
Dylan Kussman,1,6.7,6.7,27536.0,27536.0,4,0.0
Nicky Katt,2,6.050000000000001,6.7,14577.0,27536.0,5,3.0
Kristin Lehman,1,6.7,6.7,27536.0,27536.0,4,0.0
Chris Young,1,6.5,6.5,10476.0,10476.0,1,0.0
Hunter Tylo,1,3.5,3.5,5478.0,5478.0,2,
Ronn Moss,1,3.5,3.5,5478.0,5478.0,2,
Katherine Kelly Lang,1,3.5,3.5,5478.0,5478.0,2,
Robert Urich,1,5.7,5.7,7767.0,7767.0,5,0.0
John Carradine,3,6.5,7.0,13408.333333333334,31077.0,7,46.0
Carly Schroeder,2,5.95,6.2,2215.0,3624.0,5,1.0
Janet McTeer,2,6.85,7.0,15349.0,27766.0,3,1.0
Jung-min Hwang,1,7.7,7.7,2379.0,2379.0,4,0.0
Jun Kunimura,1,7.7,7.7,2379.0,2379.0,4,0.0
Woo-hee Chun,1,7.7,7.7,2379.0,2379.0,4,0.0
Kevin McHale,1,5.4,5.4,5156.0,5156.0,2,0.0
Heather Morris,2,5.35,5.4,56919.5,108683.0,4,1.0
Chatchai Plengpanich,1,6.6,6.6,1666.0,1666.0,5,0.0
Mai Charoenpura,1,6.6,6.6,1666.0,1666.0,5,0.0
Lionel Abelanski,1,6.1,6.1,1673.0,1673.0,1,0.0
Julie Engelbrecht,1,6.1,6.1,1673.0,1673.0,1,0.0
Gary McDonald,1,7.6,7.6,8161.0,8161.0,1,0.0
Q'orianka Kilcher,2,5.1,6.2,1030.0,1201.0,4,6.0
Peter Callan,1,6.6,6.6,813.0,813.0,2,0.0
Jacqueline McKenzie,1,6.6,6.6,813.0,813.0,2,0.0
Vince Colosimo,1,6.6,6.6,813.0,813.0,2,0.0
Thure Lindhardt,2,6.5,7.3,7739.0,14247.0,6,4.0
Lars Mikkelsen,1,7.3,7.3,14247.0,14247.0,4,0.0
Perrey Reeves,1,4.2,4.2,2599.0,2599.0,3,0.0
John Henshaw,1,7.1,7.1,9305.0,9305.0,4,0.0
Ronit Elkabetz,1,6.0,6.0,1219.0,1219.0,1,0.0
Émilie Dequenne,1,6.0,6.0,1219.0,1219.0,1,0.0
David Gulpilil,2,7.0,7.5,49114.5,74743.0,5,16.0
Steven Waddington,1,5.7,5.7,4990.0,4990.0,7,0.0
Harrison Gilbertson,1,7.1,7.1,5741.0,5741.0,3,0.0
Steve Le Marquand,1,7.1,7.1,5741.0,5741.0,3,0.0
Maïwenn,2,7.05,7.3,32918.0,55040.0,3,8.0
James Arnold Taylor,1,7.9,7.9,28190.0,28190.0,6,
Celina Jade,1,5.7,5.7,5228.0,5228.0,3,0.0
Debrianna Mansini,1,7.3,7.3,67760.0,67760.0,3,0.0
Frederic Forrest,1,6.9,6.9,6142.0,6142.0,3,0.0
Alan Bates,1,6.9,6.9,6142.0,6142.0,3,0.0
Milo O'Shea,1,5.9,5.9,24436.0,24436.0,4,0.0
David Hemmings,1,5.9,5.9,24436.0,24436.0,4,0.0
Louisa Milwood-Haigh,1,6.7,6.7,1984.0,1984.0,2,0.0
Stian Smestad,1,6.7,6.7,1984.0,1984.0,2,0.0
Bjørn Sundquist,2,6.550000000000001,6.7,28292.5,54601.0,4,19.0
Molly Hagan,1,7.3,7.3,73640.0,73640.0,2,0.0
Valarie Pettiford,1,2.1,2.1,19412.0,19412.0,3,0.0
Max Beesley,1,2.1,2.1,19412.0,19412.0,3,0.0
Brad James,1,5.3,5.3,13167.0,13167.0,4,0.0
Sung-kee Ahn,1,7.2,7.2,3290.0,3290.0,2,0.0
Yu-mi Jeong,1,7.2,7.2,3290.0,3290.0,2,0.0
Samuel Roukin,1,7.0,7.0,21360.0,21360.0,3,0.0
Christopher B. Duncan,1,8.0,8.0,69759.0,69759.0,3,0.0
Jimmy Shergill,3,6.966666666666666,8.2,32703.0,69759.0,5,8.0
Robert Redford,1,6.9,6.9,59545.0,59545.0,3,0.0
Casey Siemaszko,2,7.6,8.1,138476.0,271794.0,3,13.0
Vanessa Martinez,1,7.1,7.1,5158.0,5158.0,3,0.0
Clive Standen,1,7.3,7.3,13577.0,13577.0,3,0.0
Orla Fitzgerald,1,7.5,7.5,36846.0,36846.0,2,0.0
Padraic Delaney,1,7.5,7.5,36846.0,36846.0,2,0.0
Martin Lucey,1,7.5,7.5,36846.0,36846.0,2,0.0
Ranbir Kapoor,2,7.2,7.5,18066.0,25122.0,4,4.0
Aditya Roy Kapoor,1,6.9,6.9,25122.0,25122.0,4,0.0
Madhuri Dixit,1,6.9,6.9,25122.0,25122.0,4,0.0
Peter Ustinov,3,6.866666666666667,7.2,17384.333333333332,39847.0,7,25.0
Robert Taylor,1,7.2,7.2,9808.0,9808.0,4,0.0
Deborah Kerr,2,7.5,7.8,21897.5,33987.0,5,2.0
Necati Sasmaz,1,6.0,6.0,14486.0,14486.0,2,0.0
Ghassan Massoud,1,6.0,6.0,14486.0,14486.0,2,0.0
Bergüzar Korel,1,6.0,6.0,14486.0,14486.0,2,0.0
Jim Henson,1,7.7,7.7,25498.0,25498.0,4,0.0
James Huang,1,7.9,7.9,293304.0,293304.0,3,0.0
Lindsay Price,1,5.6,5.6,23823.0,23823.0,3,0.0
Eleanor Parker,1,8.0,8.0,148172.0,148172.0,5,0.0
Nicholas Hammond,1,8.0,8.0,148172.0,148172.0,5,0.0
Angela Cartwright,1,8.0,8.0,148172.0,148172.0,5,0.0
Patrick Cronin,1,6.2,6.2,54723.0,54723.0,3,0.0
Howard Morris,1,6.2,6.2,54723.0,54723.0,3,0.0
Steven Christopher Parker,1,7.9,7.9,355810.0,355810.0,2,0.0
Jill Talley,1,7.9,7.9,355810.0,355810.0,2,0.0
Frances Lee McCain,1,8.1,8.1,271794.0,271794.0,2,0.0
Megan Burns,1,7.6,7.6,297250.0,297250.0,4,0.0
Noah Huntley,1,7.6,7.6,297250.0,297250.0,4,0.0
David Schneider,1,7.6,7.6,297250.0,297250.0,4,0.0
Steve Harvey,2,5.05,6.6,14179.0,23671.0,4,4.0
Jennifer Freeman,1,3.5,3.5,23671.0,23671.0,2,0.0
Marques Houston,1,3.5,3.5,23671.0,23671.0,2,0.0
David Denman,1,5.2,5.2,26609.0,26609.0,3,0.0
James Kyson,2,5.300000000000001,5.4,14752.0,26609.0,3,5.0
Daisy Betts,1,5.2,5.2,26609.0,26609.0,3,0.0
Lola Glaudini,1,6.1,6.1,76791.0,76791.0,2,0.0
Josh Pais,2,6.1,6.1,39763.0,76791.0,3,16.0
Mackenzie Davis,1,6.1,6.1,76791.0,76791.0,2,0.0
Tina Gilton,1,7.8,7.8,59.0,59.0,1,0.0
Natalie Stephany Aguilar,1,7.8,7.8,59.0,59.0,1,0.0
Justin Hall,1,7.8,7.8,59.0,59.0,1,0.0
George Lazenby,1,6.8,6.8,59941.0,59941.0,3,0.0
Telly Savalas,1,6.8,6.8,59941.0,59941.0,3,0.0
Jeff Marlow,1,7.1,7.1,5817.0,5817.0,4,
Nick Wechsler,1,7.1,7.1,5817.0,5817.0,4,
Tracy Middendorf,1,6.4,6.4,38191.0,38191.0,4,0.0
Heather Langenkamp,2,6.5,6.6,44005.5,49820.0,5,7.0
Keri Lynn Pratt,2,6.65,7.6,49043.0,83182.0,3,10.0
Sean Michael Afable,2,7.3,7.5,9960.0,15337.0,1,3.0
Sarain Boylan,1,7.0,7.0,8616.0,8616.0,4,0.0
Richard Howland,1,7.0,7.0,8616.0,8616.0,4,0.0
Omar Metwally,1,6.4,6.4,2311.0,2311.0,2,0.0
Diego Velazquez,1,6.4,6.4,2311.0,2311.0,2,0.0
Christopher Nicholas Smith,2,6.449999999999999,7.1,63034.0,76828.0,4,2.0
Michaela Watkins,1,7.1,7.1,49240.0,49240.0,3,0.0
Fred Armisen,2,7.0,7.1,144453.0,276746.0,7,3.0
Samuel West,2,6.95,7.5,11060.5,21254.0,3,6.0
David Thewlis,1,7.3,7.3,31489.0,31489.0,4,0.0
Emmanuelle Béart,1,7.1,7.1,23660.0,23660.0,4,0.0
Vernee Watson,1,6.0,6.0,12561.0,12561.0,4,0.0
Kevin Rahm,1,6.6,6.6,9494.0,9494.0,2,0.0
Robbie Kay,1,7.2,7.2,11158.0,11158.0,4,0.0
Gina McKee,2,6.9,6.9,11923.0,20275.0,4,2.0
Laurel Holloman,2,6.65,6.8,4593.0,5673.0,5,2.0
Amy Locane,1,6.8,6.8,5673.0,5673.0,4,0.0
Marina Sirtis,1,4.0,4.0,802.0,802.0,2,0.0
Sean Lennon,1,7.7,7.7,22811.0,22811.0,4,0.0
Evan McGuire,1,7.7,7.7,22811.0,22811.0,4,0.0
Mick Lally,1,7.7,7.7,22811.0,22811.0,4,0.0
Mary Catherine Garrison,1,7.4,7.4,99430.0,99430.0,2,0.0
Karen Pittman,1,7.4,7.4,99430.0,99430.0,2,0.0
Tony Devon,2,6.4,6.4,4231.0,5049.0,3,6.0
Alexa Havins,1,6.4,6.4,5049.0,5049.0,2,0.0
Alexia Fast,1,6.8,6.8,25055.0,25055.0,4,0.0
Kesun Loder,1,6.8,6.8,25055.0,25055.0,4,0.0
Larry Drake,1,6.0,6.0,26849.0,26849.0,3,0.0
Chris Owen,1,6.6,6.6,9003.0,9003.0,4,0.0
Zen McGrath,1,5.3,5.3,2103.0,2103.0,1,0.0
William Shimell,1,5.3,5.3,2103.0,2103.0,1,0.0
Ian Tracey,1,5.3,5.3,2103.0,2103.0,1,0.0
Takeshi Kusao,1,8.1,8.1,106160.0,106160.0,3,0.0
Mitsuo Iwata,1,8.1,8.1,106160.0,106160.0,3,0.0
Tesshô Genda,1,8.1,8.1,106160.0,106160.0,3,0.0
Julie LeBreton,1,7.7,7.7,4412.0,4412.0,3,0.0
Roy Dupuis,1,7.7,7.7,4412.0,4412.0,3,0.0
Rachel Ann Mullins,1,4.6,4.6,1965.0,1965.0,4,0.0
Ruby Lin,1,5.1,5.1,322.0,322.0,4,0.0
Jack Kao,2,6.25,7.4,870.0,1418.0,4,4.0
Leehom Wang,1,5.1,5.1,322.0,322.0,4,0.0
Darren Boyd,1,6.9,6.9,23023.0,23023.0,3,0.0
Lucy Fry,2,7.55,8.0,394.5,726.0,3,0.0
Natalie Coughlin,1,8.0,8.0,63.0,63.0,1,0.0
Mckenna Grace,1,8.0,8.0,63.0,63.0,1,0.0
Jean-Claude Lecas,1,6.8,6.8,35065.0,35065.0,4,0.0
Mark Wingett,2,5.800000000000001,6.2,12491.5,21243.0,4,0.0
Kacey Clarke,1,5.4,5.4,3740.0,3740.0,2,0.0
Anna Katarina,1,6.5,6.5,4792.0,4792.0,3,0.0
Scott Takeda,2,5.300000000000001,6.4,20483.5,40305.0,3,6.0
Helena Mattsson,1,4.2,4.2,662.0,662.0,1,0.0
Craig Sheffer,1,4.2,4.2,662.0,662.0,1,0.0
Patti LuPone,2,7.050000000000001,7.4,36781.0,72324.0,3,10.0
Jessica Tandy,2,7.45,7.5,36819.0,72324.0,3,44.0
Garvin Cross,1,6.7,6.7,29843.0,29843.0,2,0.0
Françoise Yip,1,6.7,6.7,29843.0,29843.0,2,0.0
Anita Mui,2,7.15,7.6,32181.5,34520.0,2,1.0
Ángela Molina,1,7.3,7.3,4035.0,4035.0,3,0.0
Reda Kateb,1,7.3,7.3,4035.0,4035.0,3,0.0
Todd Louiso,1,7.6,7.6,191998.0,191998.0,2,0.0
Stanislav Ianevski,1,5.4,5.4,69989.0,69989.0,1,0.0
Ellie Kendrick,1,7.3,7.3,112138.0,112138.0,1,0.0
Nastassja Kinski,1,6.0,6.0,6595.0,6595.0,3,0.0
Molly Parker,1,6.0,6.0,3709.0,3709.0,4,0.0
Richard Bull,2,5.35,7.6,20922.0,36381.0,4,35.0
Eric Johnson,2,6.75,6.9,698.5,833.0,3,1.0
Roschdy Zem,1,6.9,6.9,1439.0,1439.0,5,0.0
Natalie Mendoza,1,6.3,6.3,18109.0,18109.0,4,0.0
Razaaq Adoti,1,5.6,5.6,385.0,385.0,4,0.0
Nathin Butler,1,5.6,5.6,385.0,385.0,4,0.0
Mary Goggin,1,5.4,5.4,2909.0,2909.0,3,0.0
Saif Ali Khan,2,5.35,5.4,1915.5,2909.0,4,1.0
Vic Aviles,1,5.4,5.4,2909.0,2909.0,3,0.0
Danielle Darrieux,1,8.0,8.0,70194.0,70194.0,4,0.0
Max Riemelt,1,7.6,7.6,80639.0,80639.0,2,0.0
Elyas M'Barek,1,7.6,7.6,80639.0,80639.0,2,0.0
Jennifer Ulrich,1,7.6,7.6,80639.0,80639.0,2,0.0
Charles Baker,1,7.0,7.0,9866.0,9866.0,2,0.0
Ayla Kell,1,3.5,3.5,4682.0,4682.0,5,0.0
George Coe,1,3.5,3.5,4682.0,4682.0,5,0.0
Brahim Achabbakhe,1,5.1,5.1,4099.0,4099.0,2,0.0
Aki Aleong,1,5.1,5.1,4099.0,4099.0,2,0.0
Jill St. John,1,6.7,6.7,74249.0,74249.0,3,0.0
Lee Ving,1,6.1,6.1,35172.0,35172.0,3,0.0
Cynthia Rhodes,1,6.1,6.1,35172.0,35172.0,3,0.0
Geneviève Lemon,1,7.6,7.6,63931.0,63931.0,3,0.0
Ian Mune,1,7.6,7.6,63931.0,63931.0,3,0.0
Emma Caulfield,3,6.866666666666667,8.2,42598.0,101902.0,8,12.0
Angus Sampson,1,4.9,4.9,25870.0,25870.0,3,0.0
Clifton James,2,7.199999999999999,7.6,49079.5,74957.0,5,23.0
Cody Linley,1,7.0,7.0,16651.0,16651.0,3,0.0
Paulina Gerzon,1,7.2,7.2,127760.0,127760.0,3,0.0
Sakina Jaffrey,1,7.2,7.2,127760.0,127760.0,3,0.0
Michael J. Burg,1,7.4,7.4,100571.0,100571.0,3,0.0
Kwesi Ameyaw,1,7.4,7.4,100571.0,100571.0,3,0.0
Hervé Villechaize,1,6.8,6.8,73950.0,73950.0,3,0.0
MyAnna Buring,3,6.233333333333333,7.2,65994.66666666667,154938.0,7,6.0
Craig Conway,1,7.2,7.2,154938.0,154938.0,3,0.0
Shauna Macdonald,1,7.2,7.2,154938.0,154938.0,3,0.0
Bob Costas,1,7.5,7.5,1723.0,1723.0,2,0.0
Vanessa Ray,2,5.7,7.4,28947.5,43982.0,5,2.0
Allison Miller,1,4.0,4.0,13913.0,13913.0,2,0.0
Mary Tyler Moore,1,6.8,6.8,15088.0,15088.0,1,0.0
Ken Foree,1,6.9,6.9,76267.0,76267.0,2,0.0
Rick Fox,1,7.3,7.3,56605.0,56605.0,3,0.0
Matthew McGrory,1,6.0,6.0,60709.0,60709.0,1,0.0
Erin Daniels,1,6.0,6.0,60709.0,60709.0,1,0.0
Elizabeth MacRae,1,4.1,4.1,440.0,440.0,1,0.0
Bernard Fox,1,4.1,4.1,440.0,440.0,1,0.0
Charles Aidman,1,4.1,4.1,440.0,440.0,1,0.0
Peter Breitmayer,1,7.0,7.0,102125.0,102125.0,2,0.0
Fred Melamed,1,7.0,7.0,102125.0,102125.0,2,0.0
Darryl Stephens,1,6.9,6.9,11191.0,11191.0,2,0.0
Teddy Sears,1,7.6,7.6,83182.0,83182.0,2,0.0
Irvin Kershner,1,7.6,7.6,39680.0,39680.0,1,0.0
Barbara Hershey,5,6.859999999999999,7.6,78000.0,202800.0,7,25.0
Jonathan Brandis,1,6.4,6.4,7736.0,7736.0,3,0.0
George Wendt,1,6.4,6.4,7736.0,7736.0,3,0.0
Anupam Kher,6,6.516666666666668,8.4,36200.333333333336,89806.0,7,9.0
Roy Billing,1,7.5,7.5,23486.0,23486.0,4,0.0
Deborah Mailman,2,6.9,7.5,12437.0,23486.0,6,7.0
Lil' Wayne,1,2.0,2.0,13815.0,13815.0,2,0.0
Michael J. Pollard,1,6.2,6.2,8391.0,8391.0,5,0.0
Alastair Duncan,1,6.2,6.2,8391.0,8391.0,5,0.0
Nathaniel Lees,1,6.5,6.5,3203.0,3203.0,3,0.0
Miriama Smith,1,6.5,6.5,3203.0,3203.0,3,0.0
Randy Couture,1,6.8,6.8,18561.0,18561.0,2,0.0
Katie Aselton,3,5.866666666666667,6.6,13521.666666666666,29967.0,5,7.0
Cheryl Ladd,2,5.5,6.3,752.5,781.0,5,15.0
Ashley Gerasimovich,1,7.5,7.5,95529.0,95529.0,2,0.0
Samantha Barks,1,5.8,5.8,844.0,844.0,2,0.0
Jennifer Butler,1,6.5,6.5,1119.0,1119.0,2,0.0
Rick Rossovich,1,4.8,4.8,3114.0,3114.0,3,0.0
Terence Hill,1,6.3,6.3,2215.0,2215.0,4,0.0
Jack O'Halloran,1,6.3,6.3,2215.0,2215.0,4,0.0
Valérie Lemercier,1,7.0,7.0,24438.0,24438.0,3,0.0
Erin Wasson,1,6.3,6.3,35848.0,35848.0,2,0.0
Nathalie Fay,1,6.3,6.3,35848.0,35848.0,2,0.0
Derek Wayne Johnson,1,5.3,5.3,7412.0,7412.0,1,0.0
Susie Abromeit,1,5.3,5.3,7412.0,7412.0,1,0.0
Richard Graham,1,6.2,6.2,21243.0,21243.0,3,0.0
Casey Affleck,1,6.2,6.2,15104.0,15104.0,3,0.0
Eleanor Bron,1,6.7,6.7,1966.0,1966.0,2,0.0
Leonid Yarmolnik,1,6.7,6.7,2518.0,2518.0,2,0.0
Yuriy Tsurilo,1,6.7,6.7,2518.0,2518.0,2,0.0
Valentin Golubenko,1,6.7,6.7,2518.0,2518.0,2,0.0
Bob Marley,1,7.9,7.9,197845.0,197845.0,3,0.0
David Della Rocco,1,7.9,7.9,197845.0,197845.0,3,0.0
Stephen Au,1,5.3,5.3,383.0,383.0,2,0.0
Erin Fitzgerald,1,5.3,5.3,1159.0,1159.0,3,0.0
Ivan Okhlobystin,1,5.3,5.3,1159.0,1159.0,3,0.0
Wendee Lee,1,5.3,5.3,1159.0,1159.0,3,0.0
Kate Higgins,1,6.0,6.0,192.0,192.0,8,0.0
Cindy Robinson,1,6.0,6.0,192.0,192.0,8,0.0
Debi Derryberry,1,6.0,6.0,192.0,192.0,8,0.0
Sydney Penny,1,7.3,7.3,39451.0,39451.0,1,0.0
Ben Browder,1,7.4,7.4,15862.0,15862.0,5,0.0
Olesya Rulin,2,5.0,5.2,49520.0,59254.0,6,1.0
Gordon Pinsent,2,7.4,7.6,2504.5,4976.0,4,12.0
John Ralston,1,7.2,7.2,33.0,33.0,2,0.0
Justin Edward Seale,1,7.2,7.2,33.0,33.0,2,0.0
Travis Aaron Wade,1,5.8,5.8,5255.0,5255.0,3,0.0
Rex Baker,1,5.8,5.8,5255.0,5255.0,3,0.0
Heike Makatsch,1,7.3,7.3,5153.0,5153.0,4,0.0
Maria Schrader,1,7.3,7.3,5153.0,5153.0,4,0.0
Johanna Wokalek,1,7.3,7.3,5153.0,5153.0,4,0.0
Mark De Alessandro,1,6.4,6.4,10771.0,10771.0,2,0.0
Jason Cerbone,1,6.4,6.4,10771.0,10771.0,2,0.0
Gil Bellows,1,5.6,5.6,58366.0,58366.0,3,0.0
Mélissa Désormeaux-Poulin,1,8.2,8.2,80429.0,80429.0,3,0.0
Ahmad Massad,1,8.2,8.2,80429.0,80429.0,3,0.0
Silvio Muccino,1,6.5,6.5,3548.0,3548.0,3,0.0
Laura Morante,1,6.5,6.5,3548.0,3548.0,3,0.0
Giulia Michelini,1,6.5,6.5,3548.0,3548.0,3,0.0
André Ramiro,1,8.1,8.1,81644.0,81644.0,4,0.0
Fernanda Machado,1,8.1,8.1,81644.0,81644.0,4,0.0
Annabelle Wallis,2,5.25,5.4,40978.0,81699.0,3,9.0
Gabriel Bateman,2,6.15,6.9,47611.0,81699.0,2,2.0
Jessica Mauboy,1,6.3,6.3,1388.0,1388.0,3,0.0
Magda Szubanski,1,6.3,6.3,1388.0,1388.0,3,0.0
Na'Blonka Durden,1,7.8,7.8,94139.0,94139.0,2,0.0
John Cothran,1,7.8,7.8,94139.0,94139.0,2,0.0
Lloyd Avery II,1,7.8,7.8,94139.0,94139.0,2,0.0
Danielle von Zerneck,1,6.8,6.8,21409.0,21409.0,3,0.0
Rosanna DeSoto,1,6.8,6.8,21409.0,21409.0,3,0.0
Rita Moreno,3,7.7,8.3,75032.0,150020.0,6,29.0
Len Cariou,1,7.2,7.2,3157.0,3157.0,2,0.0
Sandy Dennis,1,7.2,7.2,3157.0,3157.0,2,0.0
Jake Cherry,1,5.9,5.9,19715.0,19715.0,3,0.0
Marin Hinkle,1,5.9,5.9,19715.0,19715.0,3,0.0
Paula Kelly,1,7.2,7.2,25857.0,25857.0,2,0.0
Eric Christmas,1,7.2,7.2,25857.0,25857.0,2,0.0
David Wayne,2,7.25,7.3,17432.0,25857.0,5,3.0
Matthias Habich,1,7.7,7.7,10672.0,10672.0,2,0.0
Merab Ninidze,1,7.7,7.7,10672.0,10672.0,2,0.0
Juliane Köhler,1,7.7,7.7,10672.0,10672.0,2,0.0
Emily Podleski,1,6.6,6.6,564.0,564.0,2,0.0
Stellan Skarsgård,1,7.3,7.3,2601.0,2601.0,1,0.0
Sara-Marie Maltha,1,7.3,7.3,2601.0,2601.0,1,0.0
Chulpan Khamatova,1,7.7,7.7,114407.0,114407.0,2,0.0
Florian Lukas,1,7.7,7.7,114407.0,114407.0,2,0.0
Maurice Roëves,1,7.6,7.6,32307.0,32307.0,3,0.0
Mark Bazeley,1,7.6,7.6,32307.0,32307.0,3,0.0
Clu Gulager,4,6.475,7.3,31130.5,43485.0,7,2.0
Beverly Randolph,2,7.3,7.3,39856.5,39857.0,3,0.0
Linnea Quigley,3,6.366666666666667,7.3,27206.0,39857.0,4,4.0
Fortunato Cerlino,1,8.7,8.7,9638.0,9638.0,3,
Maria Pia Calzone,1,8.7,8.7,9638.0,9638.0,3,
Marco D'Amore,1,8.7,8.7,9638.0,9638.0,3,
Olivia Newton-John,1,7.2,7.2,170027.0,170027.0,2,0.0
Ricky Martin,1,7.5,7.5,113152.0,113152.0,3,0.0
Osama bin Laden,1,7.5,7.5,113152.0,113152.0,3,0.0
Stevie Wonder,1,7.5,7.5,113152.0,113152.0,3,0.0
Katharine Ross,2,6.9,8.1,76447.5,152089.0,6,37.0
Ted Cassidy,1,8.1,8.1,152089.0,152089.0,4,0.0
Kenneth Mars,1,8.1,8.1,152089.0,152089.0,4,0.0
Glynis Johns,1,7.8,7.8,107408.0,107408.0,4,0.0
Elsa Lanchester,1,7.8,7.8,107408.0,107408.0,4,0.0
Ed Wynn,1,7.8,7.8,107408.0,107408.0,4,0.0
George Chakiris,1,7.6,7.6,71919.0,71919.0,5,0.0
Rodney Dangerfield,1,7.4,7.4,81599.0,81599.0,2,0.0
Matthew Borlenghi,1,5.1,5.1,29659.0,29659.0,4,0.0
Lisa Wilcox,1,5.1,5.1,29659.0,29659.0,4,0.0
Kelly Jo Minter,1,5.1,5.1,29659.0,29659.0,4,0.0
Erik Estrada,1,6.4,6.4,89128.0,89128.0,2,0.0
John D'Leo,1,7.9,7.9,251349.0,251349.0,2,0.0
Ajay Naidu,2,7.6,7.9,127854.0,251349.0,4,8.0
Jennifer Jones,1,6.9,6.9,6304.0,6304.0,3,0.0
Lillian Gish,2,7.45,8.0,8511.0,10718.0,5,30.0
Tom Atkins,2,5.9,7.2,59803.0,91017.0,4,1.0
Ossie Davis,3,6.266666666666667,7.2,14641.333333333334,38893.0,5,16.0
Richard Norton,1,6.2,6.2,19774.0,19774.0,3,0.0
Rachel Blakely,1,6.2,6.2,19774.0,19774.0,3,0.0
John Lynch,1,6.8,6.8,52805.0,52805.0,4,0.0
David Alan Grier,2,6.1,6.1,2966.5,4582.0,3,20.0
Abby Mukiibi Nkaaga,1,7.7,7.7,145580.0,145580.0,4,0.0
Tamara Glynn,1,5.2,5.2,22929.0,22929.0,2,0.0
Brandon Smith,1,6.8,6.8,45396.0,45396.0,3,0.0
Rick Dial,1,6.8,6.8,45396.0,45396.0,3,0.0
Daryl Hannah,1,6.5,6.5,172.0,172.0,3,0.0
Amy Madigan,2,6.55,7.0,11755.0,23023.0,3,17.0
Luis E. Carazo,1,5.5,5.5,17169.0,17169.0,2,0.0
Dominik García-Lorido,1,7.4,7.4,27301.0,27301.0,2,0.0
Wale Ojo,1,7.3,7.3,64794.0,64794.0,3,0.0
Annette Badland,2,7.05,7.1,7986.5,13892.0,5,1.0
Raquel Alessi,1,5.1,5.1,18313.0,18313.0,2,0.0
Windell Middlebrooks,1,5.1,5.1,18313.0,18313.0,2,0.0
Hugh M. Hefner,2,5.949999999999999,6.8,11964.0,18313.0,5,4.0
Lawrence Gilliard Jr.,2,5.6,5.9,5957.0,11439.0,5,8.0
Jason Dohring,1,8.4,8.4,55524.0,55524.0,3,
John Cameron Mitchell,1,7.8,7.8,26300.0,26300.0,4,0.0
Miriam Shor,1,7.8,7.8,26300.0,26300.0,4,0.0
Todd Susman,1,6.7,6.7,4195.0,4195.0,2,0.0
Ryan Bollman,1,6.7,6.7,4195.0,4195.0,2,0.0
Alexis Kendra,1,5.4,5.4,522.0,522.0,4,0.0
Monda Scott,1,5.4,5.4,522.0,522.0,4,0.0
Rachel Alig,1,5.4,5.4,522.0,522.0,4,0.0
Polly Noonan,1,5.8,5.8,9589.0,9589.0,4,0.0
Lynne Thigpen,1,5.8,5.8,9589.0,9589.0,4,0.0
Frederick Weller,1,6.4,6.4,3413.0,3413.0,2,0.0
Warren Oates,2,7.4,8.0,34243.0,63192.0,4,4.0
William Holden,3,8.1,8.2,105376.33333333333,149444.0,6,19.0
L.Q. Jones,2,7.65,8.0,34771.0,63192.0,6,1.0
Pamela Salem,1,7.0,7.0,11623.0,11623.0,4,0.0
Michael Elphick,1,7.0,7.0,11623.0,11623.0,4,0.0
Lesley-Anne Down,1,7.0,7.0,11623.0,11623.0,4,0.0
Paul Popplewell,1,6.7,6.7,6906.0,6906.0,1,0.0
Bryan Dick,1,6.7,6.7,6906.0,6906.0,1,0.0
Marc Singer,1,3.8,3.8,2281.0,2281.0,4,0.0
Michael Berryman,5,5.38,8.7,141131.6,680041.0,7,37.0
Kendrick Cross,1,5.7,5.7,1245.0,1245.0,3,0.0
Sammy Nagi Njuguna,1,5.7,5.7,1245.0,1245.0,3,0.0
Mélanie Doutey,1,6.6,6.6,2591.0,2591.0,1,0.0
Nathalie Baye,1,6.6,6.6,2591.0,2591.0,1,0.0
Cara Seymour,2,7.0,7.3,41513.5,75633.0,3,5.0
Ji-hyun Jun,1,6.1,6.1,3024.0,3024.0,2,0.0
Diane Ladd,1,6.2,6.2,2330.0,2330.0,2,0.0
Ritchie Montgomery,1,6.2,6.2,2330.0,2330.0,2,0.0
Peter McNamara,2,6.4,6.6,4322.5,6705.0,3,4.0
Pat Buchanan,1,8.3,8.3,2143.0,2143.0,1,0.0
Bill Baird,1,8.3,8.3,2143.0,2143.0,1,0.0
Noam Chomsky,2,8.3,8.3,1319.5,2143.0,1,2.0
Catherine Bell,1,5.8,5.8,2989.0,2989.0,3,0.0
Robert Wahlberg,1,5.9,5.9,2050.0,2050.0,3,0.0
John Bell,1,7.2,7.2,1696.0,1696.0,2,0.0
Sean Cook,1,5.4,5.4,10196.0,10196.0,2,0.0
Blake Ritson,1,8.2,8.2,10388.0,10388.0,3,
Debbie Harry,2,7.05,7.3,46439.5,60522.0,7,19.0
Leslie Carlson,1,7.3,7.3,60522.0,60522.0,4,0.0
Reiner Schwarz,1,7.3,7.3,60522.0,60522.0,4,0.0
Shawn Parsons,1,5.8,5.8,6797.0,6797.0,2,0.0
Li Jun Li,1,5.8,5.8,6797.0,6797.0,2,0.0
Yorick van Wageningen,1,7.1,7.1,9230.0,9230.0,3,0.0
Tygo Gernandt,1,7.1,7.1,9230.0,9230.0,3,0.0
Martijn Lakemeier,1,7.1,7.1,9230.0,9230.0,3,0.0
Paul Scofield,2,7.9,7.9,16916.0,23713.0,5,2.0
Michel Simon,1,7.9,7.9,10119.0,10119.0,2,0.0
Trieu Tran,1,5.4,5.4,748.0,748.0,2,0.0
Nathan Jones,1,7.1,7.1,30210.0,30210.0,4,0.0
Johnny Nguyen,1,7.1,7.1,30210.0,30210.0,4,0.0
Belinda Stewart-Wilson,1,8.4,8.4,55987.0,55987.0,2,
James Buckley,1,8.4,8.4,55987.0,55987.0,2,
Simon Bird,1,8.4,8.4,55987.0,55987.0,2,
Parminder Nagra,1,6.7,6.7,89806.0,89806.0,4,0.0
Edie Falco,4,6.25,6.9,4627.5,13485.0,4,13.0
Wesley Jonathan,3,3.1666666666666665,4.0,3183.6666666666665,8707.0,6,3.0
Eva Marcille,1,2.1,2.1,8707.0,8707.0,2,0.0
Wayne Brady,1,2.1,2.1,8707.0,8707.0,2,0.0
Johnny Lever,1,4.3,4.3,4633.0,4633.0,2,0.0
Asin,1,4.3,4.3,4633.0,4633.0,2,0.0
Mithun Chakraborty,1,4.3,4.3,4633.0,4633.0,2,0.0
Andrea Ros,1,6.6,6.6,55597.0,55597.0,1,0.0
Pablo Rosso,2,7.05,7.5,93529.5,131462.0,1,2.0
Jonathan D. Mellor,1,6.6,6.6,55597.0,55597.0,1,0.0
Kayla Raparelli,1,3.4,3.4,548.0,548.0,1,0.0
Kayla Jackson,1,3.4,3.4,548.0,548.0,1,0.0
Alexis Biesiada,1,3.4,3.4,548.0,548.0,1,0.0
Nicholas Bell,1,7.7,7.7,43013.0,43013.0,4,0.0
Tony Danza,1,6.6,6.6,190494.0,190494.0,3,0.0
John Hillerman,1,7.6,7.6,36381.0,36381.0,2,0.0
Stephen Macht,1,3.4,3.4,1955.0,1955.0,2,0.0
Avery Schreiber,1,3.4,3.4,1955.0,1955.0,2,0.0
Jean-Baptiste Maunier,1,7.9,7.9,44151.0,44151.0,2,0.0
Gérard Jugnot,1,7.9,7.9,44151.0,44151.0,2,0.0
François Berléand,1,7.9,7.9,44151.0,44151.0,2,0.0
Luke Kirby,1,6.7,6.7,5548.0,5548.0,2,0.0
Claudia Ferri,1,6.7,6.7,5548.0,5548.0,2,0.0
Franky G,2,6.8,7.0,9642.5,18792.0,5,1.0
Danny Aiello,3,7.300000000000001,7.9,21322.0,59524.0,5,25.0
Kati Outinen,1,7.2,7.2,15267.0,15267.0,2,0.0
Jean-Pierre Darroussin,1,7.2,7.2,15267.0,15267.0,2,0.0
Jean-Pierre Léaud,1,7.2,7.2,15267.0,15267.0,2,0.0
Jo Prestia,1,7.4,7.4,87244.0,87244.0,4,0.0
Hitoshi Matsumoto,1,6.1,6.1,1658.0,1658.0,2,0.0
Lindsay Kay Hayward,1,6.1,6.1,1658.0,1658.0,2,0.0
Shinobu Terajima,1,6.1,6.1,1658.0,1658.0,2,0.0
Madhavan,1,8.4,8.4,70233.0,70233.0,4,0.0
David Dastmalchian,1,6.2,6.2,605.0,605.0,1,0.0
Cree Kelly,1,5.3,5.3,3788.0,3788.0,4,0.0
Mike Eshaq,1,5.3,5.3,3788.0,3788.0,4,0.0
Ron Silver,1,5.0,5.0,15315.0,15315.0,2,0.0
Shane Meadows,1,7.7,7.7,4471.0,4471.0,2,0.0
Synnøve Macody Lund,1,7.6,7.6,79353.0,79353.0,3,0.0
Aksel Hennie,1,7.6,7.6,79353.0,79353.0,3,0.0
Julie R. Ølgaard,1,7.6,7.6,79353.0,79353.0,3,0.0
Adam Butcher,1,7.6,7.6,4976.0,4976.0,3,0.0
Jessica Chastain,1,5.6,5.6,2894.0,2894.0,2,0.0
Colin Farrell,1,5.6,5.6,2894.0,2894.0,2,0.0
George Voskovec,1,7.3,7.3,21049.0,21049.0,3,0.0
Teresa Wright,2,7.699999999999999,8.1,30704.0,40359.0,4,34.0
Prateik,1,6.2,6.2,3266.0,3266.0,4,0.0
Abhishek Bachchan,3,5.566666666666666,7.2,3909.3333333333335,7295.0,7,6.0
Sumalee Montano,1,7.3,7.3,126893.0,126893.0,5,0.0
Amiah Miller,1,6.9,6.9,13523.0,13523.0,1,0.0
Sprague Grayden,2,5.75,5.8,79480.5,82133.0,1,1.0
Daren Kagasoff,1,4.4,4.4,31915.0,31915.0,2,0.0
Shelley Hennig,2,5.050000000000001,5.7,38122.0,44329.0,4,0.0
Jennifer Rubin,1,6.6,6.6,49820.0,49820.0,4,0.0
John Saxon,1,6.6,6.6,49820.0,49820.0,4,0.0
Hugo Stiglitz,1,7.6,7.6,22105.0,22105.0,2,0.0
Eugenio Derbez,2,7.5,7.6,13815.5,22105.0,3,6.0
Jessica Lindsey,1,7.6,7.6,22105.0,22105.0,2,0.0
Alisha Boe,1,4.6,4.6,51204.0,51204.0,1,0.0
Matt Shively,1,4.6,4.6,51204.0,51204.0,1,0.0
Brendon Eggertsen,1,4.6,4.6,51204.0,51204.0,1,0.0
Victor Mature,1,6.8,6.8,6359.0,6359.0,2,0.0
Catherine Schell,1,7.1,7.1,19596.0,19596.0,3,0.0
Robert J. Wilke,2,7.2,7.2,22123.5,22124.0,5,0.0
Paul Lukas,2,7.2,7.2,22123.5,22124.0,5,0.0
Gloria Sandoval,1,5.0,5.0,31791.0,31791.0,3,0.0
Richard Cabral,1,5.0,5.0,31791.0,31791.0,3,0.0
Molly Ephraim,2,5.35,5.7,56962.0,82133.0,3,4.0
Jorja Fox,1,8.5,8.5,845580.0,845580.0,2,0.0
Garrett Ryan,1,6.5,6.5,85688.0,85688.0,2,0.0
James Lafferty,1,6.5,6.5,85688.0,85688.0,2,0.0
Brian O'Halloran,2,7.6,7.8,148273.0,181749.0,1,12.0
Jamie Draven,1,7.7,7.7,98354.0,98354.0,2,0.0
Helen Martin,2,6.05,7.0,3170.5,3571.0,4,4.0
William Schallert,1,5.1,5.1,3571.0,3571.0,4,0.0
Tony Bonner,1,7.3,7.3,5894.0,5894.0,5,0.0
Tom Burlinson,1,7.3,7.3,5894.0,5894.0,5,0.0
Alice Playten,1,5.0,5.0,2448.0,2448.0,3,0.0
Constance Shulman,1,5.0,5.0,2448.0,2448.0,3,0.0
June Carter Cash,1,7.2,7.2,11622.0,11622.0,1,0.0
John Beasley,1,7.2,7.2,11622.0,11622.0,1,0.0
Diana Scarwid,2,6.65,6.7,5327.5,10564.0,2,25.0
Monica Calhoun,3,5.066666666666666,5.6,1780.6666666666667,4345.0,4,7.0
Chrystale Wilson,1,5.6,5.6,4345.0,4345.0,2,0.0
Perdita Weeks,1,6.1,6.1,49948.0,49948.0,3,0.0
Edwin Hodge,1,6.1,6.1,49948.0,49948.0,3,0.0
Cameron Mills,1,5.2,5.2,5975.0,5975.0,2,0.0
Gene Tierney,1,6.6,6.6,2498.0,2498.0,2,0.0
Lindsay Wagner,1,6.4,6.4,12519.0,12519.0,3,0.0
Persis Khambatta,1,6.4,6.4,12519.0,12519.0,3,0.0
Scott Reeves,1,4.5,4.5,22961.0,22961.0,2,0.0
Peter Mark Richman,1,4.5,4.5,22961.0,22961.0,2,0.0
Rachel Korine,1,5.3,5.3,108683.0,108683.0,2,0.0
Kim Darby,2,4.050000000000001,4.9,14640.0,20815.0,4,8.0
Daniel Giménez Cacho,1,7.7,7.7,91377.0,91377.0,4,0.0
María Aura,1,7.7,7.7,91377.0,91377.0,4,0.0
Peter Serafinowicz,1,8.0,8.0,395921.0,395921.0,2,0.0
Randy Wayne,4,4.824999999999999,7.1,3676.25,7904.0,5,4.0
Miriam Colon,1,7.6,7.6,23202.0,23202.0,2,0.0
Ellie Cornell,1,5.9,5.9,29629.0,29629.0,2,0.0
Kathleen Kinmont,1,5.9,5.9,29629.0,29629.0,2,0.0
Deborah Foreman,1,6.2,6.2,10624.0,10624.0,2,0.0
Clayton Rohner,1,6.2,6.2,10624.0,10624.0,2,0.0
Robert Beltran,2,4.95,6.3,4239.0,7973.0,7,17.0
William Sanderson,1,6.3,6.3,7973.0,7973.0,5,0.0
Andrew Airlie,1,5.2,5.2,47227.0,47227.0,4,0.0
Ryan Robbins,1,5.2,5.2,47227.0,47227.0,4,0.0
Sahajak Boonthanakit,1,6.8,6.8,48675.0,48675.0,2,0.0
Claire Geare,1,6.8,6.8,48675.0,48675.0,2,0.0
Sterling Jerins,1,6.8,6.8,48675.0,48675.0,2,0.0
Vanna Bonta,1,6.2,6.2,15345.0,15345.0,3,0.0
George Sanders,2,7.199999999999999,8.2,44720.5,87424.0,7,19.0
Finlay Currie,1,6.2,6.2,2017.0,2017.0,4,0.0
Gina Lollobrigida,2,6.5,6.8,2559.5,3102.0,4,3.0
Helen Hayes,1,6.6,6.6,3519.0,3519.0,3,0.0
Gary Cooper,2,7.35,8.1,41856.0,80193.0,5,20.0
Adolphe Menjou,1,6.6,6.6,3519.0,3519.0,3,0.0
Lauren London,1,4.5,4.5,1180.0,1180.0,2,0.0
Colleen O'Shaughnessey,1,5.9,5.9,5164.0,5164.0,5,0.0
Lara Jill Miller,1,5.9,5.9,5164.0,5164.0,5,0.0
Mona Marshall,1,5.9,5.9,5164.0,5164.0,5,0.0
Marina Hands,1,7.7,7.7,24921.0,24921.0,5,0.0
Stéphane Rousseau,1,7.7,7.7,24921.0,24921.0,5,0.0
Nicol Williamson,1,6.6,6.6,8930.0,8930.0,3,0.0
Michael Richards,1,7.0,7.0,21416.0,21416.0,2,0.0
Shirley Jones,2,7.45,7.9,37925.5,67853.0,2,46.0
Jessica Walter,1,6.6,6.6,9427.0,9427.0,2,0.0
Claudia Cardinale,1,8.6,8.6,216005.0,216005.0,1,0.0
Woody Strode,4,7.025,8.6,68749.5,216005.0,4,15.0
Jack Elam,1,8.6,8.6,216005.0,216005.0,1,0.0
Jonathan Silverman,1,6.4,6.4,15053.0,15053.0,4,0.0
Matt Berry,1,7.9,7.9,260607.0,260607.0,3,0.0
Guillaume Denaiffe,1,6.9,6.9,296.0,296.0,1,0.0
Chloe Hollings,1,6.9,6.9,296.0,296.0,1,0.0
Norbert Ferrer,1,6.9,6.9,296.0,296.0,1,0.0
Simon Baker,1,7.7,7.7,26720.0,26720.0,1,0.0
Olivier Rabourdin,1,7.2,7.2,12411.0,12411.0,1,0.0
Bess Armstrong,1,6.2,6.2,881.0,881.0,3,0.0
Cassandra Peterson,1,6.2,6.2,881.0,881.0,3,0.0
Tim Thomerson,1,6.2,6.2,881.0,881.0,3,0.0
Liz Mullane,1,7.4,7.4,50197.0,50197.0,5,0.0
Bobby Batson,1,4.6,4.6,2047.0,2047.0,1,0.0
Cynthia Barrett,1,4.6,4.6,2047.0,2047.0,1,0.0
Marilyn Manson,1,6.3,6.3,12675.0,12675.0,4,0.0
Tim Russ,1,5.6,5.6,5494.0,5494.0,3,0.0
Winter Ave Zoli,1,5.6,5.6,5494.0,5494.0,3,0.0
Kristoffer Polaha,1,4.4,4.4,1900.0,1900.0,3,0.0
Darryl Cox,1,7.1,7.1,54478.0,54478.0,3,0.0
Lumi Cavazos,1,7.1,7.1,54478.0,54478.0,3,0.0
Bhoomika Chawla,2,6.25,7.4,784.0,1311.0,4,2.0
Akshaye Khanna,1,7.4,7.4,1311.0,1311.0,3,0.0
Darshan Jariwala,1,7.4,7.4,1311.0,1311.0,3,0.0
Ken Davis,1,7.5,7.5,3329.0,3329.0,3,0.0
Megan Ambuhl Graner,1,7.5,7.5,3329.0,3329.0,3,0.0
Jeffrey Frost,1,7.5,7.5,3329.0,3329.0,3,0.0
Raymond Burr,1,7.2,7.2,1599.0,1599.0,1,0.0
Don Gordon,1,7.2,7.2,1599.0,1599.0,1,0.0
Jim Byrnes,1,7.2,7.2,1599.0,1599.0,1,0.0
Judith Anderson,2,7.15,8.1,17365.0,33741.0,3,11.0
Laraine Day,1,6.2,6.2,989.0,989.0,3,0.0
Paul Fix,1,6.2,6.2,989.0,989.0,3,0.0
Sara Gilbert,1,6.2,6.2,1884.0,1884.0,1,0.0
Meghan Ory,1,4.6,4.6,4041.0,4041.0,3,0.0
Corey Sevier,1,4.6,4.6,4041.0,4041.0,3,0.0
Marc Trottier,1,4.6,4.6,4041.0,4041.0,3,0.0
Ocean James,1,6.2,6.2,65299.0,65299.0,2,0.0
Patch Darragh,1,6.2,6.2,65299.0,65299.0,2,0.0
Olivia DeJonge,1,6.2,6.2,65299.0,65299.0,2,0.0
Daniel Stewart Sherman,1,6.2,6.2,8824.0,8824.0,3,0.0
Kel O'Neill,1,6.2,6.2,8824.0,8824.0,3,0.0
Mike Figueroa,1,6.2,6.2,8824.0,8824.0,3,0.0
Alice Evans,1,3.3,3.3,1207.0,1207.0,3,0.0
Jelena Nik,1,4.2,4.2,7888.0,7888.0,3,0.0
Glenn Campbell,1,4.2,4.2,7888.0,7888.0,3,0.0
Sandra Staggs,1,4.2,4.2,7888.0,7888.0,3,0.0
Marta Etura,1,7.2,7.2,23756.0,23756.0,3,0.0
Tony Corvillo,1,7.2,7.2,23756.0,23756.0,3,0.0
Luis Tosar,2,7.45,7.7,16834.5,23756.0,4,9.0
Doug Bradley,1,6.2,6.2,10056.0,10056.0,4,0.0
Georgia Groome,2,6.6,7.0,8682.0,10056.0,5,2.0
John Stamos,1,4.2,4.2,4322.0,4322.0,2,0.0
Patricia Neal,2,6.2,7.9,7746.0,15277.0,3,46.0
Katie Leclerc,1,4.5,4.5,215.0,215.0,3,0.0
Timothy Omundson,1,8.4,8.4,67315.0,67315.0,3,
David Adam Flannery,1,7.5,7.5,12672.0,12672.0,3,0.0
Cyndi Lauper,1,6.7,6.7,83.0,83.0,2,0.0
Tomiwa Edun,1,4.4,4.4,6964.0,6964.0,2,0.0
Irène Jacob,1,4.4,4.4,6964.0,6964.0,2,0.0
Lisa Kay,1,4.4,4.4,237.0,237.0,4,0.0
David Huddleston,2,7.3,7.8,55641.0,95294.0,5,3.0
David Raizor,1,8.6,8.6,8.0,8.0,1,0.0
Cody Howard,1,8.6,8.6,8.0,8.0,1,0.0
Ed Quinn,1,3.4,3.4,928.0,928.0,2,0.0
Mikal Vega,1,3.4,3.4,928.0,928.0,2,0.0
Michael Dudikoff,2,4.05,4.7,3487.0,6046.0,3,28.0
Ivan Barnev,1,7.4,7.4,6183.0,6183.0,4,0.0
Julia Jentsch,1,7.4,7.4,6183.0,6183.0,4,0.0
Milan Lasica,1,7.4,7.4,6183.0,6183.0,4,0.0
Birol Ünel,1,7.3,7.3,29203.0,29203.0,2,0.0
Joseph Mawle,1,6.5,6.5,46347.0,46347.0,2,0.0
Takashi Miike,1,5.9,5.9,138814.0,138814.0,1,0.0
Robert Longstreet,1,7.4,7.4,68211.0,68211.0,2,0.0
Katherine Helmond,1,6.7,6.7,4695.0,4695.0,4,0.0
Lou Perryman,1,5.5,5.5,19234.0,19234.0,2,0.0
Jim Siedow,1,5.5,5.5,19234.0,19234.0,2,0.0
Bill Johnson,2,6.4,7.3,14653.5,19234.0,3,2.0
Bob Dylan,2,7.8,8.2,13039.0,13467.0,6,5.0
Yayaying Rhatha Phongam,1,5.7,5.7,83234.0,83234.0,2,0.0
Isild Le Besco,1,5.4,5.4,262.0,262.0,1,0.0
Emmanuelle Bercot,1,5.4,5.4,262.0,262.0,1,0.0
Dileep Raj,1,7.1,7.1,57.0,57.0,2,0.0
Bhama,1,7.1,7.1,57.0,57.0,2,0.0
Diganth,1,7.1,7.1,57.0,57.0,2,0.0
Jack McElhone,1,7.8,7.8,18940.0,18940.0,2,0.0
Keith Carradine,2,5.15,5.3,367.5,436.0,2,2.0
Jacques Gamblin,1,7.2,7.2,6304.0,6304.0,3,0.0
Zinedine Soualem,2,7.050000000000001,7.2,4573.5,6304.0,3,14.0
Kim Ly,1,6.2,6.2,421.0,421.0,2,0.0
Matthew Sunderland,1,7.3,7.3,2776.0,2776.0,2,0.0
William Kircher,1,7.3,7.3,2776.0,2776.0,2,0.0
Paul Glover,1,7.3,7.3,2776.0,2776.0,2,0.0
Bubba Smith,1,6.7,6.7,87739.0,87739.0,1,0.0
Christopher Atkins,2,5.45,5.7,27495.5,50125.0,5,29.0
James Fleet,1,7.1,7.1,107923.0,107923.0,3,0.0
Royal Dano,3,6.633333333333333,7.4,13648.333333333334,24891.0,6,35.0
James Robertson Justice,1,7.4,7.4,13474.0,13474.0,2,0.0
Richard Basehart,1,7.4,7.4,13474.0,13474.0,2,0.0
Indiana Evans,1,7.7,7.7,6762.0,6762.0,2,
Kevin Michael Richardson,1,7.4,7.4,41138.0,41138.0,4,0.0
Peter Spellos,1,7.4,7.4,41138.0,41138.0,4,0.0
Louise Lasser,2,7.75,8.4,300593.5,573541.0,2,29.0
Jeanne Crain,1,7.1,7.1,2756.0,2756.0,2,0.0
Frank McHugh,1,7.1,7.1,2756.0,2756.0,2,0.0
Dana Andrews,2,7.6,8.1,21557.5,40359.0,4,1.0
Mía Maestro,2,6.95,7.2,2566.0,2720.0,2,6.0
Juan Luis Galiardo,1,7.2,7.2,2412.0,2412.0,2,0.0
Miguel Ángel Solá,1,7.2,7.2,2412.0,2412.0,2,0.0
Juan Fernández,1,7.5,7.5,15175.0,15175.0,4,0.0
Alex Kendrick,4,5.975,7.0,9890.25,15401.0,6,8.0
Sarah Drew,1,5.4,5.4,10483.0,10483.0,1,0.0
James Duval,2,7.4,8.1,303886.0,580999.0,4,1.0
Joaquín Cosio,1,6.0,6.0,1592.0,1592.0,3,0.0
Gerardo Taracena,1,6.0,6.0,1592.0,1592.0,3,0.0
Jaime Camil,1,6.0,6.0,1592.0,1592.0,3,0.0
Fedja van Huêt,1,7.8,7.8,9171.0,9171.0,3,0.0
Jan Decleir,1,7.8,7.8,9171.0,9171.0,3,0.0
Hans Kesting,1,7.8,7.8,9171.0,9171.0,3,0.0
Rich Pecci,1,6.5,6.5,5465.0,5465.0,2,0.0
Hye-jeong Kang,2,8.05,8.4,204844.5,356181.0,4,2.0
Yeong-ae Lee,1,7.7,7.7,53508.0,53508.0,2,0.0
Clovis Fouin,1,6.4,6.4,1213.0,1213.0,4,0.0
Nicolas Giraud,1,6.4,6.4,1213.0,1213.0,4,0.0
Marie Féret,1,6.4,6.4,1213.0,1213.0,4,0.0
Artyom Bogucharskiy,1,7.9,7.9,35464.0,35464.0,2,0.0
Lyubov Agapova,1,7.9,7.9,35464.0,35464.0,2,0.0
Dimple Kapadia,1,4.7,4.7,781.0,781.0,2,0.0
Sana Saeed,1,4.7,4.7,781.0,781.0,2,0.0
Braeden Lemasters,1,5.9,5.9,917.0,917.0,1,0.0
Katherine McNamara,1,5.9,5.9,917.0,917.0,1,0.0
Dove Cameron,1,5.9,5.9,917.0,917.0,1,0.0
Purab Kohli,1,8.5,8.5,30977.0,30977.0,5,0.0
Sameer Ali Khan,1,8.5,8.5,30977.0,30977.0,5,0.0
Jonathan Crombie,1,8.4,8.4,14251.0,14251.0,2,
Megan Follows,1,8.4,8.4,14251.0,14251.0,2,
Michael J. Morris,1,5.8,5.8,4952.0,4952.0,2,0.0
Lateef Crowder,1,5.8,5.8,4952.0,4952.0,2,0.0
James Fox,1,7.3,7.3,43135.0,43135.0,2,0.0
Amanda Redman,1,7.3,7.3,43135.0,43135.0,2,0.0
Matias Varela,1,6.7,6.7,13443.0,13443.0,4,0.0
Fabian Bolin,1,6.7,6.7,13443.0,13443.0,4,0.0
Tammy Davis,1,7.6,7.6,34232.0,34232.0,2,0.0
Rawiri Paratene,1,7.6,7.6,34232.0,34232.0,2,0.0
Vidya Balan,2,7.699999999999999,8.2,17432.0,27569.0,3,3.0
Paresh Rawal,1,7.2,7.2,7295.0,7295.0,2,0.0
Claude-Oliver Rudolph,1,6.2,6.2,15780.0,15780.0,3,0.0
Yangzom Brauen,1,6.2,6.2,15780.0,15780.0,3,0.0
Anna Katharina Schwabroh,1,6.2,6.2,15780.0,15780.0,3,0.0
Aleksey Chadov,1,6.5,6.5,47097.0,47097.0,2,0.0
Zhanna Friske,1,6.5,6.5,47097.0,47097.0,2,0.0
Tony Ganios,1,6.2,6.2,31260.0,31260.0,1,0.0
Susan Clark,1,6.2,6.2,31260.0,31260.0,1,0.0
Art Hindle,1,6.2,6.2,31260.0,31260.0,1,0.0
Kathleen Munroe,1,5.0,5.0,17478.0,17478.0,1,0.0
S. William Hinzman,2,8.0,8.0,87978.0,87978.0,3,0.0
Judith O'Dea,2,8.0,8.0,87978.0,87978.0,3,0.0
Duane Jones,2,8.0,8.0,87978.0,87978.0,3,0.0
Catherine Lambert,1,7.8,7.8,321283.0,321283.0,1,0.0
Dorothy Lamour,2,6.35,6.7,12706.0,15956.0,7,35.0
Gloria Grahame,1,6.7,6.7,9456.0,9456.0,3,0.0
Cornel Wilde,1,6.7,6.7,9456.0,9456.0,3,0.0
Marcus Lyle Brown,1,7.1,7.1,71495.0,71495.0,2,0.0
David A Cole,1,5.6,5.6,30219.0,30219.0,2,0.0
Harold Gould,1,7.3,7.3,9007.0,9007.0,3,0.0
Adam Hicks,1,4.6,4.6,27198.0,27198.0,2,0.0
Sidney James,1,6.8,6.8,3102.0,3102.0,2,0.0
Katy Jurado,1,6.8,6.8,3102.0,3102.0,2,0.0
Meg Foster,1,7.3,7.3,73501.0,73501.0,3,0.0
George 'Buck' Flower,1,7.3,7.3,73501.0,73501.0,3,0.0
Gordon Jackson,1,8.3,8.3,165638.0,165638.0,5,0.0
Marlee Matlin,1,5.4,5.4,12059.0,12059.0,6,0.0
Armin Shimerman,1,5.4,5.4,12059.0,12059.0,6,0.0
Ashley Bell,2,4.8,5.6,27507.5,41509.0,3,3.0
Ellar Coltrane,1,8.0,8.0,266020.0,266020.0,1,0.0
Libby Villari,1,8.0,8.0,266020.0,266020.0,1,0.0
Lorelei Linklater,1,8.0,8.0,266020.0,266020.0,1,0.0
DJ Pooh,1,4.6,4.6,5612.0,5612.0,1,0.0
Dr. Dre,1,4.6,4.6,5612.0,5612.0,1,0.0
Kevin McCarthy,3,6.6000000000000005,7.4,7505.0,12981.0,7,51.0
Thelma Ritter,1,7.4,7.4,12981.0,12981.0,3,0.0
Montgomery Clift,4,7.825,8.3,28185.25,44457.0,6,13.0
Peter Appel,1,4.6,4.6,2129.0,2129.0,2,0.0
William Hickey,1,4.6,4.6,2129.0,2129.0,2,0.0
Fernando Cayo,1,7.5,7.5,120189.0,120189.0,3,0.0
Gabriel Iglesias,1,4.7,4.7,14621.0,14621.0,2,0.0
Ashley Rickards,1,4.7,4.7,14621.0,14621.0,2,0.0
Philippe Noiret,1,6.3,6.3,12677.0,12677.0,2,0.0
Amy Hill,1,6.0,6.0,19622.0,19622.0,2,0.0
Benjamin Fletcher,1,2.7,2.7,3611.0,3611.0,1,0.0
Alan Taylor,1,2.7,2.7,3611.0,3611.0,1,0.0
Aaron Hughes,1,6.5,6.5,16224.0,16224.0,4,0.0
Anna Gunn,1,6.2,6.2,53342.0,53342.0,4,0.0
Rob Brydon,1,6.9,6.9,20275.0,20275.0,2,0.0
Stephanie Leonidas,2,6.9,6.9,11500.0,20275.0,4,1.0
Puti Sri Candra Dewi,1,8.5,8.5,22457.0,22457.0,2,0.0
Collin Alfredo St. Dic,1,8.5,8.5,22457.0,22457.0,2,0.0
Balinese Tari Legong Dancers,1,8.5,8.5,22457.0,22457.0,2,0.0
Eva LaRue,1,4.8,4.8,2308.0,2308.0,2,0.0
Elena Satine,1,5.7,5.7,4091.0,4091.0,2,0.0
Leos Carax,1,7.1,7.1,29440.0,29440.0,2,0.0
Ronnie Gene Blevins,1,6.9,6.9,36494.0,36494.0,1,0.0
Hal Landon Jr.,2,6.65,7.4,36268.0,69831.0,6,10.0
Beth Broderick,2,5.8,6.3,4814.5,5012.0,4,7.0
Kathleen Robertson,1,6.3,6.3,4617.0,4617.0,3,0.0
Arcelia Ramírez,1,7.7,7.7,2112.0,2112.0,1,0.0
Adriana Barraza,2,7.9,8.1,87831.5,173551.0,2,13.0
Hector Kotsifakis,1,7.7,7.7,2112.0,2112.0,1,0.0
Zoe Levin,1,7.0,7.0,34224.0,34224.0,3,0.0
Jordan Trovillion,1,7.0,7.0,34224.0,34224.0,3,0.0
Rob Jarvis,1,5.9,5.9,811.0,811.0,2,0.0
Alan Williams,1,5.9,5.9,811.0,811.0,2,0.0
Rachel Griffiths,2,6.65,7.4,555.0,811.0,4,0.0
Danny Arroyo,1,5.0,5.0,1555.0,1555.0,3,0.0
Enrique Villén,1,7.7,7.7,9913.0,9913.0,2,0.0
Aida Folch,1,7.7,7.7,9913.0,9913.0,2,0.0
Connor Paolo,2,6.7,6.9,22579.5,34263.0,4,3.0
Michael Cerveris,1,6.5,6.5,34263.0,34263.0,3,0.0
Brandon Mychal Smith,1,6.1,6.1,7673.0,7673.0,3,
Tiffany Thornton,1,6.1,6.1,7673.0,7673.0,3,
Doug Brochu,1,6.1,6.1,7673.0,7673.0,3,
Jesuíta Barbosa,1,6.1,6.1,1738.0,1738.0,1,0.0
Angelo Tsarouchas,1,6.3,6.3,5137.0,5137.0,2,0.0
Elena Lyadova,1,7.5,7.5,2488.0,2488.0,2,0.0
Eugenia Khirivskaya,1,7.5,7.5,2488.0,2488.0,2,0.0
Howard Caine,1,7.6,7.6,6303.0,6303.0,4,0.0
Fadia Nadda,1,5.2,5.2,2086.0,2086.0,4,0.0
Bonnie Lee Bouman,1,5.2,5.2,2086.0,2086.0,4,0.0
Saad Siddiqui,1,5.2,5.2,2086.0,2086.0,4,0.0
James Hall,1,7.8,7.8,3753.0,3753.0,2,0.0
Jean Harlow,1,7.8,7.8,3753.0,3753.0,2,0.0
Marian Marsh,1,7.8,7.8,3753.0,3753.0,2,0.0
Peter Jacobson,1,6.6,6.6,2727.0,2727.0,3,0.0
Shannon Woodward,1,4.7,4.7,4146.0,4146.0,1,0.0
Kira McLean,1,4.7,4.7,4146.0,4146.0,1,0.0
Jessica McNamee,1,6.7,6.7,27781.0,27781.0,2,0.0
Robin McLeavy,1,6.7,6.7,27781.0,27781.0,2,0.0
Victoria Thaine,1,6.7,6.7,27781.0,27781.0,2,0.0
Rachel Sterling,1,4.2,4.2,1561.0,1561.0,1,0.0
Kristen Quintrall,1,4.2,4.2,1561.0,1561.0,1,0.0
Black Thomas,1,4.2,4.2,1561.0,1561.0,1,0.0
Brooke D'Orsay,1,6.3,6.3,1929.0,1929.0,2,0.0
Rachel Hendrix,2,5.75,6.8,3417.0,6110.0,4,3.0
Diana Vickers,1,4.7,4.7,724.0,724.0,4,0.0
Susannah York,2,7.35,7.9,16110.5,23713.0,5,3.0
George Reeves,1,8.2,8.2,215340.0,215340.0,4,0.0
Hattie McDaniel,1,8.2,8.2,215340.0,215340.0,4,0.0
Thomas Mitchell,4,8.075,8.6,143191.25,275720.0,7,22.0
Marama Corlett,1,6.0,6.0,1177.0,1177.0,2,0.0
Slim Pickens,3,7.533333333333334,8.5,118076.33333333333,342585.0,6,6.0
Howard Keel,2,7.0,7.0,3352.5,3538.0,7,1.0
Keenan Wynn,2,7.75,8.5,172876.0,342585.0,5,14.0
Betty Hutton,1,7.0,7.0,3167.0,3167.0,5,0.0
Alex Macqueen,1,7.3,7.3,55982.0,55982.0,3,0.0
Fernanda Torres,1,7.5,7.5,2650.0,2650.0,1,0.0
Fernanda Montenegro,2,7.75,8.0,15800.5,28951.0,1,7.0
Seu Jorge,2,8.1,8.7,267925.0,533200.0,2,3.0
Ellen Ross,1,7.1,7.1,3258.0,3258.0,4,0.0
Gladys Cooper,1,7.1,7.1,3258.0,3258.0,4,0.0
Reginald Owen,1,7.1,7.1,3258.0,3258.0,4,0.0
Alice Olivia Clarke,1,6.9,6.9,3579.0,3579.0,1,0.0
Mike Farrell,1,8.4,8.4,36265.0,36265.0,3,
Jamie Farr,1,8.4,8.4,36265.0,36265.0,3,
Brenda Vaccaro,2,7.2,7.9,38681.0,76616.0,3,36.0
John McGiver,1,7.9,7.9,76616.0,76616.0,1,0.0
Barnard Hughes,1,7.9,7.9,76616.0,76616.0,1,0.0
Lesley Sharp,2,7.2,7.2,82232.0,82232.0,3,0.0
Barbara Billingsley,1,7.8,7.8,160281.0,160281.0,1,0.0
Peter Graves,1,7.8,7.8,160281.0,160281.0,1,0.0
Lloyd Bridges,2,7.949999999999999,8.1,120237.0,160281.0,3,28.0
Jon Osbeck,1,3.5,3.5,801.0,801.0,2,0.0
Ta'Rhonda Jones,1,7.8,7.8,27418.0,27418.0,2,
John Forsythe,2,7.6,8.0,21958.5,24891.0,7,12.0
Will Geer,1,8.0,8.0,19026.0,19026.0,4,0.0
Peter Finch,1,7.6,7.6,7071.0,7071.0,1,0.0
Colleen Dewhurst,1,7.6,7.6,7071.0,7071.0,1,0.0
Beatrice Straight,1,7.6,7.6,7071.0,7071.0,1,0.0
Clive Swift,1,7.5,7.5,30982.0,30982.0,1,0.0
Bernard Cribbins,1,7.5,7.5,30982.0,30982.0,1,0.0
Kate Dickie,1,6.8,6.8,66483.0,66483.0,2,0.0
Joe Estevez,1,3.9,3.9,1721.0,1721.0,1,0.0
Master P,1,3.9,3.9,1721.0,1721.0,1,0.0
Anthony Johnson,1,3.9,3.9,1721.0,1721.0,1,0.0
Michael McGlone,2,6.35,6.6,10162.0,13949.0,3,1.0
Guillermo Francella,1,8.2,8.2,131831.0,131831.0,3,0.0
Ricardo Darín,2,8.05,8.2,85023.0,131831.0,4,9.0
Soledad Villamil,1,8.2,8.2,131831.0,131831.0,3,0.0
Gloria Votsis,1,4.8,4.8,4790.0,4790.0,2,0.0
Derek Magyar,1,4.8,4.8,4790.0,4790.0,2,0.0
Gideon Emery,1,4.8,4.8,4790.0,4790.0,2,0.0
Kassie Wesley DePaiva,1,7.8,7.8,113451.0,113451.0,4,0.0
Dan Hicks,2,7.05,7.8,67415.0,113451.0,4,20.0
Cassandra Scerbo,1,3.3,3.3,34532.0,34532.0,1,0.0
Zaide Silvia Gutiérrez,1,6.8,6.8,1024.0,1024.0,2,0.0
Elpidia Carrillo,1,6.8,6.8,1024.0,1024.0,2,0.0
Damián Delgado,1,6.8,6.8,1024.0,1024.0,2,0.0
Johanna Mørck,1,7.0,7.0,54104.0,54104.0,4,0.0
Glenn Erland Tosterud,1,7.0,7.0,54104.0,54104.0,4,0.0
Otto Jespersen,1,7.0,7.0,54104.0,54104.0,4,0.0
Lara Jean Chorostecki,1,4.7,4.7,342.0,342.0,6,0.0
Mykel Shannon Jenkins,1,4.7,4.7,342.0,342.0,6,0.0
Blaine Anderson,1,6.1,6.1,1634.0,1634.0,4,0.0
Robert Townsend,2,6.25,7.0,1571.0,2770.0,4,11.0
Genevieve O'Reilly,1,7.3,7.3,653.0,653.0,2,
Ash Cook,1,7.3,7.3,653.0,653.0,2,
Grey Griffin,1,8.4,8.4,30434.0,30434.0,5,0.0
Jerry Brown,1,7.0,7.0,75.0,75.0,1,0.0
Peter Agnefjall,1,7.0,7.0,75.0,75.0,1,0.0
Jane Goodall,2,7.2,7.4,40.0,75.0,1,1.0
Ralitsa Paskaleva,1,3.3,3.3,1285.0,1285.0,4,0.0
Shelly Varod,1,3.3,3.3,1285.0,1285.0,4,0.0
Glen Murphy,1,3.1,3.1,610.0,610.0,3,0.0
Joe Egan,1,3.1,3.1,610.0,610.0,3,0.0
Sofie Gråbøl,1,7.6,7.6,45984.0,45984.0,1,0.0
Adrian Gonzalez,1,6.1,6.1,1262.0,1262.0,2,0.0
Murray Bartlett,1,6.1,6.1,1262.0,1262.0,2,0.0
Edward Conna,1,6.1,6.1,1262.0,1262.0,2,0.0
Alexandre Rodrigues,1,8.7,8.7,533200.0,533200.0,2,0.0
John Simm,1,7.1,7.1,19194.0,19194.0,2,0.0
Rus Blackwell,1,6.6,6.6,2116.0,2116.0,3,0.0
Luis Antonio,1,6.6,6.6,2116.0,2116.0,3,0.0
Hana Shuan,1,8.3,8.3,170155.0,170155.0,1,0.0
Alexandra Rapaport,1,8.3,8.3,170155.0,170155.0,1,0.0
Thomas Bo Larsen,1,8.3,8.3,170155.0,170155.0,1,0.0
Scott Schwartz,1,8.1,8.1,104908.0,104908.0,2,0.0
Darren McGavin,1,8.1,8.1,104908.0,104908.0,2,0.0
Timothy Van Patten,1,6.6,6.6,6549.0,6549.0,4,0.0
Perry King,1,6.6,6.6,6549.0,6549.0,4,0.0
François Bégaudeau,1,7.5,7.5,29248.0,29248.0,1,0.0
Agame Malembo-Emene,1,7.5,7.5,29248.0,29248.0,1,0.0
Angélica Sancio,1,7.5,7.5,29248.0,29248.0,1,0.0
Charles Grodin,1,8.0,8.0,140527.0,140527.0,2,0.0
Terry Walters,1,7.2,7.2,29239.0,29239.0,2,0.0
Wilson Guerrero,1,7.5,7.5,30474.0,30474.0,2,0.0
Yenny Paola Vega,1,7.5,7.5,30474.0,30474.0,2,0.0
Mary Page Keller,1,7.2,7.2,73349.0,73349.0,3,0.0
Honor Blackman,2,6.65,7.8,70705.0,139432.0,4,4.0
Gert Fröbe,1,7.8,7.8,139432.0,139432.0,3,0.0
Caleb Landry Jones,3,5.266666666666667,5.7,17541.0,41509.0,4,5.0
Lionel Barrymore,3,8.033333333333333,8.6,98277.66666666667,275720.0,5,8.0
Donna Reed,2,8.2,8.6,154853.5,275720.0,5,7.0
Micah Sloat,2,6.0,6.3,133478.5,184824.0,1,3.0
Daoming Chen,1,7.3,7.3,2789.0,2789.0,1,0.0
Robert Rusler,1,5.4,5.4,43485.0,43485.0,2,0.0
Adelaide Kane,1,5.7,5.7,139329.0,139329.0,3,0.0
Victoria Leigh,1,6.8,6.8,155153.0,155153.0,2,0.0
Danielle Kotch,1,6.8,6.8,155153.0,155153.0,2,0.0
Mikki Padilla,1,5.4,5.4,1466.0,1466.0,3,0.0
Dayna Devon,1,5.4,5.4,1466.0,1466.0,3,0.0
Burl Ives,1,8.1,8.1,33741.0,33741.0,2,0.0
Jack Carson,1,8.1,8.1,33741.0,33741.0,2,0.0
Gregory Sierra,1,6.1,6.1,32378.0,32378.0,3,0.0
Linda Harrison,1,6.1,6.1,32378.0,32378.0,3,0.0
Victor Buono,1,6.1,6.1,32378.0,32378.0,3,0.0
Lisa Ortiz,1,5.6,5.6,9066.0,9066.0,6,0.0
Eric Stuart,1,5.6,5.6,9066.0,9066.0,6,0.0
Veronica Taylor,1,5.6,5.6,9066.0,9066.0,6,0.0
Vincent Guastaferro,1,5.9,5.9,25332.0,25332.0,2,0.0
Ron Palillo,1,5.9,5.9,25332.0,25332.0,2,0.0
Sessue Hayakawa,1,8.2,8.2,149444.0,149444.0,3,0.0
Tonya Lee Williams,1,5.3,5.3,2580.0,2580.0,3,0.0
Fred MacMurray,1,8.3,8.3,109335.0,109335.0,3,0.0
David White,1,8.3,8.3,109335.0,109335.0,3,0.0
Erin Gray,1,4.3,4.3,19331.0,19331.0,3,0.0
Leslie Jordan,1,4.3,4.3,19331.0,19331.0,3,0.0
David Opatoshu,1,6.7,6.7,18656.0,18656.0,1,0.0
Tamara Toumanova,1,6.7,6.7,18656.0,18656.0,1,0.0
Lila Kedrova,1,6.7,6.7,18656.0,18656.0,1,0.0
Lauryn Hill,1,7.2,7.2,7721.0,7721.0,3,0.0
Bobby Brown,1,6.6,6.6,1361.0,1361.0,3,0.0
LisaGay Hamilton,1,6.6,6.6,1361.0,1361.0,3,0.0
Edward Andrews,1,7.9,7.9,7998.0,7998.0,1,0.0
Deon Richmond,1,5.2,5.2,1004.0,1004.0,1,0.0
Countess Vaughn,1,5.2,5.2,1004.0,1004.0,1,0.0
Seth Green,1,7.8,7.8,32923.0,32923.0,2,
Breckin Meyer,1,7.8,7.8,32923.0,32923.0,2,
Matthew Senreich,1,7.8,7.8,32923.0,32923.0,2,
Walter Brennan,1,7.8,7.8,21316.0,21316.0,4,0.0
Joyful Drake,1,3.0,3.0,8279.0,8279.0,1,0.0
Ariane Labed,1,7.9,7.9,95362.0,95362.0,2,0.0
Athina Rachel Tsangari,1,7.9,7.9,95362.0,95362.0,2,0.0
Seamus Davey-Fitzpatrick,1,7.9,7.9,95362.0,95362.0,2,0.0
John Astin,1,3.2,3.2,8465.0,8465.0,2,0.0
Robert Neary,1,3.2,3.2,8465.0,8465.0,2,0.0
James Le Gros,1,6.5,6.5,9502.0,9502.0,5,0.0
A. Michael Baldwin,1,6.5,6.5,9502.0,9502.0,5,0.0
Angus Scrimm,1,6.5,6.5,9502.0,9502.0,5,0.0
Clifton Powell,3,5.5,6.9,631.6666666666666,806.0,4,5.0
Jessica De Gouw,1,7.4,7.4,299.0,299.0,2,
Lisa Ray,1,7.8,7.8,12560.0,12560.0,2,0.0
Seema Biswas,1,7.8,7.8,12560.0,12560.0,2,0.0
Callie Thorne,2,5.550000000000001,6.7,3930.0,4195.0,3,2.0
David Heyman,1,4.4,4.4,3665.0,3665.0,2,0.0
Ann Morgan Guilbert,1,6.6,6.6,9808.0,9808.0,2,0.0
Peter Ostrum,1,7.8,7.8,128334.0,128334.0,3,0.0
Jack Albertson,1,7.8,7.8,128334.0,128334.0,3,0.0
Julie Dawn Cole,1,7.8,7.8,128334.0,128334.0,3,0.0
Paula Marshall,1,5.3,5.3,3943.0,3943.0,2,0.0
George Hamilton,1,5.3,5.3,8005.0,8005.0,2,0.0
Richard Libertini,1,8.0,8.0,37594.0,37594.0,2,0.0
Stuart Margolin,1,8.0,8.0,37594.0,37594.0,2,0.0
Jeff Conaway,1,5.4,5.4,18711.0,18711.0,3,0.0
Courtney Love,1,6.9,6.9,15885.0,15885.0,2,0.0
Grace Gummer,1,7.4,7.4,43982.0,43982.0,3,0.0
Rapulana Seiphemo,2,7.55,7.8,17376.0,25063.0,3,3.0
Nambitha Mpumlwana,1,7.3,7.3,25063.0,25063.0,2,0.0
Joe Howard,1,6.6,6.6,761.0,761.0,2,0.0
Robert Noble,1,6.6,6.6,761.0,761.0,2,0.0
Ji-tae Yu,1,8.4,8.4,356181.0,356181.0,3,0.0
Michael Bolten,1,6.3,6.3,3942.0,3942.0,2,0.0
Christopher Schmidt,1,6.3,6.3,3942.0,3942.0,2,0.0
Robyn Lively,1,6.3,6.3,3942.0,3942.0,2,0.0
Molly Dunsworth,1,6.1,6.1,37495.0,37495.0,3,0.0
Robb Wells,1,6.1,6.1,37495.0,37495.0,3,0.0
Erick Elias,1,5.0,5.0,368.0,368.0,2,0.0
Brianna Brown,2,6.25,7.2,3150.5,5012.0,5,1.0
Jason Maza,1,7.3,7.3,47385.0,47385.0,1,0.0
Andrew Rannells,1,5.3,5.3,37156.0,37156.0,2,0.0
Megan Hilty,1,7.9,7.9,2948.0,2948.0,5,
Lindsey Haun,1,5.0,5.0,758.0,758.0,3,0.0
Bob Ross,1,5.3,5.3,7988.0,7988.0,1,0.0
Tim Healy,1,7.6,7.6,437.0,437.0,1,
Amanda Mealing,1,7.6,7.6,437.0,437.0,1,
Susan Hampshire,1,7.6,7.6,437.0,437.0,1,
Robert Stadlober,1,7.4,7.4,11074.0,11074.0,4,0.0
Kostja Ullmann,1,7.4,7.4,11074.0,11074.0,4,0.0
Johnny Pacar,2,4.45,5.9,501.5,737.0,6,1.0
Noah Segan,2,4.25,4.4,2805.0,4122.0,2,3.0
Matt Cohen,2,3.65,4.1,2145.5,4122.0,3,6.0
Peter Onorati,1,6.7,6.7,1238.0,1238.0,2,0.0
Jim Norton,1,6.2,6.2,2437.0,2437.0,3,0.0
Darren Keefe Reiher,1,3.3,3.3,1257.0,1257.0,1,0.0
Neil Hopkins,1,3.3,3.3,1257.0,1257.0,1,0.0
David Douglas,1,3.3,3.3,1257.0,1257.0,1,0.0
Kristi Clainos,1,5.5,5.5,1370.0,1370.0,3,0.0
Emily Nelson,1,5.5,5.5,1370.0,1370.0,3,0.0
Olivia Alexander,1,2.6,2.6,2978.0,2978.0,1,0.0
French Stewart,1,2.6,2.6,2978.0,2978.0,1,0.0
Ashley Martin,1,2.6,2.6,2978.0,2978.0,1,0.0
Alex Meraz,1,5.8,5.8,13599.0,13599.0,3,0.0
Jillian Murray,1,5.8,5.8,13599.0,13599.0,3,0.0
Carroll O'Connor,2,7.4,7.4,7949.0,13640.0,4,0.0
Salvatore Santone,1,5.1,5.1,118.0,118.0,1,0.0
Sarah Rafferty,1,5.1,5.1,118.0,118.0,1,0.0
David Bianchi,1,5.2,5.2,704.0,704.0,1,0.0
John Robinson,2,5.949999999999999,7.1,6608.5,12241.0,4,6.0
Brett Wagner,1,3.9,3.9,520.0,520.0,1,0.0
Brooke Newton,1,3.9,3.9,520.0,520.0,1,0.0
Fabio Testi,1,6.2,6.2,240.0,240.0,3,0.0
Jack Taylor,1,6.2,6.2,240.0,240.0,3,0.0
Cybill Shepherd,1,5.9,5.9,3443.0,3443.0,3,0.0
Matheus Nachtergaele,1,8.0,8.0,28951.0,28951.0,1,0.0
Othon Bastos,1,8.0,8.0,28951.0,28951.0,1,0.0
Glenn Ford,1,7.3,7.3,4313.0,4313.0,2,0.0
Scott Evans,1,4.9,4.9,2425.0,2425.0,2,0.0
Anthony L. Fernandez,1,4.9,4.9,2425.0,2425.0,2,0.0
Patrick Bauchau,1,4.3,4.3,2157.0,2157.0,4,0.0
Mia Barron,1,4.3,4.3,2157.0,2157.0,4,0.0
Olivia Rose Keegan,1,4.3,4.3,2157.0,2157.0,4,0.0
Greg Crowe,1,6.4,6.4,5695.0,5695.0,1,0.0
Tempestt Bledsoe,2,4.95,6.4,3121.5,5695.0,4,0.0
Oana Pellea,1,6.8,6.8,55040.0,55040.0,1,0.0
Maeve Dermody,1,6.1,6.1,4173.0,4173.0,4,0.0
Patrick Brammall,1,6.1,6.1,4173.0,4173.0,4,0.0
Kelly Paterniti,1,6.1,6.1,4173.0,4173.0,4,0.0
Allegra Carpenter,1,4.0,4.0,859.0,859.0,3,0.0
Gregory Cruz,1,4.0,4.0,859.0,859.0,3,0.0
Isaac Hayes,1,7.4,7.4,33567.0,33567.0,3,0.0
Paula Jai Parker,1,7.4,7.4,33567.0,33567.0,3,0.0
Elise Neal,1,7.4,7.4,33567.0,33567.0,3,0.0
George Raft,1,8.3,8.3,175196.0,175196.0,3,0.0
Joe E. Brown,1,8.3,8.3,175196.0,175196.0,3,0.0
Nehemiah Persoff,1,8.3,8.3,175196.0,175196.0,3,0.0
Terry Kiser,2,5.6,5.9,11341.5,21359.0,4,1.0
William Butler,1,5.3,5.3,21359.0,21359.0,1,0.0
Terry,1,8.1,8.1,291875.0,291875.0,4,0.0
Billie Burke,1,8.1,8.1,291875.0,291875.0,4,0.0
Margaret Hamilton,1,8.1,8.1,291875.0,291875.0,4,0.0
Joe Dinicol,1,5.7,5.7,40800.0,40800.0,1,0.0
Sanjay Dutt,1,8.2,8.2,27569.0,27569.0,3,0.0
Patricia Richardson,1,7.1,7.1,5744.0,5744.0,1,0.0
Vanessa Zima,1,7.1,7.1,5744.0,5744.0,1,0.0
Kelly Reno,1,7.4,7.4,8856.0,8856.0,3,0.0
Hoyt Axton,1,7.4,7.4,8856.0,8856.0,3,0.0
Diljit Dosanjh,1,6.6,6.6,745.0,745.0,1,0.0
Neeru Bajwa,1,6.6,6.6,745.0,745.0,1,0.0
Bhavkhandan Singh Rakhra,1,6.6,6.6,745.0,745.0,1,0.0
Frank Hvam,1,5.7,5.7,1828.0,1828.0,5,0.0
Casper Christensen,1,5.7,5.7,1828.0,1828.0,5,0.0
Cesar Romero,2,6.7,6.9,14380.5,22975.0,4,3.0
Henri Garcin,1,7.0,7.0,1470.0,1470.0,2,0.0
Ariane Schluter,1,7.0,7.0,1470.0,1470.0,2,0.0
Rijk de Gooyer,1,7.0,7.0,1470.0,1470.0,2,0.0
Esther Williams,2,6.75,7.0,1316.0,1553.0,6,1.0
Irene Dunne,1,7.0,7.0,1553.0,1553.0,4,0.0
Kimberly Beck,1,5.9,5.9,29488.0,29488.0,2,0.0
Tom Everett,1,5.9,5.9,29488.0,29488.0,2,0.0
Judie Aronson,1,5.9,5.9,29488.0,29488.0,2,0.0
Agata Trzebuchowska,1,7.4,7.4,34643.0,34643.0,1,0.0
Joanna Kulig,1,7.4,7.4,34643.0,34643.0,1,0.0
Agata Kulesza,1,7.4,7.4,34643.0,34643.0,1,0.0
Laurie Metcalf,1,6.0,6.0,6930.0,6930.0,2,0.0
Laird John Hamilton,1,7.9,7.9,3849.0,3849.0,3,0.0
Gabrielle Reece,1,7.9,7.9,3849.0,3849.0,3,0.0
Gerry Lopez,1,7.9,7.9,3849.0,3849.0,3,0.0
Nacho Vigalondo,1,7.2,7.2,40878.0,40878.0,4,0.0
Bárbara Goenaga,1,7.2,7.2,40878.0,40878.0,4,0.0
Karra Elejalde,1,7.2,7.2,40878.0,40878.0,4,0.0
Bo Huang,2,7.550000000000001,7.7,1757.5,2097.0,4,3.0
Zheng Xu,2,7.550000000000001,7.7,1757.5,2097.0,4,3.0
Cyd Charisse,1,8.3,8.3,150020.0,150020.0,3,0.0
Joel Fuhrman,1,7.6,7.6,6429.0,6429.0,1,0.0
Amy Badberg,1,7.6,7.6,6429.0,6429.0,1,0.0
Joe Cross,1,7.6,7.6,6429.0,6429.0,1,0.0
Dinesh D'Souza,1,5.1,5.1,9010.0,9010.0,1,0.0
Barack Obama,1,5.1,5.1,9010.0,9010.0,1,0.0
Zackary Steven Graham,1,5.1,5.1,9010.0,9010.0,1,0.0
Nancy Kyes,1,4.6,4.6,28589.0,28589.0,3,0.0
Sal Mineo,1,6.3,6.3,23546.0,23546.0,2,0.0
Whit Bissell,1,7.9,7.9,15277.0,15277.0,1,0.0
Melvyn Douglas,1,7.9,7.9,15277.0,15277.0,1,0.0
La'Princess Jackson,1,6.7,6.7,6062.0,6062.0,2,0.0
David Jason Perez,1,6.7,6.7,6062.0,6062.0,2,0.0
Dana Hanna,1,6.7,6.7,6062.0,6062.0,2,0.0
Jill Flint,1,7.6,7.6,187595.0,187595.0,3,0.0
Hans Weingartner,1,8.1,8.1,183288.0,183288.0,2,0.0
Hanno Pöschl,1,8.1,8.1,183288.0,183288.0,2,0.0
Dominik Castell,1,8.1,8.1,183288.0,183288.0,2,0.0
Michel Côté,1,6.6,6.6,1003.0,1003.0,4,0.0
Patrick Huard,1,6.6,6.6,1003.0,1003.0,4,0.0
Jean Pierre Bergeron,1,6.6,6.6,1003.0,1003.0,4,0.0
Jessica Hecht,1,7.6,7.6,7776.0,7776.0,3,0.0
Satish Kaushik,1,6.7,6.7,2560.0,2560.0,1,0.0
Tannishtha Chatterjee,1,6.7,6.7,2560.0,2560.0,1,0.0
Christopher Simpson,1,6.7,6.7,2560.0,2560.0,1,0.0
Ana Gasteyer,1,7.1,7.1,52509.0,52509.0,4,0.0
Joshua Ormond,1,7.1,7.1,52509.0,52509.0,4,0.0
Amanda Plummer,1,7.6,7.6,21202.0,21202.0,2,0.0
Dayo Okeniyi,1,7.1,7.1,105591.0,105591.0,3,0.0
Michael Bower,1,7.1,7.1,97.0,97.0,5,0.0
Steve Burg,1,7.7,7.7,52286.0,52286.0,3,0.0
Tal Bachman,1,7.7,7.7,52286.0,52286.0,3,0.0
Bill Maher,2,7.25,7.7,28950.5,52286.0,5,3.0
George W. Bush,3,7.866666666666667,8.3,22174.666666666668,55382.0,3,3.0
Sheryl Crow,2,7.5,7.6,5059.0,9540.0,2,5.0
Gavin Newsom,1,7.1,7.1,1138.0,1138.0,1,0.0
Dustin Lance Black,1,7.1,7.1,1138.0,1138.0,1,0.0
Emily Pearson,1,7.1,7.1,1138.0,1138.0,1,0.0
Shriya Saran,1,6.2,6.2,4820.0,4820.0,3,0.0
Sebastian Blomberg,1,6.1,6.1,10220.0,10220.0,2,0.0
Rüdiger Vogler,1,6.1,6.1,10220.0,10220.0,2,0.0
Tenoch Huerta,1,5.9,5.9,5699.0,5699.0,4,0.0
Paul T. Taylor,1,6.8,6.8,61787.0,61787.0,3,0.0
Cecilia Pillado,1,5.0,5.0,3119.0,3119.0,2,0.0
Emmanuel Kabongo,1,6.3,6.3,63.0,63.0,1,0.0
Justine Waddell,1,5.1,5.1,4057.0,4057.0,4,0.0
Anthony 'Citric' Campos,1,6.6,6.6,108052.0,108052.0,3,0.0
Kevin Leslie,1,5.0,5.0,1510.0,1510.0,2,0.0
Kris Sommerville,1,5.0,5.0,1510.0,1510.0,2,0.0
Bianca Brigitte VanDamme,1,3.1,3.1,2753.0,2753.0,2,0.0
Red Skelton,1,6.5,6.5,1079.0,1079.0,2,0.0
Basil Rathbone,1,6.5,6.5,1079.0,1079.0,2,0.0
Jossara Jinaro,1,3.9,3.9,1015.0,1015.0,2,0.0
Rene Rosado,1,3.9,3.9,1015.0,1015.0,2,0.0
Mindy Sterling,1,7.3,7.3,19650.0,19650.0,6,0.0
Deems Taylor,1,7.8,7.8,71321.0,71321.0,4,0.0
Leopold Stokowski,1,7.8,7.8,71321.0,71321.0,4,0.0
Ivette Alvarez,1,6.9,6.9,44.0,44.0,2,0.0
Nicole Smolen,1,6.9,6.9,44.0,44.0,2,0.0
Sebastian Aguilar,1,6.9,6.9,44.0,44.0,2,0.0
Dana Kimmell,1,5.7,5.7,31952.0,31952.0,2,0.0
Richard Brooker,1,5.7,5.7,31952.0,31952.0,2,0.0
Catherine Parks,1,5.7,5.7,31952.0,31952.0,2,0.0
Melanie Kinnaman,1,4.7,4.7,22521.0,22521.0,3,0.0
Tiffany Helm,1,4.7,4.7,22521.0,22521.0,3,0.0
Dominick Brascia,1,4.7,4.7,22521.0,22521.0,3,0.0
Kayla Ewell,1,4.3,4.3,1118.0,1118.0,1,0.0
Linden Ashby,1,4.3,4.3,1118.0,1118.0,1,0.0
Greer Garson,1,7.5,7.5,1314.0,1314.0,1,0.0
Ethan Peck,1,4.8,4.8,1351.0,1351.0,2,0.0
Brad Schmidt,1,4.8,4.8,1351.0,1351.0,2,0.0
Zohra Segal,1,5.8,5.8,480.0,480.0,3,0.0
Saeed Jaffrey,2,6.35,6.9,5528.5,10577.0,3,20.0
Shobu Kapoor,1,5.8,5.8,480.0,480.0,3,0.0
Stefanie Drummond,1,6.0,6.0,5187.0,5187.0,3,0.0
Rachel Skarsten,1,6.0,6.0,5187.0,5187.0,3,0.0
Daniel Kash,1,6.0,6.0,5187.0,5187.0,3,0.0
Myrna Loy,1,8.1,8.1,40359.0,40359.0,3,0.0
Sven Nordin,1,7.6,7.6,12244.0,12244.0,2,0.0
Per Christian Ellefsen,1,7.6,7.6,12244.0,12244.0,2,0.0
Jørgen Langhelle,1,7.6,7.6,12244.0,12244.0,2,0.0
Brad Lee Wind,1,7.2,7.2,22.0,22.0,2,0.0
Arturo Castro,1,7.2,7.2,22.0,22.0,2,0.0
Michael Derek,1,7.2,7.2,22.0,22.0,2,0.0
Carlos Lasarte,1,7.5,7.5,131462.0,131462.0,1,0.0
Manuela Velasco,1,7.5,7.5,131462.0,131462.0,1,0.0
Martha Higareda,1,6.3,6.3,544.0,544.0,1,0.0
Cheyenne Haynes,1,6.3,6.3,544.0,544.0,1,0.0
Carmen Argenziano,2,5.6,6.7,955.5,1905.0,6,34.0
Travis Myers,1,6.7,6.7,6.0,6.0,5,0.0
Michael Chapman,1,4.8,4.8,1355.0,1355.0,3,0.0
Louise Brealey,1,4.8,4.8,1355.0,1355.0,3,0.0
Walter Hendrix III,1,4.8,4.8,1355.0,1355.0,3,0.0
Maria Doyle Kennedy,1,5.5,5.5,1274.0,1274.0,3,0.0
Shaun O'Hagan,1,5.5,5.5,1274.0,1274.0,3,0.0
Daniela Bianchi,1,7.5,7.5,89403.0,89403.0,3,0.0
Lisa Gaye,1,5.1,5.1,4663.0,4663.0,4,0.0
Jessica Dublin,1,5.1,5.1,4663.0,4663.0,4,0.0
Phoebe Legere,1,5.1,5.1,4663.0,4663.0,4,0.0
Crystal R. Fox,1,7.4,7.4,2258.0,2258.0,3,
Alan Autry,1,7.4,7.4,2258.0,2258.0,3,
John Beck,1,7.3,7.3,33335.0,33335.0,2,0.0
Mews Small,1,7.3,7.3,33335.0,33335.0,2,0.0
Jake Weary,1,6.9,6.9,112899.0,112899.0,2,0.0
Ruby Harris,1,6.9,6.9,112899.0,112899.0,2,0.0
Maika Monroe,1,6.9,6.9,112899.0,112899.0,2,0.0
William Windom,1,8.4,8.4,215086.0,215086.0,2,0.0
Brock Peters,1,8.4,8.4,215086.0,215086.0,2,0.0
Kjell Nilsson,1,7.6,7.6,133966.0,133966.0,4,0.0
Ho-Sung Pak,1,7.6,7.6,34520.0,34520.0,2,0.0
Jeannetta Arnette,1,7.6,7.6,77551.0,77551.0,4,0.0
Alicia Goranson,1,7.6,7.6,77551.0,77551.0,4,0.0
Eric Sheffer Stevens,1,5.3,5.3,18566.0,18566.0,4,0.0
Julia Taylor Ross,1,5.3,5.3,18566.0,18566.0,4,0.0
Adam Trese,1,5.3,5.3,18566.0,18566.0,4,0.0
Ben Davies,1,7.0,7.0,15401.0,15401.0,1,0.0
T.C. Stallings,1,7.0,7.0,15401.0,15401.0,1,0.0
Hedy Lamarr,1,7.1,7.1,2269.0,2269.0,4,0.0
Claudette Colbert,2,7.6499999999999995,8.2,33578.5,64888.0,5,6.0
Michel Robin,1,7.8,7.8,42462.0,42462.0,3,0.0
Béatrice Bonifassi,1,7.8,7.8,42462.0,42462.0,3,0.0
Charles Linton,1,7.8,7.8,42462.0,42462.0,3,0.0
Daniel Tay,1,7.5,7.5,41999.0,41999.0,3,0.0
James Urbaniak,3,6.833333333333333,7.5,19370.0,41999.0,6,14.0
Albert Delpy,1,8.0,8.0,168398.0,168398.0,2,0.0
Marie Pillet,1,8.0,8.0,168398.0,168398.0,2,0.0
Jorge Salinas,1,8.1,8.1,173551.0,173551.0,2,0.0
Goya Toledo,1,8.1,8.1,173551.0,173551.0,2,0.0
Sarah Clarke,1,6.8,6.8,68222.0,68222.0,1,0.0
Celeste Holm,1,7.4,7.4,10791.0,10791.0,2,0.0
John Garfield,1,7.4,7.4,10791.0,10791.0,2,0.0
Lauren Sweetser,1,7.2,7.2,111658.0,111658.0,1,0.0
Shelley Waggener,1,7.2,7.2,111658.0,111658.0,1,0.0
Nicholas Aaron,1,8.1,8.1,26926.0,26926.0,4,0.0
Joe Simpson,1,8.1,8.1,26926.0,26926.0,4,0.0
Brendan Mackey,1,8.1,8.1,26926.0,26926.0,4,0.0
Tyrone Power,1,7.0,7.0,1381.0,1381.0,3,0.0
Miranda July,1,7.4,7.4,31130.0,31130.0,2,0.0
Najarra Townsend,1,7.4,7.4,31130.0,31130.0,2,0.0
Barney Frank,1,8.3,8.3,55382.0,55382.0,2,0.0
Gano Grills,1,7.5,7.5,70084.0,70084.0,4,0.0
Richard Portnow,1,7.5,7.5,70084.0,70084.0,4,0.0
Sydelle Noel,1,5.3,5.3,3911.0,3911.0,3,0.0
Rose Marie,1,5.7,5.7,4288.0,4288.0,3,0.0
Tawny Kitaen,1,5.7,5.7,4288.0,4288.0,3,0.0
Sook-Yin Lee,1,6.5,6.5,27346.0,27346.0,3,0.0
Peter Stickles,1,6.5,6.5,27346.0,27346.0,3,0.0
Raphael Barker,1,6.5,6.5,27346.0,27346.0,3,0.0
Ronny Dayag,1,8.0,8.0,46107.0,46107.0,6,0.0
Zahava Solomon,1,8.0,8.0,46107.0,46107.0,6,0.0
Ari Folman,1,8.0,8.0,46107.0,46107.0,6,0.0
Noah Danby,1,3.3,3.3,397.0,397.0,1,0.0
Kirby Heyborne,4,5.625,6.8,4968.0,17725.0,8,1.0
Bruce Newbold,1,3.3,3.3,397.0,397.0,1,0.0
Dick Cheney,1,8.3,8.3,7314.0,7314.0,2,0.0
Donald Rumsfeld,1,8.3,8.3,7314.0,7314.0,2,0.0
Austin Lyon,1,6.9,6.9,16645.0,16645.0,2,0.0
Debrah Farentino,1,7.3,7.3,415.0,415.0,3,
Neil Armstrong,1,8.1,8.1,5475.0,5475.0,2,0.0
Buzz Aldrin,1,8.1,8.1,5475.0,5475.0,2,0.0
John F. Kennedy,1,8.1,8.1,5475.0,5475.0,2,0.0
Linda Lovelace,1,6.8,6.8,5615.0,5615.0,3,0.0
Manny Perez,2,7.1,7.3,2278.0,4359.0,3,12.0
Zack Pearlman,1,4.6,4.6,3467.0,3467.0,1,0.0
Matt Bennett,1,4.6,4.6,3467.0,3467.0,1,0.0
Krysta Rodriguez,1,4.6,4.6,3467.0,3467.0,1,0.0
Jean-Hugues Anglade,2,6.5,6.5,14176.5,17322.0,4,8.0
Nathan Parsons,1,5.4,5.4,34556.0,34556.0,4,0.0
John Hensley,1,5.4,5.4,34556.0,34556.0,4,0.0
Jess Weixler,1,5.4,5.4,34556.0,34556.0,4,0.0
Stephane Gauger,1,6.7,6.7,5613.0,5613.0,6,0.0
Jeffrey Falcon,1,6.7,6.7,5613.0,5613.0,6,0.0
Kim De Angelo,1,6.7,6.7,5613.0,5613.0,6,0.0
Shakti Kapoor,1,2.8,2.8,275.0,275.0,4,0.0
Bobby Deol,1,2.8,2.8,275.0,275.0,4,0.0
Karisma Kapoor,2,4.5,6.2,1495.0,2715.0,5,0.0
Kate Magowan,1,7.4,7.4,16828.0,16828.0,4,0.0
Paul Kaye,1,7.4,7.4,16828.0,16828.0,4,0.0
Karl Collins,1,7.1,7.1,2081.0,2081.0,4,0.0
Sanjay Mishra,1,5.3,5.3,922.0,922.0,4,0.0
Javed Jaffrey,1,5.3,5.3,922.0,922.0,4,0.0
Chuck Zito,1,5.4,5.4,508.0,508.0,2,0.0
Jansen Panettiere,1,4.8,4.8,1278.0,1278.0,3,0.0
Charly Bivona,1,5.9,5.9,6223.0,6223.0,4,0.0
Kent McCord,1,5.9,5.9,10182.0,10182.0,3,0.0
Sarah Douglas,1,5.9,5.9,10182.0,10182.0,3,0.0
Michelle Hurst,1,6.6,6.6,10282.0,10282.0,1,0.0
Jordi Vilasuso,1,6.0,6.0,13279.0,13279.0,5,0.0
Kaiwi Lyman-Mersereau,1,6.0,6.0,13279.0,13279.0,5,0.0
Michael McLafferty,1,6.0,6.0,13279.0,13279.0,5,0.0
Lorraine Stanley,2,6.9,7.0,32559.5,57811.0,4,2.0
Marlene Forte,2,5.550000000000001,5.7,1938.5,2895.0,4,2.0
Silvia Colloca,1,5.2,5.2,17296.0,17296.0,4,0.0
Kenneth Nkosi,1,7.8,7.8,9689.0,9689.0,3,0.0
Robert Hobbs,1,7.8,7.8,9689.0,9689.0,3,0.0
Ashleigh Gryzko,1,6.1,6.1,40380.0,40380.0,1,0.0
Sean Rogerson,1,6.1,6.1,40380.0,40380.0,1,0.0
Jemma Curran,1,5.7,5.7,6585.0,6585.0,2,0.0
Tommy Knight,1,5.7,5.7,6585.0,6585.0,2,0.0
Peter McQuinn,1,5.7,5.7,6585.0,6585.0,2,0.0
Daniel Baldwin,1,5.5,5.5,9280.0,9280.0,5,0.0
William Lee Scott,1,5.5,5.5,9280.0,9280.0,5,0.0
Louis Walsh,1,7.4,7.4,7.0,7.0,1,0.0
Tim Rice,1,7.4,7.4,7.0,7.0,1,0.0
Alice Cooper,1,7.4,7.4,7.0,7.0,1,0.0
Charlotte Rae,1,7.1,7.1,27646.0,27646.0,1,0.0
Paul Sheehan,1,3.9,3.9,289.0,289.0,1,0.0
Kathy Uyen,1,3.9,3.9,289.0,289.0,1,0.0
Ricardo Chavira,1,4.6,4.6,355.0,355.0,4,0.0
Mario Cimarro,1,4.6,4.6,355.0,355.0,4,0.0
Ted de Corsia,1,7.7,7.7,19236.0,19236.0,5,0.0
Everett Sloane,1,7.7,7.7,19236.0,19236.0,5,0.0
Rita Hayworth,1,7.7,7.7,19236.0,19236.0,5,0.0
Mark Rolston,1,6.3,6.3,5182.0,5182.0,2,0.0
Sunil Narkar,1,6.6,6.6,4204.0,4204.0,1,0.0
Paul Williams,2,5.6,5.7,11554.0,22764.0,5,39.0
Kate Maberly,1,5.7,5.7,344.0,344.0,4,0.0
Lex Barker,1,6.0,6.0,952.0,952.0,2,0.0
Karin Dor,1,6.0,6.0,952.0,952.0,2,0.0
Josh Meyers,1,5.7,5.7,3605.0,3605.0,2,0.0
Jon Mack,1,5.7,5.7,3605.0,3605.0,2,0.0
Buster Keaton,1,7.0,7.0,6804.0,6804.0,2,0.0
Zero Mostel,1,7.0,7.0,6804.0,6804.0,2,0.0
Phil Silvers,1,7.0,7.0,6804.0,6804.0,2,0.0
Eddie Vedder,1,5.3,5.3,2242.0,2242.0,1,0.0
Steve Earle,1,5.3,5.3,2242.0,2242.0,1,0.0
Wray Crawford,1,3.4,3.4,2348.0,2348.0,2,0.0
Dave Sheridan,1,3.4,3.4,2348.0,2348.0,2,0.0
Trenton Rostedt,1,3.4,3.4,2348.0,2348.0,2,0.0
Michael Aaron Milligan,1,3.4,3.4,838.0,838.0,1,0.0
James Chalke,1,3.4,3.4,838.0,838.0,1,0.0
Melissa Bolona,1,3.4,3.4,838.0,838.0,1,0.0
David Lewis,1,5.2,5.2,2032.0,2032.0,2,0.0
Mike 'The Miz' Mizanin,1,5.2,5.2,2032.0,2032.0,2,0.0
Paul McGillion,3,6.3999999999999995,7.0,2852.0,3262.0,3,8.0
Erik Palladino,1,7.0,7.0,118684.0,118684.0,3,0.0
Aida Elkashef,1,8.1,8.1,6678.0,6678.0,4,0.0
Ahmed Hassan,1,8.1,8.1,6678.0,6678.0,4,0.0
Karl E. Landler,1,5.8,5.8,1010.0,1010.0,1,0.0
Lizzie Brocheré,1,5.8,5.8,1010.0,1010.0,1,0.0
Prabhudheva,1,6.4,6.4,5018.0,5018.0,2,0.0
Remo,1,6.4,6.4,5018.0,5018.0,2,0.0
Philippe Petit,1,7.8,7.8,40481.0,40481.0,5,0.0
Paul McGill,1,7.8,7.8,40481.0,40481.0,5,0.0
Jean-Louis Blondeau,1,7.8,7.8,40481.0,40481.0,5,0.0
Rachel Nash,1,6.3,6.3,333.0,333.0,1,0.0
Siobhan Marshall,1,6.3,6.3,333.0,333.0,1,0.0
Peter Feeney,1,6.3,6.3,333.0,333.0,1,0.0
Adam Ratcliffe,1,7.2,7.2,744.0,744.0,1,0.0
Patrick Fabian,1,5.6,5.6,41509.0,41509.0,3,0.0
Kim Hunter,2,7.6,8.0,40105.0,78454.0,3,1.0
Ana Claudia Talancón,2,6.449999999999999,6.8,7158.0,11088.0,4,4.0
Gina Montana,1,7.3,7.3,70336.0,70336.0,2,0.0
Dwight Henry,1,7.3,7.3,70336.0,70336.0,2,0.0
Claude Akins,1,5.5,5.5,22764.0,22764.0,2,0.0
T.R. Silambarasan,1,5.1,5.1,563.0,563.0,2,0.0
Brahmanandam,1,5.1,5.1,563.0,563.0,2,0.0
Hansika Motwani,1,5.1,5.1,563.0,563.0,2,0.0
J.J. Abrams,1,6.6,6.6,13223.0,13223.0,2,0.0
Donald Trump,1,6.6,6.6,13223.0,13223.0,2,0.0
Sonam Kinga,1,7.5,7.5,1747.0,1747.0,2,0.0
Tshewang Dendup,1,7.5,7.5,1747.0,1747.0,2,0.0
Lhakpa Dorji,1,7.5,7.5,1747.0,1747.0,2,0.0
Alan Hale Jr.,1,7.0,7.0,25472.0,25472.0,1,0.0
Humphrey Bogart,2,7.9,8.6,194632.0,387508.0,5,10.0
Jim Backus,1,7.2,7.2,1756.0,1756.0,3,0.0
Luke Edwards,1,8.7,8.7,13.0,13.0,3,0.0
Bree Williamson,1,8.7,8.7,13.0,13.0,3,0.0
Kimberley Crossman,1,8.7,8.7,13.0,13.0,3,0.0
Nicholas Carella,1,3.4,3.4,761.0,761.0,2,0.0
Keenan Tracey,1,3.4,3.4,761.0,761.0,2,0.0
Christian Keyes,1,5.4,5.4,686.0,686.0,2,0.0
Armin Rohde,1,7.8,7.8,161471.0,161471.0,2,0.0
Ludger Pistor,1,7.8,7.8,161471.0,161471.0,2,0.0
Will Estes,1,6.7,6.7,26773.0,26773.0,2,0.0
Erin Pitt,1,4.7,4.7,840.0,840.0,2,0.0
CJ Adams,1,4.7,4.7,840.0,840.0,2,0.0
Chris Cleveland,1,6.3,6.3,28.0,28.0,1,0.0
Circus-Szalewski,1,6.3,6.3,28.0,28.0,1,0.0
Matthew Alan,1,6.3,6.3,28.0,28.0,1,0.0
John Randolph,1,6.1,6.1,23268.0,23268.0,2,0.0
Gordon Jump,1,6.1,6.1,23268.0,23268.0,2,0.0
Sarah Butler,1,6.3,6.3,56402.0,56402.0,2,0.0
Daniel Franzese,1,6.3,6.3,56402.0,56402.0,2,0.0
Ally Walker,1,6.3,6.3,8697.0,8697.0,3,0.0
Natalie Press,1,6.8,6.8,16349.0,16349.0,2,0.0
Dean Andrews,1,6.8,6.8,16349.0,16349.0,2,0.0
Nawazuddin Siddiqui,1,7.8,7.8,30479.0,30479.0,2,0.0
Ann Miller,1,8.0,8.0,17799.0,17799.0,3,0.0
Jean Arthur,2,8.1,8.2,47595.5,77392.0,3,1.0
Victor McLaglen,1,7.4,7.4,11920.0,11920.0,1,0.0
Ben Johnson,1,7.4,7.4,11920.0,11920.0,1,0.0
Michael Welch,2,5.85,6.1,14256.0,25951.0,3,7.0
Marla Gibbs,1,4.3,4.3,536.0,536.0,2,0.0
Nadine Labaki,1,7.2,7.2,9750.0,9750.0,3,0.0
Adel Karam,1,7.2,7.2,9750.0,9750.0,3,0.0
Yasmine Al Massri,1,7.2,7.2,9750.0,9750.0,3,0.0
Alejandro Furth,1,4.7,4.7,2621.0,2621.0,2,0.0
Pixie Davies,1,4.7,4.7,2621.0,2621.0,2,0.0
Lior Ashkenazi,1,7.3,7.3,4702.0,4702.0,3,0.0
Ohad Knoller,1,7.3,7.3,4702.0,4702.0,3,0.0
Yousef 'Joe' Sweid,1,7.3,7.3,4702.0,4702.0,3,0.0
Cindy Williams,1,7.9,7.9,74651.0,74651.0,3,0.0
Revathy,1,5.1,5.1,257.0,257.0,1,0.0
Michel Bouquet,1,7.2,7.2,4391.0,4391.0,3,0.0
Jean-Paul Belmondo,2,7.45,7.7,11888.5,19386.0,3,4.0
Marisa Coughlan,1,5.4,5.4,1618.0,1618.0,2,0.0
Dustin Ingram,1,3.7,3.7,3313.0,3313.0,1,0.0
Gage Golightly,1,3.7,3.7,3313.0,3313.0,1,0.0
Samuel Davis,1,3.7,3.7,3313.0,3313.0,1,0.0
Donald Gibb,1,6.8,6.8,57578.0,57578.0,4,0.0
Ken Siu,1,6.8,6.8,57578.0,57578.0,4,0.0
Justin Pierce,1,7.0,7.0,59041.0,59041.0,1,0.0
Leo Fitzpatrick,1,7.0,7.0,59041.0,59041.0,1,0.0
William Baldwin,1,7.4,7.4,60295.0,60295.0,2,0.0
Owen Kline,1,7.4,7.4,60295.0,60295.0,2,0.0
Elizabeth Meriwether,1,7.4,7.4,60295.0,60295.0,2,0.0
Scott Cohen,1,6.7,6.7,14018.0,14018.0,3,0.0
Jennifer Westfeldt,1,6.7,6.7,14018.0,14018.0,3,0.0
Brian Stepanek,1,6.7,6.7,14018.0,14018.0,3,0.0
T.J. Storm,1,9.1,9.1,246.0,246.0,1,0.0
Matthew Ziff,3,6.199999999999999,9.1,398.6666666666667,606.0,3,4.0
Sam Medina,1,9.1,9.1,246.0,246.0,1,0.0
Rhonda Fleming,1,7.6,7.6,32927.0,32927.0,4,0.0
Norman Lloyd,1,7.6,7.6,32927.0,32927.0,4,0.0
Leo G. Carroll,1,7.6,7.6,32927.0,32927.0,4,0.0
Philip Friedman,1,6.8,6.8,202800.0,202800.0,4,0.0
Miguel Sandoval,1,6.9,6.9,25332.0,25332.0,4,0.0
Gastón Pauls,1,7.9,7.9,38215.0,38215.0,3,0.0
Leticia Brédice,1,7.9,7.9,38215.0,38215.0,3,0.0
Yaakov Peri,1,7.6,7.6,4547.0,4547.0,2,0.0
Ami Ayalon,1,7.6,7.6,4547.0,4547.0,2,0.0
Yuval Diskin,1,7.6,7.6,4547.0,4547.0,2,0.0
Ryan McDonald,1,6.7,6.7,9408.0,9408.0,1,0.0
Salvator Xuereb,1,6.5,6.5,17322.0,17322.0,3,0.0
Summer Phoenix,1,7.2,7.2,30314.0,30314.0,1,0.0
Theresa Russell,1,7.2,7.2,30314.0,30314.0,1,0.0
Ward G. Smith,1,5.5,5.5,95.0,95.0,3,0.0
Lisa Brave,1,5.5,5.5,95.0,95.0,3,0.0
Malone Thomas,1,5.5,5.5,95.0,95.0,3,0.0
Jessy Schram,1,6.2,6.2,2963.0,2963.0,2,0.0
Joel Murray,1,5.7,5.7,23349.0,23349.0,2,0.0
Fred Malatesta,1,8.6,8.6,143086.0,143086.0,3,0.0
Paulette Goddard,1,8.6,8.6,143086.0,143086.0,3,0.0
Stanley Blystone,1,8.6,8.6,143086.0,143086.0,3,0.0
Timothy Patrick Quill,1,6.3,6.3,21379.0,21379.0,2,0.0
Jim O'Heir,1,6.1,6.1,1351.0,1351.0,1,0.0
Jenny O'Hara,1,6.0,6.0,1134.0,1134.0,3,0.0
Darren E. Burrows,1,6.0,6.0,1134.0,1134.0,3,0.0
Ronnie Lazaro,1,5.8,5.8,463.0,463.0,2,0.0
John Arcilla,1,5.8,5.8,463.0,463.0,2,0.0
Brian Lee Franklin,1,5.8,5.8,463.0,463.0,2,0.0
Georgina Reilly,2,6.2,6.7,11721.5,22212.0,3,4.0
Boyd Banks,2,6.050000000000001,6.7,11174.5,22212.0,5,6.0
Michael Elian,1,7.6,7.6,7.0,7.0,3,0.0
Jaime Zevallos,1,7.6,7.6,7.0,7.0,3,0.0
Morgana O'Reilly,1,6.8,6.8,23323.0,23323.0,3,0.0
Bruce Hopkins,1,6.8,6.8,23323.0,23323.0,3,0.0
Cameron Rhodes,1,6.8,6.8,23323.0,23323.0,3,0.0
Jon Hunter,1,6.8,6.8,4120.0,4120.0,1,0.0
Matt Hunter,1,6.8,6.8,4120.0,4120.0,1,0.0
Lee Scott,1,6.8,6.8,4120.0,4120.0,1,0.0
Kyla Wise,1,6.8,6.8,1232.0,1232.0,3,0.0
Nicole Muñoz,1,6.8,6.8,1232.0,1232.0,3,0.0
Sarah Lind,1,6.8,6.8,1232.0,1232.0,3,0.0
Joe Armstrong,1,7.1,7.1,2841.0,2841.0,2,0.0
Martin Hancock,1,7.1,7.1,2841.0,2841.0,2,0.0
Monica Barladeanu,1,7.1,7.1,2841.0,2841.0,2,0.0
John DeSantis,1,2.8,2.8,459.0,459.0,1,0.0
Ashanti,1,2.8,2.8,459.0,459.0,1,0.0
Amber Marshall,1,2.8,2.8,459.0,459.0,1,0.0
Katrina Law,1,3.1,3.1,735.0,735.0,3,0.0
Lydia Hearst,1,3.3,3.3,1547.0,1547.0,4,0.0
Balthazar Getty,1,3.3,3.3,1547.0,1547.0,4,0.0
Kiowa Gordon,1,3.6,3.6,133.0,133.0,3,0.0
Billy Gilbert,1,7.7,7.7,133348.0,133348.0,4,0.0
Adriana Caselotti,1,7.7,7.7,133348.0,133348.0,4,0.0
Lucille La Verne,1,7.7,7.7,133348.0,133348.0,4,0.0
Mercedes Morán,1,6.7,6.7,2720.0,2720.0,1,0.0
María Alche,1,6.7,6.7,2720.0,2720.0,1,0.0
Brigitte Bardot,1,5.5,5.5,1978.0,1978.0,1,0.0
Gabriel Beristain,1,6.6,6.6,3291.0,3291.0,3,0.0
Zak Penn,1,6.6,6.6,3291.0,3291.0,3,0.0
John Bailey,1,6.6,6.6,3291.0,3291.0,3,0.0
Cullen Douglas,1,4.8,4.8,162.0,162.0,1,0.0
Christina Moore,1,4.8,4.8,162.0,162.0,1,0.0
Chasty Ballesteros,1,5.5,5.5,4948.0,4948.0,2,0.0
Adam DiMarco,1,5.5,5.5,4948.0,4948.0,2,0.0
Camren Bicondova,1,5.5,5.5,4948.0,4948.0,2,0.0
Léa Drucker,1,6.3,6.3,2082.0,2082.0,3,0.0
Laurent Poitrenaux,1,6.3,6.3,2082.0,2082.0,3,0.0
Angela Jones,1,6.9,6.9,330.0,330.0,2,0.0
Jonathan Mangum,1,6.9,6.9,330.0,330.0,2,0.0
Burgess Meredith,2,7.3,8.1,199107.5,375240.0,5,10.0
Burt Ward,1,6.5,6.5,22975.0,22975.0,3,0.0
Michael Douglas,1,7.3,7.3,3405.0,3405.0,4,
Trine Dyrholm,1,8.1,8.1,65951.0,65951.0,1,0.0
Paprika Steen,1,8.1,8.1,65951.0,65951.0,1,0.0
Cat Ly,1,7.4,7.4,775.0,775.0,1,0.0
Kieu Chinh,1,7.4,7.4,775.0,775.0,1,0.0
Long Nguyen,1,7.4,7.4,775.0,775.0,1,0.0
Kristen Cloke,1,7.7,7.7,6381.0,6381.0,2,
Tucker Smallwood,1,7.7,7.7,6381.0,6381.0,2,
Mirlan Abdulayev,1,8.7,8.7,3144.0,3144.0,4,0.0
Aziz Muradillayev,1,8.7,8.7,3144.0,3144.0,4,0.0
Elina Abai Kyzy,1,8.7,8.7,3144.0,3144.0,4,0.0
Lenore Zann,1,4.3,4.3,1339.0,1339.0,2,0.0
Tim Choate,1,4.3,4.3,1339.0,1339.0,2,0.0
Uday Chopra,1,3.3,3.3,1167.0,1167.0,3,0.0
Samantha McLeod,1,3.3,3.3,1167.0,1167.0,3,0.0
Matt Crabtree,1,2.7,2.7,5579.0,5579.0,1,0.0
Chloe Bridges,1,5.2,5.2,4866.0,4866.0,3,0.0
Joan Fontaine,1,8.2,8.2,87424.0,87424.0,4,0.0
Adrienne King,1,6.1,6.1,39690.0,39690.0,3,0.0
Amy Steel,1,6.1,6.1,39690.0,39690.0,3,0.0
Betsy Palmer,1,6.1,6.1,39690.0,39690.0,3,0.0
Frank Faylen,1,8.0,8.0,24959.0,24959.0,2,0.0
Jane Wyman,1,8.0,8.0,24959.0,24959.0,2,0.0
Ray Milland,1,8.0,8.0,24959.0,24959.0,2,0.0
Jorge Diaz,1,5.7,5.7,910.0,910.0,2,0.0
Jenni Rivera,1,5.7,5.7,910.0,910.0,2,0.0
Vic Mignogna,1,3.7,3.7,458.0,458.0,1,0.0
Jean Peters,1,7.1,7.1,11047.0,11047.0,3,0.0
Will Wright,1,7.1,7.1,11047.0,11047.0,3,0.0
Walter Pidgeon,1,7.8,7.8,15840.0,15840.0,2,0.0
Barry Fitzgerald,1,7.8,7.8,15840.0,15840.0,2,0.0
Riley Keough,1,7.3,7.3,3282.0,3282.0,1,
Elvis Nolasco,1,4.1,4.1,794.0,794.0,3,0.0
Felicia Pearson,1,4.1,4.1,794.0,794.0,3,0.0
Steven Brill,1,7.2,7.2,37785.0,37785.0,1,0.0
Laura San Giacomo,1,7.2,7.2,37785.0,37785.0,1,0.0
Ben Youcef,1,7.6,7.6,101.0,101.0,3,0.0
Zuhair Haddad,1,7.6,7.6,101.0,101.0,3,0.0
Vera Wilson,1,7.0,7.0,1229.0,1229.0,2,0.0
Ximena Ayala,1,7.0,7.0,1229.0,1229.0,2,0.0
José Manuel Orozco Angulo,1,7.0,7.0,1229.0,1229.0,2,0.0
Randeep Hooda,1,7.4,7.4,19397.0,19397.0,3,0.0
Jerry Mathers,1,7.2,7.2,24891.0,24891.0,3,0.0
Spring Byington,2,6.8,7.1,2232.5,3418.0,7,4.0
Nigel Bruce,1,6.5,6.5,1047.0,1047.0,3,0.0
Gale Sondergaard,1,6.5,6.5,1047.0,1047.0,3,0.0
Enzo Petito,1,8.9,8.9,503509.0,503509.0,1,0.0
Luigi Pistilli,1,8.9,8.9,503509.0,503509.0,1,0.0
Luis Miranda,1,7.9,7.9,7025.0,7025.0,2,0.0
Regina Casé,1,7.9,7.9,7025.0,7025.0,2,0.0
Alex Huszar,1,7.9,7.9,7025.0,7025.0,2,0.0
Eric Lange,1,6.0,6.0,2582.0,2582.0,2,0.0
Marshall Allman,1,6.0,6.0,2582.0,2582.0,2,0.0
Lemmy,1,6.1,6.1,91.0,91.0,2,0.0
Zoë Poledouris,1,6.1,6.1,91.0,91.0,2,0.0
Coyote Shivers,1,6.1,6.1,91.0,91.0,2,0.0
Déborah Révy,1,5.6,5.6,4068.0,4068.0,1,0.0
Yassine Azzouz,1,5.6,5.6,4068.0,4068.0,1,0.0
Johnny Amaro,1,5.6,5.6,4068.0,4068.0,1,0.0
Nataniel Sánchez,1,7.2,7.2,27.0,27.0,2,0.0
Antonio Arrué,1,7.2,7.2,27.0,27.0,2,0.0
Juan Carlos Montoya,1,7.2,7.2,27.0,27.0,2,0.0
Jim Cody Williams,1,6.1,6.1,2953.0,2953.0,3,0.0
Rich Ceraulo,1,3.8,3.8,9560.0,9560.0,1,0.0
Errol Flynn,1,7.1,7.1,3418.0,3418.0,4,0.0
Michael Eisner,1,4.5,4.5,652.0,652.0,1,0.0
Kristin Booth,1,4.5,4.5,652.0,652.0,1,0.0
Chelsey Reist,1,3.8,3.8,1321.0,1321.0,4,0.0
Victor Zinck Jr.,1,3.8,3.8,1321.0,1321.0,4,0.0
Christie Burke,1,3.8,3.8,1321.0,1321.0,4,0.0
Brittney Powell,1,6.2,6.2,5061.0,5061.0,3,0.0
Redd Foxx,1,6.6,6.6,1172.0,1172.0,2,0.0
Cleavon Little,1,6.6,6.6,1172.0,1172.0,2,0.0
Calvin Lockhart,1,6.6,6.6,1172.0,1172.0,2,0.0
Sabrina Carmichael,1,4.6,4.6,742.0,742.0,1,0.0
Dustin Diamond,1,4.2,4.2,71.0,71.0,1,0.0
Deirdre Lorenz,1,4.2,4.2,71.0,71.0,1,0.0
Seregon O'Dassey,1,4.2,4.2,71.0,71.0,1,0.0
George Newton,1,7.7,7.7,39929.0,39929.0,3,0.0
Richard Cawthorne,1,7.1,7.1,726.0,726.0,3,
John Jarratt,1,7.1,7.1,726.0,726.0,3,
Susan Tyrrell,1,5.9,5.9,1324.0,1324.0,4,0.0
Brent Neale,1,7.0,7.0,1555.0,1555.0,3,0.0
CindyMarie Small,1,7.0,7.0,1555.0,1555.0,3,0.0
Sarah Murphy-Dyson,1,7.0,7.0,1555.0,1555.0,3,0.0
Jeanne Neilson,1,6.9,6.9,2050.0,2050.0,1,0.0
Frank Rautenbach,1,6.9,6.9,2050.0,2050.0,1,0.0
Sean Cameron Michael,1,6.9,6.9,2050.0,2050.0,1,0.0
Marilyn Norry,1,6.1,6.1,6555.0,6555.0,2,0.0
Eva Bourne,1,6.1,6.1,6555.0,6555.0,2,0.0
Donny Alamsyah,1,7.6,7.6,148221.0,148221.0,3,0.0
Yayan Ruhian,1,7.6,7.6,148221.0,148221.0,3,0.0
Iko Uwais,1,7.6,7.6,148221.0,148221.0,3,0.0
Matthew R. Anderson,1,3.0,3.0,737.0,737.0,3,0.0
Joe Marino,1,2.6,2.6,332.0,332.0,1,0.0
Anella Vastola,1,2.6,2.6,332.0,332.0,1,0.0
Piero Maggiò,1,2.6,2.6,332.0,332.0,1,0.0
Conrad Veidt,1,8.6,8.6,387508.0,387508.0,3,0.0
Talia Zucker,1,6.1,6.1,9465.0,9465.0,4,0.0
Rosie Traynor,1,6.1,6.1,9465.0,9465.0,4,0.0
Martin Sharpe,1,6.1,6.1,9465.0,9465.0,4,0.0
Shazahn Padamsee,1,7.5,7.5,11010.0,11010.0,2,0.0
Gauhar Khan,1,7.5,7.5,11010.0,11010.0,2,0.0
Jesse Vint,1,6.7,6.7,20678.0,20678.0,2,0.0
Gitte Witt,1,4.9,4.9,512.0,512.0,1,0.0
Christopher Abbott,2,5.9,6.9,20468.5,40425.0,3,3.0
Hugh Griffith,1,6.8,6.8,8508.0,8508.0,3,0.0
Heather Sossaman,1,5.7,5.7,44329.0,44329.0,3,0.0
Renee Olstead,1,5.7,5.7,44329.0,44329.0,3,0.0
Ursula Andress,1,7.3,7.3,116642.0,116642.0,3,0.0
Jack Lord,1,7.3,7.3,116642.0,116642.0,3,0.0
Ashley Laurence,1,7.0,7.0,76407.0,76407.0,2,0.0
Clare Higgins,1,7.0,7.0,76407.0,76407.0,2,0.0
Andrew Robinson,1,7.0,7.0,76407.0,76407.0,2,0.0
Robin Givens,1,3.4,3.4,4501.0,4501.0,1,0.0
Benjamin A. Onyango,1,3.4,3.4,4501.0,4501.0,1,0.0
Maria Canals-Barrera,1,3.4,3.4,4501.0,4501.0,1,0.0
Hiroshi Abe,1,6.0,6.0,5442.0,5442.0,5,0.0
Naomi Nishida,1,6.0,6.0,5442.0,5442.0,5,0.0
Sakae Kimura,1,6.0,6.0,5442.0,5442.0,5,0.0
Paul Borghese,1,7.4,7.4,36321.0,36321.0,3,0.0
Fernanda Andrade,1,4.2,4.2,30570.0,30570.0,1,0.0
Claudiu Trandafir,1,4.2,4.2,30570.0,30570.0,1,0.0
Cynthia Myers,1,6.2,6.2,7584.0,7584.0,3,0.0
Harrison Page,1,6.2,6.2,7584.0,7584.0,3,0.0
Debra Paget,1,6.2,6.2,2636.0,2636.0,3,0.0
Neville Brand,1,6.2,6.2,2636.0,2636.0,3,0.0
James Drury,1,6.2,6.2,2636.0,2636.0,3,0.0
Al Gore,1,7.5,7.5,67654.0,67654.0,1,0.0
James Brown,1,7.2,7.2,7346.0,7346.0,4,0.0
Forrest Tucker,1,7.2,7.2,7346.0,7346.0,4,0.0
Richard Jaeckel,1,7.2,7.2,7346.0,7346.0,4,0.0
Keith Richards,1,7.2,7.2,9638.0,9638.0,3,0.0
Albert Maysles,1,7.2,7.2,9638.0,9638.0,3,0.0
Mick Jagger,1,7.2,7.2,9638.0,9638.0,3,0.0
Magda Apanowicz,1,5.4,5.4,21468.0,21468.0,2,0.0
Alex Lawther,1,7.0,7.0,162.0,162.0,3,0.0
Niamh Cusack,1,7.0,7.0,162.0,162.0,3,0.0
Rhea Perlman,1,7.2,7.2,36381.0,36381.0,4,0.0
Eric Schlosser,1,7.9,7.9,42389.0,42389.0,1,0.0
Barbara Kowalcyk,1,7.9,7.9,42389.0,42389.0,1,0.0
Michael Pollan,1,7.9,7.9,42389.0,42389.0,1,0.0
Jason Burkey,1,6.8,6.8,6110.0,6110.0,1,0.0
Robert Amaya,1,6.8,6.8,6110.0,6110.0,1,0.0
Kathleen Rose Perkins,1,6.8,6.8,31254.0,31254.0,2,0.0
Julia Garner,1,6.9,6.9,40425.0,40425.0,3,0.0
Jake Lacy,1,6.8,6.8,16594.0,16594.0,2,0.0
Jenny Slate,1,6.8,6.8,16594.0,16594.0,2,0.0
Misty Upham,1,7.2,7.2,21746.0,21746.0,2,0.0
Michael O'Keefe,1,7.2,7.2,21746.0,21746.0,2,0.0
Lou Adler,1,7.4,7.4,9540.0,9540.0,2,0.0
Merry Clayton,1,7.4,7.4,9540.0,9540.0,2,0.0
Angel David,1,5.6,5.6,5933.0,5933.0,2,0.0
Natasha Gregson Wagner,2,5.55,5.6,3113.5,5933.0,3,0.0
Phyllis Diller,1,7.7,7.7,11283.0,11283.0,1,0.0
Colette Divine,1,7.7,7.7,11283.0,11283.0,1,0.0
Ella Joyce,1,7.2,7.2,38893.0,38893.0,3,0.0
Bonz Malone,1,7.2,7.2,1976.0,1976.0,1,0.0
Saul Williams,1,7.2,7.2,1976.0,1976.0,1,0.0
Rick Macy,1,7.2,7.2,983.0,983.0,3,0.0
Frank Gerrish,2,6.45,7.2,540.5,983.0,4,2.0
Jaya Bhaduri,1,6.2,6.2,2715.0,2715.0,2,0.0
Manoj Bajpayee,1,6.2,6.2,2715.0,2715.0,2,0.0
Dian Bachar,1,6.2,6.2,30396.0,30396.0,2,0.0
Matt Stone,1,6.2,6.2,30396.0,30396.0,2,0.0
Olivia Crocicchia,1,6.3,6.3,19752.0,19752.0,1,0.0
Shahir Kabaha,1,7.4,7.4,4999.0,4999.0,2,0.0
Scandar Copti,1,7.4,7.4,4999.0,4999.0,2,0.0
Ranin Karim,1,7.4,7.4,4999.0,4999.0,2,0.0
Venida Evans,1,7.3,7.3,75633.0,75633.0,3,0.0
Steven Yeun,1,7.3,7.3,75633.0,75633.0,3,0.0
Syamsul Arifin,1,8.2,8.2,23836.0,23836.0,4,0.0
Anwar Congo,1,8.2,8.2,23836.0,23836.0,4,0.0
Herman Koto,1,8.2,8.2,23836.0,23836.0,4,0.0
Greg D'Agostino,1,7.7,7.7,10564.0,10564.0,3,0.0
Alex Gibney,1,7.7,7.7,10564.0,10564.0,3,0.0
Ahmet Ertegun,1,7.3,7.3,1290.0,1290.0,2,0.0
Pelé,1,7.3,7.3,1290.0,1290.0,2,0.0
Marv Albert,1,7.3,7.3,1290.0,1290.0,2,0.0
Aasheekaa Bathija,1,7.4,7.4,56.0,56.0,1,0.0
Rufus Graham,1,7.4,7.4,56.0,56.0,1,0.0
Kumar Gaurav,1,7.4,7.4,56.0,56.0,1,0.0
Melissa Gilbert,1,5.7,5.7,455.0,455.0,2,0.0
Tom Hamann,1,7.6,7.6,2482.0,2482.0,4,0.0
Anthony Powell,1,7.6,7.6,2482.0,2482.0,4,0.0
Josh Swanson,1,7.6,7.6,2482.0,2482.0,4,0.0
G.W. Krauss,1,6.8,6.8,1220.0,1220.0,1,0.0
Brian Whitaker,1,6.8,6.8,1220.0,1220.0,1,0.0
Jason Bateman,1,6.8,6.8,1220.0,1220.0,1,0.0
Raquel Elizabeth Ames,1,5.6,5.6,606.0,606.0,2,0.0
Emraan Hashmi,1,4.8,4.8,1524.0,1524.0,1,0.0
Sunil Shetty,1,4.8,4.8,1524.0,1524.0,1,0.0
Lena Dunham,5,6.0200000000000005,6.4,15100.6,30160.0,4,5.0
Patrick Renna,1,5.2,5.2,1434.0,1434.0,3,0.0
Adrienne Frantz,1,5.2,5.2,1434.0,1434.0,3,0.0
Patsy Kensit,1,5.2,5.2,1434.0,1434.0,3,0.0
James Lorinz,1,6.9,6.9,334.0,334.0,2,0.0
Yul Vazquez,1,6.9,6.9,334.0,334.0,2,0.0
Louis Mustillo,1,6.9,6.9,334.0,334.0,2,0.0
James Gunn,1,6.0,6.0,1938.0,1938.0,4,0.0
Will Rothhaar,1,6.3,6.3,397.0,397.0,2,0.0
Emily Baldoni,1,6.3,6.3,397.0,397.0,2,0.0
Hallee Hirsh,1,6.3,6.3,397.0,397.0,2,0.0
Jordana Spiro,1,6.1,6.1,3228.0,3228.0,3,0.0
Jonathon Trent,1,6.1,6.1,3228.0,3228.0,3,0.0
Alexia Rasmussen,1,5.5,5.5,1048.0,1048.0,2,0.0
Meredith Hagner,1,5.5,5.5,1048.0,1048.0,2,0.0
Paul Blackthorne,1,6.9,6.9,4862.0,4862.0,3,0.0
Ian Bohen,1,6.9,6.9,4862.0,4862.0,3,0.0
Jennifer Sky,1,1.9,1.9,534.0,534.0,5,0.0
Vanilla Ice,1,1.9,1.9,534.0,534.0,5,0.0
Scott Levy,1,1.9,1.9,534.0,534.0,5,0.0
Mariel Hemingway,1,4.1,4.1,783.0,783.0,2,0.0
Jesse Hutch,1,4.1,4.1,783.0,783.0,2,0.0
Heather Bucha,1,5.4,5.4,480.0,480.0,2,0.0
Gabriel Reyes,1,6.8,6.8,3499.0,3499.0,3,0.0
Kenny Johnston,1,6.8,6.8,3499.0,3499.0,3,0.0
Andrea Vergara,1,6.8,6.8,3499.0,3499.0,3,0.0
Javed Sheikh,1,7.0,7.0,876.0,876.0,2,0.0
Rasheed Naz,1,7.0,7.0,876.0,876.0,2,0.0
Ayesha Omar,1,7.0,7.0,876.0,876.0,2,0.0
Ilene Graff,1,6.7,6.7,9190.0,9190.0,2,0.0
Laura Breckenridge,1,6.7,6.7,9190.0,9190.0,2,0.0
James Eckhouse,1,6.2,6.2,1420.0,1420.0,3,0.0
Nicole Randall Johnson,1,6.2,6.2,1420.0,1420.0,3,0.0
Alicia Ziegler,1,2.8,2.8,1612.0,1612.0,1,0.0
Lauren C. Mayhew,1,2.8,2.8,1612.0,1612.0,1,0.0
Louise Sorel,1,7.3,7.3,340.0,340.0,1,0.0
Janet Hubert,1,5.8,5.8,275.0,275.0,1,0.0
Diane Venora,1,6.1,6.1,33.0,33.0,1,0.0
Kevin Hamedani,1,5.1,5.1,3650.0,3650.0,3,0.0
Russell Hodgkinson,1,5.1,5.1,3650.0,3650.0,3,0.0
Janette Armand,1,5.1,5.1,3650.0,3650.0,3,0.0
Maureen McCormick,1,2.2,2.2,634.0,634.0,1,0.0
Tim Abell,2,2.2,2.2,463.0,634.0,4,3.0
Joseba Ugalde,1,7.2,7.2,955.0,955.0,2,0.0
Germán Alcarazu,1,7.2,7.2,955.0,955.0,2,0.0
Álex Angulo,1,7.2,7.2,955.0,955.0,2,0.0
Sticky Fingaz,1,3.4,3.4,293.0,293.0,2,0.0
Chrystee Pharris,1,3.4,3.4,293.0,293.0,2,0.0
Randy Jay Burrell,2,3.9,4.0,76.5,93.0,4,2.0
Anslem Richardson,1,4.7,4.7,6531.0,6531.0,2,0.0
Jay Paulson,1,4.7,4.7,6531.0,6531.0,2,0.0
Jennie Jacques,1,5.6,5.6,6513.0,6513.0,2,0.0
David Oakes,1,5.6,5.6,6513.0,6513.0,2,0.0
Alexander Vlahos,1,5.6,5.6,6513.0,6513.0,2,0.0
Summer Napoles,1,3.9,3.9,425.0,425.0,2,0.0
Magi Avila,1,3.9,3.9,425.0,425.0,2,0.0
Pierre Dulat,1,3.9,3.9,425.0,425.0,2,0.0
Chloe Rose,1,5.4,5.4,137.0,137.0,3,0.0
Kristian Bruun,1,5.4,5.4,137.0,137.0,3,0.0
Angelina Armani,1,5.2,5.2,6256.0,6256.0,1,0.0
Fiona Dourif,1,5.2,5.2,6256.0,6256.0,1,0.0
Jarrod Phillips,1,3.5,3.5,2057.0,2057.0,3,0.0
Jason K. Wixom,1,3.5,3.5,2057.0,2057.0,3,0.0
Shona Kay,1,3.5,3.5,2057.0,2057.0,3,0.0
Justin Baldoni,1,5.3,5.3,207.0,207.0,1,0.0
Claire Bloom,1,7.1,7.1,4998.0,4998.0,3,0.0
Monique Candelaria,1,5.5,5.5,6265.0,6265.0,2,0.0
Michael McMillian,1,5.5,5.5,6265.0,6265.0,2,0.0
David DeLuise,1,5.9,5.9,954.0,954.0,1,
Bruno Campos,1,5.9,5.9,954.0,954.0,1,
Gia Mantegna,1,6.0,6.0,7870.0,7870.0,1,0.0
Alma Martinez,1,7.1,7.1,265.0,265.0,2,0.0
Robert Kennedy Jr.,1,7.1,7.1,265.0,265.0,2,0.0
Eve Ensler,1,7.1,7.1,265.0,265.0,2,0.0
Alexandru Potocean,1,7.9,7.9,44763.0,44763.0,1,0.0
Anamaria Marinca,1,7.9,7.9,44763.0,44763.0,1,0.0
Vlad Ivanov,1,7.9,7.9,44763.0,44763.0,1,0.0
Brian Dorton,1,7.3,7.3,139.0,139.0,1,0.0
Odessa Rae,1,7.1,7.1,131969.0,131969.0,3,0.0
Patrick Wilson,1,7.1,7.1,131969.0,131969.0,3,0.0
G.J. Echternkamp,1,7.1,7.1,131969.0,131969.0,3,0.0
Sarah Kazemy,1,5.9,5.9,6277.0,6277.0,1,0.0
Reza Sixo Safai,1,5.9,5.9,6277.0,6277.0,1,0.0
Sina Amedson,1,5.9,5.9,6277.0,6277.0,1,0.0
Ariana Neal,1,7.5,7.5,53919.0,53919.0,3,0.0
Ahna O'Reilly,1,7.5,7.5,53919.0,53919.0,3,0.0
Sam Edwards,1,7.4,7.4,94225.0,94225.0,3,0.0
Ann Gillis,1,7.4,7.4,94225.0,94225.0,3,0.0
Donnie Dunagan,1,7.4,7.4,94225.0,94225.0,3,0.0
Adam Carolla,1,7.3,7.3,5489.0,5489.0,3,0.0
Rian Bishop,1,7.3,7.3,5489.0,5489.0,3,0.0
Teddy Doloir,1,6.7,6.7,19.0,19.0,1,0.0
Stana Roumillac,1,6.7,6.7,19.0,19.0,1,0.0
Christophe Cherki,1,6.7,6.7,19.0,19.0,1,0.0
Janel Parrish,1,6.7,6.7,24391.0,24391.0,3,0.0
D. David Morin,2,6.35,7.1,3162.5,4583.0,3,7.0
Hal Linden,1,5.6,5.6,1742.0,1742.0,3,0.0
Johnny Harris,1,7.0,7.0,7308.0,7308.0,3,0.0
Michelle Tabora,1,4.9,4.9,2706.0,2706.0,4,0.0
Christopher Berry,1,4.9,4.9,2706.0,2706.0,4,0.0
Tommy O'Reilly,1,3.2,3.2,169.0,169.0,2,0.0
Leila Hatami,1,8.4,8.4,151812.0,151812.0,2,0.0
Peyman Moaadi,1,8.4,8.4,151812.0,151812.0,2,0.0
Shahab Hosseini,1,8.4,8.4,151812.0,151812.0,2,0.0
Stephen McCole,1,6.9,6.9,190.0,190.0,1,0.0
Jo Hartley,1,6.9,6.9,190.0,190.0,1,0.0
Joe Cassidy,1,6.9,6.9,190.0,190.0,1,0.0
Christina Vidal,1,7.5,7.5,26513.0,26513.0,2,0.0
Ken Leung,1,7.5,7.5,26513.0,26513.0,2,0.0
Dorothy Lyman,1,7.2,7.2,2039.0,2039.0,2,0.0
Allison Dean,1,7.2,7.2,2039.0,2039.0,2,0.0
Todd Field,1,7.2,7.2,2039.0,2039.0,2,0.0
Victor Rasuk,1,7.2,7.2,4743.0,4743.0,2,0.0
Judy Marte,2,7.050000000000001,7.2,2673.0,4743.0,2,2.0
Fritz Kortner,1,8.0,8.0,7431.0,7431.0,3,0.0
Louise Brooks,1,8.0,8.0,7431.0,7431.0,3,0.0
Francis Lederer,1,8.0,8.0,7431.0,7431.0,3,0.0
Melora Walters,1,7.4,7.4,59.0,59.0,1,0.0
Diane Baker,1,7.4,7.4,59.0,59.0,1,0.0
Norma Aleandro,1,7.2,7.2,772.0,772.0,1,0.0
Claudia Lapacó,1,7.2,7.2,772.0,772.0,1,0.0
Hilda Bernard,1,7.2,7.2,772.0,772.0,1,0.0
Zachary Knighton,1,7.2,7.2,3480.0,3480.0,3,0.0
Arly Jover,1,4.2,4.2,122.0,122.0,1,0.0
Kurt Angle,1,5.1,5.1,4167.0,4167.0,1,0.0
Shane Dawson,1,5.1,5.1,4167.0,4167.0,1,0.0
Cherami Leigh,1,5.1,5.1,4167.0,4167.0,1,0.0
Stig Frode Henriksen,1,6.4,6.4,54601.0,54601.0,2,0.0
Ane Dahl Torp,1,6.4,6.4,54601.0,54601.0,2,0.0
Corbin Allred,1,6.8,6.8,17725.0,17725.0,4,0.0
Taylor Pigeon,1,6.2,6.2,292.0,292.0,4,0.0
Whit Spurgeon,1,6.2,6.2,292.0,292.0,4,0.0
Alan Pietruszewski,2,5.15,6.2,280.0,292.0,6,1.0
Mackenzie Phillips,1,7.5,7.5,63839.0,63839.0,3,0.0
Katy Helvenston-Wettengal,1,7.7,7.7,1477.0,1477.0,2,0.0
Donna Zovko,1,7.7,7.7,1477.0,1477.0,2,0.0
Scott Helvenston,1,7.7,7.7,1477.0,1477.0,2,0.0
Isaac C. Singleton Jr.,1,7.5,7.5,3543.0,3543.0,2,0.0
Jeanette Branch,1,7.5,7.5,3543.0,3543.0,2,0.0
Pat Healy,1,5.5,5.5,27260.0,27260.0,1,0.0
Jake Ryan,1,5.5,5.5,27260.0,27260.0,1,0.0
Stefania Sandrelli,1,8.1,8.1,17813.0,17813.0,1,0.0
Dominique Sanda,1,8.1,8.1,17813.0,17813.0,1,0.0
Raymond J. Barry,1,6.6,6.6,1661.0,1661.0,1,0.0
Christel Khalil,1,6.6,6.6,1661.0,1661.0,1,0.0
Renee Faia,1,6.6,6.6,1661.0,1661.0,1,0.0
Nichola Burley,1,5.2,5.2,9376.0,9376.0,4,0.0
Whitney Able,2,6.0,6.4,50810.0,75669.0,4,4.0
Jennifer Lee Wiggins,1,3.1,3.1,851.0,851.0,1,0.0
Michele Morrow,1,3.1,3.1,851.0,851.0,1,0.0
Lon Chaney Jr.,1,8.1,8.1,80193.0,80193.0,2,0.0
Isiah Thomas,1,8.3,8.3,18980.0,18980.0,3,0.0
William Gates,1,8.3,8.3,18980.0,18980.0,3,0.0
Arthur Agee,1,8.3,8.3,18980.0,18980.0,3,0.0
Tommy the Clown,1,7.1,7.1,2877.0,2877.0,2,0.0
Kevin Scott Richardson,1,7.1,7.1,2877.0,2877.0,2,0.0
Christopher Toler,1,7.1,7.1,2877.0,2877.0,2,0.0
Walter Masterson,1,7.2,7.2,8509.0,8509.0,2,0.0
Laura Fraser,1,6.3,6.3,1354.0,1354.0,3,0.0
Louis Ozawa Changchien,1,6.3,6.3,1354.0,1354.0,3,0.0
Kara Hayward,1,6.3,6.3,1354.0,1354.0,3,0.0
Jeff Lima,1,7.2,7.2,70885.0,70885.0,1,0.0
Max Gail,1,6.5,6.5,103.0,103.0,1,0.0
Akima,1,6.5,6.5,103.0,103.0,1,0.0
Robinne Lee,1,6.5,6.5,819.0,819.0,1,0.0
Chenoa Maxwell,1,6.5,6.5,819.0,819.0,1,0.0
Steffinnie Phrommany,2,4.6,4.9,269.0,514.0,4,0.0
Danielle Savre,1,4.9,4.9,514.0,514.0,3,0.0
Lee Armstrong,1,5.2,5.2,7384.0,7384.0,2,0.0
Amy Lucas,1,5.2,5.2,7384.0,7384.0,2,0.0
Trey Loney,1,5.2,5.2,7384.0,7384.0,2,0.0
Richard Curtis,1,7.4,7.4,474.0,474.0,1,0.0
Dave Fennoy,1,7.4,7.4,5.0,5.0,1,0.0
Karolina Wydra,1,5.4,5.4,3699.0,3699.0,4,0.0
Madison Lintz,1,5.4,5.4,3699.0,3699.0,4,0.0
Lorraine Ziff,1,3.9,3.9,344.0,344.0,2,0.0
Edward Everett Horton,1,7.8,7.8,13269.0,13269.0,3,0.0
Eric Blore,1,7.8,7.8,13269.0,13269.0,3,0.0
Ginger Rogers,2,7.75,7.8,10595.0,13269.0,3,2.0
Heather Donahue,1,6.4,6.4,186786.0,186786.0,1,0.0
Joshua Leonard,1,6.4,6.4,186786.0,186786.0,1,0.0
Michael C. Williams,1,6.4,6.4,186786.0,186786.0,1,0.0
Joe Cocker,1,8.1,8.1,12631.0,12631.0,3,0.0
Joan Baez,1,8.1,8.1,12631.0,12631.0,3,0.0
Jimi Hendrix,1,8.1,8.1,12631.0,12631.0,3,0.0
David Zucker,1,6.5,6.5,13915.0,13915.0,1,0.0
Barry Dennen,1,6.5,6.5,13915.0,13915.0,1,0.0
Tara Strohmeier,1,6.5,6.5,13915.0,13915.0,1,0.0
Cynthia Watros,1,5.6,5.6,448.0,448.0,3,0.0
David A.R. White,1,5.6,5.6,448.0,448.0,3,0.0
Tac Fitzgerald,1,5.6,5.6,94.0,94.0,2,0.0
Matthew Feeney,1,5.6,5.6,94.0,94.0,2,0.0
Kendyl Joi,1,5.6,5.6,94.0,94.0,2,0.0
Brent David Fraser,1,6.6,6.6,531.0,531.0,1,0.0
Angela Nordeng,1,6.3,6.3,85.0,85.0,2,0.0
Exie Booker,1,6.3,6.3,85.0,85.0,2,0.0
Khaira Arby,1,7.7,7.7,74.0,74.0,1,0.0
Garba Touré,1,7.7,7.7,74.0,74.0,1,0.0
Aliou Touré,1,7.7,7.7,74.0,74.0,1,0.0
Colin Andrews,1,7.0,7.0,204.0,204.0,1,0.0
Francine Blake,1,7.0,7.0,204.0,204.0,1,0.0
Karen Alexander,1,7.0,7.0,204.0,204.0,1,0.0
Lymari Nadal,1,8.0,8.0,6.0,6.0,3,0.0
Félix Moati,1,7.2,7.2,389.0,389.0,2,0.0
Marianne Denicourt,1,7.2,7.2,389.0,389.0,2,0.0
John Brodsky,1,4.5,4.5,719.0,719.0,1,0.0
Paul McCartney,1,7.7,7.7,31429.0,31429.0,2,0.0
Ringo Starr,2,7.949999999999999,8.2,22020.0,31429.0,4,14.0
George Harrison,1,7.7,7.7,31429.0,31429.0,2,0.0
Dario Nozic Serini,1,6.4,6.4,86.0,86.0,1,0.0
Spela Colja,1,6.4,6.4,86.0,86.0,1,0.0
Andrej Nahtigal,1,6.4,6.4,86.0,86.0,1,0.0
Ken Bevel,1,6.5,6.5,17068.0,17068.0,2,0.0
Erin Bethea,2,6.6,6.7,14733.5,17068.0,3,2.0
Kirk Cameron,1,6.5,6.5,17068.0,17068.0,2,0.0
Pant Shirt Baba,1,7.0,7.0,113.0,113.0,3,0.0
Bhole Baba,1,7.0,7.0,113.0,113.0,3,0.0
Shriman Umeshanad Brahmachari,1,7.0,7.0,113.0,113.0,3,0.0
Frances Bavier,1,6.1,6.1,3411.0,3411.0,3,0.0
Peter Breck,1,6.1,6.1,3411.0,3411.0,3,0.0
Edgar Buchanan,1,6.1,6.1,3411.0,3411.0,3,0.0
Blanchard Ryan,1,5.7,5.7,42256.0,42256.0,5,0.0
Daniel Travis,1,5.7,5.7,42256.0,42256.0,5,0.0
Saul Stein,1,5.7,5.7,42256.0,42256.0,5,0.0
Abby Elliott,1,5.4,5.4,1305.0,1305.0,1,0.0
Hoke Howell,1,5.9,5.9,3274.0,3274.0,2,0.0
Tiffany Bolling,1,5.9,5.9,3274.0,3274.0,2,0.0
Paul Daggett,1,7.5,7.5,3156.0,3156.0,3,0.0
Eva Carrozza,1,7.5,7.5,3156.0,3156.0,3,0.0
Heather Berman,1,7.5,7.5,3156.0,3156.0,3,0.0
Ken Burns,1,7.4,7.4,3394.0,3394.0,1,0.0
Bob Dole,1,7.4,7.4,3394.0,3394.0,1,0.0
Terry Funk,1,7.6,7.6,6790.0,6790.0,3,0.0
Mick Foley,1,7.6,7.6,6790.0,6790.0,3,0.0
Vince McMahon,1,7.6,7.6,6790.0,6790.0,3,0.0
Lincoln Hoppe,1,6.4,6.4,1099.0,1099.0,3,0.0
Daryn Tufts,1,6.4,6.4,1099.0,1099.0,3,0.0
Marina Golbahari,1,7.4,7.4,7559.0,7559.0,1,0.0
Mohamad Haref Harati,1,7.4,7.4,7559.0,7559.0,1,0.0
Zubaida Sahar,1,7.4,7.4,7559.0,7559.0,1,0.0
Jason Kravits,1,6.8,6.8,154.0,154.0,1,0.0
Peter Riegert,1,6.8,6.8,154.0,154.0,1,0.0
Denny Kirkwood,1,6.5,6.5,3562.0,3562.0,2,0.0
Ari Gold,1,6.5,6.5,3562.0,3562.0,2,0.0
Curt Doussett,1,6.0,6.0,651.0,651.0,3,0.0
Big Budah,1,6.0,6.0,651.0,651.0,3,0.0
William Katt,2,7.65,8.0,66639.0,129799.0,3,8.0
Ti West,1,6.1,6.1,45928.0,45928.0,3,0.0
Ricky Jay,1,7.1,7.1,774.0,774.0,1,0.0
David Mamet,1,7.1,7.1,774.0,774.0,1,0.0
Dick Cavett,1,7.1,7.1,774.0,774.0,1,0.0
Takashi Shimura,1,8.7,8.7,229012.0,229012.0,3,0.0
Kamatari Fujiwara,1,8.7,8.7,229012.0,229012.0,3,0.0
Minoru Chiaki,1,8.7,8.7,229012.0,229012.0,3,0.0
Greg Speirs,1,8.4,8.4,3086.0,3086.0,2,0.0
Tommy Sheppard,1,8.4,8.4,3086.0,3086.0,2,0.0
Mickey Hart,1,8.4,8.4,3086.0,3086.0,2,0.0
Nick Cave,1,5.8,5.8,3013.0,3013.0,3,0.0
Tina Louise,1,5.8,5.8,3013.0,3013.0,3,0.0
Jake Sandvig,1,6.2,6.2,1656.0,1656.0,1,0.0
Joe McQueen,1,6.2,6.2,1656.0,1656.0,1,0.0
Cecelia Antoinette,1,5.8,5.8,26185.0,26185.0,3,0.0
Tori Spelling,1,5.7,5.7,1358.0,1358.0,2,0.0
Garrett M. Brown,1,5.7,5.7,1358.0,1358.0,2,0.0
Amber Benson,1,5.7,5.7,1358.0,1358.0,2,0.0
Eddie Spears,1,6.1,6.1,2004.0,2004.0,2,0.0
Ricky Catter,1,6.4,6.4,75669.0,75669.0,3,0.0
Matthew Cowles,1,6.5,6.5,739.0,739.0,1,0.0
Ann Dowd,1,6.5,6.5,739.0,739.0,1,0.0
Max Adler,1,4.6,4.6,2038.0,2038.0,2,0.0
Zhonghua Chen,1,7.7,7.7,2097.0,2097.0,2,0.0
Brian Eno,1,7.3,7.3,1006.0,1006.0,3,0.0
Jacques Brel,1,7.3,7.3,1006.0,1006.0,3,0.0
Damon Albarn,1,7.3,7.3,1006.0,1006.0,3,0.0
Stafford Douglas,1,6.4,6.4,15756.0,15756.0,2,0.0
Chin-Chien Chang,1,5.8,5.8,16.0,16.0,1,0.0
Daston Kalili,1,5.8,5.8,16.0,16.0,1,0.0
Rai Alexandra,1,5.8,5.8,16.0,16.0,1,0.0
Carol Channing,1,7.2,7.2,38.0,38.0,1,0.0
Tony Bennett,1,7.2,7.2,38.0,38.0,1,0.0
Bruce Vilanch,1,7.2,7.2,38.0,38.0,1,0.0
John McGlothlin,1,3.5,3.5,2012.0,2012.0,2,0.0
Al Sapienza,1,3.5,3.5,2012.0,2012.0,2,0.0
Vincent Chimato,1,3.5,3.5,2012.0,2012.0,2,0.0
Mike Beckingham,1,2.2,2.2,292.0,292.0,3,0.0
Tom Stedham,1,2.2,2.2,292.0,292.0,3,0.0
Christopher Denham,2,6.65,6.7,10400.0,15775.0,4,0.0
Christian Alvarez,1,6.9,6.9,197.0,197.0,2,0.0
Claudette Lalí,1,6.9,6.9,197.0,197.0,2,0.0
Vincent De Paul,1,4.0,4.0,60.0,60.0,3,0.0
Terrance Zdunich,1,7.4,7.4,259.0,259.0,2,0.0
Felix Avitia,1,8.3,8.3,30.0,30.0,3,0.0
Mary Kate Wiles,1,8.3,8.3,30.0,30.0,3,0.0
Jennifer Landa,1,8.3,8.3,30.0,30.0,3,0.0
Yassie Hawkes,1,5.7,5.7,62.0,62.0,1,0.0
Carrie Bradstreet,1,5.7,5.7,62.0,62.0,1,0.0
Joel Paul Reisig,1,5.7,5.7,62.0,62.0,1,0.0
Sarah Callan,1,6.8,6.8,40.0,40.0,4,0.0
Elizabeth Streb,1,6.8,6.8,40.0,40.0,4,0.0
Laura Flanders,1,6.8,6.8,40.0,40.0,4,0.0
Mike Stanley,1,5.2,5.2,15.0,15.0,1,0.0
Jeff Delaney,1,5.2,5.2,15.0,15.0,1,0.0
Jamison Stalsworth,1,5.2,5.2,15.0,15.0,1,0.0
Mark Torgl,1,6.2,6.2,19253.0,19253.0,4,0.0
Pat Ryan,1,6.2,6.2,19253.0,19253.0,4,0.0
Matty Rich,1,5.9,5.9,475.0,475.0,2,0.0
George T. Odom,1,5.9,5.9,475.0,475.0,2,0.0
Nicholas Farrell,1,7.7,7.7,19732.0,19732.0,3,0.0
Tim Pigott-Smith,1,7.7,7.7,19732.0,19732.0,3,0.0
Luis Sanchez,1,4.3,4.3,53.0,53.0,1,0.0
Dennis L.A. White,1,4.3,4.3,53.0,53.0,1,0.0
Kate Graham,1,6.2,6.2,5931.0,5931.0,3,0.0
John Karyus,1,6.2,6.2,5931.0,5931.0,3,0.0
Lloyd Kaufman,1,6.2,6.2,5931.0,5931.0,3,0.0
Michael Stahl-David,1,6.8,6.8,64.0,64.0,2,0.0
Cheyenne Jackson,1,6.8,6.8,64.0,64.0,2,0.0
Jennifer Lafleur,2,6.4,6.8,1785.5,3507.0,4,5.0
Dick Powell,1,7.7,7.7,7921.0,7921.0,3,0.0
George Brent,1,7.7,7.7,7921.0,7921.0,3,0.0
Jack Canfield,1,8.2,8.2,78.0,78.0,1,0.0
Bob Proctor,1,8.2,8.2,78.0,78.0,1,0.0
Eric Worre,1,8.2,8.2,78.0,78.0,1,0.0
Chris Eigeman,1,7.5,7.5,7143.0,7143.0,3,0.0
Taylor Nichols,1,7.5,7.5,7143.0,7143.0,3,0.0
Ellia Thompson,1,7.5,7.5,7143.0,7143.0,3,0.0
Frida Hallgren,1,7.6,7.6,13543.0,13543.0,4,0.0
Nils-Anders Vallgårda,1,7.6,7.6,13543.0,13543.0,4,0.0
Jack E. Curenton,1,4.1,4.1,268.0,268.0,4,0.0
Ace Marrero,1,4.1,4.1,268.0,268.0,4,0.0
Amy Hargreaves,1,7.1,7.1,42678.0,42678.0,3,0.0
Eve Plumb,1,7.1,7.1,42678.0,42678.0,3,0.0
Amber Armstrong,1,6.3,6.3,184824.0,184824.0,1,0.0
Ashley Palmer,1,6.3,6.3,184824.0,184824.0,1,0.0
Jeff Ament,1,7.7,7.7,10366.0,10366.0,2,0.0
Jay Adams,1,7.7,7.7,10366.0,10366.0,2,0.0
Tony Alva,1,7.7,7.7,10366.0,10366.0,2,0.0
Terry Jones,1,8.3,8.3,382240.0,382240.0,3,0.0
Alicia Sixtos,1,7.1,7.1,3675.0,3675.0,1,0.0
Emily Rios,1,7.1,7.1,3675.0,3675.0,1,0.0
Tony Doupe,1,4.7,4.7,179.0,179.0,4,0.0
Sue Corcoran,1,4.7,4.7,179.0,179.0,4,0.0
David Frederick White,1,4.7,4.7,179.0,179.0,4,0.0
Jonathan Caouette,1,7.2,7.2,5709.0,5709.0,2,0.0
Greg Ayres,1,7.2,7.2,5709.0,5709.0,2,0.0
Renee Leblanc,1,7.2,7.2,5709.0,5709.0,2,0.0
Chris Cox,1,5.1,5.1,1123.0,1123.0,1,0.0
Bill Farmer,1,5.1,5.1,1123.0,1123.0,1,0.0
Mike Huckabee,1,5.1,5.1,1123.0,1123.0,1,0.0
Paul Elia,1,5.4,5.4,143.0,143.0,2,0.0
Alex Sanborn,1,5.4,5.4,143.0,143.0,2,0.0
Catriona MacColl,1,6.9,6.9,14985.0,14985.0,1,0.0
Al Cliver,1,6.9,6.9,14985.0,14985.0,1,0.0
David Warbeck,1,6.9,6.9,14985.0,14985.0,1,0.0
Brendon Small,1,8.2,8.2,7458.0,7458.0,3,
Melissa Bardin Galsky,1,8.2,8.2,7458.0,7458.0,3,
Ron Lynch,1,8.2,8.2,7458.0,7458.0,3,
Michelle Krusiec,1,6.1,6.1,140740.0,140740.0,2,0.0
Dov Tiefenbach,1,6.1,6.1,4788.0,4788.0,2,0.0
Jeff Seymour,1,6.1,6.1,4788.0,4788.0,2,0.0
Gordon Currie,1,6.1,6.1,4788.0,4788.0,2,0.0
Garry Cooper,1,6.9,6.9,10577.0,10577.0,3,0.0
Roshan Seth,1,6.9,6.9,10577.0,10577.0,3,0.0
Desmond Askew,1,5.8,5.8,191.0,191.0,4,0.0
R. Brandon Johnson,2,5.449999999999999,5.8,1302.0,2413.0,5,1.0
Gabriel Hogan,1,6.0,6.0,369.0,369.0,2,0.0
Erland Josephson,1,8.2,8.2,19964.0,19964.0,1,0.0
Ingrid Thulin,1,8.2,8.2,19964.0,19964.0,1,0.0
Liv Ullmann,2,7.5,8.2,10254.0,19964.0,4,1.0
Walter Long,1,8.0,8.0,10718.0,10718.0,3,0.0
Mae Marsh,1,8.0,8.0,10718.0,10718.0,3,0.0
James Doohan,1,7.0,7.0,4407.0,4407.0,1,0.0
DeForest Kelley,1,7.0,7.0,4407.0,4407.0,1,0.0
Anita Page,1,6.3,6.3,4546.0,4546.0,2,0.0
Charles King,1,6.3,6.3,4546.0,4546.0,2,0.0
Bessie Love,1,6.3,6.3,4546.0,4546.0,2,0.0
Betsy Baker,1,7.6,7.6,141219.0,141219.0,2,0.0
Nora Arnezeder,1,6.1,6.1,27297.0,27297.0,2,0.0
Liane Balaban,1,6.1,6.1,27297.0,27297.0,2,0.0
America Olivo,1,6.1,6.1,27297.0,27297.0,2,0.0
Amos Oz,1,7.2,7.2,186.0,186.0,2,0.0
Andy Cohn,1,7.8,7.8,9037.0,9037.0,2,0.0
Mark Zupan,1,7.8,7.8,9037.0,9037.0,2,0.0
Joe Bishop,1,7.8,7.8,9037.0,9037.0,2,0.0
Larry Poindexter,1,4.7,4.7,6046.0,6046.0,2,0.0
Steve James,1,4.7,4.7,6046.0,6046.0,2,0.0
Mike Block,1,7.5,7.5,695.0,695.0,1,0.0
Ellen Block,1,7.5,7.5,695.0,695.0,1,0.0
Carol Block,1,7.5,7.5,695.0,695.0,1,0.0
Tracy Spiridakos,1,6.7,6.7,72017.0,72017.0,4,
Tom E. Nicholson,1,3.4,3.4,209.0,209.0,2,0.0
Natalie Welch,1,3.4,3.4,209.0,209.0,2,0.0
Christian Kapper,1,3.4,3.4,209.0,209.0,2,0.0
Alan Hale,1,8.2,8.2,64888.0,64888.0,2,0.0
Walter Connolly,1,8.2,8.2,64888.0,64888.0,2,0.0
Sissy Petropoulou,1,7.3,7.3,44864.0,44864.0,2,0.0
Angeliki Papoulia,1,7.3,7.3,44864.0,44864.0,2,0.0
Mary Tsoni,1,7.3,7.3,44864.0,44864.0,2,0.0
Todd Bridges,1,8.0,8.0,7687.0,7687.0,3,0.0
James Cagney,1,8.0,8.0,7687.0,7687.0,3,0.0
Simon Abkarian,1,6.9,6.9,2843.0,2843.0,2,0.0
Jane Bradbury,1,6.9,6.9,2843.0,2843.0,2,0.0
Kevin Howarth,1,5.6,5.6,270.0,270.0,1,0.0
Thierry Harcourt,1,5.6,5.6,270.0,270.0,1,0.0
Mark Caven,1,5.6,5.6,270.0,270.0,1,0.0
Daniel London,1,6.7,6.7,4423.0,4423.0,1,0.0
Will Oldham,2,6.9,7.1,8332.0,12241.0,1,2.0
Lucy,2,6.9,7.1,8332.0,12241.0,1,2.0
Graziella Galvani,1,7.7,7.7,19386.0,19386.0,3,0.0
Anna Karina,1,7.7,7.7,19386.0,19386.0,3,0.0
Beatrice Ntuba,1,7.5,7.5,291.0,291.0,1,0.0
Vera Ngassa,1,7.5,7.5,291.0,291.0,1,0.0
Ivan Dixon,1,8.1,8.1,891.0,891.0,2,0.0
Eli Marienthal,1,5.5,5.5,294.0,294.0,2,0.0
Christina Chambers,1,6.6,6.6,720.0,720.0,2,0.0
Don Wallace,1,6.6,6.6,720.0,720.0,2,0.0
Lalaine,1,3.2,3.2,476.0,476.0,2,0.0
Darren Kendrick,1,3.2,3.2,476.0,476.0,2,0.0
Alexander Wraith,1,3.2,3.2,476.0,476.0,2,0.0
Elizabeth Stenholt,1,6.6,6.6,82.0,82.0,2,0.0
Trish Basinger,1,6.6,6.6,82.0,82.0,2,0.0
Mary Norwood,1,6.6,6.6,82.0,82.0,2,0.0
Michael Des Barres,1,4.5,4.5,47.0,47.0,1,0.0
Wilhelm von Homburg,1,4.5,4.5,47.0,47.0,1,0.0
Thom Mathews,1,4.5,4.5,47.0,47.0,1,0.0
Joanna Cassidy,1,7.2,7.2,95.0,95.0,3,0.0
Ryan Carnes,1,7.2,7.2,95.0,95.0,3,0.0
Pierre Prieur,1,4.3,4.3,569.0,569.0,3,0.0
Raquel Nave,1,4.3,4.3,569.0,569.0,3,0.0
Rumi Missabu,1,4.3,4.3,569.0,569.0,3,0.0
Vanna White,1,4.5,4.5,1905.0,1905.0,2,0.0
Ahmed Best,1,6.4,6.4,4550.0,4550.0,6,0.0
James McCaffrey,1,6.4,6.4,24668.0,24668.0,4,0.0
Raven Goodwin,1,6.9,6.9,6041.0,6041.0,3,0.0
Ron Roggé,1,4.3,4.3,30.0,30.0,5,0.0
Hector Echavarria,1,4.3,4.3,30.0,30.0,5,0.0
Jason Tobin,1,7.2,7.2,8000.0,8000.0,3,0.0
Collin Kahey,1,7.2,7.2,8000.0,8000.0,3,0.0
Parry Shen,1,7.2,7.2,8000.0,8000.0,3,0.0
Stephanie Berry,1,6.5,6.5,3513.0,3513.0,3,0.0
Chris Weitz,1,6.6,6.6,4662.0,4662.0,2,0.0
Anil Kumar,1,6.7,6.7,1489.0,1489.0,3,0.0
Rizwan Manji,1,6.7,6.7,1489.0,1489.0,3,0.0
Purva Bedi,1,6.7,6.7,1489.0,1489.0,3,0.0
Nicholas Simmons,1,4.3,4.3,28.0,28.0,3,0.0
Keri Maletto,1,4.3,4.3,28.0,28.0,3,0.0
Barbie Castro,1,4.3,4.3,28.0,28.0,3,0.0
Matt Day,1,6.4,6.4,1727.0,1727.0,2,0.0
Charis Michelsen,1,7.0,7.0,1428.0,1428.0,5,0.0
Richard Spore,1,7.0,7.0,1428.0,1428.0,5,0.0
Bill Martone,1,7.0,7.0,1428.0,1428.0,5,0.0
Amir Talai,1,5.5,5.5,2787.0,2787.0,3,0.0
Charlie Bewley,1,6.7,6.7,46813.0,46813.0,2,0.0
Finola Hughes,1,6.7,6.7,46813.0,46813.0,2,0.0
Clint Jung,1,4.3,4.3,24.0,24.0,1,0.0
Marshal Hilton,1,4.3,4.3,24.0,24.0,1,0.0
Samantha Futerman,1,6.8,6.8,1227.0,1227.0,2,0.0
Clint Jordan,1,6.8,6.8,1227.0,1227.0,2,0.0
Jackie Nova,1,6.8,6.8,1227.0,1227.0,2,0.0
James Deen,1,3.9,3.9,8511.0,8511.0,2,0.0
Gus Van Sant,1,3.9,3.9,8511.0,8511.0,2,0.0
Sarah Lancashire,1,8.5,8.5,12848.0,12848.0,2,
James Norton,1,8.5,8.5,12848.0,12848.0,2,
Flaco Navaja,1,6.9,6.9,603.0,603.0,1,0.0
Dominic Colón,1,6.9,6.9,603.0,603.0,1,0.0
Natalie Canerday,1,7.3,7.3,7148.0,7148.0,2,0.0
Michael Abbott Jr.,1,7.3,7.3,7148.0,7148.0,2,0.0
Travis Smith,1,7.3,7.3,7148.0,7148.0,2,0.0
Pollyanna McIntosh,1,6.9,6.9,70076.0,70076.0,2,0.0
Samantha Buck,1,6.3,6.3,336.0,336.0,1,0.0
Terumi Matthews,1,6.3,6.3,336.0,336.0,1,0.0
Mark Hengst,1,2.5,2.5,602.0,602.0,2,0.0
Debra Lynn Hull,1,2.5,2.5,602.0,602.0,2,0.0
Kirsten Collins,1,5.7,5.7,300.0,300.0,1,0.0
Lorne Cardinal,1,5.7,5.7,300.0,300.0,1,0.0
Marty Lindsey,1,7.0,7.0,18486.0,18486.0,4,0.0
Jessica Duffy,1,7.0,7.0,18486.0,18486.0,4,0.0
Eme Ikwuakor,1,7.0,7.0,18486.0,18486.0,4,0.0
Derek Brandon,1,6.2,6.2,450.0,450.0,2,0.0
Florence Henderson,1,6.2,6.2,450.0,450.0,2,0.0
Charles Irving Beale,1,6.2,6.2,450.0,450.0,2,0.0
Kate Flannery,1,6.9,6.9,31.0,31.0,2,0.0
Victoria Jackson,1,6.9,6.9,31.0,31.0,2,0.0
Tim Bagley,1,6.9,6.9,31.0,31.0,2,0.0
Stuart Whitman,1,4.5,4.5,870.0,870.0,2,0.0
Jeff Jacob,1,7.8,7.8,6.0,6.0,1,0.0
Steve Duin,1,7.8,7.8,6.0,6.0,1,0.0
Sam Adams,1,7.8,7.8,6.0,6.0,1,0.0
Brit Morgan,1,4.4,4.4,1488.0,1488.0,2,0.0
Sedona James,1,4.4,4.4,1488.0,1488.0,2,0.0
Joshua Ray Bell,1,6.6,6.6,25.0,25.0,1,0.0
Annelyse Ahmad,1,6.6,6.6,25.0,25.0,1,0.0
Dana Blackstone,1,6.6,6.6,25.0,25.0,1,0.0
John Gilbert,1,8.3,8.3,4849.0,4849.0,3,0.0
Renée Adorée,1,8.3,8.3,4849.0,4849.0,3,0.0
Claire Adams,1,8.3,8.3,4849.0,4849.0,3,0.0
Jacob Zachar,1,6.5,6.5,110.0,110.0,1,0.0
Travis Betz,1,6.5,6.5,110.0,110.0,1,0.0
Sheldon Bailey,1,7.1,7.1,330.0,330.0,3,0.0
Matthew Emerick,1,7.1,7.1,330.0,330.0,3,0.0
Brock Baker,1,7.1,7.1,330.0,330.0,3,0.0
Matt King,1,7.1,7.1,84817.0,84817.0,4,0.0
James Lance,1,7.1,7.1,84817.0,84817.0,4,0.0
Mark Fantasia,1,4.0,4.0,146.0,146.0,5,0.0
Vivian Lamolli,1,4.0,4.0,146.0,146.0,5,0.0
Greg Jackson,1,4.0,4.0,146.0,146.0,5,0.0
Donald Austin,1,7.5,7.5,575.0,575.0,1,0.0
Craig Dougherty,1,7.5,7.5,575.0,575.0,1,0.0
Brendan Doogie Milewski,1,7.5,7.5,575.0,575.0,1,0.0
Matt Keeslar,1,7.0,7.0,2742.0,2742.0,1,0.0
Christina Hart,1,4.0,4.0,161.0,161.0,2,0.0
Nancy Ison,1,4.0,4.0,161.0,161.0,2,0.0
William Condos,1,4.0,4.0,161.0,161.0,2,0.0
Cecil Kellaway,1,6.7,6.7,4812.0,4812.0,3,0.0
Ross Elliott,1,6.7,6.7,4812.0,4812.0,3,0.0
Kenneth Tobey,1,6.7,6.7,4812.0,4812.0,3,0.0
Joanne Samuel,1,7.0,7.0,152232.0,152232.0,4,0.0
Hugh Keays-Byrne,1,7.0,7.0,152232.0,152232.0,4,0.0
Blake Lindsley,1,7.4,7.4,63951.0,63951.0,2,0.0
Alex Désert,1,7.4,7.4,63951.0,63951.0,2,0.0
Aldo Sambrell,1,8.0,8.0,147566.0,147566.0,3,0.0
Gian Maria Volontè,1,8.0,8.0,147566.0,147566.0,3,0.0
Gilbert Roland,1,6.5,6.5,4152.0,4152.0,5,0.0
Mae West,1,6.5,6.5,4152.0,4152.0,5,0.0
Louise Beavers,1,6.5,6.5,4152.0,4152.0,5,0.0
The Dalai Lama,1,7.2,7.2,131.0,131.0,1,0.0
Jasper Johal,1,7.2,7.2,131.0,131.0,1,0.0
Swami Krishnanad,1,7.2,7.2,131.0,131.0,1,0.0
Michael Joiner,1,6.4,6.4,2099.0,2099.0,1,0.0
Chris Thomas,1,6.4,6.4,2099.0,2099.0,1,0.0
Michael Higgenbottom,1,6.4,6.4,2099.0,2099.0,1,0.0
Lorraine Toussaint,1,6.5,6.5,1034.0,1034.0,1,0.0
Sophie Rois,1,6.8,6.8,4212.0,4212.0,3,0.0
Sebastian Schipper,1,6.8,6.8,4212.0,4212.0,3,0.0
Devid Striesow,1,6.8,6.8,4212.0,4212.0,3,0.0
Cynthia Geary,1,6.9,6.9,460.0,460.0,2,0.0
Leo Rossi,1,6.9,6.9,460.0,460.0,2,0.0
William Joseph Elk III,1,6.9,6.9,460.0,460.0,2,0.0
Matisyahu,1,7.5,7.5,48.0,48.0,3,0.0
Madeleine Albright,1,7.5,7.5,48.0,48.0,3,0.0
Natasha Bedingfield,1,7.5,7.5,48.0,48.0,3,0.0
Stevan Mena,1,5.1,5.1,2413.0,2413.0,4,0.0
Richard Glover,1,5.1,5.1,2413.0,2413.0,4,0.0
Bethany Blakey,1,6.2,6.2,81.0,81.0,2,0.0
Adam Rifkin,1,6.2,6.2,81.0,81.0,2,0.0
Marri Savinar,1,6.2,6.2,81.0,81.0,2,0.0
Ryan Kennedy,1,3.9,3.9,1328.0,1328.0,3,0.0
Melanie Papalia,1,3.9,3.9,1328.0,1328.0,3,0.0
John Reardon,1,3.9,3.9,1328.0,1328.0,3,0.0
Elise Muller,1,6.0,6.0,3507.0,3507.0,4,0.0
Victoria Lachelle,1,6.8,6.8,78.0,78.0,4,0.0
Susan Chambers,1,6.8,6.8,78.0,78.0,4,0.0
Ali Daniels,1,6.8,6.8,78.0,78.0,4,0.0
Léon Schwartzenberg,1,7.4,7.4,352.0,352.0,1,0.0
Marina Vlady,1,7.4,7.4,352.0,352.0,1,0.0
Bertrand Cantat,1,7.4,7.4,352.0,352.0,1,0.0
Hanne Aagesen,1,8.1,8.1,9903.0,9903.0,2,0.0
Sylvia Eckhausen,1,8.1,8.1,9903.0,9903.0,2,0.0
Ejner Federspiel,1,8.1,8.1,9903.0,9903.0,2,0.0
David Lee Smith,1,8.0,8.0,129799.0,129799.0,3,0.0
John Reeves,1,7.7,7.7,771.0,771.0,2,0.0
Evelyn Jefferson,1,7.7,7.7,771.0,771.0,2,0.0
Darryl Hunt,1,7.7,7.7,771.0,771.0,2,0.0
Bruce Gooch,1,7.2,7.2,1338.0,1338.0,2,0.0
Jordan Bridges,1,7.2,7.2,1338.0,1338.0,2,0.0
H.M. Wynant,1,5.4,5.4,374.0,374.0,5,0.0
Chase Masterson,1,5.4,5.4,374.0,374.0,5,0.0
John Newton,1,5.4,5.4,374.0,374.0,5,0.0
Robert Turano,1,6.7,6.7,37.0,37.0,3,0.0
Matthew Gumley,1,6.7,6.7,37.0,37.0,3,0.0
Elaine Bromka,2,7.4,8.1,26.0,37.0,3,0.0
Robin Bartlett,1,6.3,6.3,191.0,191.0,3,0.0
Paul Hickert,1,6.3,6.3,191.0,191.0,3,0.0
Alex Emanuel,1,8.1,8.1,15.0,15.0,1,0.0
Amir Farrokh Hashemian,1,8.5,8.5,27882.0,27882.0,2,0.0
Mohammad Amir Naji,1,8.5,8.5,27882.0,27882.0,2,0.0
Bahare Seddiqi,1,8.5,8.5,27882.0,27882.0,2,0.0
Chris New,1,7.7,7.7,19846.0,19846.0,2,0.0
Vauxhall Jermaine,1,7.7,7.7,19846.0,19846.0,2,0.0
Joie Lee,1,6.5,6.5,4769.0,4769.0,2,0.0
Tracy Camilla Johns,1,6.5,6.5,4769.0,4769.0,2,0.0
Abigail Evans,1,8.7,8.7,27.0,27.0,1,0.0
Stacie Evans,1,8.7,8.7,27.0,27.0,1,0.0
Emily Gorell,1,8.7,8.7,27.0,27.0,1,0.0
Ana Vatamanu,1,6.5,6.5,354.0,354.0,1,0.0
Ana Maria Guran,1,6.5,6.5,354.0,354.0,1,0.0
Iulia Ciochina,1,6.5,6.5,354.0,354.0,1,0.0
Robin Lord Taylor,1,7.0,7.0,71387.0,71387.0,3,0.0
Flint Beverage,1,7.0,7.0,71387.0,71387.0,3,0.0
Melvin Van Peebles,1,5.5,5.5,3340.0,3340.0,3,0.0
Sienna Beckman,1,7.0,7.0,8.0,8.0,1,0.0
Joe Lev,1,7.0,7.0,8.0,8.0,1,0.0
Charla Cochran,1,7.0,7.0,8.0,8.0,1,0.0
Glen Hansard,1,7.9,7.9,90827.0,90827.0,3,0.0
Markéta Irglová,1,7.9,7.9,90827.0,90827.0,3,0.0
Darren Healy,1,7.9,7.9,90827.0,90827.0,3,0.0
Eugene Roche,1,7.3,7.3,524.0,524.0,1,0.0
Marilyn Rising,1,7.3,7.3,524.0,524.0,1,0.0
Max Kerstein,1,7.3,7.3,524.0,524.0,1,0.0
Rowan Isaacson,1,7.4,7.4,586.0,586.0,1,0.0
Temple Grandin,1,7.4,7.4,586.0,586.0,1,0.0
Simon Baron-Cohen,1,7.4,7.4,586.0,586.0,1,0.0
Martin Compston,1,5.4,5.4,3813.0,3813.0,1,0.0
Alan Brent,1,5.4,5.4,3813.0,3813.0,1,0.0
Kate Ashfield,1,5.4,5.4,3813.0,3813.0,1,0.0
Joel Moody,1,7.1,7.1,53.0,53.0,3,0.0
Lia Tucker,1,7.1,7.1,53.0,53.0,3,0.0
Bill Allen,1,7.1,7.1,53.0,53.0,3,0.0
Christopher Shea,1,8.4,8.4,21826.0,21826.0,3,0.0
Peter Robbins,1,8.4,8.4,21826.0,21826.0,3,0.0
Mike Brett,1,7.0,7.0,123.0,123.0,2,0.0
Naderev Sano,1,7.0,7.0,123.0,123.0,2,0.0
Hugh Ducklow,1,7.0,7.0,123.0,123.0,2,0.0
Jesse Jane,1,5.3,5.3,502.0,502.0,1,0.0
Lisa Ann,1,5.3,5.3,502.0,502.0,1,0.0
Kayden Kross,1,5.3,5.3,502.0,502.0,1,0.0
Ariel Hsing,1,7.1,7.1,260.0,260.0,1,0.0
Michael Landers,1,7.1,7.1,260.0,260.0,1,0.0
Xinhua Jiang,1,7.1,7.1,260.0,260.0,1,0.0
Bob Eubanks,1,7.5,7.5,22800.0,22800.0,1,0.0
Pat Boone,1,7.5,7.5,22800.0,22800.0,1,0.0
Hassan Johnson,1,7.2,7.2,100.0,100.0,1,0.0
J.D. Williams,1,7.2,7.2,100.0,100.0,1,0.0
Samantha Esteban,1,7.2,7.2,100.0,100.0,1,0.0
Constance Wu,1,6.7,6.7,15775.0,15775.0,4,0.0
Mike Birbiglia,1,6.7,6.7,21618.0,21618.0,2,0.0
Mel Eslyn,1,6.7,6.7,21618.0,21618.0,2,0.0
Diane Sorrentino,1,5.1,5.1,172.0,172.0,1,0.0
Valentine,1,5.1,5.1,172.0,172.0,1,0.0
Macha Méril,1,7.4,7.4,1962.0,1962.0,1,0.0
Philippe Leroy,1,7.4,7.4,1962.0,1962.0,1,0.0
Rita Maiden,1,7.4,7.4,1962.0,1962.0,1,0.0
Jason Stuart,1,5.4,5.4,1197.0,1197.0,2,0.0
Richard Moll,1,5.7,5.7,98.0,98.0,1,0.0
Christopher Robin Miller,1,5.7,5.7,98.0,98.0,1,0.0
Shannen Fields,2,6.800000000000001,6.9,7692.5,12399.0,2,3.0
Reese Mishler,1,4.2,4.2,13521.0,13521.0,2,0.0
Pfeifer Brown,1,4.2,4.2,13521.0,13521.0,2,0.0
Cassidy Gifford,1,4.2,4.2,13521.0,13521.0,2,0.0
Charlotte Stewart,1,7.4,7.4,69831.0,69831.0,3,0.0
Jack Nance,1,7.4,7.4,69831.0,69831.0,3,0.0
Johnnie Walker,1,4.8,4.8,5.0,5.0,2,0.0
Mary Carr,1,4.8,4.8,5.0,5.0,2,0.0
Stephen Carr,1,4.8,4.8,5.0,5.0,2,0.0
Leon Isaac Kennedy,1,5.8,5.8,509.0,509.0,3,0.0
Chuck Mitchell,1,5.8,5.8,509.0,509.0,3,0.0
Wilbur 'Hi-Fi' White,1,5.8,5.8,509.0,509.0,3,0.0
Larry Blamire,1,7.0,7.0,4117.0,4117.0,3,0.0
Brian Howe,1,7.0,7.0,4117.0,4117.0,3,0.0
Fay Masterson,1,7.0,7.0,4117.0,4117.0,3,0.0
Kevin P. Farley,1,3.2,3.2,73.0,73.0,1,0.0
Brandon Middleton,1,3.2,3.2,73.0,73.0,1,0.0
Gabriela Castillo,1,3.2,3.2,73.0,73.0,1,0.0
Elissa Dowling,2,5.0,6.8,6494.0,12796.0,5,2.0
Phil Fish,1,7.7,7.7,16701.0,16701.0,1,0.0
Jonathan Blow,1,7.7,7.7,16701.0,16701.0,1,0.0
Edmund McMillen,1,7.7,7.7,16701.0,16701.0,1,0.0
Adam Rayner,1,5.6,5.6,5747.0,5747.0,1,0.0
Sheldon Leonard,1,7.1,7.1,67.0,67.0,2,0.0
Arthur O'Connell,1,7.1,7.1,67.0,67.0,2,0.0
Johnathan Hurley,1,3.6,3.6,101.0,101.0,4,0.0
Claire Gordon-Harper,1,3.6,3.6,101.0,101.0,4,0.0
Hugh Mun,1,3.6,3.6,101.0,101.0,4,0.0
Trevor Howard,1,6.8,6.8,544.0,544.0,3,0.0
Andrew Keir,1,6.8,6.8,544.0,544.0,3,0.0
David Barnes,1,7.6,7.6,80.0,80.0,3,0.0
Dottie Alexander,1,7.6,7.6,80.0,80.0,3,0.0
Jon Brion,1,7.6,7.6,80.0,80.0,3,0.0
Arik Ascherman,1,8.3,8.3,496.0,496.0,1,0.0
Seth Ackerman,1,8.3,8.3,496.0,496.0,1,0.0
Stanley B. Herman,2,6.95,7.5,71528.5,142619.0,4,3.0
Clint Mansell,1,7.5,7.5,142619.0,142619.0,3,0.0
Tim DeZarn,1,5.4,5.4,405.0,405.0,2,0.0
Meredith Scott Lynn,1,5.4,5.4,405.0,405.0,2,0.0
Robert McKee,1,5.3,5.3,1622.0,1622.0,3,0.0
Tom Ardavany,1,5.3,5.3,1622.0,1622.0,3,0.0
Steve Diasparra,1,4.5,4.5,48.0,48.0,3,0.0
Michelle Simone Miller,1,4.5,4.5,48.0,48.0,3,0.0
A.J. DeLucia,1,4.5,4.5,48.0,48.0,3,0.0
Chemeeka Walker,1,7.3,7.3,85028.0,85028.0,3,0.0
Amanda Kearsan,1,7.3,7.3,85028.0,85028.0,3,0.0
Amelia Giancarlo,1,7.3,7.3,85028.0,85028.0,3,0.0
Sean Whalen,2,4.8,5.6,1580.0,1771.0,3,0.0
James DeBello,1,5.6,5.6,1389.0,1389.0,1,0.0
Jason Evers,1,4.1,4.1,4752.0,4752.0,2,0.0
Virginia Leith,1,4.1,4.1,4752.0,4752.0,2,0.0
Bruce Kerr,1,4.1,4.1,4752.0,4752.0,2,0.0
Ty Parker,1,6.8,6.8,683.0,683.0,1,0.0
Vincent Duvall,1,6.8,6.8,683.0,683.0,1,0.0
Loanne Bishop,1,6.8,6.8,683.0,683.0,1,0.0
Erin Cipolletti,1,5.8,5.8,13065.0,13065.0,3,0.0
Justin Gordon,1,5.8,5.8,13065.0,13065.0,3,0.0
Courtney Bell,1,5.8,5.8,13065.0,13065.0,3,0.0
Maxine Bahns,1,6.6,6.6,6375.0,6375.0,3,0.0
Shari Albert,1,6.6,6.6,6375.0,6375.0,3,0.0
Paul Daniel Ayotte,1,6.7,6.7,3885.0,3885.0,3,0.0
Shailene Garnett,1,6.7,6.7,3885.0,3885.0,3,0.0
Matt Johnson,1,6.7,6.7,3885.0,3885.0,3,0.0
Joffre Soares,1,6.4,6.4,712.0,712.0,3,0.0
Marcello Mastroianni,1,6.4,6.4,712.0,712.0,3,0.0
Jemima Kirke,1,6.3,6.3,11816.0,11816.0,3,0.0
Corlandos Scott,1,3.4,3.4,485.0,485.0,3,0.0
Jeremy Sande,1,3.4,3.4,485.0,485.0,3,0.0
Amanda MacDonald,1,4.7,4.7,128.0,128.0,2,0.0
Chelse Swain,1,4.7,4.7,128.0,128.0,2,0.0
David Mersault,1,7.3,7.3,6261.0,6261.0,4,0.0
Barry Lynch,1,7.3,7.3,6261.0,6261.0,4,0.0
Dan Novy,1,7.3,7.3,6261.0,6261.0,4,0.0
Chris 'Wonder' Schoeck,1,7.9,7.9,53.0,53.0,1,0.0
Beau Knapp,1,6.1,6.1,48236.0,48236.0,2,0.0
Olivia Cooke,1,6.1,6.1,48236.0,48236.0,2,0.0
Taliesin Jaffe,1,7.4,7.4,66.0,66.0,2,0.0
Greg Aronowitz,1,7.4,7.4,66.0,66.0,2,0.0
Jeff Dowd,1,7.4,7.4,66.0,66.0,2,0.0
Jan Haley,1,6.6,6.6,733.0,733.0,1,0.0
Paul Eenhoorn,1,6.6,6.6,733.0,733.0,1,0.0
Demetrius Grosse,1,6.6,6.6,733.0,733.0,1,0.0
Kelen Coleman,1,5.5,5.5,181.0,181.0,1,0.0
Damian Jewan Lee,1,7.5,7.5,6246.0,6246.0,1,0.0
Christa Miller,1,7.6,7.6,2631.0,2631.0,2,0.0
Ion Overman,1,7.6,7.6,2631.0,2631.0,2,0.0
Derick Martini,1,7.6,7.6,2631.0,2631.0,2,0.0
Shiree Nelson,1,5.0,5.0,34.0,34.0,3,0.0
Johnny Walter,1,5.0,5.0,34.0,34.0,3,0.0
Lindsay Felton,1,3.2,3.2,192.0,192.0,1,0.0
Patricia Raven,1,3.2,3.2,192.0,192.0,1,0.0
Julianne Gabert,1,3.7,3.7,106.0,106.0,2,0.0
Ronee Collins,1,3.7,3.7,106.0,106.0,2,0.0
Thomas Brophy,1,3.7,3.7,106.0,106.0,2,0.0
Jordan Scovel,1,6.3,6.3,1516.0,1516.0,1,0.0
Christian Anderson,1,4.1,4.1,143.0,143.0,1,0.0
Joseph Campanella,1,4.1,4.1,143.0,143.0,1,0.0
Kirpatrick Thomas,1,4.1,4.1,143.0,143.0,1,0.0
Justin Rice,2,6.65,6.9,1736.0,1894.0,2,3.0
Andrew Bujalski,2,6.65,6.9,1736.0,1894.0,2,3.0
Kate Dollenmayer,2,6.65,6.9,1736.0,1894.0,2,3.0
Parker Riggs,1,5.4,5.4,23.0,23.0,1,0.0
Ron Gelner,1,5.4,5.4,23.0,23.0,1,0.0
Nichole Ceballos,1,5.4,5.4,23.0,23.0,1,0.0
David Schaal,1,6.5,6.5,2646.0,2646.0,3,0.0
Tony Way,1,6.5,6.5,2646.0,2646.0,3,0.0
Don Brooks,1,6.7,6.7,803.0,803.0,2,0.0
Bobby Kendall,1,6.7,6.7,803.0,803.0,2,0.0
Stacy Edwards,1,7.3,7.3,11550.0,11550.0,2,0.0
Jason Dixie,1,7.3,7.3,11550.0,11550.0,2,0.0
Casper Martinez,1,7.0,7.0,493.0,493.0,2,0.0
Panchito Gómez,1,7.0,7.0,493.0,493.0,2,0.0
Tommy Pallotta,1,7.1,7.1,15103.0,15103.0,2,0.0
Richard Linklater,1,7.1,7.1,15103.0,15103.0,2,0.0
Jean Caffeine,1,7.1,7.1,15103.0,15103.0,2,0.0
Tjasa Ferme,1,4.8,4.8,57.0,57.0,3,0.0
Damon Owlia,1,4.8,4.8,57.0,57.0,3,0.0
Mikaal Bates,1,4.8,4.8,57.0,57.0,3,0.0
Travis Legge,1,3.3,3.3,114.0,114.0,2,0.0
Suzi Lorraine,1,3.3,3.3,114.0,114.0,2,0.0
Kristen Seavey,1,3.3,3.3,114.0,114.0,2,0.0
Lisa Arnold,1,6.9,6.9,2986.0,2986.0,1,0.0
Janet Lee Dapper,1,6.9,6.9,2986.0,2986.0,1,0.0
Lindsay MacDonald,1,4.6,4.6,3836.0,3836.0,3,0.0
Ashley Tramonte,1,4.6,4.6,3836.0,3836.0,3,0.0
Brandon Landers,1,3.0,3.0,125.0,125.0,3,0.0
Alana Kaniewski,1,3.0,3.0,125.0,125.0,3,0.0
Robbie Barnes,1,3.0,3.0,125.0,125.0,3,0.0
Bari Hyman,1,6.6,6.6,4067.0,4067.0,3,0.0
Mugambi Nthiga,1,7.4,7.4,70.0,70.0,1,0.0
Olwenya Maina,1,7.4,7.4,70.0,70.0,1,0.0
Paul Ogola,1,7.4,7.4,70.0,70.0,1,0.0
Zoe Lister-Jones,1,6.2,6.2,1194.0,1194.0,1,0.0
Nick Principe,1,4.0,4.0,1771.0,1771.0,2,0.0
Jason Trost,1,4.0,4.0,1771.0,1771.0,2,0.0
Edith Massey,1,6.1,6.1,16792.0,16792.0,3,0.0
Mink Stole,1,6.1,6.1,16792.0,16792.0,3,0.0
Divine,1,6.1,6.1,16792.0,16792.0,3,0.0
Béatrice Dalle,1,6.9,6.9,3924.0,3924.0,3,0.0
Fereshteh Sadre Orafaiy,1,7.5,7.5,4555.0,4555.0,1,0.0
Nargess Mamizadeh,1,7.5,7.5,4555.0,4555.0,1,0.0
Mojgan Faramarzi,1,7.5,7.5,4555.0,4555.0,1,0.0
Michael Parle,1,6.7,6.7,57.0,57.0,1,0.0
Patrick O'Donnell,1,6.7,6.7,57.0,57.0,1,0.0
Emma Eliza Regan,1,6.7,6.7,57.0,57.0,1,0.0
Kôji Yakusho,1,7.4,7.4,6318.0,6318.0,4,0.0
Anna Nakagawa,1,7.4,7.4,6318.0,6318.0,4,0.0
Denden,1,7.4,7.4,6318.0,6318.0,4,0.0
Tatiana Suarez-Pico,1,6.1,6.1,156.0,156.0,1,0.0
Eric Ambriz,1,6.1,6.1,156.0,156.0,1,0.0
Michael Cortez,1,6.1,6.1,156.0,156.0,1,0.0
Joe Coffey,1,5.4,5.4,133.0,133.0,3,0.0
Julianna Pitt,1,5.4,5.4,133.0,133.0,3,0.0
John Lucas,1,5.4,5.4,133.0,133.0,3,0.0
James Noble,1,6.4,6.4,438.0,438.0,2,0.0
Casey Gooden,1,7.0,7.0,72639.0,72639.0,3,0.0
Shane Carruth,1,7.0,7.0,72639.0,72639.0,3,0.0
David Sullivan,1,7.0,7.0,72639.0,72639.0,3,0.0
Quynn Ton,1,6.3,6.3,589.0,589.0,1,0.0
Edgar Tancangco,1,6.3,6.3,589.0,589.0,1,0.0
Ian Gamazon,1,6.3,6.3,589.0,589.0,1,0.0
Consuelo Gómez,1,6.9,6.9,52055.0,52055.0,5,0.0
Carlos Gallardo,1,6.9,6.9,52055.0,52055.0,5,0.0
Peter Marquardt,1,6.9,6.9,52055.0,52055.0,5,0.0
Sara Stepnicka,1,7.8,7.8,36.0,36.0,2,0.0
Richard Jewell,1,7.8,7.8,36.0,36.0,2,0.0
John Considine,1,7.8,7.8,36.0,36.0,2,0.0
Caitlin FitzGerald,1,6.4,6.4,1338.0,1338.0,2,0.0
Daniella Pineda,1,6.4,6.4,1338.0,1338.0,2,0.0
Kerry Bishé,1,6.4,6.4,1338.0,1338.0,2,0.0
Daphne Zuniga,1,7.7,7.7,629.0,629.0,2,0.0
Sam Underwood,1,7.5,7.5,73839.0,73839.0,4,
Natalie Zea,1,7.5,7.5,73839.0,73839.0,4,
Valorie Curry,1,7.5,7.5,73839.0,73839.0,4,
Eva Boehnke,1,6.3,6.3,38.0,38.0,3,0.0
David Chandler,1,6.3,6.3,38.0,38.0,3,0.0
Maxwell Moody,1,6.3,6.3,38.0,38.0,3,0.0
Jon Gunn,1,6.6,6.6,4285.0,4285.0,1,0.0
Brian Herzlinger,1,6.6,6.6,4285.0,4285.0,1,0.0
John August,1,6.6,6.6,4285.0,4285.0,1,0.0
