node,degree,betweenness,eigenvector
Robert De Niro,94,0.005916050692441935,0.2021658375566198
Morgan Freeman,79,0.004897659368506506,0.20812626632303716
Matt Damon,72,0.003649801689957862,0.10940529040217574
Bruce Willis,70,0.003816574042096693,0.13510721452750055
Nicolas Cage,62,0.0036868894908878794,0.0723647749653424
Steve Buscemi,62,0.002719925178588934,0.12370951120964657
Johnny Depp,61,0.002783979442520954,0.17345737590130106
Liam Neeson,60,0.002074569452740638,0.11983766140539674
Will Ferrell,60,0.002732925938054522,0.09223175536100511
Denzel Washington,60,0.0034277213982075415,0.10419976239445608
Bill Murray,59,0.0034638901164344284,0.10427333504418447
Brad Pitt,57,0.0018646092866769436,0.17321912323632688
Anthony Hopkins,57,0.0015718598469899043,0.10980028906995566
Harrison Ford,56,0.0020502256074165564,0.06825100642241971
Jim Broadbent,55,0.002339502368368106,0.08856528671461003
Tom Hanks,54,0.0024631822038485088,0.06401633481477743
Tom Cruise,53,0.002524543910683171,0.09247073624030135
Christian Bale,52,0.0017738637184140978,0.10455851843168164
J.K. Simmons,52,0.002027241236021284,0.1540530789127274
Matthew McConaughey,51,0.002263740046694782,0.07632533883391819
Julia Roberts,50,0.0014512112765237052,0.10666484637497353
Robin Williams,49,0.0019516098625782276,0.07519820626416686
Meryl Streep,49,0.0016204497448134327,0.11327151649086525
Tom Wilkinson,49,0.0021408560176253357,0.08825818803134423
Philip Seymour Hoffman,48,0.0017536040740614848,0.09492419986136723
Robert Downey Jr.,48,0.0015861583149098632,0.10387729651489483
Scarlett Johansson,47,0.001935594796656326,0.1281426383792327
Gerard Butler,47,0.0026124940835604554,0.06489646210861938
Sylvester Stallone,47,0.0016475978984142538,0.06851122129779529
Kirsten Dunst,46,0.0016289211741891537,0.13787742275792642
Angelina Jolie Pitt,46,0.0017935297798170329,0.11029077015972365
Judy Greer,45,0.0013858050265317871,0.05790960618454757
Jeff Bridges,45,0.0020693038472256635,0.07870474122619589
James Franco,45,0.0014206907853984126,0.12235396450632234
Keanu Reeves,43,0.0012246345859478897,0.06998563880000758
Charlize Theron,43,0.0017029038322850243,0.1146728904940452
Robert Duvall,43,0.0018043057243566027,0.11326538169005007
Dwayne Johnson,42,0.0013308623243556946,0.051172211115160175
Channing Tatum,42,0.0009111717174070272,0.04275125514240513
Anne Hathaway,42,0.0013530759314081117,0.09254628475346006
Jason Statham,42,0.0017619975184986914,0.11126575392844536
Kevin Spacey,42,0.0010758441668467472,0.06084081208745399
Oliver Platt,41,0.0010319835604864214,0.05788886105065312
Leonardo DiCaprio,40,0.001038936472221125,0.07730353164464995
Naomi Watts,40,0.0011032348589437517,0.04390440923588233
Dennis Quaid,40,0.0009213539524619652,0.05427029430135723
Gary Oldman,40,0.001172178670768793,0.08614944743557017
Hugh Jackman,40,0.0012233843348448295,0.055024262997786434
Al Pacino,39,0.0012146957558500215,0.09419330250470842
Kate Winslet,39,0.0008875546734078141,0.08106270455769604
Viggo Mortensen,38,0.001502166166546311,0.06049820731079577
Jake Gyllenhaal,38,0.0011588502955725737,0.05640428570507488
Rosario Dawson,38,0.0007919447595668047,0.04415659921791592
Ryan Reynolds,38,0.0015787298236348106,0.04783434669283303
Stephen Root,37,0.0008678351479217811,0.0602332762828908
Adam Sandler,37,0.0006483198820520217,0.06487478566000861
Bruce Greenwood,37,0.0012160738859888231,0.031950317814988985
Salma Hayek,36,0.0008789330918283238,0.05488682152552738
Steve Carell,36,0.0007947448878587708,0.08065068817827044
Joseph Gordon-Levitt,36,0.0009601642930979717,0.06002897921016285
Will Smith,36,0.0009939364368913837,0.0449519880227533
Zooey Deschanel,36,0.0013428503972502171,0.067245616607135
Natalie Portman,35,0.0013969083017954672,0.0764723045967246
Brendan Fraser,34,0.0009720751687410231,0.023067324815070213
Ray Winstone,34,0.0008112473848437522,0.047576191477818365
Scott Glenn,34,0.0007595311653080055,0.04864392482803853
Bradley Cooper,33,0.001055194866669244,0.08137076703162568
Milla Jovovich,33,0.0009885439370143443,0.05975660175574699
Bob Hoskins,32,0.0015439817406150435,0.051263028396446905
Vin Diesel,32,0.0010810439825668376,0.045603938031292
Ryan Gosling,32,0.0006806536971555084,0.04284579284414245
Colin Firth,32,0.0005669842632514415,0.063859310971388
Paul Walker,32,0.000979050121958448,0.04578434476139696
Michael Rapaport,32,0.0015430367463056308,0.057037714317062754
Bruce McGill,32,0.0011960719183905374,0.035656374588327995
Chloë Grace Moretz,31,0.0008383179021630852,0.04160036627040267
William Hurt,31,0.0006882292966122402,0.036017849477626804
Jon Favreau,31,0.0010241334457237437,0.0763083248921167
Clint Eastwood,31,0.0007351800901007038,0.03348756684698886
Clifton Collins Jr.,30,0.0008693918921980695,0.0541059000104284
Demi Moore,30,0.0008774471026332056,0.0540321596510832
Chazz Palminteri,30,0.0012843312335143,0.034626325625130946
Kristen Stewart,30,0.0009079138813100354,0.05140430630620485
Sam Shepard,29,0.0006146088210928515,0.0620874151526289
Matthew Broderick,29,0.0012835868512521568,0.04976212896075517
Jason Flemyng,29,0.0008774145485270024,0.09858363938103873
John Heard,28,0.0006732412296420683,0.02424725704071888
Jada Pinkett Smith,28,0.000532939837037614,0.03659108254886814
Don Cheadle,28,0.00053548988122097,0.033080815167495
Alfre Woodard,28,0.0008039497480738736,0.02844583229412206
Jennifer Garner,28,0.0006843745856791166,0.047789158613227446
Adam Scott,28,0.0005666527777945741,0.048519830661566496
Olivia Wilde,28,0.0004872849848441053,0.05174636283083063
Michael Fassbender,28,0.00037365092384205424,0.050286208544787006
Steve Coogan,27,0.0006426080825276441,0.05669338331677516
Gary Cole,27,0.001181858108270984,0.035139705835402116
Bernie Mac,27,0.0004662146827252802,0.025530385435315484
Djimon Hounsou,27,0.000807957943403682,0.05557430248437259
Nia Long,27,0.0003444380151586379,0.01632168043651039
Jennifer Jason Leigh,27,0.0007752639968652204,0.027330599768466027
Martin Landau,27,0.0014185420369673344,0.03457939594463163
Catherine O'Hara,26,0.0005697673871463976,0.03171233590635641
Michael Angarano,26,0.0005246632233226331,0.03148041092220838
Anna Kendrick,26,0.0006091573747715948,0.04470868747758469
Robin Wright,26,0.0005002550605172965,0.061845972639688156
Jay Hernandez,26,0.0006133461642307583,0.02732617734066644
Bill Cobbs,26,0.0007215588313189213,0.0342783353651978
Delroy Lindo,26,0.0005161205627311362,0.038709955157606356
Mike Starr,26,0.0005909122289900877,0.032347853717770846
Frank Langella,26,0.0005776171812786952,0.05213592211319853
Josh Hutcherson,26,0.0013638583286427351,0.041968064037138826
Minnie Driver,26,0.0010883723214083203,0.05121517298298267
Amy Poehler,25,0.00034292945632961386,0.020652776426737626
Rip Torn,25,0.0006456083596482179,0.033702554685279405
Loretta Devine,25,0.0005117443408002006,0.023806539685756054
Mila Kunis,25,0.0003905452967688001,0.06357243885543258
Kristin Scott Thomas,25,0.0006301773784815578,0.0403553879959398
Thomas Lennon,24,0.00037260726831563176,0.019473260810458616
Bruce Dern,24,0.00027938774630195836,0.02615558506835942
Tom Hardy,24,0.0005026565286215662,0.0349069025836342
Michael Biehn,24,0.0008162431699792392,0.01061284835875375
Chris Evans,24,0.0007598791987880908,0.03880260261806246
Peter Dinklage,24,0.0009958175523492863,0.03458416679072593
Vivica A. Fox,24,0.00035636642678424244,0.012035229145175014
Holly Hunter,24,0.0005513192619364285,0.020337928455042467
Jamie Lee Curtis,24,0.0007958489251789069,0.013433814695325293
Logan Lerman,24,0.0003725233401451424,0.038931374739972886
Paul Sorvino,24,0.0008353108805868358,0.0215279527930061
Virginia Madsen,24,0.00029187953234061174,0.03880155555232751
Mike Epps,24,0.00031912321149902054,0.022147919092685982
Sarah Michelle Gellar,23,0.0003850459140108942,0.013670296774446897
Jon Lovitz,23,0.0007131180424272975,0.04932351880726235
Emma Stone,23,0.0005938257386837509,0.04723504277815285
Chris Hemsworth,23,0.0003511625777764078,0.06669055225358038
Christopher Lee,23,0.001051055706119957,0.05001214215711355
Jeremy Renner,23,0.0005724268363804576,0.0339156340292914
Alexa PenaVega,23,0.000357364740142724,0.026777958279800777
Udo Kier,23,0.0006481769888598733,0.013480585189112545
Lin Shaye,23,0.00039424390431118313,0.02946880043285021
Nathan Lane,22,0.0004570684672221492,0.023444314386842063
Radha Mitchell,22,0.0008904764041771678,0.030082709476432226
Charlotte Rampling,22,0.0007995041254496923,0.016723948590184785
Tony Curran,22,0.0002324992171272727,0.017961931604979917
Toby Jones,22,0.00022972696076689793,0.035237290495097946
Sissy Spacek,22,0.0007847561063398606,0.024223444742949258
Cary-Hiroyuki Tagawa,22,0.0005646362227552024,0.01834491548710179
Thomas Kretschmann,22,0.0004548997886304595,0.033232616896511816
Mark Margolis,22,0.0004504395505157275,0.031506962787620246
Kelly Preston,22,0.0005688748663194245,0.022889827521766586
Callum Rennie,22,0.00046869455082257014,0.016001995465987042
Fisher Stevens,22,0.0005600260241195204,0.01695170684487456
Woody Allen,22,0.0012489360829431382,0.01371299422137918
Jennifer Lawrence,22,0.0004964517313070599,0.06321625066064583
Albert Brooks,22,0.0009811884880964814,0.0266840403250435
Bokeem Woodbine,22,0.0004206891088613939,0.01801412380042637
Olivia Williams,22,0.0012347245159410598,0.026012637317072495
Aidan Quinn,22,0.0006830485127749418,0.0256455269496597
Vanessa Redgrave,22,0.00033635080621836173,0.036645072395959176
Ethan Embry,22,0.0006614429491220997,0.024367518302465207
Cheech Marin,21,0.0004930394625824008,0.029554416428771605
Natasha Lyonne,21,0.0003965983432594913,0.023752240766971154
Fred Willard,21,0.000277432941953601,0.022442533626250358
Jet Li,21,0.0016571779759443062,0.040005901002429095
Joan Allen,21,0.0006290565929714806,0.029647850912120542
Adam Goldberg,21,0.0006887378708714779,0.030956787948698977
David Oyelowo,20,0.00025349616540217175,0.034208648015448026
Michael Kelly,20,0.0008690461560321971,0.0397872643470639
Benedict Cumberbatch,20,0.00028359666616875503,0.039703537273149396
Kevin Pollak,20,0.000493892911346442,0.03134367442766825
Frances Fisher,20,0.0006554486171252598,0.020117827323854354
Hope Davis,20,0.00030584097064213924,0.031204468041893037
Cole Hauser,20,0.0006174860547034129,0.030380352795195104
Beverly D'Angelo,20,0.00025240369760969966,0.017893050774599625
Eddie Marsan,20,0.0002940312056968782,0.04243517693672259
LL Cool J,20,0.00029570817239027127,0.026345422456386623
Clea DuVall,20,0.0004037195551632966,0.04813722487946778
Stockard Channing,20,0.0005351525965900805,0.01666865789902278
Colin Salmon,20,0.000501119523726564,0.008148816738725785
Mekhi Phifer,20,0.00038561961499334945,0.020164605672875993
Larry Miller,20,0.0007646444620038353,0.011839256731171002
Treat Williams,20,0.0007089275447190774,0.03344904062823544
Anjelica Huston,20,0.0007191912722962595,0.01505597975744816
Tom Skerritt,20,0.0005439544373411592,0.02071975394294816
Justin Timberlake,20,0.0003454096879229011,0.0159852605201378
Dominic Cooper,20,0.0002524565275592599,0.011658870858470137
Dylan Baker,20,0.0003979149868621544,0.03087051001389062
Shirley Henderson,20,0.00042577444776376825,0.030784640699190745
Hayden Christensen,20,0.0005425190244220866,0.02446760702505098
Tim Blake Nelson,20,0.0004554449431760026,0.01740857620653989
Janeane Garofalo,20,0.0006118140081302364,0.04390155812471246
Rufus Sewell,20,0.0002486758018280775,0.044498483796676654
Michael Wincott,19,0.0004008644653397352,0.033532738063941546
Mako,19,0.0009711858870171653,0.0165978770437481
Faizon Love,19,0.0003425200141549537,0.013998138144296365
Miranda Richardson,19,0.0003206051280762248,0.03377016173723334
Heath Ledger,19,0.00030508662139203623,0.042515911217041166
Romany Malco,19,0.00027385500833909036,0.03505656078180766
Common,19,0.0005761217232481595,0.06290772886200953
Joe Morton,19,0.0001731129014952844,0.021603954163820886
John Michael Higgins,19,0.0005561450699264914,0.03951008025288432
Dave Chappelle,19,0.0003147944071064826,0.022109260288205645
Harold Perrineau,19,0.00023299140024874386,0.02258398612093887
Jon Gries,18,0.00023000053288842065,0.018401679436209278
Jake Busey,18,0.0002829053382673832,0.011847213258648863
Robert Forster,18,0.0006219042062269338,0.016347014792412146
Noah Emmerich,18,0.00017934303767094432,0.02291699358951908
Colm Feore,18,0.000238927238436019,0.016587009966654007
Frances Conroy,18,0.00020136012530943452,0.03463943747811395
Bob Gunton,18,0.00021925225551767112,0.022154293581665947
Christoph Waltz,18,0.00016091988365678293,0.031034537470101417
Tom Arnold,18,0.000279120172364292,0.018008709995356496
Alan Rickman,18,0.00043180238544395487,0.07295248853085937
Eddie Griffin,18,0.0006257073629635714,0.01060395939642707
Tom Berenger,18,0.00029799375809770503,0.02697604417773201
Vanessa Williams,18,0.0002436550289192208,0.013537112322743216
Jacob Vargas,18,0.0003349780508440929,0.007104347068532757
Samantha Morton,18,0.00045604476621276214,0.009501916848790948
Rupert Everett,18,0.00035728229051836403,0.01948555317285418
Eric Idle,18,0.0003462596419636818,0.01190310810492684
Harry Lennix,18,0.00025620857210567177,0.008338022693441485
Eric Stoltz,18,0.0004130592379269238,0.031542501807518254
Hal Holbrook,18,0.00046363888925180576,0.019193110346887594
Philip Baker Hall,18,0.000496052574780393,0.032158159012451344
Vincent Pastore,18,0.00034154255410128045,0.00991492858346075
Ben Mendelsohn,18,0.0002462633024147006,0.05227891202541539
James Frain,18,0.00046962147478519134,0.041123812280827066
Desmond Llewelyn,18,0.00039188394628882626,0.004499946991899971
Tony Goldwyn,18,0.00032485365331261327,0.04530178969784732
Stephen Rea,18,0.00036223290273473455,0.011436167832625157
Billy Crudup,18,0.0005900267279325168,0.022307391456375628
John Ratzenberger,18,0.00023566472717282498,0.028906545138313255
Jim Belushi,18,0.0004354468682081322,0.01920172143160492
Julian Richings,18,0.0005607309648890123,0.011189622814227506
Leslie Bibb,18,0.0005162464567141283,0.020317642241654943
Lili Taylor,18,0.0001815001571693364,0.025162620129232746
Michael McKean,18,0.00044086482586959576,0.01263205960213786
Barry Corbin,18,0.0003161239034329544,0.020747121640542304
Dianne Wiest,18,0.0006318630327796131,0.023355800402355548
Connie Nielsen,18,0.0005765549859984789,0.01790980447678823
Jon Heder,18,0.00023072169482800115,0.025857795960762753
Joe Mantegna,18,0.00021209603309304143,0.014869840517889435
Alicia Witt,18,0.00025235923974356204,0.01572383119229346
Michael Jai White,18,0.0002078680509476285,0.007545841802587779
Anne Heche,18,0.00022736287405747312,0.03176813189722265
Rob Riggle,18,0.00036585591148775805,0.01715862666978928
Jeffrey Jones,18,0.00032140637498865476,0.011645320000753322
Craig T. Nelson,18,0.0002965363025549623,0.01642122718980676
Emily Watson,18,0.0004855128856680725,0.026439057410788704
Donald Faison,18,0.00017843291361830567,0.007147932951729679
Omar Epps,17,0.00015497647436313447,0.020697878564767527
Cedric the Entertainer,17,0.00023112993878465467,0.011461301203837959
Debi Mazar,17,0.000262784218647717,0.02583643012110133
Haley Joel Osment,17,0.0003168774827591105,0.03769738733261705
Carmen Electra,17,0.00011675523203400151,0.018798474095300624
Billy Burke,17,0.0003417474305724576,0.024040959782279915
Ethan Suplee,17,0.00022206729971219766,0.03709370881260549
Bob Balaban,17,0.0007688236725430728,0.02621833448030099
Bryce Dallas Howard,17,0.0004937645901502915,0.023340238236823026
Ellen Burstyn,17,0.00028425855778874766,0.020937145841532168
William Hootkins,16,0.00036106800274709973,0.01313059937253249
Julie Walters,16,0.00020485785053804163,0.018395282478191964
Kathleen Turner,16,0.00018502071607731492,0.020286185854137804
Kelly Macdonald,16,0.00029706342996320135,0.026888673624255437
Diedrich Bader,16,0.00018651013582251657,0.010978259197475124
Mark Addy,16,0.0003249120764909317,0.014549101922624803
Peter Coyote,16,0.00020880994763860223,0.003309227708102325
Will Forte,16,0.00010879960593002581,0.007792668820643449
Jimmy Bennett,16,0.0001402280855764623,0.029200589727349097
Richard Schiff,16,0.0006309153389392871,0.017513172294988014
Marlon Brando,16,0.0002679246043748125,0.04143911843585987
Frank Welker,16,0.0002805661985676158,0.01649684014820941
Will Patton,16,0.000411092863049441,0.019687496626564147
Ed Begley Jr.,16,0.00022010031879078238,0.010340140895332492
Dorian Missick,16,0.0001920353108461498,0.04379286563774978
Beth Grant,16,0.00023544090463494493,0.016008337974228383
Kieran Culkin,16,0.00023561864091164097,0.013120988890858958
Dougray Scott,16,0.00022987972005891134,0.01900548104921505
Julian Sands,16,0.0009762563359689982,0.006643089561794047
Sally Hawkins,16,0.00011252420522711973,0.010226374871742815
Seymour Cassel,16,0.0008060711775407342,0.012277824535575282
Joe Lo Truglio,16,0.00031606654222757484,0.007264881054830324
Brian Dennehy,16,0.00020543378778960336,0.018485386252391798
Zoë Kravitz,16,0.00028675249473341573,0.015504360078851462
James Coburn,16,0.0009927968452509072,0.017452351979077838
Donald Pleasence,16,0.00036370355821461055,0.0033947699032625244
Ivana Milicevic,16,0.0002448992497181093,0.014529829096316504
Peter Gallagher,16,0.0002454073188553371,0.017066359505468205
Frank Grillo,16,0.00014284492625572624,0.025220606954194473
Mary Lynn Rajskub,16,0.00016835970956149897,0.017970630034271975
Jon Hamm,16,0.0004926280600098455,0.019114137945030085
Scott Porter,16,0.00024942500224281895,0.005100594260547092
F. Murray Abraham,16,0.0007627201500859894,0.024947082194045622
Jennifer Ehle,16,0.00011410291382754639,0.023278532506525573
Alan Ruck,16,0.0001994891807006358,0.01791462457082929
Faye Dunaway,16,0.00012073633002173548,0.028859629299752255
M. Emmet Walsh,16,0.0006563814720544072,0.011856277262894841
Alexander Skarsgård,16,0.0002191806133805231,0.03233802089485321
Kevin McNally,16,0.0005959057169903157,0.014885276526556763
Hector Elizondo,16,0.00010898027949026675,0.0246141814766726
Christopher Lambert,16,0.00026406655272432505,0.009353606725303523
Edgar Ramírez,16,0.00015633757836211308,0.03531511976236093
Costas Mandylor,16,0.0007377991481956355,0.012444776632662304
Kevin Zegers,16,0.00023261537080261318,0.01111443894031332
Alyson Hannigan,16,0.0002644421243046202,0.01155889087875678
Ty Burrell,16,0.00014581007732513923,0.021051737727539866
Glenn Morshower,15,0.00027279016459649146,0.015772146114298013
Sarah Polley,15,0.0003975368142880586,0.015427805122931381
Norman Reedus,15,0.0001697620519432219,0.022700219269110075
Charles S. Dutton,15,0.00018784511545249074,0.025496141345441328
Imelda Staunton,15,0.0002254748391994195,0.019002996703597907
Wayne Knight,15,0.0005625402180297487,0.029969345747648476
Boris Kodjoe,15,0.0001559917467575681,0.017860039833208954
Rene Russo,15,0.0001728722417646716,0.03501872232999591
Denis O'Hare,15,0.000244280114131763,0.031367519274418
Harry Connick Jr.,15,0.00034721338709053673,0.03588256082866859
Daniel Radcliffe,15,0.0002818523657937472,0.029104366645579374
Kevin Dunn,15,0.00034739775577615,0.03442545299867318
Orlando Bloom,15,0.0001954064586993401,0.061950300042392374
Sanaa Lathan,15,0.0003204539498162154,0.022018432685840705
Jordi Mollà,15,9.283976223573484e-05,0.028880135011548836
David Carradine,14,0.00023071546870550146,0.025390301712270275
Josh Gad,14,0.00027880082703918464,0.017421159280114507
Reg E. Cathey,14,0.0002222014333332853,0.031673877512337356
Sarah Silverman,14,0.0001246688706440621,0.010180480703150127
Kevin Corrigan,14,0.00026428742321258643,0.008337445853266259
Sela Ward,14,0.00028817254519329584,0.012744146599910045
Scoot McNairy,14,0.00015808070257489087,0.010715646140443435
Bill Duke,14,0.00023069273138415239,0.008074708109726098
Debra Messing,14,0.00034982071646911996,0.016557588105198924
Abbie Cornish,14,0.0001076059760053288,0.020740367032102358
Mo'Nique,14,0.00014847386486901613,0.0077592928819771815
Gretchen Mol,14,0.0002865461180617312,0.01828737112345047
Mark Webber,14,0.00016979803193714504,0.011091181370893117
RZA,14,0.00019432068885208068,0.017240991979425392
Blythe Danner,14,0.00018713456068090298,0.03970175436018138
Randy Quaid,14,7.840539899553253e-05,0.028457994541045962
Tina Fey,14,0.00012541991256548375,0.012438673722036993
America Ferrera,14,0.0002155917155884264,0.015417166762389177
Paddy Considine,14,0.00019078551787555972,0.006839221856658151
James Corden,14,0.0004968317585897478,0.012118882188756081
Mike Vogel,14,0.00022177468852819924,0.011225426137511565
Ellen Barkin,14,0.00013553312107980603,0.03460997263990948
Nate Parker,14,0.0003081664562069675,0.01165855581691138
Kurtwood Smith,14,0.0001882088575796137,0.01501237453721385
Rainn Wilson,14,9.756500575553179e-05,0.03578414302937524
Eddie Redmayne,14,9.694494061158126e-05,0.02223438511747909
Stacy Keach,14,0.0006988095734577498,0.010833746580685076
Clint Howard,14,0.00010853190538524554,0.016943587450456255
Roger Rees,14,0.0003029404846770072,0.014768734211564122
Paul Guilfoyle,14,0.0002513366291401238,0.0197582746389673
Daniel von Bargen,14,0.00019879989965747733,0.01548663454657203
Elden Henson,14,0.0003216039281676105,0.005007001965559919
Kevin Sussman,14,0.00015803095853022698,0.02569744810233725
Tom Everett Scott,14,0.00010728078173279952,0.011293820595802431
Timothy Hutton,14,0.00021906559351528483,0.01492452778179633
Catherine Deneuve,14,0.0004940351310237248,0.0017855046753721057
Sophie Okonedo,14,0.0002365835564412823,0.024658899799889243
Noel Gugliemi,14,0.00017004410486325247,0.026813198053549408
Xander Berkeley,14,0.00015457432930530136,0.013502094652187178
Curtis Armstrong,14,0.0002453728425973988,0.009536609176167105
Blair Underwood,14,0.00010662287513746953,0.010633958394696864
Amber Valletta,14,0.00027075555847151753,0.01062971199318033
Cicely Tyson,14,9.07287874335423e-05,0.0034518658240329974
Ewen Bremner,14,0.00029724050132432113,0.02539185940357273
Albert Finney,14,0.00029339205241977237,0.02717024476516687
Alison Lohman,14,0.0003092954436848533,0.018309086332300627
Rory Culkin,14,7.259221007676174e-05,0.011302823824737079
Chris Klein,14,0.00022706819710185993,0.011997244822173531
Peter Boyle,14,0.0001491343031379606,0.02000028292894898
Lena Olin,14,0.0004239466113073139,0.02097901065411866
Derek Jacobi,14,0.0001221960048725224,0.01779466691974952
Sean Pertwee,14,0.00014882407762500878,0.009426707026664581
Jason Ritter,14,0.00033360831998243193,0.006639112819691753
Eddie Cibrian,14,0.00013763870335032277,0.008804850838706833
Derek Luke,14,0.0006173784568372017,0.012762263401479314
Michael Jeter,14,0.00017855320393486658,0.02485411287040852
Danny Huston,14,0.00011730902493481482,0.012023833178974047
Amy Sedaris,14,8.508158423907504e-05,0.017828245989003177
CCH Pounder,14,0.00020972193288758403,0.014074606132659763
Henry Cavill,14,0.0005664751115448981,0.01123859512095524
Stephen Graham,13,0.00018013850609727557,0.02350363116711316
Snoop Dogg,13,0.0001655226506058259,0.011519427616074275
John Gielgud,13,9.692532712748927e-05,0.006903361951135749
Bridget Fonda,13,0.00023239371770962194,0.018542908582451972
George Carlin,13,0.00019788140524325926,0.021967375779763335
Stephen McHattie,13,0.00039065239501163035,0.0024005216348283493
Monica Potter,13,0.0002474826519207556,0.030778640123666375
John Witherspoon,13,0.0002182705971203545,0.009831839276620452
Linda Cardellini,13,7.604916884358751e-05,0.009184534501005787
Marc Blucas,13,0.00012826816226264894,0.017586020506599933
Martin Short,13,0.00033736685186632555,0.01086985679171164
Regina Hall,13,5.618147443929024e-05,0.006525732000966117
Julia Ormond,13,0.00011986378342643118,0.03637995193115202
Tyler Labine,13,0.00010300473454870397,0.022227610959215053
Andrew Garfield,13,0.0004299638723777071,0.014816314334058679
Eddie Izzard,13,9.14137000103948e-05,0.021822157908595752
Daniel Roebuck,13,0.0004057635909047719,0.009133210555410486
Laz Alonso,13,0.0001251106041418742,0.00987608543491687
Rupert Grint,13,8.188693042202777e-05,0.017533154103624462
Jamie Kennedy,13,0.00018757706100056297,0.01204076233372976
Frankie Muniz,13,0.00017820119016977217,0.012454560688831086
Deborah Kara Unger,13,0.00013554123684715282,0.01357168440709724
Josh Charles,12,0.0001496618879880493,0.017668498670871478
Victor Wong,12,0.00019040908721281276,0.009798328093583941
Richard Roxburgh,12,0.0001179541740688946,0.018071851429740646
Matt Walsh,12,0.00012085741242206037,0.01198371745188581
Sarah Gadon,12,9.389567157278295e-05,0.015356602587188134
Corbin Bernsen,12,0.00015220068096005447,0.008171765514764938
Jeremy Northam,12,0.0004721518200719684,0.0052347293539739435
Anne Bancroft,12,0.0001595874247980647,0.012361211008384871
Dan Fogler,12,0.00032171575086399027,0.009360728207661177
Celia Weston,12,0.00016207961973968929,0.005593078223181092
Vinessa Shaw,12,0.0008853754169046124,0.006815152088642157
Elizabeth Perkins,12,0.00021936329635293417,0.012580004673505674
Patrick Fugit,12,0.00014360617032756304,0.00765419899868236
Miriam Margolyes,12,0.0001258285944594613,0.0016428822053741105
Fred Ward,12,0.00024255673987691185,0.006930912155311874
Molly Shannon,12,0.00010480919258273065,0.019017479401059634
David Keith,12,0.0007077697296925463,0.00752092646996234
Tracy Morgan,12,0.0001076306740857553,0.01701420891076047
Kelli Garner,12,0.00011093701956546391,0.003984898021997504
Tate Donovan,12,0.0002984935073487559,0.011268792345126137
Ashley Scott,12,0.00013966604762365503,0.007324452842643158
Chris Penn,12,0.0001738013646995188,0.019473271617846392
Oprah Winfrey,12,0.00020957991700720524,0.019610678202274263
Alice Braga,12,0.0003816823422946328,0.009892245232110533
Brian Blessed,12,0.00023632594794977717,0.02167836048601313
Zack Ward,12,0.0005895606551861508,0.0030571132215360874
Michael O'Neill,12,0.0002565044448826606,0.022654191264950232
Madeline Carroll,12,0.00010960802024732382,0.008440424379202055
Judge Reinhold,12,8.274742320616491e-05,0.010429166350507847
Kathleen Quinlan,12,0.00011222067253602232,0.013105995850119503
Liam Aiken,12,0.00024196784226626522,0.010790152748950857
Ioan Gruffudd,12,0.0003790070696197985,0.010303969497819622
Mary Elizabeth Mastrantonio,12,0.00021724857312238233,0.012824689244725246
Isabella Rossellini,12,0.0002697129819942,0.01896986941225354
Maura Tierney,12,7.659141441997375e-05,0.016549105669340574
Teri Polo,12,0.0003261987351270173,0.045536031391833126
Kane Hodder,12,0.00021018292156831472,0.001260701984562922
Brad Garrett,12,0.00011708110106700149,0.007516388871711032
M.C. Gainey,12,6.257928184602902e-05,0.007911000264223046
Dash Mihok,12,6.952920122016879e-05,0.0023529786174076852
Tony Cox,12,0.0001971470095693158,0.008578586059347791
Alia Shawkat,12,0.00012102393732356888,0.00917300468394956
Andre Braugher,12,0.000123235089695848,0.01730314322502472
Bruce Spence,12,0.00017515378062451825,0.006806148751741512
Hunter Parrish,12,5.804420717173815e-05,0.01825058338921203
Jane Krakowski,12,8.050637202517277e-05,0.010606972277832057
Li Gong,12,0.0004307287047406036,0.0011158405783974715
Justin Theroux,12,0.00019101918946786965,0.016685842151746164
Melanie Griffith,12,0.00036246135137494494,0.003424642217733432
Kurt Fuller,12,9.3919802818421e-05,0.019366349051263096
Jack McBrayer,12,4.242006496117155e-05,0.011612902491965135
James Ransone,12,0.000211251995911201,0.0048474187196704535
Chris Bauer,12,0.000181349395276978,0.02628033906567991
Alex Pettyfer,12,0.00014726201922236212,0.010864724817288824
Lois Maxwell,12,0.0001613090891413532,0.000797867379492487
Bridgette Wilson-Sampras,12,0.00011478177571080021,0.0068108444008760025
Carol Kane,12,0.00024884537105879185,0.014073088089034956
Dane Cook,12,0.00018383910842430798,0.011362106962996402
Gena Rowlands,12,0.00038452430975492437,0.006214932995014083
Bai Ling,12,0.00021491001678449113,0.011881801455229832
Adam Baldwin,12,0.00010986647491502607,0.010104326002913375
Archie Panjabi,12,0.0004047268331530033,0.01028326944819556
Gaby Hoffmann,12,9.477893563062043e-05,0.009761040926829213
Stephen Dillane,12,8.442243996333821e-05,0.01778949527606178
Catherine McCormack,12,0.00022400218269954885,0.014140939633018535
Lochlyn Munro,12,5.3023551643601144e-05,0.0026513518640275333
Julie Benz,12,0.0001357208023463016,0.00964910342093604
Isabelle Huppert,12,0.0003205286854847306,0.007026140696150604
Richard E. Grant,12,0.0003043029488866339,0.010420211904705134
Roddy McDowall,12,0.0008912102978359723,0.002145066681970854
Tamala Jones,12,4.955326670534963e-05,0.004734471874776601
Natasha Henstridge,12,0.00036476339588535726,0.02337962681148333
Beau Bridges,12,7.297141974287586e-05,0.008841076557053375
Shannon Elizabeth,12,0.00014347284871089546,0.01028016955358847
Jim Gaffigan,12,0.00013111940073956001,0.003264203924783194
Charlie Hunnam,12,0.0001590617264751483,0.026141762924801876
Goran Visnjic,12,0.00011316723957444345,0.020241669610934328
John Savage,12,0.00010848276158477078,0.018202213983679175
Kenan Thompson,12,5.794711828856466e-05,0.0048505941516063895
Brenda Blethyn,12,0.00026777152533467033,0.010845612914801425
Yaphet Kotto,12,0.0005077490418820838,0.0197145629660632
Zach Gilford,12,0.00016695522276251085,0.010119353973773726
James Nesbitt,12,0.00035767462871372994,0.006840384818891279
Paula Garcés,12,0.00014496443525729947,0.0060635548573096665
Lew Temple,12,7.928332002431215e-05,0.007764870432904246
Marley Shelton,12,0.00018215636121955348,0.009333595900679264
Sean Hayes,12,0.0002160713763754293,0.02019702587091383
Kelsey Grammer,12,0.00016718256760482646,0.024248892988172625
Alex Rocco,12,0.0002506147300981291,0.020568623192809037
Christopher Meloni,12,0.00015173943856760445,0.011354507852477538
Steve Guttenberg,12,0.00013810940226656438,0.008926021125688435
Elaine Hendrix,12,0.00031306355629655134,0.008081691526912214
Shawn Hatosy,12,0.0001737377134907375,0.010924028195007412
Mark Duplass,12,0.00015085685639033532,0.009183566391112124
Teri Garr,12,0.00014740513004746192,0.012388590092064968
Nicholas Gonzalez,12,0.00012829229131105824,0.0035764479728698233
Ari Graynor,12,0.00011542278660493728,0.009308365226134176
Jim Sturgess,12,0.00019638965325929065,0.01515216768586425
Chi McBride,12,0.0001580609525265315,0.011301758158542891
Tia Carrere,12,0.00011860878064149287,0.0044702377493639825
Wes Studi,12,9.064924202493974e-05,0.01676272233508841
Joel David Moore,12,0.000305192308847749,0.015378754644815973
Anupam Kher,12,0.0012845227134298332,0.001698077326348415
Macaulay Culkin,11,5.9033966362929465e-05,0.004725111150893599
Noah Taylor,11,0.0007941701937021119,0.016650435105550934
Kristin Davis,11,7.51237264286451e-05,0.014903843616822983
Thomas F. Wilson,11,0.0003554022155414632,0.00847565115643212
George Kennedy,11,0.00030091139920516616,0.0045642293377340095
Chris Noth,11,0.0001314246735996334,0.005458890507236438
Jack O'Connell,11,0.00032353584494762376,0.012565096689711034
Taylor Lautner,11,9.294782157087478e-05,0.030962060270744766
Don Johnson,11,8.171517630333264e-05,0.014556900653166893
Jeffrey DeMunn,11,6.495930394722286e-05,0.021574609441923312
Elizabeth Daily,11,0.0002840281992234172,0.007462312133206432
Joseph Gilgun,11,3.944901479080481e-05,0.006036972684574597
Devin Ratray,11,7.803583025443905e-05,0.011885375228679928
Lea Thompson,11,0.0001216053411877182,0.009004503963736815
Michael Moore,11,0.000519320877297531,0.0032580520861239144
Robert Wagner,11,0.00028695126269812695,0.010505613211553416
Ned Beatty,11,0.0001436599006672142,0.006105534004222282
Jaime King,11,9.571961110503185e-05,0.010278394076739712
Hayley Atwell,11,9.787535144677364e-05,0.02076298438636864
Kimberly Elise,11,0.00017690288494145537,0.004153223795484331
Adrian Martinez,10,8.424567746553897e-05,0.011795757341981643
Jeff Garlin,10,9.08625753888198e-05,0.0047151292681185605
Judy Davis,10,0.00044969765518226254,0.0044736711878453645
Ruby Dee,10,0.00011881501241692145,0.011195526506420441
Mary McCormack,10,9.440625499145433e-05,0.005402479238166791
Michael Rispoli,10,5.8414446530759586e-05,0.012283221953246643
Embeth Davidtz,10,0.00029681608663325855,0.007895611000243781
Eva Green,10,0.0001153236765036135,0.014629134601159588
Rebecca De Mornay,10,0.00018515075937942374,0.008024509154493407
Ramon Rodriguez,10,6.185282930356986e-05,0.00943449006303982
David Arquette,10,9.1691641908365e-05,0.006688593764047294
Dan Hedaya,10,9.283313465704796e-05,0.0066248478887110645
Greta Gerwig,10,0.00015218676416218702,0.004307404959584298
David Hewlett,10,0.000674347759671957,0.0014879674359005268
Cameron Bright,10,7.621894195120288e-05,0.02360694500684976
Daniel Stern,10,5.8077572049912193e-05,0.009362443450241276
Essence Atkins,10,6.910489348770023e-05,0.001295184476611244
Miranda Otto,10,9.461256905772807e-05,0.008285686841287351
Bernard Hill,10,0.0001180540318964749,0.015780525738579947
Jason Robards,10,0.00036405166909222835,0.00876195198157043
Warren Beatty,10,8.94399568891524e-05,0.0037979344138421313
Mathieu Amalric,10,0.0009114168104285904,0.002242162095429183
Esai Morales,10,7.323815273037553e-05,0.003855721114142533
Jenifer Lewis,10,4.952500383655958e-05,0.0046127033392799575
Lena Dunham,10,0.00029409053810552466,0.003286596231411689
Paul Schneider,10,8.046130682800627e-05,0.007170292111045455
James Brolin,10,7.513070614153486e-05,0.0021332985115859074
François Cluzet,10,0.000400689821225886,0.0028246628819301304
Aaron Yoo,10,4.861224713850726e-05,0.004580001792656764
Rosie Perez,10,0.00019840482254868347,0.008501520496172274
Dagmara Dominczyk,10,0.00022667608684876305,0.004669333879938905
Laura Harring,10,0.00013401519681919774,0.009200082756513071
Alexandra Maria Lara,10,0.00011546602574031021,0.00743565717717809
Lynn Redgrave,10,9.182257973502297e-05,0.006157748675422724
Jack Warden,10,0.00016416104555803647,0.0031901106603820302
Illeana Douglas,10,8.203166493386414e-05,0.002124093363079965
Richard Coyle,10,0.00010467879131407945,0.01410316380428452
Steve Howey,10,5.458773981143455e-05,0.007416809513763015
Geoff Stults,10,6.525879687343751e-05,0.0023856757941402725
Lynn Cohen,10,9.671720312726009e-05,0.0023291601007798023
Steven Mackintosh,10,0.00020417876347811892,0.0037704751430317437
Campbell Scott,10,0.0001612747325668516,0.0045213411007988666
A.J. Buckley,10,0.00033070233424867636,0.0017807281605298304
Aimee Garcia,10,0.00021288644449334214,0.0017000777943857312
Fionnula Flanagan,10,0.00023043497286706882,0.004229564840718092
Ben Gazzara,10,4.900532802613451e-05,0.0033744464838399444
Burt Young,10,0.00012354354544158916,0.017184030019636743
Alex Borstein,10,7.545078698381453e-05,0.010440472323718957
Jurnee Smollett-Bell,10,0.00018211581683638857,0.020086962506541673
Martin Starr,10,8.293623863777936e-05,0.008805223114526186
Zoe Kazan,10,0.00010369159692916607,0.008878790468509128
Emma Watson,10,0.00010228898105137408,0.020348526208317872
Christina Milian,10,4.153161548430088e-05,0.009253037601785844
Max Ryan,10,7.891333509073014e-05,0.014660792163928743
Jonathan Winters,10,0.00038335450911027973,0.01588706724512553
Denis Leary,10,7.529617010177398e-05,0.012493167617655128
Robert Davi,10,8.433461958727413e-05,0.008089186049361242
Mira Sorvino,10,0.0001051216488850507,0.0063232720596602034
John Doman,10,0.0006647276922206643,0.024661820433384
Topher Grace,10,0.00013456501974739476,0.01800862515268404
Powers Boothe,10,9.695191925257142e-05,0.006577049847368416
Geraldine Chaplin,10,0.00019641561885009714,0.012647337493832884
Jeanne Tripplehorn,10,0.0002899952634304063,0.006989164498265988
Madeline Kahn,10,9.567465023325345e-05,0.006290806521102974
Wilford Brimley,10,0.0001426861751713169,0.006436137857657845
Bella Thorne,10,5.317795187090124e-05,0.011449858261254322
Robert Shaw,10,0.0005292419927329056,0.00037290337788320146
Rob Paulsen,10,5.9966041221628536e-05,0.003478364665548798
Sid Haig,10,0.000174298660616395,0.00987297447934124
Kevin Nealon,10,4.0156130569957264e-05,0.012343981080424582
Omar Benson Miller,10,0.0002765081424203336,0.006231249040068789
Jordana Brewster,10,6.552171154988013e-05,0.018454199587852674
Mary Kay Place,10,0.00030366167658002453,0.011555738407990334
Bradley Whitford,10,8.512157544796834e-05,0.012174434783324311
Joely Richardson,10,5.231481213399258e-05,0.0068230179812831145
Dwight Yoakam,10,0.0003529087805201436,0.01648761815489454
Jennifer Esposito,10,6.668735200685882e-05,0.00950904591743805
Brian Doyle-Murray,10,8.266491519027176e-05,0.007163737738764424
Crystal Lowe,10,0.00012473481464809658,0.005434817290226485
Jane Fonda,10,6.258307352586719e-05,0.011065184161728941
Henry Thomas,10,0.00025217843132605884,0.010343671218622086
Haley Bennett,10,0.00015668756125409447,0.005064943657379651
Wanda Sykes,10,5.4930065554174506e-05,0.009133613290510371
Willie Garson,10,0.00017432040109642885,0.008134737516908233
Louis Lombardi,10,0.00022758513498424252,0.007124974695433367
Julian Glover,10,0.00013856692568082956,0.018355613340275592
Peter Greene,10,6.59706483700464e-05,0.007457336973456441
Mia Kirshner,10,9.733432666486008e-05,0.012652468652245685
Sean Harris,10,6.328650841576682e-05,0.014413033561704926
Shawn Roberts,10,6.624952627168965e-05,0.005230397220201088
Chris Mulkey,10,0.0002324419522435467,0.018451091473271626
Noureen DeWulf,10,4.948592312688494e-05,0.0030940413265474337
Leighton Meester,10,0.00015777041719408543,0.013745404638159358
Joe Don Baker,10,0.00016999796608625444,0.010904407713137573
J.T. Walsh,10,5.1719794122833814e-05,0.014114986226124636
Shawnee Smith,10,6.0770601857973814e-05,0.003947952295955995
Ricky Schroder,10,0.00011988181532906262,0.01042304130460794
Brittany Daniel,10,7.759153564671047e-05,0.003736640575016417
Clarence Williams III,10,0.00010889953455825269,0.009565205807872785
Danny Dyer,10,9.476783026653373e-05,0.011729005988042237
Saffron Burrows,10,0.0001531651016166352,0.012188853289743139
Jean Simmons,10,0.0001500889230069263,0.011994036390051319
Peter Mensah,10,0.0002914250875174113,0.01240157116248482
Miko Hughes,10,0.00015643912689316958,0.018191136972959775
Maury Chaykin,10,0.0002395128856078716,0.0083466719345039
Armin Mueller-Stahl,10,9.480791061120339e-05,0.008023446549300635
Robert Pattinson,10,6.348097756937072e-05,0.022582206466851468
Jason Patric,10,8.404999291060524e-05,0.004116830545815701
Erika Christensen,10,6.803222629904287e-05,0.003291316491357335
Joan Chen,10,0.0001263358186170971,0.0050535391197691
Celia Imrie,10,0.00037118105570298654,0.011593521860626031
Muse Watson,10,9.72162633145666e-05,0.00833448377628054
Shea Whigham,10,8.046842197043673e-05,0.01033942260715858
Bailee Madison,10,0.0001048497756438744,0.01448337385188751
Tatyana Ali,10,7.393875264664779e-05,0.013059567187832003
Ted Danson,10,6.485986501096966e-05,0.010268412992770279
Ryan O'Neal,10,0.000390454543186199,0.002173241940232445
Katy Mixon,10,6.271129728743081e-05,0.017222181993064422
Karen Allen,10,0.00017000884654829715,0.010503423219643713
Michael Berryman,10,7.549601832534513e-05,0.0006816783052536446
Jerry Stiller,10,6.852056842937077e-05,0.004235126963968852
Mia Farrow,10,0.0004092196761316778,0.0010867502805128452
Stephanie Szostak,10,9.529184888190985e-05,0.023097298405956115
Raymond Cruz,10,6.983106198901845e-05,0.007831788928554236
Austin Pendleton,10,0.00039119330242261036,0.0076165568655192604
Gary Farmer,10,0.00019141709844149304,0.019344710034969466
50 Cent,10,0.00017040773577139774,0.024893462208030286
Lily Tomlin,10,0.00014620311070048534,0.015464942522695327
Leonard Nimoy,10,0.00021481409981951143,0.007748211181332566
Danny Woodburn,10,7.393266808878034e-05,0.010843868626183367
Dean Stockwell,10,8.905799692642772e-05,0.016049001350646762
Gregg Henry,10,7.393094516792413e-05,0.0007680284021957511
Laurence Olivier,10,0.0002671685448835171,0.015839272700982263
Dexter Fletcher,10,0.00012626256051001192,0.02093550287233544
Nicole Beharie,10,0.00011116695285647817,0.010852295085759278
John Amos,10,0.0002894415828712379,0.008895530297139966
Lisa Ann Walter,10,5.910719890517351e-05,0.019606274906894268
Megan Mullally,10,8.61017855262785e-05,0.008179138001278584
Lukas Haas,10,0.00016013623636712491,0.021868606829522793
Rafe Spall,10,0.0001039526259838571,0.007906932491488152
Brian Geraghty,10,6.879408585019031e-05,0.013148015349730863
Tom Noonan,10,0.00016499921337729322,0.005929865627274386
Lou Taylor Pucci,10,6.472402753211709e-05,0.0021441676597232402
Sydney Pollack,10,0.0005633637282795187,0.019799454816000754
Meat Loaf,10,8.492635516359747e-05,0.011490589806312191
Jose Pablo Cantillo,10,0.00010549229418628334,0.015532952263181504
Charles Napier,10,0.00012130795036544565,0.010330153857275617
Tim Meadows,10,0.0005307221994780224,0.014542880277226585
Jürgen Prochnow,10,9.851325043274272e-05,0.009978458153727478
Michael Gough,10,6.266903220067154e-05,0.008114220339029869
Daryl Sabara,9,7.825187523822732e-05,0.008110028064381703
Joey Lauren Adams,9,4.55566746570836e-05,0.01969986211371308
Andrea Martin,9,0.00011814661763970176,0.003104895697258903
Corbin Bleu,9,6.417070211785702e-05,0.0038093361966693925
Andy Lau,9,0.0007065166815769744,0.0019129492103527076
Nia Vardalos,9,7.277272784948248e-05,0.0008169265389422436
Kris Marshall,9,5.886565935848171e-05,0.029490162656330702
Brandon T. Jackson,9,1.8493540456623205e-05,0.012211505562823232
Martin Kove,9,0.00010414444956169222,0.0076277535926031126
Rod Steiger,9,9.340142846092304e-05,0.009370487188929024
Jesse McCartney,9,2.450931614860293e-05,0.0041792847487605415
Vincent Schiavelli,9,5.8480608860253626e-05,0.008632775287360886
Alison Brie,9,0.0001953356404643015,0.018182550416903233
Cathy Moriarty,9,0.0001825344769997362,0.019507635114566192
Brady Corbet,9,8.751096164202501e-05,0.0045654617563299265
Omari Hardwick,9,4.1091717733820304e-05,0.008321169177258727
Rupert Graves,9,0.00021029096776181702,0.008406759924413419
Lupe Ontiveros,9,0.0001353832852226121,0.0029031985601415925
Barbara Hershey,9,0.00014278524575712573,0.004475178306306376
Roy Scheider,9,0.0004078936257078235,2.0968874303094542e-05
Verne Troyer,9,3.6113610679719844e-05,0.006142577064507634
Bruce Davison,9,9.179595164993892e-05,0.023339235479998117
Ronny Cox,9,0.00016774691437565817,0.005627421138847845
Larenz Tate,9,5.142561454159564e-05,0.0084628521635794
Richard Tyson,9,0.00018732577520281924,0.008365520299096272
Seth MacFarlane,9,0.00011073662165213483,0.03354927097423236
Armando Riesco,9,5.838780486823702e-05,0.010676040580628432
Ayelet Zurer,8,0.000514178169949585,0.035354952968792305
Agnes Bruckner,8,7.10166416730937e-05,0.006703623690825033
Merritt Wever,8,5.319793017860093e-05,0.004871369241346108
Ben Falcone,8,0.0004507108190382192,0.009438511708193051
Edi Gathegi,8,6.533107656131247e-05,0.0071061293909023635
Franco Nero,8,8.065225657835736e-05,0.01069093574514499
Natascha McElhone,8,4.6620214871204784e-05,0.02111892276235574
Bobb'e J. Thompson,8,7.217430326891228e-05,0.005774536449554214
Freddy Rodríguez,8,5.633000285338991e-05,0.005728482093095022
Lauren Ambrose,8,5.6431807443252094e-05,0.0028079796960948193
Kirby Heyborne,8,0.0003560603404961382,1.3768633517195723e-05
Kevin Connolly,8,4.716647216771019e-05,0.011132733136472731
Tom Hollander,8,0.00011879539180362465,0.004377820458630108
Rory Kinnear,8,0.00016077278021144485,0.006934258579517595
Vanessa Lengies,8,0.00016640973669777517,0.006386659741106581
Frank Finlay,8,0.000116851502545593,0.000754460498045629
David Hyde Pierce,8,2.7196211515014337e-05,0.004362512676778659
Leon,8,3.425647891770501e-05,0.007162292055649429
Samantha Mathis,8,6.782657787680168e-05,0.010084835177612446
Marian Seldes,8,5.2911130204469584e-05,0.01434612075176945
Dylan Minnette,8,5.481747901037049e-05,0.011317926176666462
Ken Marino,8,1.951935950095125e-05,0.004024421561224223
Peter Gerety,8,7.30527770979796e-05,0.006723986725701465
Taylor Negron,8,4.690991571598238e-05,0.004303973321779822
Drake Bell,8,2.0136488704890146e-05,0.0030397047049967327
Jeremy Irvine,8,2.5960881262979036e-05,0.008274228841653958
Jessica Szohr,8,0.0002707713991708438,0.004436847011765788
David Zayas,8,8.599811041535196e-05,0.012747966106880842
Mark Valley,8,0.000168503828843937,0.014520696307117862
Wendell Pierce,8,3.219963590800553e-05,0.015092145665552496
William McNamara,8,6.23944976676275e-05,0.004388946534693075
Abigail Spencer,8,3.8887407323180314e-05,0.005800675266788216
Brooke Smith,8,3.015590865425795e-05,0.0180676297373529
Lee Marvin,8,0.00017661766877465887,0.0018653572954635065
Judd Hirsch,8,4.418584213582982e-05,0.005694417270404155
Taran Killam,8,9.694486702686256e-05,0.0010986647135636885
Rosanna Arquette,8,0.00014227989084214895,0.0014695356435485362
Michiel Huisman,8,0.00018616967913980104,0.009546162440274118
Thomas Mitchell,8,8.669539020754727e-05,0.00044800608151096083
Maximilian Schell,8,0.0001708517297175346,0.0019529108499759687
Jason London,8,2.212873497232982e-05,0.003969046991310713
James Mason,8,0.00014179085557649706,0.0010015527318698928
Dom DeLuise,8,2.617365571175767e-05,0.0038411507500284913
Spencer Wilding,8,9.679777973719755e-05,0.013226254121594902
David Patrick Kelly,8,2.4431531573588834e-05,0.004216786480468373
Terry Pheto,8,0.0004026127294609785,0.0005758220459575905
Rachel Blanchard,8,4.801207197170386e-05,0.00847537034683032
Siobhan Fallon Hogan,8,3.9032843683233026e-05,0.007995903817031764
Frances O'Connor,8,0.00016158107587404898,0.007293728960177457
Aasif Mandvi,8,0.00011071027151237941,0.002979977655679405
Kevin Grevioux,8,2.6707630290337904e-05,0.0009649542425902686
David Ogden Stiers,8,0.00022098103116839813,0.001293923640524359
Jason Scott Lee,8,5.520760078429793e-05,0.0029065634312638554
Kyra Sedgwick,8,6.836040470892358e-05,0.009499811747756087
Cas Anvar,8,4.865653732486662e-05,0.006958319540597446
Matt Bomer,8,3.6426854407037694e-05,0.00782892235290402
Chris Elliott,8,0.00012429497802377468,0.006354035867982341
Alex Kendrick,8,0.0001905473952107255,3.6886917698054835e-05
Indira Varma,8,0.00025372281981793577,0.0016900806043296968
Temuera Morrison,8,5.73671984827465e-05,0.006530541101110983
Margot Kidder,8,3.458250035136923e-05,0.0075297609981268
Madison Pettis,8,5.53944133974099e-05,0.009378684787830206
Kate del Castillo,8,5.76010077870206e-05,0.00246567144797343
Montgomery Clift,8,0.00011616860599165226,0.00013499481877720466
Simon Callow,8,0.00012599434544299716,0.0062986919954587
T.J. Thyne,8,4.489573340564854e-05,0.014371238298648333
Holland Taylor,8,3.849380236978009e-05,0.009983670420813785
Zachary Gordon,8,3.276592058269773e-05,0.0048846086617142575
Mackenzie Foy,8,6.549682392474306e-05,0.017359603377100234
Jason Mewes,8,3.297440743776676e-05,0.009185338942394702
Spencer Tracy,8,0.0004307870996487061,0.0008963737220774582
Heather Matarazzo,8,0.00011568318816497129,0.0053751620485353035
Kylie Minogue,8,0.00041261178195595605,0.005323514797281819
Romola Garai,8,0.00041655954816822283,0.0018276027012222849
Anthony LaPaglia,8,1.3519324383810092e-05,0.0056819970570193045
Noel Fisher,8,2.6717203449703355e-05,0.0031401609860428406
Michael Nyqvist,8,0.00012171157579413485,0.005480221533606085
Nicholas Turturro,8,2.7637697453551513e-05,0.008969007065088961
Craig Roberts,8,4.342615977717476e-05,0.013159704124299187
Matt Craven,8,2.3988125256336652e-05,0.010227703119600447
Anna Friel,8,3.7888392010872846e-05,0.0058880895747433675
Quentin Tarantino,8,0.00026866400333263587,0.020029908234690596
Thomas Ian Nicholas,8,0.00011340284608576568,0.006131493355561913
Alden Ehrenreich,8,3.181282538267541e-05,0.010010059977472712
Tony Nappo,8,4.227964816280175e-05,0.003452888281574646
Pruitt Taylor Vince,8,0.00013556105291103544,0.016728216407372112
Harvey Fierstein,8,0.00016276650662580108,0.002184755043539739
Caroline Dhavernas,8,7.05059823099001e-05,0.0010473602625675094
Woody Strode,8,0.00011828503795220603,9.210698252310864e-05
Eva Amurri Martino,8,7.613135716147548e-05,0.0045711908419749005
Dylan Walsh,8,4.785222550428853e-05,0.006565147673406255
Dee Wallace,8,4.571423791888606e-05,0.0017892160517040464
William Smith,8,8.598205593618413e-05,0.00632144861493484
David Paymer,8,0.00023574332573548208,0.006325172064019239
Bingbing Li,8,5.118998233127032e-05,0.004862696707040793
Hill Harper,8,0.00012172054586017834,0.0015662520281311946
Nick Chinlund,8,8.878057818797784e-05,0.0055164937680884625
Sophia Myles,8,3.393239208861521e-05,0.003291979231265587
Rosemarie DeWitt,8,0.00011122348634201091,0.007805196636042495
Olivia Munn,8,8.528796573753344e-05,0.01393671652738044
Larry David,8,0.00010864734994326713,0.0023610360307597376
Lauren German,8,0.0001739668057447713,0.004248515302567866
Kate Burton,8,9.597761730444104e-05,0.008535835605690356
Yaya DaCosta,8,0.00011722356796230819,0.009022046268046239
Ming-Na Wen,8,0.0002870147865778983,0.006421689007794055
Aunjanue Ellis,8,5.441284878416803e-05,0.0019178664858113218
Heather Locklear,8,0.0003250106168097908,0.0029137560840121037
Vincent Regan,8,6.169808798642108e-05,0.011543636499926749
Joseph Cotten,8,0.00018695738540096518,0.0022557883284631914
Eric Dane,8,3.865736299339326e-05,0.0027662203219504223
Randy Wayne,8,0.0003120619621253188,0.0005686517870121077
J.B. Smoove,8,4.820749965649505e-05,0.004403539931194654
David Costabile,8,4.6120002775116256e-05,0.007014199912455069
Damon Wayans Jr.,8,2.2216463485399263e-05,0.002244755738769168
Bonnie Hunt,8,7.05307605267459e-05,0.01006938765117579
Jeremy Davies,8,9.125834195735216e-05,0.0027589246040729066
Patrick Fischler,8,0.00014798852526142105,0.009783344673208754
James D'Arcy,8,7.691592238869908e-05,0.002084140739860131
Peter Fonda,8,6.178322479912777e-05,0.004453084237868135
Scott Mechlowicz,8,2.3197057921004695e-05,0.007158116466459279
Rupert Evans,8,8.72344157507088e-05,0.00037795562099286165
Laura Ramsey,8,7.314714576262568e-05,0.002291225751511178
Tchéky Karyo,8,0.00010652233091428737,0.0032283501564443384
Mario Van Peebles,8,0.00015144126659015256,0.0022183295506784067
Elizabeth McGovern,8,2.302540362884194e-05,0.0057222816475955025
Katharine Isabelle,8,0.00036911620077791297,0.0031018937810520213
Edie Falco,8,4.204602239493881e-05,0.002400561495545524
Jason Alexander,8,8.878456067031133e-05,0.015998280706553895
Rachael Harris,8,6.185561033118099e-05,0.009828302214539434
Eartha Kitt,8,6.563018673646866e-05,0.0020007137576589736
Greg Grunberg,8,1.9252737392683323e-05,0.0018307957635473695
Carlos Ponce,8,7.97859662655475e-05,0.0027878295030785718
Kim Dickens,8,8.310425998035548e-05,0.0015984288129654567
Curtiss Cook,8,8.245403603608288e-05,0.002652496955106916
Wendie Malick,8,0.00014094292976518514,0.003231922825796173
Tim Daly,8,8.418462161979843e-05,0.004908442523093099
Valeria Golino,8,0.00013522248761239282,0.01651953732097978
Jacinda Barrett,8,3.010317996139731e-05,0.005633971677950349
Oliver Reed,8,9.24951397301587e-05,0.003867162596544539
Aaron Stanford,8,0.00011869491807331477,0.010159503529562896
Alun Armstrong,8,8.355445513015518e-05,0.005676047781856654
Estella Warren,8,0.00011534903775503546,0.006371699113791031
S. Epatha Merkerson,8,5.9295634603245435e-05,0.0018647918985696262
Stephen Collins,8,3.037688680584983e-05,0.0077079206131161985
Khandi Alexander,8,6.698964202871565e-05,0.0025187104578922193
Fred Gwynne,8,6.001904976524883e-05,0.007981639303831648
Mary McDonnell,8,0.00015967336591313214,0.00936086713856255
Ezra Miller,8,4.137660431069515e-05,0.00488085463920541
Adam Garcia,8,8.894057088777816e-05,0.0012979506153263732
George C. Scott,8,0.0007543452674960407,0.0007578684530518016
Luke Grimes,8,3.515209461257661e-05,0.012320669736012872
David Kelly,8,0.00012412228626523182,0.011473000090579374
Garry Shandling,8,0.00010047633367585032,0.024072951827803477
Ariana Richards,8,0.00037301988690498835,0.0021426350404956393
Kodi Smit-McPhee,8,1.6755114331985842e-05,0.01521007950453898
Brad Renfro,8,1.5868095920449187e-05,0.0023893791481610542
Enrico Colantoni,8,3.751982855201788e-05,0.009123354131966412
Jake Weber,8,2.513653954785665e-05,0.021642034446941776
Sam Riley,8,2.1856102672594458e-05,0.007552372128154948
Sharlto Copley,8,6.260203675622264e-05,0.013479845655149751
Rae Dawn Chong,8,4.754071497189832e-05,0.004248040947285768
Joel McHale,8,4.530372997611074e-05,0.011199711927704416
Demián Bichir,8,4.221617608908739e-05,0.004291747602332434
Kevin Dillon,8,1.7505183905244375e-05,0.013673630005219747
John de Lancie,8,3.8371956726833494e-05,0.005671922415541555
Julian Morris,8,0.000567735691645467,0.0017756591173715259
Jennifer Hudson,8,0.00010999192120082288,0.0017919212070763612
Adam Arkin,8,0.00028348312974941484,0.0010323970089924704
Moritz Bleibtreu,8,0.0001241107024867842,0.0025564545424338948
Tom Selleck,8,3.133794004733081e-05,0.008751651634452629
Sam Waterston,8,7.712890552733357e-05,0.006262396566173968
Dylan Moran,8,5.186170351944969e-05,0.008945614771014684
Richard Burton,8,8.591442049595605e-05,0.002440097763589419
Karl Malden,8,0.00020532186091800324,0.005635957751706051
Debbie Reynolds,8,0.00017324547352472107,0.001618469230862783
Randall Park,8,8.919332826943105e-05,0.009632777998220496
Jed Brophy,8,8.549173995697776e-05,0.006948003190666216
Dany Boon,8,0.0001534436417146171,0.0015256376085548576
Ike Barinholtz,8,3.8406248979297714e-05,0.0057745584661898705
Harland Williams,8,0.00011769037041959014,0.003169026042888273
Nadine Velazquez,8,0.00010463561144221937,0.020685955058104583
Mackenzie Crook,8,1.9603557806001352e-05,0.019005325791383455
D.B. Sweeney,8,3.3361840545880546e-05,0.02916355718183461
Cheryl Hines,8,3.444401842148937e-05,0.004489742169214231
Dave Legeno,8,8.850971491810726e-05,0.003938193222954035
Tye Sheridan,8,5.0943334779508176e-05,0.02204912630740158
Sally Kirkland,8,0.000572837577222582,0.001168004796839785
Matthew Perry,8,4.134972938113234e-05,0.018358373743431324
Nick Cannon,8,3.605124595587412e-05,0.00792163290085758
Busy Philipps,8,3.516460007616771e-05,0.004221143703213009
Sam Trammell,8,0.00010751607296649052,0.007973704943011344
Jimmy Fallon,8,3.9663216231301917e-05,0.0032161272245567227
Anne Archer,8,8.081293239207182e-05,0.002548352163491056
Elizabeth Berkley,8,3.4373560006736226e-05,0.0030438579861639847
Riley Smith,8,0.0002681806161688212,0.007138653090658746
Frank Vincent,8,0.0002705521951186724,0.011933438985237176
Michael Imperioli,8,0.00011190280438331657,0.00346419234488613
Alessandro Nivola,8,6.824724566352675e-05,0.00329919212870894
Trevor Morgan,8,5.36448908605992e-05,0.003352783368538905
Joan Plowright,8,3.420632322122845e-05,0.0027864307619926143
Gabourey Sidibe,8,5.523457292831213e-05,0.004420471036980435
Olivier Martinez,8,3.2765747857540796e-05,0.0008682665532863856
Sean Patrick Thomas,8,3.744816794380512e-05,0.002023929504486154
Tim Guinee,8,2.147273813850966e-05,0.0027781277405955797
Barry Bostwick,8,0.00015481271642860516,0.001344857006684116
Gregory Smith,8,0.0001189214103516571,0.0029853903636402656
Jay Mohr,8,0.0002648475348872837,0.007618581317176284
Eileen Brennan,8,0.0003118380232210426,0.003360138163651335
Michael Weston,8,8.159377910223444e-05,0.004355927767209259
Alanna Ubach,8,8.840509522741587e-05,0.0026415837266517837
Ray Walston,8,0.0001664156826708823,0.0017161966142124328
Katrina Bowden,8,1.4954515719229968e-05,0.003771548766790326
Alice Krige,8,4.863265438027766e-05,0.002899192778335026
Jeff Kober,8,8.313946069076768e-05,0.006415946703119131
Daniella Alonso,8,6.400726246843267e-05,0.004142347261340272
Shelley Duvall,8,6.748759747779823e-05,0.0037317854155329458
Leonor Varela,8,3.4268079824197875e-05,0.0028816649507625845
Ed Lauter,8,1.9908506966918285e-05,0.007866595497569039
Cécile De France,8,0.00011666055628554515,0.017563245636983364
Benedict Wong,8,5.560202964498542e-05,0.010619447209970328
Dania Ramirez,8,5.1076210153804905e-05,0.005514975493173395
Penelope Wilton,8,0.00013007599162006975,0.015692148715192873
Felicity Huffman,8,4.832024908394824e-05,0.0024235842212039075
Dana Ivey,8,5.950056838563547e-05,0.006243836015145473
Tzi Ma,8,0.00020566786050628809,0.0017993254541981247
Sandra Ellis Lafferty,8,0.0002901156057385683,0.007454356914465094
Collette Wolfe,8,7.311993000760322e-05,0.008018362696962388
Nancy O'Dell,8,6.741345909079264e-05,0.00034964409404220943
Rick Gonzalez,8,2.189964054049207e-05,0.00959600122266053
Michael Stuhlbarg,8,8.821534104494417e-05,0.008732250700657895
Geoffrey Arend,8,0.00012279668715355874,0.004533167640183706
Quinton Aaron,8,0.0006642863052981505,0.008346013467312096
Moises Arias,8,3.082125701743235e-05,0.035618548454434865
Nora Zehetner,8,7.681985647067858e-05,0.003484823124653336
Robert Picardo,8,0.00010375206074035981,0.009460334686382913
Harvey Korman,7,3.582833901101371e-05,0.0027488511799669277
Shah Rukh Khan,7,0.001162581747489896,8.022993213708985e-05
John Fiedler,7,0.0001900094175837543,0.0009198634203938851
Miranda Cosgrove,7,1.953626983337105e-05,0.01061927119292124
Cree Summer,7,2.547984996549678e-05,0.0026217832024784758
Fiona Shaw,7,3.359270227125979e-05,0.014958836953921858
Tasha Smith,7,3.950307217448796e-05,0.004851160620496839
Conchata Ferrell,7,2.0900202578305344e-05,0.022013371917344423
Sam Claflin,7,1.6186494722962013e-05,0.021764403486491477
Jack Davenport,7,3.322669768234157e-05,0.04800985396090335
Sid Caesar,7,5.273292378995742e-05,0.002860677763891003
Alyson Stoner,7,6.893050925243569e-05,0.003858406045858964
Tony Chiu Wai Leung,7,0.00010346476760904657,0.004090750592311656
Lesley Manville,7,9.349351282628569e-05,0.004780328654606222
Vincent Gallo,7,9.246464707646004e-05,0.004408663321919153
Ted Raimi,7,0.00010512451731034325,0.002684197263481126
Chris Brown,7,1.6955215280615864e-05,0.0048799140436066165
LeVar Burton,7,0.00016813756346195085,0.004312679814895772
Denholm Elliott,7,0.0002792308281559191,0.0012974552988766516
Carl Weathers,7,0.00011624243507932195,0.007244901936269714
Aisha Tyler,6,2.279028491690953e-05,0.004036081167757543
Stuart Wilson,6,1.1553986910512185e-05,0.007616810885043105
Alex Russell,6,0.000307830257217475,0.0029742952757250292
Peter Ustinov,6,4.636078318231904e-05,0.0007207238117058306
Courtney B. Vance,6,3.1998810182358004e-05,0.004239161413783504
Chad Lindberg,6,0.0002722267385011661,0.006134071010236875
Jimi Mistry,6,5.782262936135804e-05,0.0013134509146225939
Leonard Roberts,6,1.3370204989632488e-05,0.0050522758902972935
Matt Frewer,6,8.080476166712307e-05,0.004922951963490172
William Devane,6,1.0395027562044494e-05,0.0039874431135378825
John Carradine,6,6.224027592701586e-05,0.001530184993956513
Kim Shaw,6,4.222342627528967e-05,0.003444654458307771
Quvenzhané Wallis,6,5.8388645452024914e-05,0.0029295039035622133
Jason Cope,6,2.5765522274931522e-05,0.0010911301229180254
Gerald McRaney,6,1.8210915289325235e-05,0.0028605524648798323
Julie Kavner,6,2.009120116991532e-05,0.007071691042890145
Adrienne Barbeau,6,6.955701472593476e-05,0.003103582188525865
Lambert Wilson,6,5.011854299960378e-05,0.0015270393091821556
Brian Thompson,6,4.936215366564285e-05,0.0029584965293606405
Anthony Edwards,6,6.298065462081267e-05,0.010944681784296004
Slim Pickens,6,0.000684138521026933,0.0012338432095102606
Ally Sheedy,6,0.00022222652872745365,0.005384173963117182
Geoff Bell,6,1.5633708615147538e-05,0.008626646478509772
John Billingsley,6,3.961170637926405e-05,0.005747092434925338
Mike Tyson,6,7.341228283995379e-05,0.0073228009528623315
Craig Ferguson,6,6.114929418303407e-05,0.004535948143278784
Martin Henderson,6,0.00015937038959864424,0.004131392408128932
Dee Bradley Baker,6,3.243495716612842e-05,0.008916103582839839
Irene Bedard,6,4.8905681174791655e-05,0.006302080897313766
Luke Perry,6,1.7412846222400982e-05,0.002222772696368834
Kevin McCarthy,6,5.528359493222789e-05,1.0376557478974425e-05
Clive Russell,6,5.3445749371328744e-05,0.005369472116239999
Nick Stahl,6,6.39588797166636e-06,0.0010806652830335696
Louise Fletcher,6,1.8705188275610297e-05,0.0006399865858485763
Rick Yune,6,1.771198994957914e-05,0.001990318761050297
Toby Stephens,6,1.4116577100874348e-05,0.0016802334105029172
Henry Czerny,6,0.0002686818451835691,0.002300719460092538
Kevin Tighe,6,3.010665348964929e-05,0.011300377747038286
Richard Burgi,6,5.400919492868678e-05,0.0021548547760527077
Royal Dano,6,0.0002859234265483248,9.718415944823064e-05
Megan Park,6,2.2295317075252612e-05,0.009623312795720674
Theo James,6,2.4694988650655914e-05,0.011725848710671056
Wagner Moura,6,9.329173531508162e-05,0.00010311720782637835
Lane Smith,6,3.3106655786641974e-05,0.0048548621573102566
Mika Boorem,6,3.223474711402379e-05,0.011830032548999352
Michael Emerson,6,1.2140662185462184e-05,0.0023835642373648703
Annabella Sciorra,6,5.491881510886254e-05,0.003689952439972757
Jami Gertz,6,4.0604825618587134e-05,0.00650364235581579
Ann-Margret,6,0.00013158533318300805,0.009282584740098264
George W. Bush,6,0.0003428213056812544,0.0050133594811873575
Monica Calhoun,6,8.34020852520401e-06,0.0018348549798625211
Charlie Rowe,6,0.00036455652454814915,0.0056044712893666
Eric Mabius,6,2.332185766237752e-05,0.0009569234220764405
Adam LeFevre,6,0.00033527504087130266,8.86389706049593e-05
Alice Greczyn,6,3.8042189910100317e-06,0.0009020139927985201
Harry Carey Jr.,6,6.906509051844101e-05,0.00019647953398002255
James Badge Dale,6,1.1451251771812077e-05,0.009173464213852097
Christopher Judge,6,0.00013678274451086244,0.00043948043095579597
Ato Essandoh,6,0.0001536641164358496,0.009779177568596316
Catalina Sandino Moreno,6,7.294260412725317e-05,0.00682503292713267
Zoë Bell,6,3.870910713264276e-05,0.016822229621671153
Jack Palance,6,2.189699130958361e-05,0.004055913958868002
Drew Waters,6,2.8415352102451967e-05,0.0025055660168254237
Michael McElhatton,6,8.906440390288826e-06,0.0054431011504721336
Wesley Jonathan,6,9.347869270048259e-05,7.940205524185983e-05
Jane Adams,6,3.2656552526520996e-05,0.005781616791692222
Danny Aiello,6,5.260702907822682e-05,0.0028756473311636224
Thomas McDonell,6,0.00011793957721656741,0.0032793147650359645
Miguel Ferrer,6,9.347869270048259e-05,0.0007453043655155415
Abhishek Bachchan,6,8.461658576268649e-05,1.0845048932583295e-05
Maurice LaMarche,6,1.5241263120521438e-05,0.0014432482637510417
Steve Bastoni,6,4.983561271662259e-05,0.00012819891039902607
Alexa Davalos,6,1.0457730903626048e-05,0.023144771194175053
Marshall Bell,6,6.773059606734743e-05,0.0005556492556136912
Veronica Cartwright,6,2.4313127559411566e-05,0.002762445611448481
Holt McCallany,6,8.008418576761172e-05,0.001776718113759722
Kip Pardue,6,5.6802130413885606e-05,0.0017452624395373928
Everett McGill,6,5.365564073155806e-05,0.0012939723067600486
William Holden,6,5.2989057786516305e-05,0.006195896496574144
Rami Malek,6,5.404672555406746e-05,0.017862786698684813
Tyler Mane,6,1.4602586404354093e-05,0.005163454809852363
Om Puri,6,0.0001090857004056428,0.005369875999290058
Clu Gulager,6,1.9012096763240755e-05,2.971104547145352e-05
Matt Lucas,6,1.297014227738484e-05,0.0030600798814458398
Cara Delevingne,6,0.0002724946194954412,0.00889167743158395
Nonso Anozie,6,3.150549970704934e-05,0.011811690510847886
Nicholas Braun,6,1.4892888431622765e-05,0.004525812543436641
Dyan Cannon,6,5.089675664036792e-05,0.000436229610081448
Christian Berkel,6,3.865368583605729e-05,0.0012502027753297697
Paz Vega,6,1.5613199772897675e-05,0.007575346414766236
Russell Tovey,6,1.77408564763061e-05,0.0051248692600295775
Ossie Davis,6,5.2668952809246125e-05,0.002282708746281556
Chandler Canterbury,6,4.7369382023074565e-05,0.011247790718396005
Mia Wasikowska,6,1.0131576527318189e-05,0.0030454595035338586
Rita Moreno,6,6.003995126890908e-05,7.79843757985276e-05
Eamonn Walker,6,1.5890576620785264e-05,0.007960532342877143
Henry Rollins,6,3.2466777919300093e-05,0.005489767716235987
Alicja Bachleda,6,6.775423317667002e-05,0.0014966120231205806
Ralph Ineson,6,1.6710649987878127e-05,0.0017272958576733145
Brían F. O'Byrne,6,1.2848013763107038e-05,0.008575839020093767
Kathryn Erbe,6,1.7139504336955038e-05,0.0016554699614970431
Elaine Stritch,6,1.4795053176606432e-05,0.012018316151586689
Kevin Chamberlin,6,0.00011321920355840042,0.007277702487151692
Derek Mears,6,1.453784955315951e-05,0.003586687642872873
Bianca Kajlich,6,2.7545638813236654e-05,0.0011805936054192275
Oliver Hudson,6,5.310484260638741e-05,0.0004325031406462445
Caleb Landry Jones,6,1.864260225011617e-05,0.001626306054280846
Patrick Kilpatrick,6,5.391854961915759e-05,0.002928010966706127
Lionel Barrymore,6,4.182091742584597e-05,0.0004411903902997715
Gary Dourdan,6,1.634772243288909e-05,0.0041841524726646045
Clifton Powell,6,1.7770467827933572e-05,0.001813075936058413
Vanessa Ferlito,6,2.7927013094312536e-05,0.00686678448151547
Jim Carter,6,0.00026859902395521954,0.001522702879981597
Matt Smith,6,9.3385164651938e-06,0.008124405250233642
Lauren Holly,6,2.2699270639231855e-05,0.004126156898284386
Michael Palin,6,1.80244637233066e-05,0.00571659932738964
Michael Lerner,6,4.418409116066677e-05,0.0008488220668896842
Alexis Dziena,6,7.199434988929128e-05,0.006211742155508187
Tim McGraw,6,6.179670881451689e-05,0.004389624700952833
Raven-Symoné,6,1.2604703780799946e-05,0.010162375610999872
Martin Donovan,6,9.421013817041202e-05,0.002886987575023006
Bill Irwin,6,1.2463694323063783e-05,0.005534600257402221
Bojana Novakovic,6,2.263794207576028e-05,0.00549424601278568
Lauren Cohan,6,7.290811636828824e-05,0.0021660009101813348
Michael Cudlitz,6,2.4991932220695516e-05,0.005435060610189404
Andy Richter,6,1.2027638967004885e-05,0.0049606443711957245
T.I.,6,4.9042940486491056e-05,0.00694782689234552
Jon Tenney,6,4.337976091548241e-05,0.005528805616934679
Phoebe Cates,6,0.000250727370323006,0.003962096302602685
Katie Aselton,6,4.9302630184828715e-05,0.001045188482496372
Emma Caulfield,6,2.374730788621372e-05,0.002988620328388038
MyAnna Buring,6,5.237575471658202e-05,0.0007123976771651535
Brighton Sharbino,6,4.548284283374101e-05,0.003933422304720933
Charlotte Sullivan,6,4.0044542942616584e-05,0.0023956112097846282
Marc John Jefferies,6,2.9590496503986484e-05,0.0021723062096316308
Marsha Thomason,6,4.1789847584087276e-05,0.005428622927533057
Ron Rifkin,6,1.734944315285986e-05,0.0021856614381696496
Greg Germann,6,5.671794373073976e-05,0.0009142863054134384
Chelcie Ross,6,0.0002686075438829149,0.004859486630187987
Jenny Agutter,6,3.8083882810085045e-05,0.003468772501812203
Amy Irving,6,7.987784583568962e-05,0.004376938536172343
Vernon Wells,6,1.9409928081334182e-05,0.0008977991985766471
Denis Lavant,6,9.839676121798375e-05,0.0002560498432684452
Lily James,6,5.352580121843368e-06,0.014093789837780927
Art Malik,6,0.0001527965095287675,0.005766197379533803
Sandrine Holt,6,1.599935429918446e-05,0.0013381447189608352
Rory Cochrane,6,5.8634296017424956e-05,0.014545434589127007
Talisa Soto,6,1.0576137943855689e-05,0.0006480683776946485
Philip Winchester,6,5.361419986518533e-05,0.006532477962738794
Rita Wilson,6,2.6465994147611477e-05,0.008025322570850127
Neil Maskell,6,5.6254703372280816e-05,0.0009485350059157556
Jon Seda,6,2.2397678937570063e-05,0.004961511131936143
Amanda Detmer,6,9.347869270048259e-05,0.0005197229240515483
Bernadette Peters,6,1.6560312249582975e-05,0.008612780946044516
Ian McDiarmid,6,5.367436722311161e-05,0.011763370078436442
Tim Matheson,6,6.745247028943846e-05,0.006780493811535027
Tom Cullen,6,0.0002764371676081188,0.001333243020946058
Camryn Manheim,6,2.200558449663859e-05,0.010369710690337212
Luke Newberry,6,0.0003094144728385973,0.001169271127901791
Ulrich Thomsen,6,0.00027223863622082044,0.008901432895676832
Mike Dopud,6,1.987079861457352e-05,0.005937217831884635
Nat Wolff,6,4.813195959708024e-05,0.00630023456185441
Mircea Monroe,6,2.3768844992646126e-05,0.00622635315380994
Lara Flynn Boyle,6,8.541656878123349e-06,0.00187876551404312
Abraham Benrubi,6,9.703856097842744e-06,0.0017434029332028676
Mark Rylance,6,1.3899859215118596e-05,0.0060211723713207085
Jenna Fischer,6,9.743254138344404e-05,0.0016708178804967146
Graham McTavish,6,3.146457005964551e-05,0.003335827526379856
James Urbaniak,6,0.0004956240286979587,0.0018864850696841014
Simon McBurney,6,1.0771141645881685e-05,0.007177589603840226
Larry King,6,5.265891351279854e-05,0.010263442752998403
Jimmy Shergill,6,0.0005157017583790949,3.6295592922830014e-06
Leven Rambin,6,1.3349231024791013e-05,0.0069619981285821905
Mitch Pileggi,6,8.824066193419194e-05,0.010717241374348421
Lisa Edelstein,6,3.662138449107123e-05,0.004892871647509789
Jeffrey Combs,6,1.3047140498083034e-05,0.003180286864412602
Masi Oka,6,2.1650353105466444e-05,0.008280948676429131
John Aylward,6,5.245803488184319e-05,0.0024579959837825417
Sarah Roemer,6,1.3513309992930764e-05,0.004416824988498672
Melinda Clarke,6,0.0002645490536039728,0.0022290310940660915
Russell Wong,6,0.00010447129422739539,0.002925428559556352
Robin Atkin Downes,6,9.866693769636198e-05,0.0030865711679602956
Kang-ho Song,6,0.0004490716397331183,0.002762295288923086
Amy Ryan,6,1.457136334431665e-05,0.0035410095824063587
Roger Allam,6,2.6647602321447002e-05,0.0026028268271413484
Reggie Lee,6,1.994880399807648e-05,0.008880781778127417
Tracey Walter,6,5.844681039630106e-05,0.004621905254153209
Brad William Henke,6,5.311895570734442e-05,0.0012031308496073076
Eduardo Verástegui,6,1.342176510676974e-05,0.0013521059478359197
Kari Matchett,6,0.00030130530929489983,0.00032654276883894794
Dan Byrd,6,0.00012037803865681781,0.00381294275601542
W. Earl Brown,6,3.963968732336182e-05,0.0007865819138774715
Jacqueline Bisset,6,6.570197398707028e-05,0.0037168086752022555
Bill Nunn,6,4.322256301009688e-05,0.011133101977779905
Nolan Gerard Funk,6,4.976303898253675e-05,0.005562338851034529
Jon Polito,6,9.580020062870934e-06,0.0037350952960505624
Neil Flynn,6,0.00011397025402682709,0.004116358816986363
Patton Oswalt,6,0.0001840473418612899,0.006523388237195981
Megalyn Echikunwoke,6,5.321217929658734e-05,0.00872408645870088
Spencer Breslin,6,3.491411156831905e-05,0.003176440242525548
Anika Noni Rose,6,5.164790884698071e-05,0.0021358142520770916
Linda Fiorentino,6,4.181503962026124e-05,0.008790954633034278
Donald Glover,6,2.249597804142028e-05,0.008335859748117083
Joey Slotnick,6,2.3078499745384508e-05,0.0029367887324523757
Kelly Lynch,6,2.9224180869788913e-05,0.007195978894987431
Matthew Ziff,6,0.00030336863371487527,0.0005016067640756012
Liam James,6,2.1987569209974546e-05,0.008064328177049525
Tom McCarthy,6,0.00018989247032141744,0.006260892147179689
Anthony Zerbe,6,3.9984427026268216e-05,0.001334595495647815
Ruth Wilson,6,0.0001264460906969742,0.014296605699566804
Lily Cole,6,2.694634649902109e-05,0.0038812026709691924
Nichelle Nichols,6,0.00010959646198308692,0.004716700399747538
Ryan Donowho,6,8.632407120952914e-05,0.000423374118286724
Danny Pino,6,5.753697115941657e-05,0.0010911116517969873
Giancarlo Giannini,6,0.00027021971048802815,0.007071860919844288
Melonie Diaz,6,0.000571809163248852,0.00040590894835789825
Christopher Guest,6,1.8091120690621607e-05,0.004467981085878597
Riccardo Scamarcio,6,0.00010855129440349437,0.0038456740630778115
Dong-gun Jang,6,0.00016134277265633686,0.0006682175397104788
Jason Priestley,6,1.7680829938874972e-05,0.0017875722949542694
Traci Lords,6,3.201696313224226e-05,0.00762956266634695
Robert Ri'chard,6,1.2234476075843842e-05,0.005062365702023453
Danneel Ackles,6,1.5677698754197355e-05,0.0025932418564732847
Ashley Williams,6,2.6793445465725023e-05,0.007848768434146587
Jodi Lyn O'Keefe,6,5.482342563084418e-05,0.010188733175715248
Joanne Whalley,6,3.0252048075696352e-05,0.006872799343140743
Nimrat Kaur,6,5.871408820907532e-05,4.0399106106040906e-06
Kari Wuhrer,6,4.399512731289835e-05,0.0027531136289554786
Scott Elrod,6,6.913382069964212e-05,0.0006728668398677303
Keisha Castle-Hughes,6,0.0006180811161355909,0.0007483564394508707
Brian Van Holt,6,7.5412483876681e-06,0.0016234019626254392
Douglas Smith,6,1.3902825746799976e-05,0.0034406230485855283
Janet Leigh,6,8.066713528032017e-05,0.0032831208751474095
Javier Botet,6,0.00010202789761363448,0.0004465820083904765
Richard T. Jones,6,3.664341943825185e-05,0.0025803845417885682
Diahann Carroll,6,4.952353459515563e-05,0.0010644779037778523
Isaiah Washington,6,5.457864301187933e-05,0.004052858671922191
James Wolk,6,7.75482332167128e-05,0.001403295817328699
Brett Cullen,6,7.688323543946542e-06,0.0013269317320754666
Austin Nichols,6,7.240571030933579e-05,0.010057347529143197
Brooke Shields,6,2.4344892251581775e-05,0.005541997999387861
Terry Kinney,6,6.105953001203193e-05,0.006466981983741213
Jay Chandrasekhar,6,5.660869109425818e-05,0.0010269474921659116
Jenny McCarthy,6,2.0193075599583825e-05,0.0019126135671791542
Tony Jay,6,1.902820477673854e-05,0.0053171429327754545
Candice Bergen,6,4.2753244298629336e-05,0.004742988270345472
Levon Helm,6,0.00022024412511844395,0.0025969834390969747
Bashar Rahal,6,5.4750539140226335e-05,0.0010322413047748895
Lamman Rucker,6,3.754740168379574e-05,0.0006012979204103314
Andrew Fiscella,6,5.000070964476991e-05,0.001739851190765076
Chris Kattan,6,8.907353117116671e-06,0.006122559824464543
Ian Somerhalder,6,1.668386899061015e-05,0.007114322682457384
Melissa Benoist,6,0.00026618519477321107,0.013476532316832995
David Niven,6,0.0003559668618034377,7.745616749043817e-09
Shailene Woodley,6,1.5134028344902024e-05,0.002228009085532872
Ludivine Sagnier,6,2.699682456833241e-05,0.0013146711113219333
Ryan Guzman,6,6.314150394293091e-05,0.0004232266680456969
Joaquim de Almeida,6,3.2306236409648766e-05,0.0017404242022001162
Robert John Burke,6,2.5163746982346552e-05,0.015342172022909622
Kenny Baker,6,4.8412598903189914e-06,0.009932119676638797
Mindy Kaling,6,5.460601403212992e-05,0.007846432245611745
Héctor Jiménez,6,6.924841931316499e-06,0.004529745184722467
Trey Parker,6,6.70449094760753e-05,0.002774626740998948
Wendi McLendon-Covey,6,1.9793480970012412e-05,0.0037620830155133188
John Belushi,6,5.476755123084021e-05,0.004317341115842814
Ken Howard,6,1.6595436198915014e-05,0.002313192728327095
Kyle Schmid,6,4.183942431629665e-05,0.005370188913588503
Nora Dunn,6,5.382002848290309e-05,0.0010166273062250108
Vernon Dobtcheff,6,9.329173531508162e-05,0.0011318596509417257
Anne-Marie Duff,6,0.00015622551087996302,0.004860798395303441
Michael Winslow,6,3.24487963406976e-05,0.0028996586477663643
Angus T. Jones,6,3.3397965941163765e-05,0.005326376941353127
Roscoe Lee Browne,6,5.363828042025416e-05,0.0009879070800472621
Don Rickles,6,0.00015693097295243745,0.014127480011714717
Mireille Enos,6,0.0002121872568602143,0.010678837782488538
Peter Capaldi,6,1.52228218412282e-05,0.016418690917322863
Henry Ian Cusick,6,1.891510918513885e-05,0.0013300803960719974
Jessica Lowndes,6,0.0002083926609191591,0.007098748708952016
Dan Futterman,6,2.4309731798317714e-05,0.0055326554205962376
Paulo Costanzo,6,3.1395118674753564e-05,0.004520463022264864
Iben Hjejle,6,0.00014649902360445297,0.001156074623658817
Johnny Lewis,6,6.103943368635524e-05,0.0027339967993839525
Spencer Treat Clark,6,0.00010680893422383459,0.006188621133176815
Mike Colter,6,7.373127030241636e-05,0.012423993742279198
Lillete Dubey,6,0.00013399029903365538,8.239095102374011e-05
José Ferrer,6,5.902120948748525e-05,0.0036748617209509723
Dick Van Patten,6,1.9461996755985295e-05,0.0005480193586788225
Seth Gilliam,6,5.2399378366037094e-05,0.003529884069506043
Aimee Teegarden,6,8.958350604260769e-06,0.0017480387542373507
Christopher Heyerdahl,6,4.887451493987196e-05,0.005270091854152274
Ingrid Bolsø Berdal,6,2.8393391580425055e-05,0.010232857109988105
Angie Dickinson,6,0.00015924607573101126,0.004348507426005343
Leland Orser,6,4.920307506476844e-05,0.01067489419523086
Lee Majors,6,2.3544853496550335e-05,0.0030793035019401347
Claude Rains,6,3.141323772167124e-05,0.00021976783964118378
Lynn Whitfield,6,9.67328235808653e-05,0.0017364927368226687
Mark Gatiss,6,0.0006316398355931786,0.006482776482203047
David Margulies,6,6.966672355191694e-05,0.0009494124130337647
Paul Freeman,6,0.00031689327200932555,0.001840358534897313
B.J. Novak,6,2.1104970531118515e-05,0.0067753433908945265
Michael Paré,6,4.045292820105527e-05,0.0014282235759923857
Cliff Robertson,6,2.0443155913423645e-05,0.0006945302396415545
Mehcad Brooks,6,0.0005279182419690064,0.004097028192621323
Emmanuelle Vaugier,6,6.213805082671689e-05,0.007245322031450595
Maria Conchita Alonso,6,2.1762013131313744e-05,0.0017922957636641876
Scout Taylor-Compton,6,1.581182859763192e-05,0.003931541987214023
Jack Hawkins,6,1.0429244736116336e-05,0.000862919769551307
Jennifer Hale,6,2.145820542164928e-05,0.0007237216615585543
Justin Kirk,6,1.5338678545018955e-05,0.002424498443697761
William Morgan Sheppard,6,2.0158935641684548e-05,0.00406104079973256
Christopher Evan Welch,6,4.7328416605008525e-05,0.008955794800101183
Tisha Campbell-Martin,6,0.00017887529540910958,0.005873807343782903
Isabelle Adjani,6,2.1061832325257182e-05,0.0015398890638607691
Alan Oppenheimer,6,3.739673851350434e-05,0.002992540632135984
Tom Kane,6,2.3511634225786502e-05,0.002354831221812806
James Gammon,6,2.3159192140950706e-05,0.010445051113527105
Tika Sumpter,6,2.1686966211847763e-05,0.002446654264394253
Gillian Jacobs,6,9.31147903007444e-06,0.005925150561226717
Rhys Wakefield,6,2.3817072595425316e-05,0.0038681552512960142
Michael Greyeyes,6,2.8728896534658663e-05,0.006652391682803524
Zach Grenier,6,6.07898666511206e-05,0.0025967040132833666
Mathieu Kassovitz,6,0.00015946733801051392,0.0005946205144106935
Mary-Kate Olsen,6,4.467068602661077e-05,0.001065703061423809
Phil LaMarr,6,3.536756447664119e-05,0.009721840594805695
Ned Bellamy,6,2.7402502740302276e-05,0.002295591863790714
Óscar Jaenada,6,0.00012138726976477148,0.008154958207344687
Marie-Josée Croze,6,9.347869270048259e-05,6.690144973032643e-05
Keshia Knight Pulliam,6,2.268342015140537e-05,0.0035927702303037343
Sarah Carter,6,2.3501203870392326e-05,0.002466279662975864
Kevin Gage,6,5.4216449122248605e-05,0.002401024631991563
Salli Richardson-Whitfield,6,2.2904371699803575e-05,0.003823531110115123
Chelan Simmons,6,1.8789147263746623e-05,0.0022665594223908524
Gina Holden,6,3.937632999934617e-05,0.00092915289294731
Dallas Roberts,6,3.3874252001852235e-05,0.0074988649061327175
Amanda Schull,6,0.0002659762191577577,0.0009523224912553097
Ben Feldman,6,0.00026624264941910934,0.0010113364671438998
Ernie Reyes Jr.,6,5.671984489827712e-05,0.0021576021911446806
Paige Turco,6,1.0509997062188759e-05,0.0009552316787596986
Bryan Callen,6,2.460792424498516e-05,0.0023577694397052085
Gedde Watanabe,6,7.984199728582042e-06,0.0020917015380725007
Omar Sy,6,0.00042695671317695996,0.0071892682320059305
Jack Thompson,6,6.97666345346111e-05,0.005595848531810399
Liza Minnelli,6,6.578844376502786e-05,0.010031828276615622
Kirstie Alley,6,3.340937050935488e-05,0.01106800621785717
Paul Hogan,6,0.00022462929855925965,0.0001633839296198121
Luke Bracey,6,1.3711675001508135e-05,0.001865416235411679
Elton John,6,0.00010963566590559976,0.0011024615661367264
Swoosie Kurtz,6,5.4625229743259464e-05,0.009316466239569865
Ben Chaplin,6,0.00025881367990598946,0.006786856372675692
Samaire Armstrong,6,0.00014455268986524674,0.002581226559946432
Ron Eldard,6,1.1374356248734082e-05,0.0014455599200455774
Mara Wilson,6,1.4954808823910274e-05,0.0052748528234480155
Bella Heathcote,6,9.881373379129216e-06,0.0050374757362910355
Elena Anaya,6,4.709527512474754e-06,0.006828245609141039
Robert Pine,6,4.941037119220059e-05,0.0018485212363648321
Boyd Holbrook,6,1.1847050852148742e-05,0.010553472805502251
Rob McElhenney,6,2.6231292795714327e-05,0.006298951216197111
Roma Maffia,6,5.7102927421449814e-05,0.0051117868543257925
Alexander Gould,6,1.8676830661719525e-05,0.009326526330110252
Dustin Milligan,6,3.183082693009704e-05,0.0036444692271150637
Daniel Mays,6,0.0005742274019691917,0.010732205685827735
Gary Lewis,6,7.423230834484533e-05,0.004417685403930987
Michael Nouri,6,0.00010542210586830255,0.0011385038680484388
Erick Avari,6,4.826694798761116e-05,0.0038339320852097147
Tamsin Egerton,6,0.00017670541731919066,0.0025727169109745415
Jenette Goldstein,6,2.2778788037238323e-05,0.002724077639099192
Lois Smith,6,1.2033339622839915e-05,0.0009561754531248071
Troy Evans,6,4.8173652230401816e-05,0.0020569588055903334
Brendan Sexton III,6,0.00012808824289553672,0.011333762470158848
Brendan Fehr,5,8.813248722684484e-05,0.0018551464613751944
Min-sik Choi,5,7.010901952536193e-05,3.0158810208826257e-05
Leigh Whannell,5,1.5657825144671804e-05,0.0034672804679169917
Brenda Strong,5,0.0003037906512831089,0.00016064098507175966
Lucas Grabeel,5,2.638513348743568e-05,0.007202562760697335
Eric Lloyd,5,4.715499633738626e-05,0.001924257406456601
Sebastian Koch,5,3.9779392079925425e-05,0.000513253463289101
Billy Boyd,5,7.753950150098005e-06,0.0172945154288314
Shad Moss,5,6.158817043165888e-06,0.003934393826814393
Maggie Cheung,5,0.00013343859438528203,0.0040018407726082564
Murray Hamilton,5,9.427159408056982e-05,5.169386791102561e-05
Jonathan Frakes,5,0.00011812421001615915,0.0042222363032539045
Takeshi Kaneshiro,5,0.0001345434616894549,0.0020645859539495117
Lindsay Sloane,5,3.956352848992908e-06,0.01281455412184513
Bill Clinton,5,4.6739346350241294e-05,0.0002922901320749381
Carmen Argenziano,4,5.882082205169839e-05,0.00043662708545439387
Claudette Colbert,4,4.6739346350241294e-05,4.0129444226897124e-05
George Harris,4,3.261240582086696e-05,0.00016843489006395743
Michael Byrne,4,6.027788195701503e-06,0.0006273852067220172
Odeya Rush,4,1.7443462134565535e-05,0.0060359342321184796
Tristan Mack Wilds,4,4.336220309834623e-06,0.003872673360901779
Cynthia Nixon,4,4.555232066091064e-06,0.001584703900741659
Alex Karpovsky,4,1.6531868276163514e-05,0.001228964598100597
Brian Austin Green,4,4.6739346350241294e-05,0.001021782845964249
Michael Bowen,4,1.1383935882296623e-05,0.003424773725839458
Matthew Gray Gubler,4,2.15035561538246e-05,0.005291554243816047
Essie Davis,4,1.59202159349218e-05,0.0001419816884373144
Bud Cort,4,1.2219921088471728e-05,0.0011696126783515882
Jim Rash,4,3.2005621075564915e-06,0.004316276034691172
Alan Van Sprang,4,1.2893165189349406e-05,0.0007189236478915359
Michael Chernus,4,4.879926565923757e-06,0.003802526395949511
James Wilcox,4,2.456650187398344e-05,0.006693845204295588
Natasha Richardson,4,1.0075600752929783e-05,0.005494724973629393
James Karen,4,4.670069425485046e-06,0.003641124946851165
Jack McGee,4,4.6739346350241294e-05,0.0048499962272225946
John Enos III,4,4.664586765754081e-05,0.0013999728315201917
George Newbern,4,4.370485946775508e-06,0.0010421393633964571
Ni Yan,4,4.566041838603331e-06,7.818074126357717e-05
Zach Galligan,4,5.515924303357732e-05,0.00047414232688776055
Haley Ramm,4,7.044752294840687e-06,0.00035729490307473015
Michael Parks,4,5.731605693100192e-06,0.009673947334978849
Ophelia Lovibond,4,6.899563416082718e-06,0.0036640765452301723
Nona Gaye,4,1.825887825911147e-05,9.947022145546728e-05
Michael Lonsdale,4,3.785243562917616e-05,0.009617637194269595
Willow Smith,4,4.700208624094351e-06,0.004347654937140487
Jenna Boyd,4,8.08224663228921e-06,0.0010712954692870314
Nick Damici,4,1.0973205300535695e-05,0.001295594933867384
Talia Shire,4,4.6739346350241294e-05,0.0026289301901142145
Peter Hermann,4,7.082121876108362e-06,0.0030796974465600304
Billy Campbell,4,0.00026276860518105656,0.0017445380543662987
Emilia Clarke,4,1.6017853728592236e-06,0.008077797428236297
David Walton,4,2.4576687762714398e-06,0.002622920078688096
Albert Dupontel,4,6.0922710111631285e-05,2.7447972458734452e-05
André Dussollier,4,6.505576691886502e-05,0.00038420932292164596
Jonny Weston,4,5.460608105850431e-05,0.0004056742391978349
Sofia Black-D'Elia,4,0.00018909224560226942,0.0018555416158458258
Tammy Blanchard,4,7.702117686094238e-06,0.001746774290279356
Lois Chiles,4,2.4887899332094588e-05,0.0006807388403412638
Cyril Raffaelli,4,1.7733438641947933e-05,0.006194624135049258
Jonathan Sadowski,4,6.219792239840683e-06,0.006648318956198856
Jim Varney,4,1.3151924969468413e-05,0.004410864466519056
Joshua Mikel,4,8.678611042906591e-06,0.020418715228429623
Sayed Badreya,4,1.3234331220166912e-05,0.003438288492036762
Manny Perez,4,4.6739346350241294e-05,0.00018910071199465414
Jean-Hugues Anglade,4,3.607201952873882e-06,0.0018724269348793442
Shelley Winters,4,2.773325028014547e-05,0.0007425317748271835
Jason Momoa,4,3.100240139000146e-05,0.0032698258862131936
Matt O'Leary,4,1.152022800004611e-05,0.010767670973120038
Matt Price,4,0.000262675126488356,0.0006813326753451827
Rob Moran,4,1.1876666391538357e-05,0.001383081316253633
Jon Stewart,4,3.446187566681675e-05,0.006734542858074863
Christian Campbell,4,1.358400337806664e-05,0.002890477385850647
Bill Erwin,4,0.00014021803905072387,7.590123823673311e-06
Lee J. Cobb,4,1.751793252381356e-05,0.0011251100497050315
Josh Henderson,4,1.665715848819841e-05,0.002050499755937734
Joel Courtney,4,1.624535725427862e-05,0.00035702937415547833
Danny Masterson,4,2.892429802765921e-05,0.00925177148174441
Herbert Russell,4,7.83756528272306e-06,0.007658653987488106
Mark L. Young,4,4.794594817142769e-06,0.005596048452946795
Jessica Simpson,4,3.192926742691402e-06,0.0011725426468908058
Justin Chon,4,1.8206180356289769e-06,0.00044258533584724515
Sarah Wright,4,3.6888058717580626e-05,0.005364905232743995
Kathryn Morris,4,1.758424007430927e-05,0.0024726586498942235
Sarita Choudhury,4,9.396510375312791e-05,0.0009907332813147013
Erik Per Sullivan,4,1.4729760269885003e-05,0.0004950650936854803
Shirley Knight,4,0.00010380673557563892,0.00019535649775877419
Ana de la Reguera,4,1.4268704955194708e-06,0.004590166188570671
Fredro Starr,4,4.6739346350241294e-05,0.0003639607932307782
Andrew Keegan,4,7.909243044331548e-06,0.008171555917842965
Henry Simmons,4,1.1892939912357193e-05,0.004529709797581908
Rolando Molina,4,1.2869811400921494e-05,0.008418136924646203
Lola Dueñas,4,4.6739346350241294e-05,2.5344126621536864e-05
Daniel Henney,4,1.2170991904562513e-06,0.0012234441329620589
Eddie Deezen,4,0.00011131643183097007,0.0028663411486974837
Marcel Iures,4,8.73205905002856e-06,0.002091608789198899
Virginie Ledoyen,4,1.5376872038789096e-05,0.003654883266983455
Amr Waked,4,2.6756926605577777e-06,0.024701875972923875
Kayvan Novak,4,1.1945890668739242e-05,0.011723790636323148
Angela Featherstone,4,4.6739346350241294e-05,0.00016166380340924098
Edouard Baer,4,0.000248538751376686,0.00010052407563377259
Sara Forestier,4,9.347869270048259e-05,0.00010039357780877543
Ben Miles,4,4.664586765754081e-05,0.000519081636347059
Rumer Willis,4,0.00018172076508088096,0.0032353497661217977
Stephen Walters,4,1.7770678227190302e-05,0.0003055825108381769
J.D. Evermore,4,2.6632157230073376e-06,0.0008073072331400255
Woo-sung Jung,4,0.00014021803905072387,0.0001237054838214711
John Gallagher Jr.,4,7.062703836293962e-06,0.008870472288121913
Belén Rueda,4,9.347869270048259e-05,0.0005661626285295932
Jensen Ackles,4,3.245920958766029e-06,0.0018321099086171034
Linda Blair,4,4.302468820000136e-06,0.001306743077018174
Eliza Coupe,4,5.103286280089265e-06,0.0067457439639666
Rick Hoffman,4,1.8049441725915045e-05,0.0032951989449842537
William Atherton,4,3.1890580818208925e-05,0.002248041458911108
Grant Bowler,4,9.986266586447184e-06,0.0012723589090606318
Ian Ziering,4,4.46850075892373e-06,0.002924193100242175
Zoey Deutch,4,4.980038946244895e-06,0.010159244347753846
Andrew Wilson,4,0.00026276860518105656,0.00931703573837723
Josie Ho,4,1.8006925682786385e-05,0.0005579977358787681
Robin Shou,4,3.212809671311655e-06,0.0006901858544366493
Gilbert Gottfried,4,8.086385271499452e-06,0.0014955101656447727
Alison Doody,4,6.904781461804878e-05,0.003732868286527359
P.J. Soles,4,1.1201563002884467e-05,0.0022784172292291964
Mykelti Williamson,4,5.89926833553184e-06,0.004169111905666077
Hans Matheson,4,7.072507405739723e-06,0.0009223628374225395
Linus Roache,4,4.6739346350241294e-05,0.0013043558630521283
Sharon Leal,4,2.6491985492985896e-05,0.0008055008577271106
Joe Flaherty,4,3.1304967999832984e-05,0.0006009475423871492
Malik Yoba,4,3.87612398024723e-06,0.0007652697821689272
Lorraine Stanley,4,3.055760770969666e-05,0.002701102175108288
Marlene Forte,4,8.883248583668094e-06,0.0027162432324003413
Paul Williams,4,5.828932698688212e-05,9.6318840166963e-05
Paul McGillion,4,0.00026276860518105656,0.00016528114388176558
Aldis Hodge,4,0.00017658576109219116,0.006213487765817557
Patrick Muldoon,4,1.0351820824155888e-05,0.0008536130636307454
Robert Maillet,4,3.518934846044651e-06,0.008939711360166556
Kaitlin Olson,4,9.216089531724536e-06,0.002588556350144907
George Peppard,4,4.664586765754081e-05,6.343293855784815e-05
Sullivan Stapleton,4,7.636924169053963e-06,0.001289437704103971
G.W. Bailey,4,2.0063824940275816e-05,0.007782674505724785
Jacob Tremblay,4,3.857935195719953e-05,0.001581299979882112
Kim Hunter,4,4.958583471297115e-05,0.0020177463342700703
Nicole de Boer,4,8.103761522727274e-05,0.0006000946095281755
Steven Berkoff,4,0.00023866791381168737,9.7568132074449e-05
Harold Ramis,4,1.3431436333355204e-05,0.005306763705991581
Marla Sokoloff,4,2.656665320206677e-06,0.00846530164452959
Fares Fares,4,4.6739346350241294e-05,0.001562716846810393
Vince Vieluf,4,4.6739346350241294e-05,0.0019654586997962724
Phil Davis,4,3.0242184769182755e-05,0.0046338192704771675
Andy Dick,4,0.0003093209941458969,0.004014481188480958
Charlie Korsmo,4,9.430206124157452e-06,0.001847001356449276
Shaun Parkes,4,3.7219558075174977e-06,0.0007309064945456952
Bronagh Gallagher,4,1.3297123834934587e-05,0.005578928567143938
Matthew Settle,4,2.2765249178167205e-05,0.0012501288990874621
JJ Feild,4,1.2596992519323467e-05,0.006534282629096803
Eion Bailey,4,3.683170028530019e-05,0.004347072210371197
Randall 'Tex' Cobb,4,4.304675168594307e-06,0.0015431625622287337
John Neville,4,1.8981616380297504e-05,0.0027671028626724244
Julie Gonzalo,4,1.7366523377282034e-05,0.00234210212798561
Olympia Dukakis,4,1.7211436461933944e-06,0.0011110998545330528
Gerry Bednob,4,2.8777556396750056e-05,0.004981719820080237
Shannen Fields,4,4.6739346350241294e-05,1.6541864268823678e-06
Polly Walker,4,1.2247603237036788e-05,0.0038008359386820494
Stanley B. Herman,4,6.328990332036994e-06,0.0017409312022020017
Heather Burns,4,3.049710833847987e-06,0.00035890428798741165
Sean Whalen,4,4.6739346350241294e-05,0.002421749081419308
Phyllis Smith,4,3.0921517364042275e-06,0.0035864112946342856
Dolly Parton,4,2.4092751844371886e-06,0.0012340616602799191
Jeremy Jordan,4,2.8219946828516055e-06,0.002139799956967849
Keith Allen,4,3.981428483475396e-06,0.0017151744345219
Daniel Wu,4,4.520200653910824e-05,0.0008247055540197432
Sharon Small,4,4.6739346350241294e-05,0.0029054797034886457
Bipasha Basu,4,0.0001296677004015754,0.0002411284900939535
Ty Olsson,4,6.831367002606493e-06,0.003679313685084379
Anita Briem,4,2.4288472467494336e-05,0.0028069490208608113
Jackie Gleason,4,4.664586765754081e-05,3.470331320700126e-05
Patrick Bergin,4,2.0513745160218003e-05,0.003161425741630395
Jean Marsh,4,0.00026276860518105656,0.0002794255389173266
Steve Whitmire,4,1.153855746203316e-05,0.0017004460864044552
Piper Laurie,4,0.00030932099414589687,0.006243180944362916
Rachel True,4,0.0002627686051810566,0.00015942682582084126
Nicole Ari Parker,4,1.8065417460171626e-05,0.0015115517415767693
William Mapother,4,4.6739346350241294e-05,0.0006693189246227666
Cinda McCain,4,4.04147693762358e-06,0.0017540511458945761
Kabir Bedi,4,1.6920475962260673e-05,1.0217816948430929e-05
Mitchell Ryan,4,0.00017112713435901388,0.002574523928667988
Jeanne Moreau,4,3.716157896245669e-05,0.0014630640558941624
Elissa Dowling,4,0.0002627686051810566,0.0012130980507387538
Bruce Altman,4,0.00036501511577524036,0.0008888400261591955
Matt Malloy,4,4.6739346350241294e-05,0.0008867389262047656
Janet Jackson,4,7.829588605061043e-06,0.0008908373715273729
Izabella Miko,4,3.905697540971225e-06,0.0002000384305244824
Tyra Banks,4,8.127925364455269e-05,0.0009752316216133653
Ian Richardson,4,0.00017088610448544984,0.02347779140638331
Tom Bosley,4,2.698722518669891e-06,0.0005457363783590902
Nick Zano,4,3.559687390764443e-06,0.0008738251222485578
Wood Harris,4,1.144204131133478e-05,0.0006790092384796049
Cameron Monaghan,4,2.0651962776629338e-05,0.0032885208461430615
Katt Williams,4,4.8971339326222e-06,0.0027240932628104127
Tom Hulce,4,1.557832010416021e-05,0.004801845914672937
Jackson Nicoll,4,4.6739346350241294e-05,0.0001467905456981241
Brian Steele,4,2.6822434059200883e-05,0.0015156501805089556
William Lucking,4,1.367030434681604e-05,0.005727456463964361
Howard Keel,4,0.000756990453488508,3.8266612165258745e-06
Gary Stretch,4,5.69030958903094e-06,0.0009309296833393741
Keenan Wynn,4,0.0008026080555263434,8.53985212078089e-05
Robert Clohessy,4,4.6739346350241294e-05,0.001420260362085523
David Belle,4,1.0693335237495676e-05,0.002942527597520131
Keenen Ivory Wayans,4,6.755954445623348e-05,0.0021473638520731605
Hal Landon Jr.,4,4.6739346350241294e-05,0.002800854779607818
Allison Tolman,4,1.0004799663912885e-06,0.004660309145499736
William Petersen,4,7.88037748436895e-06,0.009861412434877185
Beth Broderick,4,1.8919658151887817e-06,0.0002743501197649568
Rachel Griffiths,4,4.6739346350241294e-05,3.33758697144269e-05
Connor Paolo,4,1.492240119719415e-05,0.001657962658770411
Rachel Hendrix,4,4.6739346350241294e-05,7.451505750815015e-05
Obba Babatundé,4,4.04000188789308e-06,0.002465289432502585
Carter Jenkins,4,2.6605623392739163e-06,0.0013867399273861472
Malese Jow,4,3.81344461515319e-06,0.000804465987435184
Kristy Swanson,4,0.000226435778465967,0.0022348885523413445
Ye Liu,4,0.00026276860518105656,4.993710302694805e-05
Charlie Yeung,4,0.00026276860518105656,0.0032398622206690863
Susannah York,4,9.221816940755712e-05,0.0012336365216533125
Daniel Kaluuya,4,2.083323336979017e-05,0.0002881093879958846
Tim McInnerny,4,5.62745025455426e-05,0.005159904296947631
Anthony Reynolds,4,1.4627959210537136e-05,0.004699879511300847
Chen Chang,4,0.00026276860518105656,0.00022283741582911914
Andrew Bryniarski,4,2.2150779293110124e-06,0.002352381229789746
Lauren Gottlieb,4,4.6739346350241294e-05,0.0010644471335742012
Augustus Prew,4,2.4058871391158004e-05,0.002109796694711049
Charlie Tahan,4,6.149954559404053e-06,0.0005512034199136218
Dax Flame,4,4.6739346350241294e-05,0.002567924676698239
Clarke Peters,4,6.29529134875164e-06,0.00513730508005253
Paul Michael Glaser,4,2.7440330107038877e-05,0.006313867148037964
Joseph Sikora,4,3.4592742753451236e-06,0.006580721848341993
James Duval,4,1.3819950710232267e-05,0.002968640630167187
Angela Sarafyan,4,4.6739346350241294e-05,0.001653542879616312
Tuppence Middleton,4,5.325326856020463e-06,0.009283856215977786
Jodie Whittaker,4,4.6739346350241294e-05,0.0027543829067512753
Paz de la Huerta,4,1.2361388286383168e-05,0.00034821067671972545
Zakes Mokae,4,1.8600546376480546e-05,0.00046543127562424715
Leo Howard,4,3.534093176744909e-06,0.006191699752405905
Geoffrey Holder,4,9.639909703902472e-06,0.0015309561304250694
Vidya Balan,4,7.95775594321569e-06,6.47023762001048e-07
Dorothy Lamour,4,0.00026276860518105656,0.0002717843887966324
Mimi Rogers,4,2.2089451705493442e-05,0.003916156432562611
Bono,4,4.6739346350241294e-05,4.935401468289894e-05
Marc Donato,4,7.13459617727091e-06,0.003233499146851436
Ashley Bell,4,9.174370154088543e-06,0.0006938010871010318
Alexandra Holden,4,4.6575608559517915e-06,0.0034233851198381313
Trent Ford,4,2.6997015282635096e-06,0.0022876891436293604
Suraj Sharma,4,2.1437657317953716e-06,0.0012507388938644767
Farrah Fawcett,4,7.707347576634789e-06,0.0007991840461365388
Brian Keith,4,1.9148389593809576e-05,0.0019009270819879904
Tabu,4,1.2992344173491324e-05,0.0014029023385792319
Cameron Boyce,4,7.957392534243203e-06,0.007917145636470597
Ana Claudia Talancón,4,4.6739346350241294e-05,6.942116965944402e-05
Humphrey Bogart,4,6.0675518177215435e-06,9.995623908465445e-05
Jean Arthur,4,2.3131297301676443e-06,4.823620417620594e-05
Michael Welch,4,1.6869578422221825e-06,0.0009398839028589272
Stephanie Leonidas,4,9.104808999441979e-06,0.0028814359886805284
Christopher Masterson,4,1.9947884340338408e-06,0.00810301766729793
Matthew Modine,4,3.326802233924412e-06,0.011528219129476974
Bob Dylan,4,0.00010606065738237065,0.0012374865969706184
Harris Yulin,4,4.6739346350241294e-05,0.00036917196035660664
Keith Carradine,4,7.4782165251379905e-06,0.0013127663607976807
Zinedine Soualem,4,4.6739346350241294e-05,4.493821295378983e-06
Jean-Paul Belmondo,4,4.6739346350241294e-05,7.995457780763377e-05
Christopher Atkins,4,2.7794396851338535e-06,0.000854601004616251
Angell Conwell,4,4.6739346350241294e-05,0.0008264302767237376
Jim Parrack,4,4.062324490761874e-06,0.009592841943487338
Jeremy Crutchley,4,2.5210091849886936e-05,0.0032821566237707395
Tom Cavanagh,4,3.0581826255054273e-06,0.0010553165875757074
June Lockhart,4,9.382401296969987e-05,0.005708640028789877
Fran Drescher,4,2.1141023993093638e-05,0.00816401331327387
Agnes Moorehead,4,4.6739346350241294e-05,1.7164266022831303e-07
Louise Lasser,4,4.691195727499737e-05,0.002854788595328774
Dana Andrews,4,4.6739346350241294e-05,1.5238119629412553e-08
Gavin MacLeod,4,4.657211401824639e-06,7.820816068890694e-06
Robert Beltran,4,3.747120309506561e-06,0.002520610218088052
George Sanders,4,9.347869270048259e-05,0.0007089712181203193
Gina Lollobrigida,4,4.6739346350241294e-05,3.172839844603028e-05
Gerard McSorley,4,4.6739346350241294e-05,0.0023030662524387846
Jan-Michael Vincent,4,0.0001265395072796231,0.000860398049326716
Paul Winfield,4,0.00016304535025094753,0.0006189988084863248
Matt Servitto,4,2.1295760389339437e-05,0.005422762645816565
Tamara Tunie,4,7.023695718996478e-06,0.0017650457807916631
Jamel Debbouze,4,4.6739346350241294e-05,2.6633178399648787e-05
Bérénice Bejo,4,1.9544420215222777e-06,0.004734149555260558
Anthony Chau-Sang Wong,4,1.5884977040125348e-05,0.0003375372641187768
Lee Evans,4,1.726600648872926e-05,0.000662138470587402
William Bassett,4,3.131519465017416e-06,0.0007898614751540581
Annabeth Gish,4,1.0002415415784822e-05,0.0019342046269770327
Bruno Kirby,4,4.6739346350241294e-05,0.0038277308925094376
Maribel Verdú,4,4.6739346350241294e-05,6.768417837004596e-05
Sergi López,4,9.347869270048259e-05,0.0015119115325913784
John Ireland,4,0.00026276860518105656,7.715793430883173e-09
Ellen Sandweiss,4,3.086700379657578e-06,0.00021569863964723227
Shirley Jones,4,5.334930624674844e-06,0.001585939625612434
Jerry Ferrara,4,2.2795847283546097e-05,6.347495882399611e-05
Bhoomika Chawla,4,4.6739346350241294e-05,5.9119459573535024e-05
Lori Petty,4,1.437603413134721e-05,0.005007988748275076
Georgia Groome,4,1.0249506307111201e-06,0.0002965881214453529
Dustin Fitzsimons,4,0.0002627686051810566,0.0006634134600880662
Roger Jackson,4,1.5271396155087653e-05,0.0003353850390707621
Wendy Crewson,4,3.1628903653654376e-05,0.0034053370624810802
Patricia Neal,4,4.6739346350241294e-05,0.00013047120893809703
Eric Schweig,4,2.6146363530292866e-06,0.0037127864453251145
David Huddleston,4,2.1030687286520797e-06,0.0014730010350329395
Rachel Dratch,4,4.6739346350241294e-05,0.00017090274480528915
Clyde Kusatsu,4,2.4464379214268448e-05,0.0022663651725518437
Bill Johnson,4,4.6739346350241294e-05,0.0015483495411505422
Susan Ward,4,2.4149721553640278e-05,0.002334484123935763
Shane Rangi,4,1.4047185589049526e-05,0.004261386061141955
Eugenio Derbez,4,4.6739346350241294e-05,0.0007665003986636658
Jess Harnell,4,1.0493007132843784e-05,0.003047462475936835
Stephen Colbert,4,8.249734170622039e-07,0.003346317895255359
Molly Ephraim,4,4.664586765754081e-05,8.943504601542306e-07
Helen Martin,4,2.259347162719172e-06,0.00039506992311627245
David Thornton,4,7.1995513160364975e-06,0.002356318106384574
Kate Upton,4,7.871093786230468e-06,0.0016854478063983438
Diana Scarwid,4,4.2156501402776075e-06,0.0035312583367725346
Betsy Russell,4,0.0004121921037353529,0.0005783743906194266
Tiya Sircar,4,9.245161347902227e-05,0.0002520956850879049
Glenne Headly,4,2.7902160738934358e-05,0.0022967980226077573
Ava Gardner,4,0.0006642595903296292,1.716474339748109e-07
Kim Darby,4,0.00026276860518105656,0.00025592620596629536
Mark Moses,4,4.462004498524392e-06,0.004843584304905588
Krista Allen,4,1.0618983834995851e-05,0.0004342009211254712
Shantel VanSanten,4,3.399421958804531e-05,0.0001722293564081882
Fernanda Montenegro,4,4.6739346350241294e-05,1.9837133547037642e-05
Seu Jorge,4,9.329173531508162e-05,0.00044294542023577606
Brenda Vaccaro,4,4.6739346350241294e-05,6.749222057860086e-05
Rudy Youngblood,4,4.6739346350241294e-05,0.0003913406827544591
Debra Winger,4,1.2178854636451324e-05,0.002351067237823356
John Forsythe,4,1.0791727724941113e-05,2.4189594196794678e-05
Ebon Moss-Bachrach,4,3.293397773825973e-05,0.0032903032234502462
Greg Nicotero,4,0.00026276860518105656,0.0004611830175870356
Hakeem Kae-Kazim,4,4.343770929049904e-06,0.005857828931451777
Michael McGlone,4,0.00026276860518105656,0.0006472245407347775
Ben Vereen,4,4.6739346350241294e-05,9.395572397737683e-07
Elaine Cassidy,4,8.748272893339063e-05,0.002479583258549629
Honglei Sun,4,2.6085276657922518e-05,0.0003002261345872177
Henry Silva,4,4.6739346350241294e-05,6.0225893168485156e-05
Matt Long,4,4.664586765754081e-05,0.0032923645944514515
Lorraine Bracco,4,4.6739346350241294e-05,0.00545250356661911
Ian Whyte,4,9.57961481848401e-06,0.0004825371871500277
Riz Ahmed,4,1.1450747513891158e-05,0.005621046579365141
Robert Townsend,4,3.473349110122893e-05,0.0009622538314049221
John Larroquette,4,1.0390292194991022e-05,0.001926577874645686
Jane Goodall,4,4.6739346350241294e-05,0.0012738290752120195
Julie Christie,4,4.115647205718438e-06,0.0029745028134474183
Aden Young,4,5.962397305634212e-05,0.0014336026133158267
Paul Sparks,4,7.253255185800345e-06,0.009353252349035945
Poppy Montgomery,4,2.2382051791355205e-06,0.0014864237061663174
Shawn Yue,4,9.347869270048259e-05,5.5410929506237096e-06
Takuya Kimura,4,4.6739346350241294e-05,2.4828409293932e-07
Emma Bell,4,1.0234243712096665e-05,0.0012915753125563928
Paul Scofield,4,7.88020918763006e-06,0.0001340000728590496
Ione Skye,4,1.1682230743628937e-05,0.00354547278585819
Franky G,4,4.6739346350241294e-05,0.0005717379165353785
KaDee Strickland,4,1.0852281338959325e-05,0.0007066727199274127
Shaun Weiss,4,3.85838610846465e-06,0.0017700044937243727
Stephen Henderson,4,0.0003093209941458969,0.002866326442723263
Pedro Armendáriz Jr.,4,0.00028604479966347677,6.942141586274668e-05
David Fine,4,2.861244159228012e-06,0.003424296712969995
Jesse L. Martin,4,4.570612242280339e-06,0.0021759027374395434
Shelley Long,4,1.0356597438179642e-05,0.004865407016346666
Juliet Stevenson,4,4.6739346350241294e-05,0.00011132585622345567
Shaun Evans,4,3.273751853252143e-05,0.0009535644781458155
Sasha Roiz,4,4.664586765754081e-05,0.006336884814390293
Kim Chan,4,2.4986469622702848e-05,9.223604691441678e-05
David Masterson,4,9.205311507047685e-05,0.0026341512341067834
Richard Farnsworth,4,9.171747982257433e-06,0.0014823316457569758
Dennis Franz,4,1.5201384002325035e-05,0.00018987436107502224
Nancy Allen,4,1.6871446024724575e-05,0.0002350736877505083
Bruce Payne,4,4.6739346350241294e-05,8.237732891719754e-05
Teresa Wright,4,9.347869270048259e-05,3.399676223812781e-07
Jimmy Smits,4,2.7001682785970912e-06,0.003984510834780857
Justin Chambers,4,2.3337487994121878e-05,0.001810181854259989
David Proval,4,0.00010541861495299319,0.009751754782017414
Sprague Grayden,4,0.0003558733831107372,1.9950672790384843e-05
Callum Blue,4,2.8047801681288827e-06,0.0014713966111133397
Jesse Borrego,4,4.02099233869557e-06,0.003282763753017657
Shenae Grimes-Beech,4,3.6851482528214117e-06,0.0009705650542872663
Anthony Heald,4,5.818167638947648e-06,0.010975929140430333
Nat Faxon,4,3.167118862328506e-05,0.0013473476695285323
Chris Brochu,4,9.407246667927759e-06,0.0033859591806746137
Steven Weber,4,3.4508176870839083e-06,0.0015636824335402482
Shelley Hennig,4,4.6739346350241294e-05,0.0013192609325676768
Cara Seymour,4,4.6739346350241294e-05,0.0016622597123182611
Peter McNamara,4,9.713188427807787e-06,0.0017126404660657373
Patricia Heaton,4,0.0001654129359738918,0.000566428031852795
Isabelle Nanty,4,5.7323941208949984e-05,2.663573342706304e-05
Paul Anderson,4,6.13797401074729e-06,0.007816539183487929
Eric Stonestreet,4,1.17350089679378e-05,0.0071151905552204854
Debbie Harry,4,4.6739346350241294e-05,0.0004814447644143684
Andrew Daly,4,7.320439190742797e-06,0.0026758638613801275
Olivia d'Abo,4,1.478686141301209e-05,0.003194465104476789
Annette Badland,4,1.3848199298982253e-06,0.0065382595052993495
Sasha Alexander,4,7.808454546965692e-06,0.004790519026522849
Boyd Banks,4,0.00026276860518105656,0.00011218921980538634
Burgess Meredith,4,3.0093944785484945e-05,0.0032559388765822346
Spring Byington,4,0.00026276860518105656,3.5078266012402086e-10
Lawrence Gilliard Jr.,4,0.00026276860518105656,0.0019089236621646093
L.Q. Jones,4,3.6683656200682053e-06,0.0007381406116418037
AJ Michalka,4,1.8367225983411348e-05,0.0008479592917941098
Warren Oates,4,4.860451662586898e-06,0.0010941698933330728
Vanessa Lee Chester,4,3.889826097802252e-05,0.0008436399752827189
Ray Romano,4,4.6222966563449376e-06,0.0027067020821250278
Allen Covert,4,6.506920101630655e-06,0.0032251505510931793
Paul Dooley,4,1.0537923749720294e-05,0.0032712659551853564
Natasha Gregson Wagner,4,1.1343351473010968e-05,0.005328110602103161
Alan Ford,4,1.0647625418313297e-05,0.0030418483045098607
Izabella Scorupco,4,4.53138243809181e-06,0.0008222355434105776
Jonathan Jackson,4,6.553432091440866e-06,0.005143821705333429
Barry Shabaka Henley,4,3.2439896345848014e-05,0.0032363570929275364
Eddie Rouse,4,1.1006477566816685e-05,0.0036123371508309525
Ajay Naidu,4,2.3472013793512324e-05,0.001536238570721351
Yvette Nicole Brown,4,4.091799895587406e-06,0.00315537568301304
Matt Ross,4,4.863620536460412e-06,0.003800142015080841
Greg Collins,4,0.0002627686051810566,0.003371521568495335
Nicholas Lea,4,6.039493806460209e-06,0.007762545396420536
Lindsay Duncan,4,6.416427079114236e-06,0.00025382920074587355
Lillian Gish,4,4.6739346350241294e-05,0.00010095323969948978
Susan Blommaert,4,4.6739346350241294e-05,0.00012835151648609585
Tom Atkins,4,1.3675960004330823e-05,0.0002981954301699687
John Mahoney,4,7.265170019635449e-05,0.0031681470167132055
David Alan Grier,4,2.587648265964753e-05,0.0010986029928959427
Kuno Becker,4,3.36583316957777e-06,0.0024526623869072527
Amy Madigan,4,4.4481901040955576e-05,0.0017091115860591174
Michelle Nolden,4,0.00026276860518105656,0.00013891397633375335
Colin Ferguson,4,1.0829158289362487e-06,0.0018971225820228821
Atticus Shaffer,4,5.1885617214077305e-06,0.0108943692781805
Ching Wan Lau,4,4.6739346350241294e-05,1.7126323917581634e-07
Louis Koo,4,9.347869270048259e-05,3.829674808594147e-06
Carla Gallo,4,2.359193992776414e-06,0.0028531799841996506
Amy Yasbeck,4,1.7582659568986286e-06,0.001947013827634529
David Wayne,4,0.00026276860518105656,0.0003410257429568819
Raquel Welch,4,7.311524181562496e-06,0.0011944567743738064
Michael Wong,4,0.00035587338311073724,8.560257892545735e-05
Constance Marie,4,7.470228191748468e-06,0.003620255632381886
Della Reese,4,1.0867821328292583e-05,0.00313159922856829
Dominique McElligott,4,5.808638765775143e-06,0.005320750798393883
Robert Vaughn,4,2.1551144067122517e-06,0.0009398172058214534
Wei Zhao,4,6.19743421862708e-06,0.0002783084018903622
Eric Winter,4,7.654194175439874e-06,0.005332515114897467
Max Casella,4,3.3690698415033292e-06,0.001170421251416288
Phil Hartman,4,2.5974148191712542e-05,0.002576968578885621
Emily Osment,4,3.5245792425139283e-06,0.008526304634908145
Kristen Johnston,4,1.0381103510128035e-05,0.004047931807381283
Randall Duk Kim,4,1.6985054523646903e-05,0.0005524260169059914
Daniel Sharman,4,5.812613527578413e-05,0.0005039900484471326
Linnea Quigley,4,1.3356824057504855e-05,2.2391885377995558e-05
Katharine Ross,4,0.00026276860518105656,5.51024845606172e-05
Honor Blackman,4,8.463417535886474e-06,3.975729452106912e-05
Donna Reed,4,5.976293118555818e-06,4.5429030631267435e-05
Scatman Crothers,4,5.778671593821826e-06,0.00022303865801589768
Micah Sloat,4,4.6739346350241294e-05,8.943504601542306e-07
Sonia Braga,4,0.00026276860518105656,2.2373335492914277e-05
Callie Thorne,4,2.2043341110926047e-05,0.004559911261424984
Mariah Carey,4,4.6739346350241294e-05,0.0010443209210254443
Jason Marsden,4,4.6739346350241294e-05,0.004418189577640264
David Clennon,4,3.244266705479251e-06,0.0005773713621261227
Lisa Bonet,4,3.5068206409468168e-06,0.0036294008490142557
Clemens Schick,4,0.0003558733831107372,0.0022948211535391803
Usher Raymond,4,4.6739346350241294e-05,0.0010114677476660123
Harry Treadaway,4,7.414852419022026e-06,0.008210349461929311
Mary J. Blige,4,4.6739346350241294e-05,8.025449323064214e-05
Mem Ferda,4,3.354207681223456e-06,0.0006832280483121234
Christian Clavier,4,1.2767302659068424e-05,1.2479577257712254e-06
Philippe Nahon,4,1.5691804205513915e-05,1.2826972091526882e-06
Phylicia Rashad,4,6.475514532316673e-06,0.003957228825861569
Jim Meskimen,4,4.664586765754081e-05,0.00045599417535592985
Amber Stevens West,4,4.6739346350241294e-05,0.002396272330700891
Rapulana Seiphemo,4,0.0002627686051810565,2.578407984254245e-05
Molly C. Quinn,4,9.865721393901115e-07,0.001062421399786798
Klaus Maria Brandauer,4,0.0004787978640118718,0.0005498275563426158
Charlie McDermott,4,4.6739346350241294e-05,0.0005765127024143732
Peter Vaughan,4,4.6739346350241294e-05,0.004996246700287723
Aaron Ashmore,4,5.180877443088265e-06,0.0030793221909759696
Sammo Kam-Bo Hung,4,4.6739346350241294e-05,8.560192601154362e-05
Martina Gedeck,4,1.2211194394075829e-05,0.00045238209711135854
Frank Gerrish,4,4.6739346350241294e-05,0.000288176065079129
Tim Abell,4,4.6739346350241294e-05,8.415999402127292e-05
Randy Jay Burrell,4,1.9352427205539357e-05,0.0013738059738855805
Cheryl Ladd,4,9.347869270048259e-05,0.0016647180111549161
Gordon Pinsent,4,4.6739346350241294e-05,0.00020251019292668782
Huey Lewis,4,7.277403842775027e-06,0.0008807905640815846
James Pickens Jr.,4,4.161153117452267e-06,0.000323626698429822
Keegan-Michael Key,4,9.381099220635325e-06,0.0032513149119324037
Del Zamora,4,6.76367814708657e-06,0.001398763725728221
Maude Apatow,4,2.0678888754471037e-05,0.00354865800048113
Katherine LaNasa,4,3.2244349786939915e-06,0.005390620038847714
D. David Morin,4,2.9253768432155864e-05,4.6507898549954495e-05
Patrick McGoohan,4,4.6739346350241294e-05,0.0017322153925242649
Noémie Lenoir,4,1.1780184946804464e-05,0.00044027773130837013
James Morrison,4,4.6739346350241294e-05,0.0029809797865962065
Annabelle Wallis,4,9.347869270048259e-05,0.0013199764541197358
Gabriel Bateman,4,1.038734579577352e-05,0.0023456701552577474
Deborah Mailman,4,4.6739346350241294e-05,6.256298931687944e-07
Reeve Carney,4,3.2164587850370542e-06,0.003226792891634848
Kwok-Kwan Chan,4,2.1060516694381367e-05,0.0003396129411013579
Ben Schwartz,4,2.6785655773113277e-05,0.002560950955344583
Damián Alcázar,4,0.0003791495775931574,0.001549086714797093
Jim Parsons,4,0.00016337427482051174,0.0010162543816690614
Matt Jones,4,7.854625115311857e-05,0.00047934125057041597
Jimmy Jean-Louis,4,1.4805653418776682e-05,0.003654376141535377
Yeardley Smith,4,4.454233651885609e-05,0.0013227319208051129
Scott Wolf,4,2.192200399824767e-05,0.001222038624447074
Gary Coleman,4,4.6739346350241294e-05,0.00020299096216746336
Clifton James,4,8.715876291651408e-06,0.0043125349510803055
Kevin Alejandro,4,5.049594479826773e-06,0.0013750099997478396
Vanessa Ray,4,4.748883310987887e-06,0.000644482941481896
Cherry Jones,4,2.4098748900749008e-06,0.00358864604297825
Jennifer Saunders,4,4.6739346350241294e-05,0.0008723668551253242
Jon Foo,4,4.6739346350241294e-05,0.00021138624785035126
Tim Conway,4,4.255543297917998e-05,0.00012845586455122217
Walter Koenig,4,4.664586765754081e-05,0.0021382601289289464
Robert Mitchum,4,1.3504424291425219e-05,0.014763751569209504
Katia Winter,4,4.6739346350241294e-05,0.00048583389818603447
Raoul Bova,4,2.6933492377068108e-05,0.001301730069729032
Donna Murphy,4,8.175682075292921e-07,0.0010574345522243668
Scott Takeda,4,4.6739346350241294e-05,0.006534706119091349
Nathaniel Parker,4,2.69903121018022e-06,0.0013992126362815647
Garcelle Beauvais,4,1.9692226950365016e-05,0.0063015757349329385
James Russo,4,1.30635599103698e-05,0.011623152823078239
Jessica Tandy,4,0.0002838328401376193,0.009353860762933774
Patti LuPone,4,1.3170757273915502e-05,0.010117138541854486
Anita Mui,4,4.6739346350241294e-05,8.560192601154362e-05
Marg Helgenberger,4,9.502646466998292e-06,0.004818273282574024
Richard Bull,4,7.085659600016642e-06,0.0021968682981651512
Kiersey Clemons,4,9.493892958931797e-05,0.002211734541321515
Charlyne Yi,4,7.047561302406871e-06,0.0007621998060348359
Christine Taylor,4,0.0006107441862522078,0.003559183561867953
Katherine Waterston,4,4.6739346350241294e-05,3.785258088520078e-06
Sharon Lawrence,4,1.4977367969514056e-06,0.0012657580072551625
Khalid Abdalla,4,4.664586765754081e-05,1.4993581313168228e-06
Kelly Carlson,4,0.0003093209941458968,0.0014898406496223783
Laurel Holloman,4,8.80903739055707e-06,0.0007383056775502238
Tate Taylor,4,4.9272270260107425e-06,0.0019952153715319674
Brandy Norwood,4,2.3866390226045817e-06,0.0006448862774691971
Logan Browning,4,5.1926503112802655e-06,0.0012378880611253755
Vic Morrow,4,0.00026276860518105656,0.0013633066796159795
Raul Julia,4,9.494087730260654e-06,0.001174269888418662
Ron Howard,4,7.452614713347154e-06,0.0032579973545011636
Robert Miano,4,0.0002627686051810566,0.00017974998480756608
Joe Cole,4,4.524470355609528e-06,0.007117333166522256
Lea Michele,4,1.3183050465951355e-05,0.003548035604273202
Brandon Molale,4,2.656116949281339e-06,0.004894947365125621
Tiffany Dupont,4,2.109304677008429e-05,7.666193580091534e-06
Tony Devon,4,0.00023308467496179318,0.0007475506952709108
Mark Wingett,4,3.972966422225541e-06,0.0010566424597405948
Brianna Brown,4,9.58547303275448e-07,0.0004185921801683464
Shaun Toub,4,0.0005251632955913111,3.349885082080177e-05
Johnny Pacar,4,1.6005947647622957e-05,0.0014682883205244877
Paris Hilton,4,5.272090838727228e-06,0.0026338026208208797
Aaliyah,4,1.2579100513558318e-05,0.004546321176896829
Joseph Cross,4,4.7878292255799725e-05,0.0012828274023388413
Matt Cohen,4,9.677799985214831e-05,0.00014119513214288024
Carmen Ejogo,4,1.1046987249616131e-05,0.001903093852595595
Bill Bailey,4,0.00030913403676049593,0.00048038582655639614
Tom Bower,4,8.731325408207717e-06,0.004701705867628398
Noah Segan,4,0.00026267512648835606,3.084421116884496e-05
Vera Miles,4,1.2382583731317219e-05,0.0002302068865744081
Leo McKern,4,1.2341286046969227e-05,0.00249323600193619
Mark Feuerstein,4,1.799122536997444e-06,0.0014516034708625765
Frank Whaley,4,9.643204641396142e-06,0.0015527603836773777
Nicki Aycox,4,0.0001949950186710781,0.0011558874469221796
Joanna Lumley,4,1.5170253421268405e-05,0.015911011243143237
Carroll O'Connor,4,4.6739346350241294e-05,0.00026629865664454564
Alona Tal,4,6.260079742548244e-06,0.0005628757382096782
Portia de Rossi,4,2.2438755058986124e-06,0.0016786130625310494
John Robinson,4,0.0002860447996634767,8.351480936880505e-05
Alex Jennings,4,1.35486056273997e-05,0.0026000789818596648
Grant Heslov,4,6.754615873486348e-05,0.000827414820653136
Oksana Akinshina,4,4.6739346350241294e-05,0.005959723737852454
Skyler Samuels,4,1.866560953498653e-05,0.0025710326997649986
Christine Lakin,4,2.2254070809938083e-05,0.0022363231665908723
Elliott Gould,4,1.221818250498948e-05,0.009303084579175424
Kay Panabaker,4,2.59166968342107e-06,0.0022585022112840145
Tempestt Bledsoe,4,5.481611170127152e-06,0.0002973501333904693
Ralph Brown,4,1.1795691579170128e-05,0.0034244847512871547
Elizabeth Debicki,4,3.9564619893134764e-05,0.007756157054319848
Steve Bisley,4,4.6739346350241294e-05,0.007290480795289079
Reece Ritchie,4,4.666154220762582e-05,0.0030752987417521083
Larry Joe Campbell,4,0.000149427323375335,0.003506490043388105
Keri Lynn Pratt,4,2.6523762621652158e-06,0.003652424353018136
Sean Michael Afable,4,4.9657347715458087e-05,0.0005103204051914718
Matt Prokop,4,5.704104837022215e-06,0.0016915649819865407
Dave Foley,4,2.6433815303302756e-06,0.0008734879400033303
Gunnar Hansen,4,0.0002627686051810565,1.7176871943385263e-07
Shaun Sipos,4,0.0003093209941458968,3.7853824492465217e-06
Matt Gerald,4,2.7096168288773653e-05,0.004836869181496772
Robert Blake,4,5.258175763355484e-05,0.0004441218952461263
Ashraf Barhom,4,0.00028786955951980755,0.0029170781208800785
Jan Cornet,4,1.0724438878600999e-05,2.1496638714196715e-05
Bobby Coleman,4,3.770513673444061e-05,0.00804167139595093
Max Minghella,4,4.664586765754081e-05,0.0001412308259261633
Brendan Coyle,4,1.6834849793033535e-06,0.005287799217625177
Romeo Miller,4,2.2324222987777476e-05,0.002050309949136929
Kevin Rankin,4,6.001432551577988e-06,0.0010753721648607496
Christopher Nicholas Smith,4,0.000367866205887722,0.00042373841333044534
Fred Armisen,4,4.308548638320163e-06,0.0029725954463367173
Samuel West,4,4.832966039892127e-05,0.006686678049914355
Benno Fürmann,4,4.6739346350241294e-05,0.0024455964094968387
Angus Macfadyen,4,7.146821734213696e-06,0.0011175664289722578
Barry Watson,4,4.6739346350241294e-05,0.00036621389264594197
Marc Macaulay,4,4.6739346350241294e-05,0.001155342229948788
Joseph Julian Soria,4,1.4455193852412393e-05,0.0024762605402014162
Denise Boutte,4,3.7754470317147966e-06,6.456797694680193e-05
Gina McKee,4,3.139875684620703e-05,0.006648494673196009
Steve Harvey,4,4.6739346350241294e-05,0.001585581536571538
Qi Shu,4,0.00030932099414589687,0.004979901171885212
Eddie Kaye Thomas,4,9.72096050354783e-06,0.002105860646642985
Michael Raymond-James,4,4.1636202579136635e-06,0.0009790802441285071
Michael Gaston,4,5.987075968672306e-06,0.006162830737415659
James Kyson,4,4.6739346350241294e-05,0.0009785964995973847
Kimberly J. Brown,4,1.1045179871930487e-06,0.0005340585060088508
Steve Harris,4,2.2118204525642372e-06,0.0007662195250420187
Josh Pais,4,4.6739346350241294e-05,0.0001300746411885153
Melissa McMeekin,4,6.552095713668276e-06,0.008615456045945042
Kevin J. O'Connor,4,6.521060457090112e-05,0.0015321044024783877
Heather Langenkamp,4,4.6739346350241294e-05,0.0008144459441404324
Eva Marie Saint,4,4.941429928701204e-06,0.0006469524603238953
Vincent Perez,4,4.848827104086835e-06,0.0007336504851616672
David Gulpilil,4,9.329173531508162e-05,1.397844665444769e-05
Mike White,4,1.0043940212446161e-05,0.0010193442135357533
Maïwenn,4,1.4615127701909463e-05,0.0009567492050380916
Ben Crompton,4,1.585898894583428e-05,0.003005159096024673
Casey Siemaszko,4,2.7100348332391676e-05,0.0005978744731793887
Romain Duris,4,8.979162540296164e-06,0.0008607643631232701
Warren Clarke,4,6.452568272796597e-06,0.002158262861567857
Kaitlyn Dever,4,4.876413496659928e-06,0.006356565755848221
Stephen Boss,4,2.2912272823235666e-05,0.0001913538102596286
Nancy Travis,4,3.089104556370277e-06,0.0030641011103536664
Eddie Jemison,4,2.2854839177746904e-06,0.0009400395516418261
Marco St. John,4,4.916141879368319e-06,0.0005589882634913827
Gloria Foster,4,3.647737655718367e-05,0.004007649378887202
Deborah Kerr,4,4.1895051484444584e-06,3.987191667299878e-05
David Kross,4,1.3152705359455923e-05,0.005923919978956091
David Gallagher,4,5.24612994925705e-06,0.006079487412582849
María Valverde,4,0.0003093209941458968,0.013441970279312824
Bryan Brown,4,0.0004852811349222243,0.0030779228985443746
Elodie Yung,4,7.326795084506967e-05,0.00691271175293995
Heather Morris,4,1.3292937317669011e-05,0.005624359791638271
Portia Doubleday,4,6.667586108871714e-06,0.009785751909877415
Q'orianka Kilcher,4,4.6739346350241294e-05,0.000884949874099044
Russell Peters,4,4.984348351371276e-06,0.0046098971297822405
Thure Lindhardt,4,8.816280647734139e-06,0.00016772481823787848
Holmes Osborne,4,9.917718037444219e-06,0.0014049557020115319
Nicky Katt,4,4.6739346350241294e-05,0.002592772980948413
Carly Schroeder,4,0.00026103861478006524,0.0011174839378774852
Roberts Blossom,4,0.00011782357792542594,0.0036536813007231918
Janet McTeer,4,1.3963642598301642e-05,0.005459168472479177
Warren Christie,4,4.6739346350241294e-05,0.0017446079914329668
Craig Bierko,4,4.6739346350241294e-05,0.0008353197879139025
Roger Cross,4,3.455097056547122e-05,0.0032005092986598796
Michael Kitchen,4,2.178789454572451e-05,0.005463148639529587
Pamela Reed,4,6.22496818836725e-06,0.0009017761801562129
Jonah Bobo,4,2.293510602728854e-05,0.004836375391524053
Sonja Sohn,4,4.6739346350241294e-05,0.0032398622206690863
Finn Wittrock,4,4.664586765754081e-05,0.0013317681136049224
Luke Ford,4,9.347869270048259e-05,0.0007456141449942155
Katrina Kaif,4,0.0003091340367604959,3.5939110660438214e-06
Shanley Caswell,4,9.329173531508162e-05,0.0018792537720711423
Kimberly Williams-Paisley,4,1.7480317095480247e-05,0.003898953156686279
Peter Jason,4,4.6739346350241294e-05,0.0002974481025639644
Michael Papajohn,4,7.131363423591292e-05,0.0028388276859621256
Radivoje Bukvic,4,4.6739346350241294e-05,0.00011133225691051669
Ian McNeice,4,4.6739346350241294e-05,0.000377653103196966
Don Ameche,4,7.297329657761768e-06,0.0001263780142881784
Danny Webb,4,2.9057015858689102e-06,0.0021178472478809674
Landon Liboiron,4,1.705967502114073e-05,0.007805546156938165
Akon,4,4.6739346350241294e-05,0.0018397771536818254
Jayne Eastwood,4,3.362668400205698e-06,0.002177791507559642
Burt Kwouk,4,6.265925764601457e-05,0.0003805420693178081
Jean-Louis Trintignant,4,4.6739346350241294e-05,0.00031464363463837807
Tom Guiry,4,0.00017489861518922957,0.0013383592148293703
Jesse Garcia,4,4.6739346350241294e-05,0.0003147109212805819
Melinda Dillon,4,3.4867880630297883e-06,0.004281405866243103
Tom Burke,4,4.438901809557203e-06,0.00013100203508275296
John Vernon,4,5.578968303402531e-06,7.099645196739572e-05
Zach Woods,4,4.992829678121452e-06,0.0015263299220457615
Bingbing Fan,4,2.543826368968715e-06,4.000533825698797e-05
Simon Yam,4,5.71356199065395e-06,4.1383066934696026e-05
Drew Powell,4,0.0002627686051810565,6.671650083729844e-05
Khamani Griffin,4,8.204511234698917e-06,0.002807085041549736
Judy Marte,4,0.00026276860518105656,1.8181802413350386e-05
Whitney Able,4,1.4216472124710058e-06,0.00104502670637854
Steffinnie Phrommany,4,0.00026276860518105645,0.0001833943155044927
David Herman,4,4.8551668623732866e-06,0.002218508779322982
Steven Michael Quezada,4,4.76066871060138e-05,0.00013113499299703156
Terry Kiser,4,2.2381011280989365e-05,5.7667122336896156e-05
Cesar Romero,4,5.033959430945247e-06,0.00036140070356115205
Esther Williams,4,4.6739346350241294e-05,4.0129444226897124e-05
Mini Anden,4,1.5236620991549856e-06,0.01863065692590535
Traylor Howard,4,5.5074602676838785e-06,0.0012778761815973425
Benjamin Walker,4,2.9560409557339246e-06,0.005376967346403717
Olly Alexander,4,3.0800243168796226e-05,0.0005571040024695629
Ringo Starr,4,4.664586765754081e-05,0.0001643869452350728
Christine Cavanaugh,4,1.0444097785700453e-05,0.0005429518801210514
Jean Smart,4,4.750240447255858e-06,0.009024492840106136
Maria Thayer,4,1.3136950921566177e-06,0.00411382674008904
Christian Camargo,4,3.2981302013930046e-06,0.007356675855517639
Antony Starr,4,2.8654464125352836e-05,0.004933960011929292
Scott Adsit,4,2.8580263959112107e-06,0.0006375296072588201
Christa B. Allen,4,3.323173582713858e-05,0.004540719056097038
Nina Arianda,4,5.330013455017418e-06,0.005926007288636715
Anne Meara,4,4.528552726524139e-06,0.001788272149020072
Sandahl Bergman,4,9.07121138344016e-06,0.0020566953171177404
Lainie Kazan,4,2.1940220863050583e-05,0.0008467503493430719
Judith Barsi,4,0.00018695738540096518,0.0001695078766949156
Nick Searcy,4,1.8907072022558077e-05,0.0030659795540512375
Garrett Morris,4,3.2556381699616074e-06,0.0008999635644324931
Leah Remini,4,9.639610614122638e-06,0.004471871537626257
Jeff Anderson,4,2.1913650359651223e-06,0.0007178340232337798
Kathleen Wilhoite,4,4.6739346350241294e-05,0.009636097531593318
Patrick Macnee,4,9.073380726071601e-06,0.0006475485264669346
Tanya Roberts,4,4.6739346350241294e-05,0.00018769685531919261
Paul Sanchez,4,7.086729211683523e-06,0.0070937129410252224
Sheryl Crow,4,4.6739346350241294e-05,0.0003161245889496155
Drew Sidora,4,1.376088467052502e-05,0.00014556605832696063
Jill Hennessy,4,5.436482827789836e-06,0.0004185605030044116
Alfie Allen,4,7.63313702483211e-06,0.002221757917774983
Kate Capshaw,4,2.8411582172777365e-06,0.0057619662890184015
Ellen Albertini Dow,4,1.1447762741005415e-05,0.006835814221779672
Tichina Arnold,4,5.276461492463608e-05,0.001210625012344843
Brian Johnson,4,4.6739346350241294e-05,0.0057389397520808925
Jack Plotnick,4,2.043337582938058e-05,0.0009058529540136999
Don McKellar,4,4.6739346350241294e-05,0.0001790762172537866
Emily Ratajkowski,4,1.6112009718644242e-05,0.0011611679322915832
Josh Hamilton,4,1.392317882803209e-05,0.005135732671319962
Harvey Weinstein,4,1.8677766357784626e-05,0.0006512660633473917
Edgar Arreola,4,0.00023010208767668743,0.0012875971992438006
Oona Laurence,4,5.852681993184734e-06,0.004518394991345361
Glenn Plummer,4,4.6739346350241294e-05,0.0011524995058123835
Mark Rendall,4,2.77974673313718e-06,0.000933970851724409
Method Man,4,8.729023190357145e-06,0.0015126354441265903
Drew Fuller,4,1.557356434038925e-05,0.002342439772941559
Benoît Magimel,4,4.6739346350241294e-05,0.0001264880751343451
Sendhil Ramamurthy,4,3.968780746409012e-06,0.0010814229447532
Dan O'Herlihy,4,1.5070230235116253e-05,0.0004509434586668399
Rekha,4,3.8006871606586434e-05,0.00011507327107647976
Lori Singer,4,1.5908682819794085e-05,0.004386231757827894
Robert Pralgo,4,6.975079420646901e-06,0.005578616554277047
Ki Hong Lee,4,4.6739346350241294e-05,0.0011264387974441116
Misha Gabriel Hamilton,4,4.6739346350241294e-05,2.6348475732132408e-05
John Doe,4,4.664586765754081e-05,0.00029378239958297584
Cathryn de Prume,4,8.958976212680367e-06,0.001614251292333917
Monique Gabriela Curnen,4,0.0002627686051810566,0.004898355812842759
Romane Bohringer,4,4.5232110220448704e-05,0.00933727394965657
Lubna Azabal,4,4.6739346350241294e-05,0.0029064320669328677
Larry Fessenden,4,8.613454679888368e-06,0.0014199995753928268
Laura Harris,4,8.443141180353963e-06,0.0013027186065328591
Luke Mably,4,7.854079949285205e-06,0.0023167617573276768
Dulé Hill,4,4.945456241369326e-06,0.0011366292819112054
Josh Hopkins,4,3.5568076872806923e-06,0.000495343163476672
Iddo Goldberg,4,1.9742594868953093e-06,0.0011871251622346962
Sam McMurray,4,4.6739346350241294e-05,0.0014408434682311223
Matthew Knight,4,5.068553822133503e-06,0.0015669371466132923
Evan Ross,4,5.180176662201815e-06,0.005220689027972074
Jonathan Tucker,4,9.889611038762524e-06,0.0008277427681342084
David Suchet,4,4.91978553399871e-06,0.006756499215841893
Stephen Baldwin,4,8.259027142647042e-06,0.008284391990368676
Doug E. Doug,4,1.0879319083873595e-05,0.006116192756648841
Karan Brar,4,1.3846318688708145e-06,0.0015686990011478288
Emily Meade,4,7.09856024587932e-06,0.002456006451481186
Chris Marquette,4,0.0002627686051810565,0.0006016634711314575
Paul Ben-Victor,4,0.0002273506781433819,0.0011150688574055846
Kristen Connolly,4,2.263440874407517e-06,0.007004282342809576
Pauline McLynn,4,2.1381519255309903e-06,0.0017980896546382886
Peter Firth,4,1.639451284318154e-05,3.466347405753194e-05
Lesley Ann Warren,4,5.726485351597845e-06,0.000654978870764098
Richard Briers,4,2.913895934426217e-06,0.006503894056185503
Tim DeKay,4,3.096688122653743e-06,0.002110091583819868
Jere Burns,4,0.00044897816104041787,0.0032961049025412763
Linda Kozlowski,4,0.00017788995220901834,0.00016283258162603067
Robert Peters,4,6.844382471205896e-06,0.001245608921049755
Paul Gross,4,0.00015958834489841856,0.0006646547003666986
Naseeruddin Shah,4,5.8580481488272575e-06,8.824611647269089e-06
James Biberi,4,5.461413744696496e-06,0.0025127709103286155
Emir Kusturica,4,4.6739346350241294e-05,0.00014456179567388296
Tyrone Giordano,4,3.2905349434328957e-05,0.0010850428639823425
Michael Gross,4,4.962441513603536e-06,0.00019617442874425198
Lindy Booth,4,3.608254714032621e-05,0.002528730879633578
Tyler James Williams,4,7.487413460386452e-06,0.0011472262886433957
Bebe Neuwirth,4,4.946894755741345e-06,0.0025790322199175744
Scott Grimes,4,3.298323182558708e-05,0.002451395174507968
Jake Lloyd,4,4.118789573140257e-06,0.002105447948889506
LisaRaye McCoy,4,3.516772185640413e-06,0.0015240130511305623
Oliver James,4,1.2582029647793793e-05,0.004329974739221644
Jonathan Breck,4,5.043569278405979e-05,0.000289934370178906
Alexandra Breckenridge,4,7.6147909744680365e-06,0.004048400652516812
Nicholas Tse,4,2.748256682916797e-06,3.3292622254158186e-05
Holly Valance,4,6.888841317258099e-06,0.00611410410733525
Adhir Kalyan,4,7.503042657807451e-06,0.0003705063329022522
Kad Merad,4,4.1111657366605194e-05,6.847779626697938e-05
Sandrine Kiberlain,4,1.3134549400904565e-05,7.548239278451622e-06
Birgitte Hjort Sørensen,4,2.1807139501366384e-05,0.002925075264572895
Isaac Hempstead Wright,4,3.205112979102197e-06,0.0019567347047730055
Johnny Messner,4,5.88036742086846e-06,0.0003802645477689961
Chase Ellison,4,4.6739346350241294e-05,0.0011990706371660179
Billie Whitelaw,4,4.664586765754081e-05,2.176564411350621e-05
Rob Huebel,4,8.396732875126516e-06,0.004072572386069086
Tamara Taylor,4,1.9141981688114346e-06,0.0009667229456895417
Jay R. Ferguson,4,3.1040538550270263e-06,0.002615126294547908
Riley Thomas Stewart,4,2.241568304066128e-06,0.0046587589716850395
Larry the Cable Guy,4,5.391319280506441e-06,0.0011554033044657384
Chris Gauthier,4,4.6739346350241294e-05,0.0009252031043272759
Flea,4,1.064418492630777e-05,0.0048903398283518034
Johanna Braddy,4,2.695549046071789e-05,4.1467670141286804e-05
Jeff Fahey,4,6.856718290511085e-06,0.0005799022558314663
Mark Williams,4,2.312310157765787e-06,0.004313246503710019
Dick Clark,4,4.6739346350241294e-05,0.00015216343803512895
Neil Brown Jr.,4,6.67106580996238e-05,0.002761397089637248
Katharine McPhee,4,4.271203283190372e-06,0.003585757126731218
Aidan Turner,4,1.9531063725754098e-05,0.0020980313808553015
Chris Zylka,4,6.738734859188009e-06,0.003459720230891827
David Rasche,4,4.0790104857142885e-06,0.00016498196979554275
Paul Adelstein,4,3.265248380493984e-06,0.0008712729547115976
Kevin Nash,4,2.7215084775110905e-05,0.002292602442782509
Shiri Appleby,4,8.519528731085918e-06,0.0011974124890391095
Billy Drago,4,9.819516585300832e-05,0.00905148974437926
Herbert Lom,4,0.00018378121148016364,0.0009602543909576596
Bob Newhart,4,1.0596484362815032e-05,0.0034630903047659007
Johnny Whitworth,4,4.630517176625355e-06,0.0008860343383729539
Amrish Puri,4,5.620053120675655e-06,0.0036569663617459646
Tadanobu Asano,4,7.204958997109715e-05,0.006521532176576918
Eddie Jones,4,4.6739346350241294e-05,0.0004064864036071463
Helen McCrory,4,2.4487354456359776e-05,0.01220126908861237
Topol,4,5.4244740838546304e-06,0.0012588638263285321
Dana Delany,4,7.045934431849168e-06,0.0010055403308173627
Richard Lynch,4,8.523832634664539e-06,0.00043486252274811275
John Kapelos,4,2.817913977476031e-05,0.0015911845717340208
Penelope Ann Miller,4,8.705170250131855e-06,0.0012630928399570964
Carrie Preston,4,4.196486402693848e-06,0.021979248644703263
Donald Sumpter,4,6.730225691659398e-06,0.001374497324496207
Matthew Lawrence,4,1.7475861098507255e-06,0.005523877319791036
Dreama Walker,4,7.216163136654872e-06,0.0017385918979413272
Xzibit,4,6.27443780838336e-05,0.002083792349853882
David Lyons,4,4.6739346350241294e-05,0.0010763110027269943
Larry Bagby,4,0.0004024257720755775,0.0003051401301060797
Lily Rabe,4,0.00026276860518105656,0.001788422995893153
Alan Dale,4,4.6739346350241294e-05,0.0008607527774214409
Sean Young,4,6.788823381737449e-05,0.004036206696309472
Antoni Corone,4,4.6739346350241294e-05,0.005071011476653635
Susanna Thompson,4,4.284087248190631e-06,0.0017559127948117543
Frances Bay,4,5.710099799400983e-06,0.003931538218490296
Bob Clendenin,4,1.401504935819448e-05,0.004939408008754741
Patricia Belcher,4,3.445839536745854e-05,0.00221229861218521
Al Leong,4,4.103722775328865e-05,0.00512355926820425
George Lopez,4,8.41109870123697e-06,0.0015965593671919509
Francis Capra,4,4.687877836970491e-06,0.001500198724097676
Dabney Coleman,4,4.324829437345641e-06,0.0012904556401213995
Angelo Rossitto,4,4.6739346350241294e-05,0.00030468506365507715
Eduardo Noriega,4,6.765359970595114e-06,0.0043620287137396355
Vanity,4,6.14593420767688e-06,0.002188874259661995
Simon Merrells,4,4.6739346350241294e-05,0.004952497197270814
Keegan Connor Tracy,4,7.188032671483108e-06,0.0009443873551705075
Michael Irby,4,1.4892577281277283e-05,0.004117898920337311
Ariel Gade,4,3.7827953505164244e-06,0.0021776917513160834
Christopher Denham,4,0.0004024257720755775,8.448535519823288e-05
Jennifer Lafleur,4,4.6739346350241294e-05,0.00019285076893860704
R. Brandon Johnson,4,4.6739346350241294e-05,3.970852128031421e-06
Elaine Bromka,4,4.664586765754081e-05,5.2319281584849755e-05
Riteish Deshmukh,4,0.00026276860518105656,1.6108867659494896e-07
Bill Fagerbakke,4,4.59581474029406e-06,0.008712192336763699
Karin Viard,4,4.6739346350241294e-05,0.0002058639959109325
Glen Powell,4,9.347869270048259e-05,0.008742202998814431
Eddie Albert,4,6.215449397538517e-06,0.0002820294237671193
Richard Beymer,4,1.9050663091939076e-05,0.00011992748545053758
Annie Parisse,4,1.3193654722718056e-05,0.003954666046635945
Ed Speleers,4,6.111151938028056e-06,0.003517333479505832
John Cassavetes,4,2.554890922315112e-05,0.00032630877577765195
Kate Walsh,4,2.5660696158385964e-06,0.005276333094782336
Glenn Howerton,4,5.44190026302325e-06,0.0004943783197732416
Jason George,4,9.862677034376754e-06,0.0012881457238593944
Todd Allen,4,4.6739346350241294e-05,0.002177686157787788
Erin Bethea,4,4.6739346350241294e-05,1.6541864268823678e-06
John Abraham,4,4.6739346350241294e-05,6.856190887883458e-06
Jessica Capshaw,4,2.2565668857990547e-05,0.0054609566850209726
Tobias Menzies,4,1.717050149498452e-05,0.0026455470975568413
Jamie Foreman,4,5.0038944680779934e-06,0.003914983291947992
Tania Saulnier,4,1.890986087069062e-05,0.005190985980936478
Clayne Crawford,4,4.161384927162077e-06,0.005702345471095534
Ed Skrein,4,6.436213909941338e-05,0.002157079696675251
Ryan Corr,4,5.737171283077798e-05,0.0014231279888361164
Eric McCormack,4,5.965344460047661e-06,0.0012576538323207326
Piper Mackenzie Harris,4,4.292778237616233e-06,0.000604551394848109
Rene Auberjonois,4,5.611991888440328e-06,0.0044065776231025445
William Katt,4,4.566358156800445e-06,0.001248518510976612
Priscilla Presley,3,1.5564420637314194e-06,0.0006952855825285138
Jackie Cooper,3,5.691297994506525e-07,0.0009437730316136734
Kath Soucie,3,6.923599364539148e-05,0.0005442778776804081
Ruth Sheen,3,0.0,0.0004271835666003675
Kerr Smith,3,1.895103535291368e-05,0.0005568516252947877
Ulrich Mühe,3,1.8939986120304024e-06,8.854834996191498e-05
Anders Holm,3,1.3362119212619949e-06,0.01320113683799656
Heather O'Rourke,3,2.2176654777473736e-06,0.0026229975474481725
Zelda Rubinstein,3,2.2176654777473736e-06,0.0026229975474481725
Hana Mae Lee,3,9.741946111824803e-08,0.004031295409213413
Preity Zinta,3,3.477407368457952e-05,7.966352462621713e-05
Ruth Negga,3,4.50911379757527e-07,0.0019368324882180674
Tom Welling,3,1.865494246127045e-07,0.002081664527278087
Louis Mandylor,3,1.1462491378832764e-06,0.0001076757179712408
Eric Johnson,3,5.46850352297823e-07,1.4364253133000282e-05
Billy West,3,2.3369673175120647e-05,0.0001281211115483324
Ben Cross,3,6.651871906583078e-07,0.002265981264351797
Peter Dante,3,6.151993102689371e-07,0.006405055513327102
Brian O'Halloran,3,2.8316933766207926e-06,0.0023989771174235605
Jacques Perrin,3,0.00023949241069863643,3.106255767973148e-06
Hye-jeong Kang,3,0.0,2.6963714083657655e-06
Michael Jordan,3,3.111222784441657e-07,0.010394241712795111
Dan Hicks,3,0.0,0.00023982247827739685
Roger Willie,3,7.404487893185966e-07,0.011993667760340294
Georgina Reilly,3,1.043400875043e-06,0.00021694824977691504
Christopher Abbott,3,0.0,0.0004080606694329295
Lucy,3,0.00011972283567614306,3.916072528569785e-06
Will Oldham,3,0.00011972283567614306,3.916072528569785e-06
Constance Wu,2,0.0,8.417510215327586e-05
Mel Eslyn,2,0.0,0.00040961074853481587
Stacy Edwards,2,0.0,3.955406360580264e-05
Jason Dixie,2,0.0,3.955406360580264e-05
Jordan Scovel,2,0.0,0.0004189869857222114
Patricia Raven,2,0.0,5.411930294529202e-05
Jemima Kirke,2,0.0,0.0003483787833169913
Joyce Randolph,2,0.0,1.548508981696124e-06
Tim Rose,2,0.0,0.00027840630542411317
Vanesa Tomasino,2,0.0,0.004157737885216278
Louis Jourdan,2,0.0,4.602880306887593e-06
Jeffrey Markle,2,0.0,0.00018363729525547033
Sofia Vassilieva,2,0.0,0.00018363729525547033
Richard Wilson,2,0.0,0.0004372036936889353
Andrew Simpson,2,0.0,0.00022905414911352984
Jake McDorman,2,0.0,0.0008955089359344163
Aretha Franklin,2,0.0,0.00019252336794581986
Ray Charles,2,0.0,0.00019252336794581986
Vauxhall Jermaine,2,0.0,5.9477728827578984e-05
Joie Lee,2,0.0,8.319535517005537e-05
Lisa Arnold,2,0.0,7.396358048142854e-08
Bari Hyman,2,0.0,0.00043675992039312586
Zoe Lister-Jones,2,0.0,0.00015579779934982353
Dirk Bogarde,2,0.0,9.693408488736403e-05
Wolfgang Preiss,2,0.0,9.693408488736403e-05
Oleg Taktarov,2,0.0,0.005052488296889112
Dominic Flores,2,0.0,0.000836573440535138
Fenella Woolgar,2,0.0,0.0005405468499048771
Katherine Parkinson,2,0.0,0.0005405468499048771
Carl Gilliard,2,0.0,8.246010156321696e-05
Suzie Plakson,2,0.0,8.246010156321696e-05
Michael Landes,2,0.0,0.00014562516665740356
Larry Hankin,2,0.0,0.0027096256054964423
Brad Leland,2,0.0,0.002169732970769937
Michael Rady,2,0.0,0.0023531217936169986
Christopher Webster,2,0.0,0.00012959005685753776
Peter McNicholl,2,0.0,0.00012959005685753776
Barret Oliver,2,0.0,0.0002499342117126799
Art Carney,2,0.0,1.548508981696124e-06
Monica Keena,2,0.0,0.0011720239029555603
Chelsea Field,2,0.0,7.285300813934215e-06
Jessica Wesson,2,0.0,7.285300813934215e-06
Ahney Her,2,0.0,0.0015039155023790188
DeVaughn Nixon,2,0.0,0.002845197854191069
Caroline Goodall,2,0.0,0.005452780028084617
Jamie Blackley,2,0.0,0.002396012789603391
Agnia Ditkovskite,2,0.0,0.004395137723239075
Igor Jijikine,2,0.0,0.004395137723239075
Mimi Kirkland,2,0.0,4.8003045738512174e-05
Noah Lomax,2,0.0,4.8003045738512174e-05
Omri Katz,2,0.0,0.0003040185152567222
Junix Inocian,2,0.0,0.0005123375080633571
Paul Barber,2,0.0,0.0005123375080633571
Martin Clunes,2,0.0,0.004037051458421323
David Harbour,2,0.0,0.005566276854786046
Talulah Riley,2,0.0,0.0004837086868530361
Richard Sammel,2,0.0,0.0007989381155579421
Tómas Lemarquis,2,0.0,0.0007989381155579421
Ava Acres,2,0.0,0.00039660014286743093
Sara Stewart,2,0.0,0.00039660014286743093
Liza Lapira,2,0.0,0.0005225171574436247
Charles Martin Smith,2,0.0,0.00901704711310984
Hugh O'Conor,2,0.0,0.0009355097735297917
Leslie Caron,2,0.0,0.0009355097735297917
John Sessions,2,0.0,0.005088901712394084
Enrique Iglesias,2,0.0,0.009748330137611656
Reginald VelJohnson,2,0.0,0.00888258236541559
Seth Meyers,2,0.0,0.011316109872708818
Gregory Itzin,2,0.0,0.004946909025288166
Pam Ferris,2,0.0,0.0008038190643481983
David Conrad,2,0.0,0.0011720239029555603
Kenneth Mitchell,2,0.0,0.0010220111897817352
Gloria Reuben,2,0.0,0.001590052700310163
Mia Sara,2,0.0,0.001590052700310163
Lee Remick,2,0.0,2.031235443491017e-06
Patrick Troughton,2,0.0,2.031235443491017e-06
Darcy Donavan,2,0.0,0.0073817627490391155
Rebecca Gayheart,2,0.0,0.001516925624713312
David O'Hara,2,0.0,0.007509654857004567
Kevin Breznahan,2,0.0,2.0336784097794356e-05
Paul F. Tompkins,2,0.0,2.0336784097794356e-05
Tyler Hilton,2,0.0,0.0006385300016258518
Kirk Acevedo,2,0.0,0.0002938877672566187
Deborah Twiss,2,0.0,0.0007688201774832455
Dilshad Vadsaria,2,0.0,0.0003463628558165931
Jeri Ryan,2,0.0,0.0031658712882455917
Simon Woods,2,0.0,0.0004837086868530361
Hannah Spearritt,2,0.0,0.004945656441606985
Angel Coulby,2,0.0,0.0012192774934526981
Jason Lewis,2,0.0,0.0012192774934526981
Scott Weinger,2,0.0,0.003914817826487989
R. Marcos Taylor,2,0.0,0.00038322934979769565
Nancy Cartwright,2,0.0,0.00043060757319201166
Evan Parke,2,0.0,0.009881122933244148
Gloria Stuart,2,0.0,0.006760971180850272
Gregory Alan Williams,2,0.0,0.0008695322049172864
Billy Aaron Brown,2,0.0,6.174026909289954e-05
DMX,2,0.0,0.0024764567096148805
Lucy Boynton,2,0.0,0.0011793803814980095
Daniel Cudmore,2,0.0,0.0033845316827358827
Charlie Talbert,2,0.0,0.006293056108394808
Demetri Martin,2,0.0,0.0011221634246794878
Eddie Cahill,2,0.0,0.0010220111897817352
Patrick Lyster,2,0.0,2.5685585517982632e-05
Tyrone Keogh,2,0.0,2.5685585517982632e-05
Jemima West,2,0.0,0.0021427424340512563
Chiara Caselli,2,0.0,0.0028425640763481454
Aaron Staton,2,0.0,0.0038229092547822706
Eric Cantona,2,0.0,0.0003077976543289134
Fanny Ardant,2,0.0,0.0003077976543289134
James Whitmore,2,0.0,0.00010056873947789116
Richard Anderson,2,0.0,0.00010056873947789116
Victoria Beckham,2,0.0,0.00448515797607637
Kylie Bunbury,2,0.0,0.0005857426941277612
Milos Forman,2,0.0,0.0007366861320476059
Bradley Pierce,2,0.0,0.003965591402974343
David Julian Hirsh,2,0.0,6.786908788829813e-06
Jennifer Hall,2,0.0,6.786908788829813e-06
Stark Sands,2,0.0,0.00034453370073993564
Terence Maynard,2,0.0,0.00034453370073993564
Lynda Boyd,2,0.0,0.009327964530609346
Atom Egoyan,2,0.0,0.0006495478339284788
Richard Roundtree,2,0.0,0.0010471406888524458
Saïd Taghmaoui,2,0.0,0.0001440331896159636
Bill Paterson,2,0.0,0.0011793803814980095
Cjon Saulsberry,2,0.0,0.00042615673177672143
Griffin Cleveland,2,0.0,0.00042615673177672143
James Read,2,0.0,0.00011891731363453636
Taron Egerton,2,0.0,0.005139416776452997
Don McManus,2,0.0,0.0039008168602295565
Toby Leonard Moore,2,0.0,2.9956791049658326e-05
Jaycee Chan,2,0.0,0.0004233900709727817
Louise Bourgoin,2,0.0,3.2438704942305623e-06
Kathy Baker,2,0.0,0.003131188164379762
Jacki Weaver,2,0.0,0.0010463369991667408
Aisha Hinds,2,0.0,0.002609320943688526
Drea de Matteo,2,0.0,0.0008243794494772967
Hugh Dillon,2,0.0,0.0008243794494772967
Delphine Chanéac,2,0.0,0.0007223957875481538
Jordan Prentice,2,0.0,0.0008817689807412478
Lobo Sebastian,2,0.0,0.00028205489878756077
Robert Costanzo,2,0.0,0.00028205489878756077
Zena Grey,2,0.0,0.002362781843017177
Jacob Young,2,0.0,2.6823228443345434e-05
Timothy Bottoms,2,0.0,2.6823228443345434e-05
Tara Fitzgerald,2,0.0,0.0018241231277177335
Texas Battle,2,0.0,4.417927236584074e-05
Christiana Leucas,2,0.0,0.0004511920645681773
James Burnett,2,0.0,0.0004511920645681773
Munro Chambers,2,0.0,0.009638383671323247
Steve Railsback,2,0.0,3.3685431180013034e-05
Marco Treviño,2,0.0,0.0003944757959048125
Peter Kwong,2,0.0,0.0007825704165527496
Alice Pol,2,0.0,6.801654240310777e-05
Malonn Lévana,2,0.0,6.801654240310777e-05
James Patrick Stuart,2,0.0,0.0013250807727356265
Daniel Lapaine,2,0.0,1.310675997668922e-05
Tom Amandes,2,0.0,1.310675997668922e-05
Madison Davenport,2,0.0,0.0008870639152815668
Natasha Calis,2,0.0,0.0008870639152815668
Rhys Coiro,2,0.0,0.0018022469937549392
Brian Bosworth,2,0.0,6.429486257949583e-05
Jacob Pitts,2,0.0,0.0049769392900041905
Amanda Tilson,2,0.0,0.0008263011177074739
Sergio Calderón,2,0.0,0.0001331789962508454
Dave Annable,2,0.0,0.0019654992024067423
Cheri Oteri,2,0.0,0.0003810823534100408
Graham Beckel,2,0.0,0.000169466331495314
Kirk Baltz,2,0.0,0.000169466331495314
Richard Gant,2,0.0,6.429486257949583e-05
Donovan Scott,2,0.0,8.368498289642278e-06
Ted Wass,2,0.0,8.368498289642278e-06
Kaylee DeFer,2,0.0,0.0016000892593024281
Craig Hall,2,0.0,0.004898115285365065
Joe Pingue,2,0.0,7.980864143625468e-06
Yûsuke Iseya,2,0.0,7.980864143625468e-06
Julie Adams,2,0.0,0.0047855484750223285
Aidan McArdle,2,0.0,0.0003960189469118327
Chris Parnell,2,0.0,0.0010803617842911732
Jorma Taccone,2,0.0,0.0010803617842911732
Devon Murray,2,0.0,0.0012058003920850844
Patrick St. Esprit,2,0.0,0.0025227623370081722
Bernardo Saracino,2,0.0,6.728151182586828e-05
Facundo Lombard,2,0.0,0.00017293997621897536
Sanoe Lake,2,0.0,0.0011027742610540318
Christian Stolte,2,0.0,0.004113754953084949
Danny Rhodes,2,0.0,0.004113754953084949
Megan Franich,2,0.0,0.0005532291870823645
Richard Dawson,2,0.0,0.0009180309126222517
Gilles Lellouche,2,0.0,0.00012602557776696463
Gil Birmingham,2,0.0,0.0006751523776610846
Siu-Wong Fan,2,0.0,0.00014450555827885374
Wai-Keung Lau,2,0.0,0.00014450555827885374
Kevin Williamson,2,0.0,0.002446334457638513
Jasika Nicole,2,0.0,0.0016001857152762944
Katie Lowes,2,0.0,0.004249753206745957
Huell Howser,2,0.0,0.00020231040007673292
Robert Lopez,2,0.0,0.00020231040007673292
Tim Holmes,2,0.0,0.015873812000127396
Peter Sallis,2,0.0,0.0002892706358922819
Nellie McKay,2,0.0,0.004302737673786741
Luisa Ranieri,2,0.0,0.0016343170443566255
Marcia DeBonis,2,0.0,0.0016343170443566255
Lolita Davidovich,2,0.0,0.0007961085359567313
Kelly Brook,2,0.0,0.0022608083749990977
A.J. Langer,2,0.0,0.002292734086349742
Clive Revill,2,0.0,0.0001515044289628384
Kenneth Williams,2,0.0,0.0001515044289628384
Derek Graf,2,0.0,0.006469975878388237
Anthony Daniels,2,0.0,0.003337849461859181
James Tupper,2,0.0,0.0003960189469118327
Liya Kebede,2,0.0,0.0006758472258882582
Sean Buchanan,2,0.0,0.0006758472258882582
Ken Takakura,2,0.0,0.0028177239696692458
Matt Letscher,2,0.0,0.005717951002914785
Dell Yount,2,0.0,0.002042148279298176
June Squibb,2,0.0,0.0013917815631164726
Tracie Thoms,2,0.0,0.008331522291980215
Bonnie Somerville,2,0.0,0.0002378448998409809
Audrey Fleurot,2,0.0,0.001079744362114684
Raphael Sbarge,2,0.0,0.0034175113088862094
Brenda Song,2,0.0,0.00077425922896181
Jessica Bowman,2,0.0,0.002042148279298176
Keeley Hawes,2,0.0,0.0004596067422009688
Oliver Stark,2,0.0,0.0004596067422009688
Ian Hart,2,0.0,0.0005100710675707368
Harry Shearer,2,0.0,0.0035471217485869943
Jennifer Schwalbach Smith,2,0.0,0.00024339571770500302
Geraldine McEwan,2,0.0,0.0002892706358922819
Dillon Casey,2,0.0,0.0019067737160226958
Lucas Bryant,2,0.0,0.0019067737160226958
Carel Struycken,2,0.0,0.0006931470128824316
Rodger Bumpass,2,0.0,0.0058448807203747575
Bern Cohen,2,0.0,0.002582876185375796
Yetta Gottesman,2,0.0,0.002582876185375796
Casey Kasem,2,0.0,0.000387735359796173
Chris Lowell,2,0.0,0.008484868392557618
Howard Hesseman,2,0.0,0.0013917815631164726
Roger Lloyd Pack,2,0.0,8.155332118907556e-05
Alexandra Silber,2,0.0,2.97683721296716e-06
Kim Thomson,2,0.0,2.97683721296716e-06
Theresa Randle,2,0.0,0.0020573208212644562
O.J. Simpson,2,0.0,0.00022457055952287714
Catherine Dent,2,0.0,0.0038268072826685992
Marc Anthony,2,0.0,0.003228025637074124
Taika Waititi,2,0.0,0.002321194267884578
Rollo Weeks,2,0.0,0.0003879218435956395
Jean Louisa Kelly,2,0.0,0.0007188741424100092
Doug Cockle,2,0.0,0.004911071339574516
Brian McNamara,2,0.0,0.0002963608451582472
Chita Rivera,2,0.0,0.000801108994508561
Colleen Haskell,2,0.0,0.0004255534708064467
Ray McKinnon,2,0.0,0.00032225177995119094
Shane Brolly,2,0.0,0.00018173107580673193
Julian Fellowes,2,0.0,0.006443242246442287
Charles Keating,2,0.0,0.0005718923587391354
James Bolam,2,0.0,0.0005100710675707368
Benoît Poelvoorde,2,0.0,0.00014715166409657145
Marie Gillain,2,0.0,0.00014715166409657145
Gaye Brown,2,0.0,5.494898914835353e-05
Aries Spears,2,0.0,0.0020786780300614933
Jeremy Kemp,2,0.0,5.048400528197883e-05
Danny Nucci,2,0.0,9.474649221236832e-05
Michael DeLorenzo,2,0.0,9.47464922123683e-05
Pat Hingle,2,0.0,0.0034562219688001367
Mike Doyle,2,0.0,0.0009023139231517532
Rock Hudson,2,0.0,5.048400528197883e-05
Amidou,2,0.0,9.359394546299482e-07
Joe Spinell,2,0.0,9.359394546299482e-07
Fabrice Luchini,2,0.0,9.289894590878708e-05
Dendrie Taylor,2,0.0,0.0071143313545755735
Alessandra Mastronardi,2,0.0,0.0001995766485904422
Joan Rivers,2,0.0,0.00014719027105301608
Cem Yilmaz,2,0.0,6.627209912692607e-05
Phil Leeds,2,0.0,0.004240851218064905
Debra Monk,2,0.0,0.006265589947211238
Ryan Kruger,2,0.0,0.00018672601708757898
Susanne Lothar,2,0.0,0.0037136369177805753
Steve Bannos,2,0.0,0.0002912782097589759
Matt Hill,2,0.0,0.00014575745940745231
DeWayne Warren,2,0.0,0.004232968315231937
Matt Schulze,2,0.0,0.004961698295894407
Leslie Hope,2,0.0,0.002491276596326497
Sarah Wynter,2,0.0,0.0003629999640453814
Joseph Mascolo,2,0.0,3.1040282130298113e-06
Ali Hillis,2,0.0,0.0006110267201162057
Aml Ameen,2,0.0,5.023241572580357e-05
Jacob Latimore,2,0.0,5.023241572580357e-05
Grigoriy Dobrygin,2,0.0,4.966778091407058e-06
Pawel Szajda,2,0.0,4.966778091407058e-06
Kyle Gass,2,0.0,2.319881139367539e-05
Neil Diamond,2,0.0,2.319881139367539e-05
Tiago Riani,2,0.0,0.0006009067457508416
Fana Mokoena,2,0.0,2.5685585517982632e-05
Tony Kgoroge,2,0.0,2.5685585517982635e-05
Dato Bakhtadze,2,0.0,6.2998439368323415e-06
Hayley McFarland,2,0.0,0.0018153609193438697
Nick Krause,2,0.0,0.0004726000577182098
Ski Carr,2,0.0,0.0007764806058717757
Zane Holtz,2,0.0,0.0007764806058717757
Melissa Ordway,2,0.0,0.001320520558729635
Jason Weaver,2,0.0,0.0005539538233644627
Fernando Rey,2,0.0,1.95949302334341e-06
Tony Lo Bianco,2,0.0,1.95949302334341e-06
Ornella Muti,2,0.0,0.0001995766485904422
Kenneth Colley,2,0.0,0.001521831422749677
Veronika Vernadskaya,2,0.0,6.2998439368323415e-06
Chris Ellis,2,0.0,0.0032689788077976704
Ray Nicholas,2,0.0,0.0009601929979096615
Maurice Compte,2,0.0,0.0011581160164386812
Jade Kindar-Martin,2,0.0,0.002677399327214858
Soleyman Pierini,2,0.0,0.002677399327214858
Lee Arenberg,2,0.0,0.00044629488586000137
Warren Brown,2,0.0,0.0006824662983894065
Rie Rasmussen,2,0.0,0.00017411861649039532
Isabelle Carré,2,0.0,0.00015769627202970516
Charles Mesure,2,0.0,1.633513688178681e-05
Skye McCole Bartusiak,2,0.0,1.633513688178681e-05
Ken Sansom,2,0.0,6.251530547253062e-05
June Diane Raphael,2,0.0,0.004135908979899143
Hudson Leick,2,0.0,0.00033542916999302117
Sami Gayle,2,0.0,0.003709675906596971
Hayley Lovitt,2,0.0,0.0006009067457508417
Richard Lawson,2,0.0,0.00015202669394664324
Alex Winter,2,0.0,0.003925991726385365
Noel Clarke,2,0.0,0.003059535486866521
Lester Speight,2,0.0,0.0021433126988210337
Cariba Heine,2,0.0,0.00013262470066820935
Richard Brancatisano,2,0.0,0.00013262470066820935
Lysette Anthony,2,0.0,0.005358011863977712
Christopher Rich,2,0.0,6.556253832171035e-05
Dann Florek,2,0.0,6.556253832171035e-05
Yvette Mimieux,2,0.0,0.0007812969573533455
Anneliese van der Pol,2,0.0,0.0005061104079002409
Dermot Crowley,2,0.0,0.007723536293018646
Phil Collins,2,0.0,0.0018364147752043627
Jason Behr,2,0.0,0.0046743800189846495
Shawn Doyle,2,0.0,0.0009286530010173298
Lela Rochon,2,0.0,0.0009601929979096615
María Botto,2,0.0,2.3969441989894678e-06
Francesca Rettondini,2,0.0,0.0002347651800301742
Eros Vlahos,2,0.0,0.00047861764198618256
Pip Torrens,2,0.0,0.004892202476252591
Richard Thomas,2,0.0,0.00587548531329386
Marion Ross,2,0.0,0.0008562153119083328
Michael Beach,2,0.0,0.00023101308058372022
Michael Mosley,2,0.0,0.00024962891988662006
Lucy Gordon,2,0.0,0.0024843893515613777
Jeff Perry,2,0.0,0.004901479871602368
Jesper Christensen,2,0.0,0.003936158650956726
Romi Aboulafia,2,0.0,0.003936158650956726
Aryana Engineer,2,0.0,0.0018477263214768068
David Mann,2,0.0,2.843354169599864e-05
Brian d'Arcy James,2,0.0,0.0009948157200880727
Jamey Sheridan,2,0.0,0.0009948157200880727
Jake Short,2,0.0,0.0015111386891385106
Hiam Abbass,2,0.0,3.337632973246063e-05
Colin Stinton,2,0.0,0.007818536692347482
Kevin Peter Hall,2,0.0,0.0007767857134732123
Jesse Tyler Ferguson,2,0.0,0.0010811992160645809
Sam J. Jones,2,0.0,0.0014860713433257904
Leon Rippy,2,0.0,0.003543461110809182
Samira Wiley,2,0.0,0.0001975761751977002
Sheryl Lee,2,0.0,0.0008666010156983974
John Gavin,2,0.0,0.0001500617601879375
Riki Lindhome,2,0.0,0.0005319559512547415
Billy Barty,2,0.0,0.0007526318769978058
Harriet Walter,2,0.0,0.007723536293018646
Jeremy Shada,2,0.0,0.0001801101922237667
Keram Malicki-Sánchez,2,0.0,1.6911416682732313e-07
Marisa Saks,2,0.0,0.001303899333596897
Jamie Hector,2,0.0,0.0030913694457377233
Kirsten Day,2,0.0,0.0006517604771612323
Joyce Van Patten,2,0.0,6.081244847257701e-05
Tatum O'Neal,2,0.0,6.081244847257701e-05
Ed Stoppard,2,0.0,3.364183112304413e-05
Emilia Fox,2,0.0,3.364183112304413e-05
Zak Orth,2,0.0,0.00017909305485754335
Bernie Sanders,2,0.0,0.00014530793728245324
Ronald Reagan,2,0.0,0.00014530793728245324
Carroll Baker,2,0.0,0.001633229083006725
Jason Beghe,2,0.0,0.00012193730297221861
Margaret Cho,2,0.0,0.00012193730297221861
Toby Hemingway,2,0.0,0.0003271260082445543
John Patrick Amedori,2,0.0,0.0036335569113776583
Dequina Moore,2,0.0,0.0001329367526126846
Jordan Carlos,2,0.0,0.0001329367526126846
Nick Gomez,2,0.0,0.00032672920703437645
Taylor Cole,2,0.0,0.00032672920703437645
Don Stark,2,0.0,0.00043684523048923934
Dustin Nguyen,2,0.0,0.00043684523048923934
Sarah Solemani,2,0.0,0.0023792125170467183
David Ramsey,2,0.0,0.003255173340375706
Jeff DeRocker,2,0.0,0.0014309122916199436
Gigi Rice,2,0.0,3.3236367921730434e-05
Susie Essman,2,0.0,3.3236367921730434e-05
Matt McCoy,2,0.0,0.0034411928440743387
John Wood,2,0.0,0.0022312661797984534
Jan Hooks,2,0.0,0.0027379578282699575
Mustafa Haidari,2,0.0,1.4938871091389519e-06
Jaymes Butler,2,0.0,0.002899401684030864
Al Freeman Jr.,2,0.0,0.0061014886875261805
Mackenzie Aladjem,2,0.0,0.00018423424044930104
Craig Parker,2,0.0,0.0002021760863983647
Victor Webster,2,0.0,0.0012488804349408732
Ricardo Montalban,2,0.0,4.200227897229121e-08
Sammy Davis Jr.,2,0.0,4.200227897229121e-08
Martin Dew,2,0.0,1.6898383875938208e-07
Serena Scott Thomas,2,0.0,1.6898383875938208e-07
Caity Lotz,2,0.0,0.0006301171052312388
Chriss Anglin,2,0.0,0.00020224878755215436
Marko Zaror,2,0.0,0.001326829254307034
Jackie Burroughs,2,0.0,0.000549912729924614
Lorna Raver,2,0.0,0.00037022777115045934
Jacky Ido,2,0.0,0.000750579417667362
Sam Lerner,2,0.0,0.000974901940614839
James Callis,2,0.0,4.99925522960661e-07
Rebecca Mader,2,0.0,0.008786838753082338
Amy Schumer,2,0.0,0.0004295782518816366
Josh Segarra,2,0.0,0.0004295782518816366
Nicole Sullivan,2,0.0,0.0011386488051072655
Sherri Shepherd,2,0.0,0.0011386488051072655
Charlie Saxton,2,0.0,0.00023588182341135707
Tyrone Benskin,2,0.0,0.006278848243615304
Caitlyn Jenner,2,0.0,0.000398189001681117
Randy Jones,2,0.0,0.000398189001681117
Brent Anderson,2,0.0,5.937959120957942e-05
Donny Boaz,2,0.0,5.937959120957942e-05
Damon Wayans,2,0.0,0.0007119230616333466
Jordan Lund,2,0.0,0.0012037844360914905
Amanda Wyss,2,0.0,0.017325101230934527
Anne Parillaud,2,0.0,0.003447415019323125
Judith Godrèche,2,0.0,0.003447415019323125
Melvil Poupaud,2,0.0,0.012101943204860606
Rosalind Ayres,2,0.0,0.0006923785841167593
Jack McGraw,2,0.0,7.942326016029211e-05
Peter Sohn,2,0.0,7.942326016029211e-05
Taylor Blackwell,2,0.0,0.010417196817724982
Colin O'Donoghue,2,0.0,0.006191834262483749
Mason Gamble,2,0.0,0.0010304278679666053
Omid Abtahi,2,0.0,0.00039887728138865094
Pierfrancesco Favino,2,0.0,0.001543394539237592
Nicole Scherzinger,2,0.0,0.0022922711962357874
Adam Brown,2,0.0,0.0011445406641224776
Marie-Anne Chazel,2,0.0,1.0811451928729836e-07
Lynn Hung,2,0.0,0.0003271443608910926
Catherine Dyer,2,0.0,0.0004246452653408027
Reginald Ballard,2,0.0,0.0031446499521752833
Bruce Green,2,0.0,0.008032130974831138
Anthony Simcoe,2,0.0,0.0028943924569261262
Christopher James Baker,2,0.0,0.0028943924569261262
Michael Roark,2,0.0,0.010417196817724982
Laura-Leigh,2,0.0,0.0008768964185002314
Barbara Carrera,2,0.0,2.453416532360698e-05
Bernie Casey,2,0.0,2.453416532360698e-05
Tom Conti,2,0.0,0.002511148149130105
Andy On,2,0.0,8.52898061028964e-05
Alan David,2,0.0,0.0019409556730804172
Michael Spears,2,0.0,0.000756161920351884
Joe Turkel,2,0.0,0.0001689200173099606
J.J. Cohen,2,0.0,0.0007464611533595637
Guang Li,2,0.0,0.0013417288132411558
Matthew Walker,2,0.0,0.0013417288132411558
Garrett Clayton,2,0.0,0.0015443365495125948
Toni Braxton,2,0.0,0.0015443365495125948
David Walliams,2,0.0,0.0010912908004325433
Ryan Cartwright,2,0.0,0.0010912908004325433
Maggie Siff,2,0.0,0.0018553532426380669
Nick Robinson,2,0.0,0.0018553532426380669
Kelli Barrett,2,0.0,7.345332999782303e-05
David Agranov,2,0.0,4.8993947165141325e-05
David Moscow,2,0.0,4.8993947165141325e-05
Terence Yin,2,0.0,8.528983403136883e-05
Sophie Nélisse,2,0.0,0.0012401516178520793
Mel Ferrer,2,0.0,4.467162602603553e-05
Stephen Boyd,2,0.0,4.467162602603553e-05
Dante Brown,2,0.0,0.001231419758525155
Laura Spencer,2,0.0,0.0001437363742487754
Ewen Solon,2,0.0,0.0002227907521239123
George Coulouris,2,0.0,0.0002227907521239123
Owen Burke,2,0.0,0.0022639892724932186
Elvis Tsui,2,0.0,0.0001823566641976038
Hye-kyo Song,2,0.0,0.0001823566641976038
D.B. Woodside,2,0.0,0.00023460394468692008
Ljubomir Kerekes,2,0.0,9.518080023230663e-05
Zan Marolt,2,0.0,9.518080023230663e-05
Arliss Howard,2,0.0,6.1992250534036646e-06
Brooklynn Proulx,2,0.0,6.1992250534036646e-06
Michael Hitchcock,2,0.0,0.0004507011567841412
Sean Maher,2,0.0,0.0004507011567841412
Angelica Lee,2,0.0,1.7063954464124683e-07
JR Bourne,2,0.0,0.004476246312263759
Bree Turner,2,0.0,0.0013347568019702806
Eric Mendenhall,2,0.0,3.581751917325658e-06
Hope Olaide Wilson,2,0.0,3.581751917325658e-06
Matthew Glave,2,0.0,0.0008829433574646463
Richard Masur,2,0.0,0.00029946946610702035
Troy Garity,2,0.0,0.0021103570129931827
John Gatins,2,0.0,0.00015032225596465734
Lou Saliba,2,0.0,0.00015032225596465734
Kelly Ripa,2,0.0,0.0010359395744109288
Jasmine Trinca,2,0.0,0.002288219340263209
Ashley Walters,2,0.0,0.001516603383527733
Collins Pennie,2,0.0,0.0004921604923869733
Mario Monicelli,2,0.0,6.642478586781655e-05
Andrew Dice Clay,2,0.0,0.0004601495850015657
Christian Clemenson,2,0.0,5.726741287745279e-06
David Alan Basche,2,0.0,5.726741287745279e-06
Christian Monzon,2,0.0,0.0009486866025523369
Tracy Letts,2,0.0,0.0023175688921159543
Pedro Miguel Arce,2,0.0,0.00037078205407271864
Oscar Gale,2,0.0,0.011555291206916079
Courtney Gains,2,0.0,0.0018077176658802816
Grace Jones,2,0.0,0.0008449794073980868
Bobbie Phillips,2,0.0,0.0004752947319294859
Lauren Lee Smith,2,0.0,0.004366817994451152
Oaklee Pendergast,2,0.0,0.00241460346484391
Richard Epcar,2,0.0,0.000563858136284162
Bob Saget,2,0.0,0.0003504523965195412
Ethan Stiefel,2,0.0,4.246794113413149e-05
Susan May Pratt,2,0.0,4.246794113413149e-05
Timothée Chalamet,2,0.0,0.0026554001566604832
Kevin G. Schmidt,2,0.0,0.0023574255417127
Marie Avgeropoulos,2,0.0,0.0009883168855710956
Michael Horse,2,0.0,0.0004374586966636444
Joey Fatone,2,0.0,3.951134746862662e-05
Fran Kranz,2,0.0,0.0006283057301089366
Shane Black,2,0.0,0.0006541053052546544
Marco Hofschneider,2,0.0,0.002047837795124763
Andrea Frankle,2,0.0,0.0005100710675707368
William Ragsdale,2,0.0,0.0005100710675707368
Lillo Brancato,2,0.0,0.0004713223502767101
Jaleel White,2,0.0,0.004186255992988585
Jesse James,2,0.0,0.0002828625676974934
Jacqueline MacInnes Wood,2,0.0,0.00023612134040913857
Thomas Horn,2,0.0,0.0028558307955404067
Rebecca Budig,2,0.0,8.20767070488727e-05
Frankie Valli,2,0.0,0.0005542950434766203
Kellie Martin,2,0.0,0.0009089283104284541
Karen Young,2,0.0,4.447433952772538e-05
Hulk Hogan,2,0.0,5.9995728855595666e-05
Nicollette Sheridan,2,0.0,5.9995728855595666e-05
Martin Balsam,2,0.0,0.001267448443854192
Dan Bakkedahl,2,0.0,0.0005810807275677989
Deneen Tyler,2,0.0,0.00027722282200461594
Joy Bryant,2,0.0,0.00027722282200461594
Beau Garrett,2,0.0,0.0012772327232117777
José Wilker,2,0.0,0.000243112862466268
Sean Connery,2,0.0,0.000243112862466268
Jonathan Hyde,2,0.0,0.0002840924645946718
Julene Renee,2,0.0,7.329598410660827e-05
Tom Virtue,2,0.0,7.329598410660827e-05
Michael Beck,2,0.0,6.0005577464371235e-05
Suzie Steen,2,0.0,0.0014256152357646232
Sam Reid,2,0.0,0.003079986162831977
Anna Harr,2,0.0,0.00013635262189820146
John McMartin,2,0.0,1.8147659398168786e-05
Angela Bettis,2,0.0,0.0020697614283678154
Carlease Burke,2,0.0,1.9291946546606058e-05
Valerie Perri,2,0.0,1.9291946546606058e-05
Simón Andreu,2,0.0,2.473740360246363e-07
Sam Jaeger,2,0.0,0.00039546232485577213
Margarita Levieva,2,0.0,0.004117570957476627
Jonathan Morgan Heit,2,0.0,0.0010287458333102112
Paul Scheer,2,0.0,0.0010287458333102112
Dalia Hernández,2,0.0,1.744949186129846e-05
Jonathan Brewer,2,0.0,1.744949186129846e-05
John Amplas,2,0.0,4.306968337847524e-05
Joseph Pilato,2,0.0,4.306968337847524e-05
Kevork Malikyan,2,0.0,0.0006816565999598459
Brigitte Nielsen,2,0.0,0.00017992663864747037
Vondie Curtis-Hall,2,0.0,7.996082585196154e-05
Albert Salmi,2,0.0,0.0005245641392011415
Ralph Richardson,2,0.0,0.0005245641392011415
Kerry Condon,2,0.0,0.0003199977791810261
Khulan Chuluun,2,0.0,0.0002911842846388211
Owain Yeoman,2,0.0,4.580829931808081e-05
Jane Curtin,2,0.0,0.00983439463449771
Cheryl Penland,2,0.0,5.21189882039496e-05
Jay O. Sanders,2,0.0,5.21189882039496e-05
Casper Crump,2,0.0,0.0054107458878759835
Kiran Shah,2,0.0,0.003963369460285075
Marisol Nichols,2,0.0,0.0024731553488291542
Erik Knudsen,2,0.0,0.0005094049885004447
Adam Boyer,2,0.0,0.0003099217229195094
Malika,2,0.0,0.0003099217229195094
Ben Platt,2,0.0,0.002080894662390437
Megyn Price,2,0.0,0.0004112978590721685
James Cullen Bressack,2,0.0,0.00013635262189820146
Nick Cassavetes,2,0.0,0.0019386262881616186
Katharina Schüttler,2,0.0,0.0015749133467324317
Nora von Waldstätten,2,0.0,0.0015749133467324317
Marcella Lentz-Pope,2,0.0,0.0006609888512368642
Beau Mirchoff,2,0.0,0.0010815006604048677
Kelly Rutherford,2,0.0,2.9254775463820576e-05
Jason Douglas,2,0.0,0.002166502268994684
Jake Wood,2,0.0,0.007423309576076131
Tippi Hedren,2,0.0,0.00016614922518734442
Brenda Fricker,2,0.0,0.00010269867508360903
David Murray,2,0.0,0.00010269867508360903
Carlos Bardem,2,0.0,0.001987072659742582
Chris Andrew Ciulla,2,0.0,0.002281584277094456
Mary Mouser,2,0.0,0.0002786676896403756
Griffin Dunne,2,0.0,0.0007755293298596537
Eric Sykes,2,0.0,0.0002864444466194382
Carrie Henn,2,0.0,0.0005695289182368159
Patrick Gallagher,2,0.0,0.0019942991212735235
Chris Moss,2,0.0,4.580829931808082e-05
Mandy Gonzalez,2,0.0,6.335704229686537e-05
JoBeth Williams,2,0.0,0.001816528403096155
William Zabka,2,0.0,0.0007186516690612651
Bruce Campbell,2,0.0,0.0014469961818400641
Jeffrey Weissman,2,0.0,0.0014929223067191274
Dan Bilzerian,2,0.0,3.1450638896488034e-05
Danny Strong,2,0.0,0.00014684721378384701
Samm Levine,2,0.0,0.00014684721378384701
Gretchen Palmer,2,0.0,0.00017071545288668843
Harley Jane Kozak,2,0.0,0.00017071545288668843
Mark Walters,2,0.0,0.002042148279298176
Ron Lester,2,0.0,0.002042148279298176
Caroll Spinney,2,0.0,0.0006038172264527962
Kevin Clash,2,0.0,0.0006038172264527962
Elizabeth Blackmore,2,0.0,0.00010073841055800764
Rosie O'Donnell,2,0.0,0.002947290591122087
Jessika Van,2,0.0,0.0003201919306068078
Slash,2,0.0,4.9173770783290145e-05
Jared Burke,2,0.0,0.0032298313635275083
Bob Hastings,2,0.0,5.820690395539641e-06
Evan Jones,2,0.0,0.001127218674245277
Lara Pulver,2,0.0,0.004658795881107607
Rick Aviles,2,0.0,0.00031834833873059694
William Xifaras,2,0.0,0.0026184127098656668
Charice,2,0.0,0.0027230190129593473
David Eigenberg,2,0.0,0.001547855339447487
Joe Cornish,2,0.0,2.1433065447909207e-05
Laurence Fox,2,0.0,0.004736371021984196
Mélissa Theuriau,2,0.0,1.1883096285129431e-06
Youssef Hajdi,2,0.0,1.1883096285129431e-06
J. Smith-Cameron,2,0.0,6.335704229686537e-05
Ruby Jerins,2,0.0,0.0018597742247633924
Shannon Tweed,2,0.0,0.0022722014906571384
Togo Igawa,2,0.0,0.0002326273518960262
Julia Nickson,2,0.0,0.0032502312365557664
Rob Brown,2,0.0,0.0011137191997461625
Valerie Tian,2,0.0,0.00011362520118091935
Julia Sawalha,2,0.0,0.0022536257694509747
Robin Weigert,2,0.0,0.0010480292245220546
Michel Galabru,2,0.0,6.803620830086069e-05
Emily Alyn Lind,2,0.0,3.866581393594005e-05
Ivan Sergei,2,0.0,0.00028728189404119087
Conrad Kemp,2,0.0,0.00276202766195035
Rachel Brosnahan,2,0.0,0.00828641685708686
Finn Ireland,2,0.0,0.00023946650455425713
Vincent Walsh,2,0.0,0.00023946650455425713
Ivana Baquero,2,0.0,6.743702733110804e-05
Adrien Dorval,2,0.0,0.000555055130755028
Nels Lennarson,2,0.0,0.000555055130755028
Man Li,2,0.0,4.975495380848633e-05
James With,2,0.0,0.003228025637074124
Adrian Pasdar,2,0.0,0.0048325557721293514
Pei-Pei Cheng,2,0.0,9.930294645727464e-06
Sihung Lung,2,0.0,9.930294645727464e-06
Ara Celi,2,0.0,0.003326668679410638
Hugh O'Brian,2,0.0,0.00120437906440923
Allen Leech,2,0.0,0.001991232824290565
Isabelle Nélisse,2,0.0,1.9912024362061564e-05
Megan Charpentier,2,0.0,1.9912024362061564e-05
Gustaf Skarsgård,2,0.0,0.0002652886514367498
Tsianina Joelson,2,0.0,0.000515918077720849
Cynthia Stevenson,2,0.0,0.007337276165684632
Don Pardo,2,0.0,0.0016834195222913536
Valerie Cruz,2,0.0,9.611375190155234e-05
Will Beinbrink,2,0.0,9.611375190155234e-05
Ben Miller,2,0.0,0.0006640641973031544
Natalie Imbruglia,2,0.0,0.0006640641973031544
T.V. Carpio,2,0.0,0.001415274063021964
Joe Komara,2,0.0,0.006760971180850272
Glenn Shadix,2,0.0,0.0018516252555001904
Jessica Raine,2,0.0,0.0013536579541541909
Tessa Thompson,2,0.0,0.0009216947264370129
Adam Lamberg,2,0.0,0.00046576875895898916
Clayton Snyder,2,0.0,0.00046576875895898916
JoAnna Garcia Swisher,2,0.0,0.002197311237113117
Tanya van Graan,2,0.0,0.00276202766195035
Charles Aznavour,2,0.0,2.986373080751569e-06
David Alpay,2,0.0,2.986373080751569e-06
William Shockley,2,0.0,0.0012065562640115463
Luke Benward,2,0.0,0.00017504393345216688
Emilio Estefan Jr.,2,0.0,0.00332462021215772
Lucille Ball,2,0.0,0.00031279763691284903
James Tumminia,2,0.0,0.0034973350624658145
Alice Englert,2,0.0,0.00024027856441253807
Jin Akanishi,2,0.0,0.0037712473596422493
Robin Sachs,2,0.0,0.0035035952492851992
Eric Jacobson,2,0.0,0.0015364962028216352
Nina Hartley,2,0.0,0.0014773826617694398
Joss Ackland,2,0.0,0.0006230079126703839
Joey Lawrence,2,0.0,0.001257335880943413
Firass Dirani,2,0.0,6.647252210005232e-05
Georgina Cates,2,0.0,6.545219450687757e-06
Grasie Mercedes,2,0.0,6.545219450687757e-06
Sylvia Syms,2,0.0,0.00022219320272377218
Vincent Kartheiser,2,0.0,0.002741993468136176
Nina Hoss,2,0.0,0.00423384648424093
Billy Blair,2,0.0,0.002242303364160894
Julia Jones,2,0.0,0.002242303364160894
Pamela Anderson,2,0.0,0.00036042333107439616
Wendy Raquel Robinson,2,0.0,0.00021780075696657683
Larry Mullen Jr.,2,0.0,2.201014853976024e-06
The Edge,2,0.0,2.201014853976024e-06
Adam Copeland,2,0.0,0.000417136978132413
Adrian Paul,2,0.0,0.000417136978132413
Sandra Nelson,2,0.0,0.0007089257620215926
Kyla Pratt,2,0.0,0.00014953885038664977
Shirley Douglas,2,0.0,0.00014953885038664977
Martha MacIsaac,2,0.0,0.006496578262982435
André the Giant,2,0.0,0.003241476636168327
Russ Tamblyn,2,0.0,0.0029686746410270324
Kali Rocha,2,0.0,0.0006703265287697126
Douglas Haase,2,0.0,8.766286943128767e-05
Keith Hudson,2,0.0,0.0025521653001273716
Alissa Dean,2,0.0,0.00041836229887148933
George Cole,2,0.0,0.004791682893148053
Estelle Parsons,2,0.0,0.0027206253789155916
Conleth Hill,2,0.0,0.0006405016893987083
Guillermo Arriaga,2,0.0,0.0008148835651820526
Chris Geere,2,0.0,0.0003233327852424701
Anna Silk,2,0.0,0.00032782817397210187
Mac McDonald,2,0.0,0.0016052746398330883
Mike Muscat,2,0.0,0.0004457265546883873
Dany Verissimo-Petit,2,0.0,0.0003901432879178116
Angelo Anthony Pizza,2,0.0,0.004060942204203769
Akie Kotabe,2,0.0,0.0009205230544412834
Geneviève Bujold,2,0.0,0.00021127948200259586
Homayoun Ershadi,2,0.0,0.00423384648424093
Edward Fox,2,0.0,0.001507366824141044
Gael Le Cornec,2,0.0,0.001076477309791474
Willie Nelson,2,0.0,0.009283017684234757
Tom Sturridge,2,0.0,0.00429237164530621
James Lew,2,0.0,0.0012705745123665758
Guro Nagelhus Schia,2,0.0,0.0011992028550636576
Matthew Macfadyen,2,0.0,0.0011992028550636576
Mel Rodriguez,2,0.0,0.002898769334018546
Steve Bacic,2,0.0,0.00021057518630788243
Lucy Gaskell,2,0.0,3.672701845011119e-06
Steven Elder,2,0.0,3.672701845011119e-06
Yasuaki Kurata,2,0.0,3.694551801945611e-05
Chris Bruno,2,0.0,8.089584744914141e-05
Michael Michele,2,0.0,0.0002080705895535593
Michael Nardone,2,0.0,0.0015570100948049163
Corinna Harney,2,0.0,8.766286943128767e-05
Chad Bishop,2,0.0,0.0005994681486219752
Barbara Bach,2,0.0,0.00020063641571279459
Caroline Munro,2,0.0,0.00020063641571279459
Susan Hogan,2,0.0,0.000547816841836511
Olivia Colman,2,0.0,0.008617321087695366
Maya Angelou,2,0.0,0.00014563162500583066
Gino Salvano,2,0.0,0.0009880808698037352
Roger Guenveur Smith,2,0.0,0.0009880808698037352
Allen Payne,2,0.0,0.00045348531049267524
Lance Gross,2,0.0,0.0007822655681086159
Paolo Seganti,2,0.0,0.0007792596530891086
Bethany Joy Lenz,2,0.0,0.000752386915643593
Satoshi Tsumabuki,2,0.0,0.0002220251582592158
Conrad Dunn,2,0.0,0.0002350329698924272
Gina Bellman,2,0.0,0.0002350329698924272
Aubrey Poo,2,0.0,0.00022196499915050677
Donald Watkins,2,0.0,0.0034039938906231812
Jessica Collins,2,0.0,0.0034039938906231812
Raza Jaffrey,2,0.0,0.004457601427173992
Emmanuelle Seigner,2,0.0,9.998782381575256e-05
Isaach De Bankolé,2,0.0,9.998782381575256e-05
Noam Jenkins,2,0.0,0.0010231691166390144
Tovah Feldshuh,2,0.0,0.002885009272558787
Bonnie Henna,2,0.0,0.0005695052779703491
Candace Kroslak,2,0.0,7.2120056713912535e-06
Melissa Sagemiller,2,0.0,7.2120056713912535e-06
Nigel Whitmey,2,0.0,0.00015745816241911255
Todd Boyce,2,0.0,0.00015745816241911255
Arben Bajraktaraj,2,0.0,0.0028181391371010856
Bart Shatto,2,0.0,4.144503017680608e-05
Jean-Marc Barr,2,0.0,0.0011143778286779459
John Meillon,2,0.0,1.3925157490367931e-05
Shô Kosugi,2,0.0,2.315399256787052e-05
Carmine Giovinazzo,2,0.0,0.007553361409015895
Kelly Rowan,2,0.0,0.0032804951459390187
Richard Brake,2,0.0,6.0669519873031103e-05
Rachel Roberts,2,0.0,0.0005146058302192415
Kelly Lin,2,0.0,5.52077280871641e-06
Diora Baird,2,0.0,0.0005237822732712015
Elisa Donovan,2,0.0,0.0005881825656545427
Amelia Warner,2,0.0,0.0036150587987116094
Stephen Marcus,2,0.0,0.0036150587987116094
Bruno Ganz,2,0.0,0.0017365660423295654
Lexa Doig,2,0.0,0.0005832586160196549
China Chow,2,0.0,0.0019347052471496804
Osric Chau,2,0.0,0.00014625469233390859
Michelle Forbes,2,0.0,0.005989653511033766
Boys II Men,2,0.0,4.510807362270028e-05
Thomas Robinson,2,0.0,0.003594570647646864
Peter Scolari,2,0.0,0.002855831425521821
Sven-Ole Thorsen,2,0.0,0.001597093427802837
Taylor Dooley,2,0.0,0.0019587447655463972
Peter Youngblood Hills,2,0.0,0.00345627734852053
Charles Martinet,2,0.0,0.000922055643312517
Alycia Debnam-Carey,2,0.0,0.0005346236380315594
Scott Lawrence,2,0.0,0.0005346236380315594
Gilbert R. Hill,2,0.0,0.0005403735161779892
Kathy Griffin,2,0.0,0.0013094647237547096
Sean Kingston,2,0.0,4.510807362270028e-05
Behrouz Vossoughi,2,0.0,0.002231078893267864
Karl Johnson,2,0.0,0.0002223380192642782
Rain,2,0.0,2.315399256787052e-05
Orson Bean,2,0.0,0.0008407861044151701
David Dencik,2,0.0,0.0002443955703595295
Lena Endre,2,0.0,0.0002443955703595295
Josie Loren,2,0.0,0.0002479459708925556
Daniel Auteuil,2,0.0,6.4500209985574e-06
Yves Jacques,2,0.0,6.4500209985574e-06
Meghan Heffern,2,0.0,0.0053438297119764114
Natalie Lisinska,2,0.0,0.0053438297119764114
Paul Mazursky,2,0.0,0.0015711900950621995
Ian Gomez,2,0.0,0.0007663380001577381
Thomas Ian Griffith,2,0.0,0.0007663380001577381
John Boyega,2,0.0,0.00012283929202598637
Tamar Novas,2,0.0,2.5251606420078025e-05
Alison Chand,2,0.0,0.005717013698007642
Paul Brannigan,2,0.0,0.005717013698007642
Stephanie Danielson,2,0.0,0.0009167551172531639
Steve Irwin,2,0.0,6.671104729686695e-05
Gary Schwartz,2,0.0,0.0002366562104860407
Gabriel Millman,2,0.0,0.0003520717458492694
Rob Morrow,2,0.0,0.0003520717458492694
Hannah Murray,2,0.0,0.000971375299617575
Jude Ciccolella,2,0.0,0.00661898133318578
Margo Harshman,2,0.0,0.0002139549736850858
Mary Astor,2,0.0,3.4897369746607687e-10
Ronald Colman,2,0.0,3.4897369746607687e-10
Björk,2,0.0,0.0006518084528767057
Mark Christopher Lawrence,2,0.0,0.004651481065748567
Michael Monks,2,0.0,0.004651481065748567
Patrick Wayne,2,0.0,0.0002542970215426333
Gene Simmons,2,0.0,0.0033242444477907442
Sedona Legge,2,0.0,0.00040487389836194125
Antonio Sabato Jr.,2,0.0,0.0011664329671450496
Chad Lowe,2,0.0,5.8215254872119426e-05
Emily Wickersham,2,0.0,0.00048458090940572306
Reuben Langdon,2,0.0,0.00048458090940572306
Carolyn Hennesy,2,0.0,0.0003839468575927357
Zach Mills,2,0.0,5.146712995319158e-05
Kelvin Han Yee,2,0.0,0.009272319263622751
Parker Sawyers,2,0.0,0.0019581730807424463
Gerry Becker,2,0.0,3.0410827751136066e-05
Tom Dreesen,2,0.0,3.0410827751136066e-05
Victoria Smurfit,2,0.0,0.0011475003585640806
Jorge Garcia,2,0.0,0.002516472745660041
Gabriel Damon,2,0.0,7.562309281196964e-06
Luke Treadaway,2,0.0,0.00012283929202598637
Tara Platt,2,0.0,0.00036620488428498217
Dean Dawson,2,0.0,0.0053438297119764114
Jung-jae Lee,2,0.0,0.0053438297119764114
Billy Gardell,2,0.0,2.319881139367539e-05
Todd Stashwick,2,0.0,2.319881139367539e-05
Kirby Bliss Blanton,2,0.0,0.00011455234223762333
Oliver Cooper,2,0.0,0.00011455234223762333
Bill Hickman,2,0.0,0.00027295891414313555
Jerry Nelson,2,0.0,0.00023360238986875408
Richard Dysart,2,0.0,0.00011724761893649103
Robert Foxworth,2,0.0,0.00011724761893649103
Lusia Strus,2,0.0,0.00016137412185213905
Kelvin Taylor,2,0.0,0.0005530319314024936
Viva Bianca,2,0.0,0.0005530319314024936
Billy Brown,2,0.0,0.0026673701712121014
Gemma Jones,2,0.0,0.0007038574123383493
Nicola Walker,2,0.0,0.0007038574123383493
Conrad Goode,2,0.0,0.0028774844062373936
Bruce Boxleitner,2,0.0,7.784230531961364e-05
John Castle,2,0.0,7.784230531961364e-05
Robert Capron,2,0.0,0.0033557801942696963
Laura Brent,2,0.0,0.00047251845106481875
Hugh Bonneville,2,0.0,0.0014302767364806652
John Colicos,2,0.0,0.0006792405516664741
Herbert Grönemeyer,2,0.0,0.0004450795012840749
Martin Semmelrogge,2,0.0,0.0004450795012840749
Tom Hughes,2,0.0,0.00019780185352854184
Zhengyong Zhang,2,0.0,0.00016974511348982218
Gary Weeks,2,0.0,9.654847383428271e-05
Bin Won,2,0.0,2.982273859504698e-05
Charlotte Lewis,2,0.0,0.000484077622179742
Ashley Hinshaw,2,0.0,0.0018255449390166658
Steven Hill,2,0.0,0.00025706932502256243
Jill Clayburgh,2,0.0,0.0002541581517309948
Brian Dietzen,2,0.0,9.530063446236685e-05
Paul McGann,2,0.0,0.001164470058252297
Rex Linn,2,0.0,0.000810567228974866
John Ashton,2,0.0,0.005394058819947042
Terence Bernie Hines,2,0.0,0.005195637594237096
Kelly Clarkson,2,0.0,9.530063446236685e-05
Susan Gardner,2,0.0,0.0012225364648238244
Samantha Ivers,2,0.0,0.0011009643123290336
Ah-sung Ko,2,0.0,0.00012323196771309673
Doona Bae,2,0.0,0.00012323196771309673
Paul Gleason,2,0.0,0.006264149991604316
Mare Winningham,2,0.0,0.0025523582878379425
Meg Crosbie,2,0.0,0.0006485810577179896
Lark Voorhies,2,0.0,0.0011538859021585802
Paterson Joseph,2,0.0,0.0059480538042498915
Andy Davoli,2,0.0,0.0012341417812632
Dahong Ni,2,0.0,3.2297997077884056e-05
Ryu Kohata,2,0.0,2.225845394810442e-06
Yuanyuan Gao,2,0.0,2.225845394810442e-06
Rebecca Black,2,0.0,0.0018732933251670457
Hiroyuki Ikeuchi,2,0.0,1.1088832996289444e-08
Meisa Kuroki,2,0.0,1.1088832996289444e-08
Ana Imnadze,2,0.0,0.0006288547207074668
Kenneth Cranham,2,0.0,0.0006288547207074668
Alexandra Callas,2,0.0,0.000417136978132413
Kelly LeBrock,2,0.0,0.000417136978132413
Connor Corum,2,0.0,0.00036242314215711584
Veronika Dash,2,0.0,0.0005640979658579396
Sherman Hemsley,2,0.0,0.0013789877679575892
Aleksa Palladino,2,0.0,0.00015279617733064379
Greg Mottola,2,0.0,0.00015279617733064379
Adam Alexi-Malle,2,0.0,0.004950590926200523
Don S. Davis,2,0.0,1.961017431976135e-05
Gary Jones,2,0.0,1.961017431976135e-05
Brion James,2,0.0,0.003097762995794999
Jason Connery,2,0.0,0.0006021092035994929
Kate Luyben,2,0.0,0.0006021092035994929
Livvy Stubenrauch,2,0.0,0.0008058220532400126
Daniel Bernhardt,2,0.0,5.723098655080914e-06
Helmut Bakaitis,2,0.0,5.723098655080914e-06
Fred Rogers,2,0.0,0.001340944905316761
Peter Cushing,2,0.0,0.003337849461859181
Jason Mantzoukas,2,0.0,0.009064345674159287
Jake Richardson,2,0.0,0.0005852384403171167
Michael Harding,2,0.0,0.0005852384403171167
Harmony Korine,2,0.0,0.0005575781763659471
James Shigeta,2,0.0,0.001441392071783049
Alicia Keys,2,0.0,0.0005742212497083898
Irene Papas,2,0.0,0.004662778863694742
Mihalis Giannatos,2,0.0,0.004662778863694742
Sam Anderson,2,0.0,0.0030748561461345835
Beth Riesgraf,2,0.0,0.00040447491050371034
Dominic Monaghan,2,0.0,0.004391766513680694
Collin Chou,2,0.0,1.0311328334693125e-05
Peter Berg,2,0.0,0.0007143359356867618
Gabrielle Carteris,2,0.0,3.425737999926686e-05
Steven Bauer,2,0.0,3.425737999926686e-05
Eva Birthistle,2,0.0,0.00082047065453318
Fiona Glascott,2,0.0,0.00082047065453318
Denise Crosby,2,0.0,0.0011174573718947458
Hailu Qin,2,0.0,7.627123994576323e-09
Wei Tang,2,0.0,7.627123994576323e-09
Chiaki Kuriyama,2,0.0,0.001597832308865316
Scott Handy,2,0.0,8.748600949040551e-05
Richard Crenna,2,0.0,0.003565544271500139
Kevin Brown,2,0.0,0.0018456746267554902
Terry O'Neill,2,0.0,0.002443702295526621
Lisa Pelikan,2,0.0,0.0026652758341912585
Wayne Pygram,2,0.0,0.0026652758341912585
Samantha Eggar,2,0.0,8.918116237601147e-05
Scott Patterson,2,0.0,0.0009432948768292813
Britt Ekland,2,0.0,0.0002793202496256401
Alix Freihage,2,0.0,4.534122006851449e-05
Lina Esco,2,0.0,4.534122006851449e-05
Klaus Kinski,2,0.0,0.0006668894155336805
Daniel Zettel,2,0.0,4.59776135761072e-06
Selton Mello,2,0.0,4.59776135761072e-06
Robert Prosky,2,0.0,0.0002796140504825446
Stefan Kapicic,2,0.0,0.0021344896264222524
Morgan Fairchild,2,0.0,0.0010309761431343551
Keir O'Donnell,2,0.0,0.0036901375434503767
Niecy Nash,2,0.0,0.000195994810668028
Mike Bell,2,0.0,0.008386084529986846
Vanessa Marshall,2,0.0,0.0007290393411381728
Wilson Cruz,2,0.0,0.0007290393411381728
Mike O'Malley,2,0.0,0.000784383869655598
Shawn Christian,2,0.0,0.000784383869655598
Raoul Max Trujillo,2,0.0,0.001675926383752855
Kelli Williams,2,0.0,0.0009693611102418848
Arjun Rampal,2,0.0,7.20317431422863e-09
Hardy Krüger,2,0.0,9.696117352038753e-05
Pauline Collins,2,0.0,5.2165190037439045e-05
Sheridan Smith,2,0.0,5.2165190037439045e-05
Patricia Tallman,2,0.0,0.0011286687653658711
François Damiens,2,0.0,9.184670620734587e-06
Clare Kramer,2,0.0,0.006432701857500774
Joe Viterelli,2,0.0,0.009463406180108302
Sunny Mabrey,2,0.0,9.323319999738234e-05
Jacob Hopkins,2,0.0,3.840391861242501e-05
Josh Wingate,2,0.0,3.840391861242501e-05
Adriano Giannini,2,0.0,0.007723536293018646
Timothy West,2,0.0,0.007723536293018646
James Lipton,2,0.0,0.0022449346795681653
Jack Wild,2,0.0,0.00017251790258427928
Ron Moody,2,0.0,0.00017251790258427928
Andrew Lawrence,2,0.0,0.0005239089872949884
Francesc Pagès,2,0.0,0.001197520700328498
Aaron Kwok,2,0.0,4.97468377370949e-05
Eddie Peng,2,0.0,4.97468377370949e-05
Paolo Montalban,2,0.0,0.005466395529246696
Sal Lopez,2,0.0,0.0003357219265046598
Wade Williams,2,0.0,0.0020383615954044933
Leleti Khumalo,2,0.0,0.013556575119637737
Steven Anthony Lawrence,2,0.0,0.00010952670108707938
Blair Brown,2,0.0,0.00013029269295678235
Julia Duffy,2,0.0,0.0005267290576538209
Chi Muoi Lo,2,0.0,0.00012185210485119417
Tom Waits,2,0.0,0.004217856230129863
Isiah Whitlock Jr.,2,0.0,0.001189484002492732
Jaden Klein,2,0.0,0.00021621188364239808
Laila Haley,2,0.0,0.00021621188364239808
Ronald Pickup,2,0.0,0.0005171003699485741
Boman Irani,2,0.0,7.20317431422863e-09
Taylor Handley,2,0.0,0.0008835070383236477
Santiago Cabrera,2,0.0,0.00034933914685713165
Eric Elmosnino,2,0.0,9.184670620734587e-06
James Babson,2,0.0,8.083449918284396e-05
Ritchie Coster,2,0.0,0.0026003750203489576
Brenda Bakke,2,0.0,0.00044339450499671253
Gemma Chan,2,0.0,0.0012124867178101317
Julian Kostov,2,0.0,0.004055247184691735
Louis Ferreira,2,0.0,0.0007419287922988341
Carlos Alazraqui,2,0.0,0.0009921629238006664
Chad Allen,2,0.0,5.3499923214631924e-05
Jack Guzman,2,0.0,5.349992321463192e-05
Jasper Cole,2,0.0,0.0006137900756371749
Michaela Conlin,2,0.0,0.0006552164718933933
Lee Tergesen,2,0.0,2.3289080725858947e-05
Tina Turner,2,0.0,0.00030357244090650683
Stephanie Lemelin,2,0.0,0.00010866906529706673
Hayley Kiyoko,2,0.0,0.0014061568574952014
Austin O'Brien,2,0.0,0.00011261828215490146
Elisabeth Harnois,2,0.0,0.0008818641674998238
Zach Callison,2,0.0,0.0009661293954079669
Bill Hunter,2,0.0,0.0002906591587136084
Dawn French,2,0.0,3.890757116958818e-05
John Hodgman,2,0.0,3.890757116958818e-05
Fred Williamson,2,0.0,0.0012946589854396177
Dennis Burkley,2,0.0,0.00022704400204970112
Gillian White,2,0.0,0.00399763887853202
Dree Hemingway,2,0.0,0.001958307812766966
Maria Dizzia,2,0.0,0.001958307812766966
Eddie 'Piolin' Sotelo,2,0.0,0.00023647232145817054
Sharat Saxena,2,0.0,5.291021143971749e-06
Tina Desai,2,0.0,0.0005171003699485741
Charlie Murphy,2,0.0,0.004831954520102089
Reba McEntire,2,0.0,9.985206348940593e-05
Byron Mann,2,0.0,5.153815343777873e-05
Rosa Salazar,2,0.0,0.0011223257788136507
Jaqueline Fleming,2,0.0,0.01465371612150156
Jessalyn Gilsig,2,0.0,0.007196053915114192
Judith Hill,2,0.0,1.1758979772802648e-06
Mekia Cox,2,0.0,1.1758979772802648e-06
Griffin Kane,2,0.0,0.00488045986812003
Noah Ringer,2,0.0,0.0001329367526126846
Seychelle Gabriel,2,0.0,0.0001329367526126846
George DiCenzo,2,0.0,0.0009081747541501364
Sergej Trifunovic,2,0.0,0.00014208381695634314
Karen Mok,2,0.0,2.6373807259757992e-05
India de Beaufort,2,0.0,0.0004326228106758622
Jillian Estell,2,0.0,0.0012468468371196202
François Chau,2,0.0,0.004662778863694742
Toby Huss,2,0.0,0.004662778863694742
Kerry Cahill,2,0.0,0.002424683581381058
Lee Norris,2,0.0,0.0009427191495782848
Nicky Naudé,2,0.0,0.004890590155686243
Peter Krause,2,0.0,0.0018798494486841361
Aria Noelle Curzon,2,0.0,0.0004848313855670531
Eden Riegel,2,0.0,0.0004848313855670531
Carol Ann Susi,2,0.0,0.0006074254683540579
Jimmy Shubert,2,0.0,0.009644519899976346
Jared Gilman,2,0.0,0.00032422300328382715
Sandra Echeverría,2,0.0,0.0005631587094129553
Danny Sapani,2,0.0,6.792223099196319e-05
Leonor Watling,2,0.0,6.792223099196319e-05
Carol Sutton,2,0.0,0.0034039938906231812
Scott A. Martin,2,0.0,0.0034039938906231812
Adriane Lenox,2,0.0,0.003410617965893365
Norah Jones,2,0.0,0.003410617965893365
John Light,2,0.0,5.8607137679822265e-05
Dal-su Oh,2,0.0,0.0001232522097234715
Enrique Murciano,2,0.0,4.868198674170832e-05
Victor Rivers,2,0.0,4.868198674170832e-05
Emmanuelle Riva,2,0.0,0.00031349300218782997
Antonio de la Torre,2,0.0,1.1300198245663092e-06
Carmen Maura,2,0.0,1.1300198245663092e-06
Don Francks,2,0.0,2.8692845616239004e-05
Jizelle Jade,2,0.0,0.0015373824943374183
Luisa D'Oliveira,2,0.0,0.0021693782420795847
Michaela McManus,2,0.0,0.0021693782420795847
Dean Jones,2,0.0,0.003248172954339504
Anna Vareschi,2,0.0,0.00019666453323920202
Cheryl Tiegs,2,0.0,0.00019666453323920202
Michel Serrault,2,0.0,0.0004206763981223407
Aitana Sánchez-Gijón,2,0.0,0.0004356868920748817
Ice-T,2,0.0,0.0028763488515648403
Craig Stark,2,0.0,0.0018854652190378675
Chelsea Handler,2,0.0,0.0020376657962364476
Bárbara Mori,2,0.0,6.0333295345983586e-06
Vic Waghorn,2,0.0,3.5807154873409984e-06
Bolaji Badejo,2,0.0,0.001726106067754896
Edwin Neal,2,0.0,1.608718925584563e-08
Marilyn Burns,2,0.0,1.608718925584563e-08
Rosalind Harris,2,0.0,0.0003233097595739863
Earl Cameron,2,0.0,0.00022613175967085914
Parker Bagley,2,0.0,0.0018723707912479783
Alessandro Preziosi,2,0.0,0.00017154555926315098
Amanda Troop,2,0.0,0.0008986182485438795
Veronica Ferres,2,0.0,0.0022689764518896618
Shabana Azmi,2,0.0,0.0006673447758534025
Jesse Moss,2,0.0,5.8607137679822265e-05
Barney Clark,2,0.0,1.6846399000443895e-05
Tony Noble,2,0.0,1.6846399000443895e-05
Tom Goodman-Hill,2,0.0,0.001874949079602366
Josh Zuckerman,2,0.0,0.0007109591547470326
Bob Peck,2,0.0,0.001370943197566823
Tucker Albrizzi,2,0.0,0.0001515837602363021
Roberta Valderrama,2,0.0,0.0015765772054666515
Ralph Bellamy,2,0.0,6.0800918338527754e-05
Patrick Cranshaw,2,0.0,0.000491319668971506
Gbenga Akinnagbe,2,0.0,0.004597362667603757
Dylan Kussman,2,0.0,0.00011565256681065864
Kristin Lehman,2,0.0,0.00011565256681065864
Kate McKinnon,2,0.0,0.0010137027215368234
Sebastian Roché,2,0.0,0.007327920585948408
Kamil McFadden,2,0.0,0.0024692588946696897
Shawna Waldron,2,0.0,0.0005685487960530461
Adrian Lester,2,0.0,0.0015501388646055202
Melina Kanakaredes,2,0.0,3.7254973086083675e-05
Yvonne Zima,2,0.0,3.7254973086083675e-05
Darlene Love,2,0.0,0.0032025839581970653
Janine Turner,2,0.0,0.003230394752613024
Kevin McHale,2,0.0,0.0003915347644059114
Julie Engelbrecht,2,0.0,6.80996779191533e-05
Lionel Abelanski,2,0.0,6.80996779191533e-05
Gary McDonald,2,0.0,0.0002223380192642782
Lars Mikkelsen,2,0.0,6.05399383793076e-05
Perrey Reeves,2,0.0,0.000798242382447801
John Henshaw,2,0.0,0.000724804491570947
Lunetta Savino,2,0.0,0.00017154555926315098
Jarrod Bunch,2,0.0,0.0019043758645399514
Eugenie Bondurant,2,0.0,0.007884378769455238
Caitlin Stasey,2,0.0,0.000394984366691608
Celina Jade,2,0.0,0.0005755457110329069
Debrianna Mansini,2,0.0,0.004044382614507892
Alan Bates,2,0.0,0.0003354773728008686
Frederic Forrest,2,0.0,0.0003354773728008686
David Hemmings,2,0.0,0.0004934701734027681
Milo O'Shea,2,0.0,0.0004934701734027681
Molly Hagan,2,0.0,0.0026371302181523405
Max Beesley,2,0.0,4.66066017611347e-05
Valarie Pettiford,2,0.0,4.66066017611347e-05
Brad James,2,0.0,0.0003950848218956294
Samuel Roukin,2,0.0,0.0011917321355825444
Christopher B. Duncan,2,0.0,3.5822424082848558e-06
Chris Young,2,0.0,0.00342058084386059
Robert Urich,2,0.0,0.0007083388554548727
Horatio Sanz,2,0.0,0.0002742277164677871
Jennifer Grey,2,0.0,0.0006543921188629224
Marcus Chong,2,0.0,0.00315912214947752
Jean Stapleton,2,0.0,0.0036776735508812987
Andrea Savage,2,0.0,0.006009451084038712
Tony Amendola,2,0.0,0.005012650552879785
Robert Taylor,2,0.0,3.2483888760148146e-05
Jim Henson,2,0.0,0.0004326406984842516
James Huang,2,0.0,0.0025295322070060457
Lindsay Price,2,0.0,0.00020342362823752062
Howard Morris,2,0.0,0.0028553623585840385
Patrick Cronin,2,0.0,0.0028553623585840385
Jill Talley,2,0.0,0.0035972768388343964
Steven Christopher Parker,2,0.0,0.0035972768388343964
Ronit Elkabetz,2,0.0,7.964910920198396e-05
Émilie Dequenne,2,0.0,7.964910920198396e-05
Steven Waddington,2,0.0,0.0004611176753643209
James Arnold Taylor,2,0.0,0.0004811904634047304
David Denman,2,0.0,4.3642100645161896e-05
Lee Ingleby,2,0.0,9.297374660874353e-05
John Diehl,2,0.0,0.0006492098924812417
Philip Michael Thomas,2,0.0,0.0006492098924812417
Stephen Merchant,2,0.0,0.00022103842841577647
Lola Glaudini,2,0.0,5.8063630923291515e-06
Mackenzie Davis,2,0.0,5.8063630923291515e-06
George Lazenby,2,0.0,0.00020063641571279459
Telly Savalas,2,0.0,0.00020063641571279459
Jeff Marlow,2,0.0,0.0002912815513444632
Nick Wechsler,2,0.0,0.0002912815513444632
Tracy Middendorf,2,0.0,0.0008114706074948001
Vanessa Martinez,2,0.0,0.0005730997239180741
Clive Standen,2,0.0,1.6049559894194223e-07
Owen Teale,2,0.0,0.0032310198925822224
Reece Thompson,2,0.0,0.009852481341206585
Gaia Weiss,2,0.0,5.2165190037439045e-05
Roxanne McKee,2,0.0,5.216519003743904e-05
Aida Turturro,2,0.0,0.00044231195037046817
Regi Davis,2,0.0,0.0002847114874969691
Maria Grazia Cucinotta,2,0.0,0.0005400119155893392
David Threlfall,2,0.0,9.297374660874353e-05
Michaela Watkins,2,0.0,0.0004212219970802481
David Thewlis,2,0.0,0.0014204284395296259
Emmanuelle Béart,2,0.0,0.00037630033464251063
Vernee Watson,2,0.0,0.0009740896901590245
Kevin Rahm,2,0.0,0.0019582793483423986
Robbie Kay,2,0.0,0.002625060771893753
Frances Lee McCain,2,0.0,4.925793196956848e-05
Jennifer Freeman,2,0.0,7.073541170490848e-05
Marques Houston,2,0.0,7.073541170490848e-05
Daisy Betts,2,0.0,4.3642100645161896e-05
Alexa Havins,2,0.0,3.4624257016315354e-05
Ben Daniels,2,0.0,0.003078790841568755
Phill Lewis,2,0.0,0.0015856114599595756
Archie Kao,2,0.0,0.0030570622238398257
Alexia Fast,2,0.0,0.00010261663755235769
Kesun Loder,2,0.0,0.00010261663755235769
Larry Drake,2,0.0,0.00028019311776918186
Chris Owen,2,0.0,0.0019045839736888397
Julie LeBreton,2,0.0,0.00010706985044588592
Roy Dupuis,2,0.0,0.00010706985044588592
Rachel Ann Mullins,2,0.0,0.00014187414080228672
Darren Boyd,2,0.0,0.0005171850015036339
Richard Howland,2,0.0,0.0007397176208637495
Sarain Boylan,2,0.0,0.0007397176208637495
Diego Velazquez,2,0.0,0.00033170841854029916
Omar Metwally,2,0.0,0.00033170841854029916
Helena Mattsson,2,0.0,0.00029147643654624597
Bridgit Mendler,2,0.0,0.001060389267681114
Michael Dorn,2,0.0,0.00036446629161738587
Todd Graff,2,0.0,0.0010007609232926939
John Buffalo Mailer,2,0.0,0.0025507840360378194
Zach McGowan,2,0.0,0.001153430503740502
Françoise Yip,2,0.0,3.815041739513267e-06
Garvin Cross,2,0.0,3.815041739513267e-06
Reda Kateb,2,0.0,0.002698111923125663
Ángela Molina,2,0.0,0.002698111923125663
Todd Louiso,2,0.0,0.007583799998753107
Stanislav Ianevski,2,0.0,0.0013481492327216916
Amy Locane,2,0.0,0.0006724452563579981
Marina Sirtis,2,0.0,0.0015266194463456706
Karen Pittman,2,0.0,0.0005405468499048771
Mary Catherine Garrison,2,0.0,0.0005405468499048771
Roschdy Zem,2,0.0,4.613257050732433e-06
Natalie Mendoza,2,0.0,0.0006349943205339534
Nathin Butler,2,0.0,8.207508714340185e-05
Razaaq Adoti,2,0.0,8.207508714340185e-05
Danielle Darrieux,2,0.0,0.0003416305582310316
Charles Baker,2,0.0,0.0032031019812112844
Ayla Kell,2,0.0,0.0005855823432816443
George Coe,2,0.0,0.0005855823432816443
Jill St. John,2,0.0,0.00022613175967085914
Cynthia Rhodes,2,0.0,5.077795451359421e-05
Lee Ving,2,0.0,5.077795451359421e-05
Geneviève Lemon,2,0.0,0.0009072353852498526
Jean-Claude Lecas,2,0.0,0.0007701604175842121
Kacey Clarke,2,0.0,0.0006098659887252992
Anna Katarina,2,0.0,0.001868326841827993
Craig Sheffer,2,0.0,0.00029147643654624597
Sakina Jaffrey,2,0.0,0.002133481742863119
Kwesi Ameyaw,2,0.0,0.00423384648424093
Michael J. Burg,2,0.0,0.00423384648424093
Hervé Villechaize,2,0.0,0.002326875195795028
Craig Conway,2,0.0,3.177956087057089e-05
Shauna Macdonald,2,0.0,3.177956087057089e-05
Bob Costas,2,0.0,0.004896725228059895
Allison Miller,2,0.0,0.000459445125683562
Mary Tyler Moore,2,0.0,0.0008403071910812009
Ken Foree,2,0.0,0.0007530408764265417
Rick Fox,2,0.0,0.00027184331984087223
Erin Daniels,2,0.0,0.0004402528632099672
Ellie Kendrick,2,0.0,0.0016086442548999863
Nastassja Kinski,2,0.0,0.0006687539636460147
Molly Parker,2,0.0,4.2322961588627645e-05
Stephanie Sigman,2,0.0,0.0016208973083994928
Eve,2,0.0,0.002034246430620201
Leila Arcieri,2,0.0,0.002034246430620201
Damian Jewan Lee,2,0.0,0.0004604422833592295
Lyndie Greenwood,2,0.0,0.0004840594733042151
Peter Breitmayer,2,0.0,0.0003894358150475474
Darryl Stephens,2,0.0,0.0026841992430798618
Teddy Sears,2,0.0,0.0028826294496161415
Irvin Kershner,2,0.0,0.0003470550931979696
Alan D. Purwin,2,0.0,0.0005723482823867618
George Wendt,2,0.0,0.00048727307011477866
Jonathan Brandis,2,0.0,0.00048727307011477866
Roy Billing,2,0.0,6.233481703724786e-07
Ian Mune,2,0.0,0.0009072353852498526
Angus Sampson,2,0.0,0.00018266375187347533
Cody Linley,2,0.0,0.0012553289844702883
Paulina Gerzon,2,0.0,0.002133481742863119
Annet Mahendru,2,0.0,0.0019069886050289125
April Winchell,2,0.0,0.000191749530254767
Marcia Wallace,2,0.0,0.001195836448309697
Nathaniel Lees,2,0.0,0.004127123791027399
Randy Couture,2,0.0,0.0010855105800241334
Ashley Gerasimovich,2,0.0,0.0005498047636163127
Samantha Barks,2,0.0,0.00024348274348750105
Jennifer Butler,2,0.0,0.0012924253246722613
Rick Rossovich,2,0.0,0.00415570421014266
Jack O'Halloran,2,0.0,7.964910920198396e-05
Terence Hill,2,0.0,7.964910920198396e-05
Valérie Lemercier,2,0.0,1.190969572162387e-06
Matthew McGrory,2,0.0,0.0004402528632099672
Fred Melamed,2,0.0,0.0003894358150475474
Cristián de la Fuente,2,0.0,0.003196655986029252
Conrad Vernon,2,0.0,0.0008691804719785129
Eleanor Bron,2,0.0,0.0011607230872551027
Bob Marley,2,0.0,0.0010123457832673858
David Della Rocco,2,0.0,0.0010123457832673858
Stephen Au,2,0.0,3.815693490430579e-06
Sydney Penny,2,0.0,0.0022613830379257104
Ben Browder,2,0.0,0.00030243007428098383
Olesya Rulin,2,0.0,0.0009401758554089031
John Ralston,2,0.0,9.038526340510077e-06
Justin Edward Seale,2,0.0,9.038526340510077e-06
Rex Baker,2,0.0,0.0003168316966020831
Travis Aaron Wade,2,0.0,0.0003168316966020831
Jason Cerbone,2,0.0,5.143418863224114e-05
Lil' Wayne,2,0.0,0.0010950058109415904
Alastair Duncan,2,0.0,0.0002530764692556403
Michael J. Pollard,2,0.0,0.0002530764692556403
Miriama Smith,2,0.0,0.004127123791027399
Mélissa Désormeaux-Poulin,2,0.0,0.00012963256510256952
Ransford Doherty,2,0.0,0.007015193618871581
Kiernan Shipka,2,0.0,0.0005762800487350757
James Robinson,2,0.0,7.725062263747953e-05
Mhairi Calvey,2,0.0,7.725062263747953e-05
André Ramiro,2,0.0,4.59776135761072e-06
Fernanda Machado,2,0.0,4.59776135761072e-06
Jessica Mauboy,2,0.0,2.7882772686837172e-08
Magda Szubanski,2,0.0,2.7882772686837172e-08
Danielle von Zerneck,2,0.0,0.00017195934427739
Rosanna DeSoto,2,0.0,0.00017195934427739
Len Cariou,2,0.0,3.47942585384419e-06
Sandy Dennis,2,0.0,3.479425853844191e-06
Derek Wayne Johnson,2,0.0,0.00010642624149167629
Susie Abromeit,2,0.0,0.00010642624149167629
Richard Graham,2,0.0,0.0004900516689630739
Paula Kelly,2,0.0,1.5212147058380048e-05
August Diehl,2,0.0,0.0054467933247186505
Eddie Baroo,2,0.0,0.00013748498400609378
Johnny Walter,2,0.0,0.0009252523477144211
Geoffrey Palmer,2,0.0,0.0005308657199578203
Steve Byers,2,0.0,0.000501337692325593
Emily Podleski,2,0.0,7.472299930048566e-06
Sara-Marie Maltha,2,0.0,0.0007458672727815418
Stellan Skarsgård,2,0.0,0.0007458672727815418
Mark Bazeley,2,0.0,0.0010479784893745025
Maurice Roëves,2,0.0,0.0010479784893745025
Beverly Randolph,2,0.0,4.4498019078442585e-06
Olivia Newton-John,2,0.0,0.0008337582521508426
Mark De Alessandro,2,0.0,5.143418863224114e-05
Gil Bellows,2,0.0,0.002936593152603736
Ahmad Massad,2,0.0,0.00012963256510256952
Rodney Dangerfield,2,0.0,0.0047587612927069275
Erik Estrada,2,0.0,0.002449606845605871
Jud Tylor,2,0.0,0.006786490411059039
Martin Scorsese,2,0.0,0.013338705654691084
Brent Sexton,2,0.0,4.603835782803284e-05
Damian Lewis,2,0.0,4.603835782803284e-05
Sarah Steele,2,0.0,0.0030953365093040735
Azura Skye,2,0.0,0.006134613009164365
John D'Leo,2,0.0,0.0014107327181175052
Jennifer Jones,2,0.0,0.00010058512481427971
Rachel Blakely,2,0.0,3.815041739513267e-06
Richard Norton,2,0.0,3.815041739513267e-06
John Lynch,2,0.0,0.0009341664271937396
Jake Cherry,2,0.0,4.078351790929734e-05
Marin Hinkle,2,0.0,4.078351790929734e-05
Eric Christmas,2,0.0,1.5212147058380048e-05
Brandon Smith,2,0.0,0.0034039938906231812
Rick Dial,2,0.0,0.0034039938906231812
Luis E. Carazo,2,0.0,0.0044417413820112
Dominik García-Lorido,2,0.0,0.0003216184192758521
Wale Ojo,2,0.0,0.0015934051825152072
Jason Dohring,2,0.0,0.0004535121732248706
John Cameron Mitchell,2,0.0,0.0001384747463939852
Miriam Shor,2,0.0,0.0001384747463939852
Ryan Bollman,2,0.0,0.00022617244521978318
Todd Susman,2,0.0,0.00022617244521978318
Lynne Thigpen,2,0.0,0.00021675817780103545
Polly Noonan,2,0.0,0.00021675817780103545
Frederick Weller,2,0.0,0.0007435330975234358
Kenneth Mars,2,0.0,2.456602833014811e-06
Ted Cassidy,2,0.0,2.456602833014811e-06
George Chakiris,2,0.0,8.45216866221402e-06
Jay Leno,2,0.0,0.0006488714433676664
Shiree Nelson,2,0.0,0.0009252523477144211
Elijah Kelley,2,0.0,0.00032047175090466106
Charles Halford,2,0.0,0.001007272602234928
Matt Ryan,2,0.0,0.001007272602234928
Paul Popplewell,2,0.0,0.00042382190374836836
Marc Singer,2,0.0,0.0001466257862886181
Kendrick Cross,2,0.0,0.0011437107849420613
Sammy Nagi Njuguna,2,0.0,0.0011437107849420613
Mélanie Doutey,2,0.0,5.643567551884408e-06
Nathalie Baye,2,0.0,5.643567551884408e-06
Ji-hyun Jun,2,0.0,0.00033249901869265717
Diane Ladd,2,0.0,0.0007764806058717757
Ritchie Montgomery,2,0.0,0.0007764806058717757
Abby Mukiibi Nkaaga,2,0.0,0.001766944205745913
Tamara Glynn,2,0.0,0.00023288074491011724
John Bell,2,0.0,0.0018596987593340704
Sean Cook,2,0.0,0.0014042049983359428
Rachel Crow,2,0.0,3.3236367921730434e-05
Rachel Ticotin,2,0.0,0.0005280380469014946
Mo Gallini,2,0.0,0.003252131498346831
Blake Ritson,2,0.0,9.417587238722093e-05
Leslie Carlson,2,0.0,2.1482067955978835e-05
Reiner Schwarz,2,0.0,2.1482067955978835e-05
Li Jun Li,2,0.0,0.004127123791027399
Shawn Parsons,2,0.0,0.004127123791027399
Michel Simon,2,0.0,6.82028310475471e-05
Trieu Tran,2,0.0,0.0005153607370555266
Johnny Nguyen,2,0.0,9.42855972592376e-06
Nathan Jones,2,0.0,9.42855972592376e-06
Bryan Dick,2,0.0,0.00042382190374836836
Rita Davies,2,0.0,0.0016294931602073423
Wayne Brady,2,0.0,3.541294357162595e-06
Nicholas Bell,2,0.0,0.0010534108788256948
Tony Danza,2,0.0,0.008035873139369116
John Hillerman,2,0.0,0.0015234849240628931
Avery Schreiber,2,0.0,1.3587263501715504e-05
Stephen Macht,2,0.0,1.3587263501715504e-05
Claudia Ferri,2,0.0,0.0009601929979096615
Luke Kirby,2,0.0,0.0009601929979096615
Jo Prestia,2,0.0,1.2271394047186277e-06
Madhavan,2,0.0,0.00023349052027245342
David Dastmalchian,2,0.0,0.0011826473843628879
Cree Kelly,2,0.0,0.00014565182509230576
Mike Eshaq,2,0.0,0.00014565182509230576
Ron Silver,2,0.0,0.0009879941203427317
Catherine Bell,2,0.0,0.0006010104227787944
Robert Wahlberg,2,0.0,0.0012204342214730101
Jemima Rooper,2,0.0,0.0020641196268545428
Currie Graham,2,0.0,0.0002826221688422869
Dylan Schombing,2,0.0,0.0002826221688422869
Niketa Calame,2,0.0,0.003125790233236723
Melissa Sturm,2,0.0,0.0004527902852429454
Alfred Enoch,2,0.0,0.002252855517276183
Seth Gabel,2,0.0,0.003159503636325601
Jeffrey Garcia,2,0.0,3.3236367921730434e-05
Adam Butcher,2,0.0,0.00020176915835536032
Colin Farrell,2,0.0,0.00042382190374836836
Jessica Chastain,2,0.0,0.00042382190374836836
George Voskovec,2,0.0,3.387188060393847e-07
Prateik,2,0.0,1.0758791549177538e-05
Sumalee Montano,2,0.0,0.003853152495897313
Parminder Nagra,2,0.0,0.0005115408277928807
Eva Marcille,2,0.0,3.541294357162595e-06
Jennifer Rubin,2,0.0,3.632737300146295e-05
John Saxon,2,0.0,3.632737300146295e-05
Hugo Stiglitz,2,0.0,3.4191644161187754e-05
Jessica Lindsey,2,0.0,3.4191644161187754e-05
Victor Mature,2,0.0,0.000616413030467181
Catherine Schell,2,0.0,5.724716775933634e-05
Paul Lukas,2,0.0,9.351536882406046e-05
Robert J. Wilke,2,0.0,9.351536882406046e-05
Gloria Sandoval,2,0.0,3.9966536359482795e-08
Richard Cabral,2,0.0,3.9966536359482795e-08
Jorja Fox,2,0.0,0.001514878656660297
Garrett Ryan,2,0.0,0.0006488217001868671
James Lafferty,2,0.0,0.0006488217001868671
Casper Martinez,2,0.0,2.5510599588263104e-05
Shane Meadows,2,0.0,0.002480436082048706
Rie Miyazawa,2,0.0,3.100793275591636e-06
Tom Burlinson,2,0.0,0.0002495223990877092
Tony Bonner,2,0.0,0.0002495223990877092
Alice Playten,2,0.0,0.0007357305563827478
Constance Shulman,2,0.0,0.0007357305563827478
John Beasley,2,0.0,9.711917742448076e-05
June Carter Cash,2,0.0,9.711917742448076e-05
Chrystale Wilson,2,0.0,0.0011683885883879861
Edwin Hodge,2,0.0,4.5118855988767454e-05
Perdita Weeks,2,0.0,4.5118855988767454e-05
Cameron Mills,2,0.0,0.000797047363986968
Gene Tierney,2,0.0,0.0005430034689784805
Lindsay Wagner,2,0.0,0.003055029544502517
Persis Khambatta,2,0.0,0.003055029544502517
Peter Mark Richman,2,0.0,5.623586292189474e-05
Amiah Miller,2,0.0,0.0011265957026876895
Daren Kagasoff,2,0.0,0.001314442947901062
John Topor,2,0.0,0.00038401259007438647
Jenna Elfman,2,0.0,0.0011092454579580196
Brian Anthony Wilson,2,0.0,0.0014722300438753592
Lotte Verbeek,2,0.0,0.0022051232696785987
Penny Balfour,2,0.0,5.020408667046305e-05
Panchito Gómez,2,0.0,2.5510599588263104e-05
Rachel Korine,2,0.0,0.005463062854074315
Daniel Giménez Cacho,2,0.0,3.018331584802685e-06
María Aura,2,0.0,3.018331584802685e-06
Peter Serafinowicz,2,0.0,0.0007195150664377446
Miriam Colon,2,0.0,0.003442773100344122
Ellie Cornell,2,0.0,0.0001515044289628384
Kathleen Kinmont,2,0.0,0.0001515044289628384
Clayton Rohner,2,0.0,0.00037810394835484487
Jamie Draven,2,0.0,0.0009740676861862215
William Schallert,2,0.0,0.0002677240098983447
Andrew Airlie,2,0.0,7.780415089167807e-05
Ryan Robbins,2,0.0,7.780415089167807e-05
Vanna Bonta,2,0.0,0.0018189581258883176
Finlay Currie,2,0.0,3.161271962742822e-05
Lauren London,2,0.0,0.0003328195358642162
Marina Hands,2,0.0,2.986373080751569e-06
Stéphane Rousseau,2,0.0,2.986373080751569e-06
Nicol Williamson,2,0.0,7.132669985023737e-05
Michael Richards,2,0.0,0.0004382233639094286
Jessica Walter,2,0.0,0.001370123622494154
Claudia Cardinale,2,0.0,4.1081064873184e-06
Jack Elam,2,0.0,4.1081064873184e-06
Jonathan Silverman,2,0.0,0.003856054097583771
Matt Berry,2,0.0,0.0030510490591103643
Scott Reeves,2,0.0,5.623586292189474e-05
Madison Rothschild,2,0.0,0.0002500776441668172
Liz Mullane,2,0.0,0.003757355849246655
Bobby Batson,2,0.0,0.0010912908004325433
Cynthia Barrett,2,0.0,0.0010912908004325433
Marilyn Manson,2,0.0,0.0007422121247767079
Tim Russ,2,0.0,0.0004473512469702726
Winter Ave Zoli,2,0.0,0.0004473512469702726
Kristoffer Polaha,2,0.0,0.00011335422058705864
Darryl Cox,2,0.0,0.0004154841234648116
Lumi Cavazos,2,0.0,0.0004154841234648116
Akshaye Khanna,2,0.0,2.6385139261415444e-06
Darshan Jariwala,2,0.0,2.6385139261415444e-06
Sara Gilbert,2,0.0,0.0026193639545520264
Alice Evans,2,0.0,0.00021412579539976695
Doug Bradley,2,0.0,0.00018077908397255062
Deborah Foreman,2,0.0,0.00037810394835484487
William Sanderson,2,0.0,0.0011915016592834882
Timothy Omundson,2,0.0,0.0003975241722623888
David Adam Flannery,2,0.0,0.0010558470316789452
Cyndi Lauper,2,0.0,0.001601185988520204
Irène Jacob,2,0.0,0.003227497486797025
Tomiwa Edun,2,0.0,0.003227497486797025
Lisa Kay,2,0.0,0.0018349718082931303
Cody Howard,2,0.0,0.0003401264415940375
David Raizor,2,0.0,0.0003401264415940375
Birol Ünel,2,0.0,0.000684704021649079
Joseph Mawle,2,0.0,0.000894981139165867
Takashi Miike,2,0.0,0.0013074050955096002
Dick York,2,0.0,7.681556060278914e-09
Elizabeth Montgomery,2,0.0,7.681556060278914e-09
Alan Young,2,0.0,0.000648873763723669
Simon Baker,2,0.0,0.00202322538340762
Olivier Rabourdin,2,0.0,0.0004757335104692285
Rosalind Chao,2,0.0,0.0033680532919248
Bart the Bear,2,0.0,0.0056517553234193664
Bruce Thomas,2,0.0,0.0014252583912309229
Jon Foster,2,0.0,0.0014252583912309229
Amy Brenneman,2,0.0,0.0055075415676905356
Robert Longstreet,2,0.0,0.0011768850338632257
Katherine Helmond,2,0.0,0.0018118052529126159
Jim Siedow,2,0.0,6.904689805567253e-05
Lou Perryman,2,0.0,6.904689805567253e-05
Yayaying Rhatha Phongam,2,0.0,0.0035525780494251
Emmanuelle Bercot,2,0.0,1.1422971112035843e-05
Isild Le Besco,2,0.0,1.1422971112035843e-05
Jack McElhone,2,0.0,0.0028948659470386003
Jacques Gamblin,2,0.0,4.477425369505872e-06
John Stamos,2,0.0,0.0013136019020467118
Katie Leclerc,2,0.0,0.00012999417872061592
William Abadie,2,0.0,0.0007289708776697776
Juan Riedinger,2,0.0,0.007608315544276797
Alex McArthur,2,0.0,0.004756578158946216
Michael Potts,2,0.0,0.004756578158946216
Josh Robert Thompson,2,0.0,0.0007276733134431899
Zahn McClarnon,2,0.0,0.005112425591002919
Michael Brandon,2,0.0,0.0023239484663756813
James Fleet,2,0.0,0.001992198578194742
James Robertson Justice,2,0.0,4.334343784480837e-06
Richard Basehart,2,0.0,4.334343784480837e-06
Indiana Evans,2,0.0,0.00042978869089742414
Kevin Michael Richardson,2,0.0,0.00050636647699514
Peter Spellos,2,0.0,0.00050636647699514
Frank McHugh,2,0.0,6.818924690833234e-10
Josh Stamberg,2,0.0,0.000648873763723669
Adrian Alonso,2,0.0,0.00033730267995271944
Sarah Drew,2,0.0,2.5785448618035896e-05
Rich Pecci,2,0.0,0.002028479288659141
Nick Principe,2,0.0,0.00010796725193000239
Yeong-ae Lee,2,0.0,1.4034419464247183e-06
Artyom Bogucharskiy,2,0.0,0.00026581323057153387
Lyubov Agapova,2,0.0,0.00026581323057153387
Dimple Kapadia,2,0.0,1.6206446646181863e-07
Sana Saeed,2,0.0,1.6206446646181863e-07
Purab Kohli,2,0.0,1.80237460403251e-07
Sameer Ali Khan,2,0.0,1.80237460403251e-07
Jonathan Crombie,2,0.0,0.00013635262189820146
Megan Follows,2,0.0,0.00013635262189820146
Lateef Crowder,2,0.0,0.00033651911670166897
Michael J. Morris,2,0.0,0.00033651911670166897
Kim Ly,2,0.0,0.000808916012728708
Bubba Smith,2,0.0,0.0005049693474335156
Fabian Bolin,2,0.0,6.969042517602314e-05
Matias Varela,2,0.0,6.969042517602314e-05
Rawiri Paratene,2,0.0,3.3370868697511725e-05
Tammy Davis,2,0.0,3.3370868697511725e-05
Paresh Rawal,2,0.0,4.907603681428254e-07
Kathleen Munroe,2,0.0,0.0007011857376644086
Catherine Lambert,2,0.0,0.0099256179686333
Cornel Wilde,2,0.0,1.2123636876508166e-05
Gloria Grahame,2,0.0,1.2123636876508166e-05
Marcus Lyle Brown,2,0.0,0.0026689274159897042
David A Cole,2,0.0,0.0003257522002553836
Harold Gould,2,0.0,0.0003397795966154581
Adam Hicks,2,0.0,8.497334461537428e-05
Katy Jurado,2,0.0,1.4140703608127114e-06
Jeanne Crain,2,0.0,6.818924690833234e-10
Juan Fernández,2,0.0,0.0015969743855672295
Meg Foster,2,0.0,1.3269770577725451e-05
Gordon Jackson,2,0.0,0.0008904333588941513
Armin Shimerman,2,0.0,0.00036051904467477837
Marlee Matlin,2,0.0,0.00036051904467477837
DJ Pooh,2,0.0,3.687554424597299e-05
Dr. Dre,2,0.0,3.687554424597299e-05
Thelma Ritter,2,0.0,6.207128493063372e-06
Peter Appel,2,0.0,0.00044223116420695567
William Hickey,2,0.0,0.00044223116420695567
Fernando Cayo,2,0.0,0.0005640914150428055
Ashley Rickards,2,0.0,5.778243376768472e-05
Gabriel Iglesias,2,0.0,5.778243376768472e-05
Philippe Noiret,2,0.0,4.5211258846092094e-05
Kathryn Joosten,2,0.0,0.0035745760209627197
Amanda Redman,2,0.0,0.0021216975826782343
James Fox,2,0.0,0.0021216975826782343
Charlie Cox,2,0.0,0.00022337886557213148
Royce Johnson,2,0.0,0.00022337886557213154
Jodi Benson,2,0.0,0.0033536845478424797
Sam Lloyd,2,0.0,0.0033536845478424797
Derek Jeter,2,0.0,0.0061232180390245776
Amy Hill,2,0.0,0.0018005715758540092
Alan Taylor,2,0.0,0.0001021978519679625
Benjamin Fletcher,2,0.0,0.0001021978519679625
Aaron Hughes,2,0.0,0.001465847305266866
Anna Gunn,2,0.0,0.003915719223729458
Rob Brydon,2,0.0,0.0004069170355426658
Eva LaRue,2,0.0,4.766166230080226e-05
Elena Satine,2,0.0,0.0022039660808302677
Leos Carax,2,0.0,0.0002382557997274221
Sidney James,2,0.0,1.4140703608127114e-06
George 'Buck' Flower,2,0.0,1.3269770577725451e-05
Jordan Trovillion,2,0.0,0.0010220111897817352
Zoe Levin,2,0.0,0.0010220111897817352
Alan Williams,2,0.0,1.4881616859509872e-06
Rob Jarvis,2,0.0,1.4881616859509872e-06
Danny Arroyo,2,0.0,0.0024803182570388707
Michael Cerveris,2,0.0,0.00012613162028295456
Jesuíta Barbosa,2,0.0,0.00010236438479954959
Angelo Tsarouchas,2,0.0,6.641158574042128e-05
Howard Caine,2,0.0,0.0017935742449779442
Peter Jacobson,2,0.0,0.0010402732001516595
Kira McLean,2,0.0,7.978576032287939e-05
Shannon Woodward,2,0.0,7.978576032287939e-05
Brooke D'Orsay,2,0.0,8.053392403792916e-05
Diana Vickers,2,0.0,7.424307078999709e-05
Vladimir Kulich,2,0.0,0.0009960475098784176
John Glover,2,0.0,0.0008604141369035464
Dalip Singh,2,0.0,0.0028955768585832292
Steve Reevis,2,0.0,0.0028955768585832292
Nellie Sciutto,2,0.0,0.003581188020354796
Drew Carey,2,0.0,0.003950079444903803
Paula Abdul,2,0.0,0.003950079444903803
Miguel A. Núñez Jr.,2,0.0,0.0009758859053504916
Rakie Ayola,2,0.0,0.00015116442797816803
Iván Kamarás,2,0.0,0.0014968615367278548
George Reeves,2,0.0,1.99827422194962e-05
Hattie McDaniel,2,0.0,1.99827422194962e-05
Marama Corlett,2,0.0,0.0001882396308203163
Betty Hutton,2,0.0,3.8125637952277246e-06
Alex Macqueen,2,0.0,0.0007406094476410561
Fernanda Torres,2,0.0,1.9764557872259807e-05
Ronnie Gene Blevins,2,0.0,0.004030923846682797
Kathleen Robertson,2,0.0,0.00013163813408863354
Mike Farrell,2,0.0,5.773110525000878e-05
Barnard Hughes,2,0.0,3.0103502191058892e-06
John McGiver,2,0.0,3.0103502191058892e-06
Lesley Sharp,2,0.0,0.008778556054748797
Jon Osbeck,2,0.0,0.0009478688494192349
Ta'Rhonda Jones,2,0.0,0.00022146204579967326
Will Geer,2,0.0,1.999798380904479e-05
Bernard Cribbins,2,0.0,1.2455742731358743e-05
Clive Swift,2,0.0,1.2455742731358743e-05
Kate Dickie,2,0.0,0.0005515659017612884
Tracy Camilla Johns,2,0.0,8.319535517005537e-05
Kassie Wesley DePaiva,2,0.0,0.00012482009697102186
Cassandra Scerbo,2,0.0,0.001160435654125401
Lara Jean Chorostecki,2,0.0,4.748430562869475e-05
Mason Lee,2,0.0,0.0037870271354973474
Garrick Hagon,2,0.0,0.010455940534104324
Christina Cox,2,0.0,0.00293524345983868
Kick Gurry,2,0.0,0.00022751969893634454
Nicholas Elia,2,0.0,0.00022751969893634454
Max Wright,2,0.0,9.36097338121325e-07
Ellen Wong,2,0.0,0.002469029306577738
Rekha Sharma,2,0.0,0.0008113110439900414
Blaine Anderson,2,0.0,0.00024719651345422395
Ash Cook,2,0.0,0.0003049592810696556
Genevieve O'Reilly,2,0.0,0.0003049592810696556
Grey Griffin,2,0.0,0.0007217669934853808
Jerry Brown,2,0.0,5.683521354590362e-05
Peter Agnefjall,2,0.0,5.683521354590362e-05
Ralitsa Paskaleva,2,0.0,4.603477877882172e-05
Shelly Varod,2,0.0,4.603477877882172e-05
Alice Olivia Clarke,2,0.0,0.0001278822191567999
Jamie Farr,2,0.0,5.773110525000878e-05
Sofie Gråbøl,2,0.0,0.009283882310020551
Alexandre Rodrigues,2,0.0,0.0004413230253420252
John Simm,2,0.0,0.0005317688863996826
Luis Antonio,2,0.0,0.00016989702013052823
Rus Blackwell,2,0.0,0.00016989702013052823
Darren McGavin,2,0.0,0.00013635262189820146
Scott Schwartz,2,0.0,0.00013635262189820146
Perry King,2,0.0,9.567979253190663e-05
Timothy Van Patten,2,0.0,9.567979253190663e-05
Charles Grodin,2,0.0,6.035428700912304e-05
Terry Walters,2,0.0,0.0009159532695661017
Wilson Guerrero,2,0.0,0.0003046066456486133
Yenny Paola Vega,2,0.0,0.0003046066456486133
Mary Page Keller,2,0.0,0.0009555791248036874
Mykel Shannon Jenkins,2,0.0,4.748430562869475e-05
Rick Worthy,2,0.0,0.00034926528598170086
Robert Rusler,2,0.0,2.4998397659282524e-05
Adelaide Kane,2,0.0,0.0009528128372134869
Danielle Kotch,2,0.0,0.00021621188364239808
Victoria Leigh,2,0.0,0.00021621188364239808
Dayna Devon,2,0.0,1.5597161892476557e-05
Mikki Padilla,2,0.0,1.5597161892476557e-05
Ron Palillo,2,0.0,0.002020280935859095
Vincent Guastaferro,2,0.0,0.002020280935859095
Sessue Hayakawa,2,0.0,0.000301366352614923
Tonya Lee Williams,2,0.0,9.562616260801133e-05
David White,2,0.0,7.653679731447258e-05
Fred MacMurray,2,0.0,7.653679731447258e-05
Erin Gray,2,0.0,5.623586292189474e-05
Leslie Jordan,2,0.0,5.623586292189474e-05
Glen Murphy,2,0.0,0.0021216975826782343
Joe Egan,2,0.0,0.0021216975826782343
LisaGay Hamilton,2,0.0,0.00047427173138796653
Edward Andrews,2,0.0,0.000579960176091523
Countess Vaughn,2,0.0,0.0003188984972472789
Deon Richmond,2,0.0,0.0003188984972472789
Walter Brennan,2,0.0,1.41495725188215e-05
Joyful Drake,2,0.0,0.0004874333242033168
John Astin,2,0.0,1.1423301075223807e-05
Robert Neary,2,0.0,1.1423301075223807e-05
Jessica De Gouw,2,0.0,3.325404108802753e-05
Lisa Ray,2,0.0,3.061082840317173e-07
Seema Biswas,2,0.0,3.061082840317173e-07
David Heyman,2,0.0,0.0002640414678411141
Ann Morgan Guilbert,2,0.0,0.002733232823193701
Hettienne Park,2,0.0,4.670769459043524e-05
Gert Fröbe,2,0.0,3.5755091769494374e-05
Daoming Chen,2,0.0,5.09599062543883e-05
Gabriel Thomson,2,0.0,0.0022864092645945022
Karl Yune,2,0.0,0.0007561828869023671
Nikki Griffin,2,0.0,0.00010687656715665791
Zachery Ty Bryan,2,0.0,0.00010687656715665791
Jsu Garcia,2,0.0,0.00034926528598170086
Paula Marshall,2,0.0,0.0003039014182171857
George Hamilton,2,0.0,0.00011404963131398754
Richard Libertini,2,0.0,0.0027687971510877937
Stuart Margolin,2,0.0,0.0027687971510877937
Jeff Conaway,2,0.0,0.0028845264630446266
Courtney Love,2,0.0,0.005109649104690569
Grace Gummer,2,0.0,0.00021142024476214274
Nambitha Mpumlwana,2,0.0,2.5689798000025903e-05
Joe Howard,2,0.0,0.0004730477022452192
Lauryn Hill,2,0.0,0.0036296835904354326
Bobby Brown,2,0.0,0.00047427173138796653
Molly Dunsworth,2,0.0,0.00013316191841696677
Robb Wells,2,0.0,0.00013316191841696677
Erick Elias,2,0.0,0.0015315423556410924
Jason Maza,2,0.0,0.0024971654124796567
Andrew Rannells,2,0.0,0.007957028778484056
Megan Hilty,2,0.0,0.0001574556144543789
Lindsey Haun,2,0.0,0.001787967445740153
Bob Ross,2,0.0,0.00010435462562477158
Kostja Ullmann,2,0.0,6.674749274070002e-05
Robert Stadlober,2,0.0,6.674749274070002e-05
Peter Onorati,2,0.0,0.001212686568776039
Jim Norton,2,0.0,0.0011442386649795373
Emily Nelson,2,0.0,0.0008117377646860068
Kristi Clainos,2,0.0,0.0008117377646860068
Scott Thompson,2,0.0,4.670769459043524e-05
Sarah Parish,2,0.0,0.00536037107957873
Salvatore Santone,2,0.0,0.0010303795024047123
Sarah Rafferty,2,0.0,0.0010303795024047123
David Bianchi,2,0.0,0.001220951144908878
Brett Wagner,2,0.0,0.0008036662240973046
Brooke Newton,2,0.0,0.0008036662240973046
Fabio Testi,2,0.0,5.7716675106817306e-05
Jack Taylor,2,0.0,5.7716675106817306e-05
Cybill Shepherd,2,0.0,0.0029140961834127174
Matheus Nachtergaele,2,0.0,8.852617622847678e-07
Othon Bastos,2,0.0,8.852617622847678e-07
Glenn Ford,2,0.0,0.00041547413279307844
Anthony L. Fernandez,2,0.0,0.0002460240240794654
Scott Evans,2,0.0,0.0002460240240794654
Greg Crowe,2,0.0,0.00021967768968478237
Robert Noble,2,0.0,0.0004730477022452192
Ji-tae Yu,2,0.0,1.4034419464247183e-06
Flint Beverage,2,0.0,2.9857184310076714e-05
Jeremy Howard,2,0.0,0.0011940876003158055
Jamie Renée Smith,2,0.0,0.00011215337574746417
Stephen Amell,2,0.0,0.00045507141450566664
Tim Heidecker,2,0.0,0.004191121475335615
Oana Pellea,2,0.0,0.0007908238725082121
Allegra Carpenter,2,0.0,3.949300834637397e-05
Gregory Cruz,2,0.0,3.949300834637397e-05
William Butler,2,0.0,5.6297041867633336e-05
Joe Dinicol,2,0.0,0.0006343730643011617
Sanjay Dutt,2,0.0,1.8278020427806448e-07
Patricia Richardson,2,0.0,0.00019861253516621747
Vanessa Zima,2,0.0,0.00019861253516621747
Hoyt Axton,2,0.0,0.0005526285518318361
Alex Meraz,2,0.0,0.00033651911670166897
Jillian Murray,2,0.0,0.00033651911670166897
Frank Hvam,2,0.0,5.155580445030331e-05
Stephanie March,2,0.0,0.012101943204860606
Catherine Tate,2,0.0,0.0005412545424013092
Chad L. Coleman,2,0.0,0.005092925821881151
Dirk Benedict,2,0.0,2.8316264338581725e-06
Lex Shrapnel,2,0.0,0.005429755026828503
Irene Dunne,2,0.0,3.998285311606132e-05
Laurie Metcalf,2,0.0,0.0008346517366212517
Cyd Charisse,2,0.0,7.244131486329063e-05
Nancy Kyes,2,0.0,3.199082666470833e-05
Sal Mineo,2,0.0,0.0005978836511344158
Melvyn Douglas,2,0.0,5.820893025553755e-06
Whit Bissell,2,0.0,5.820893025553755e-06
Jill Flint,2,0.0,0.0006418833206916719
Rila Fukushima,2,0.0,0.0024541752074898953
Tao Okamoto,2,0.0,0.0024541752074898953
Joshua Ormond,2,0.0,0.0023247975275166063
Amanda Plummer,2,0.0,0.0011366637381348909
Dayo Okeniyi,2,0.0,0.0012623325259008573
Michael Bower,2,0.0,0.0017516832747881171
Shriya Saran,2,0.0,0.0005781796119328853
Rüdiger Vogler,2,0.0,0.0001090635946045593
Sebastian Blomberg,2,0.0,0.0001090635946045593
Tenoch Huerta,2,0.0,0.00042639453665676766
Paul T. Taylor,2,0.0,0.0019197815775221796
Cecilia Pillado,2,0.0,0.0024219835645042883
Emmanuel Kabongo,2,0.0,0.0014876245357060248
Justine Waddell,2,0.0,0.0013766050557945395
Anthony 'Citric' Campos,2,0.0,0.0005124657627699645
Kevin Leslie,2,0.0,0.00022083921304541973
Kelly Reno,2,0.0,0.0005526285518318361
Casper Christensen,2,0.0,5.155580445030331e-05
Basil Rathbone,2,0.0,1.7897222887409532e-06
Red Skelton,2,0.0,1.7897222887409532e-06
Jossara Jinaro,2,0.0,7.581586089986177e-05
Rene Rosado,2,0.0,7.581586089986177e-05
Mindy Sterling,2,0.0,0.0022171285126775147
Kayla Ewell,2,0.0,4.5571196744910966e-05
Linden Ashby,2,0.0,4.5571196744910966e-05
Greer Garson,2,0.0,0.0004181540048258814
Brad Schmidt,2,0.0,0.000316592753463401
Ethan Peck,2,0.0,0.000316592753463401
Myrna Loy,2,0.0,1.5181818509770356e-08
Cheyenne Haynes,2,0.0,0.0003791154938421995
Martha Higareda,2,0.0,0.0003791154938421995
Travis Myers,2,0.0,0.00043490861250084243
Jessica Hecht,2,0.0,0.0006332786737397538
Ana Gasteyer,2,0.0,0.0023247975275166063
Daniela Bianchi,2,0.0,4.998198701148301e-05
Alan Autry,2,0.0,1.1875769088630894e-05
Crystal R. Fox,2,0.0,1.1875769088630894e-05
John Beck,2,0.0,0.0006117013661832615
Mews Small,2,0.0,0.0006117013661832615
Brock Peters,2,0.0,0.005051662112949252
William Windom,2,0.0,0.005051662112949252
Kjell Nilsson,2,0.0,0.00032890164412328866
Ho-Sung Pak,2,0.0,8.52898061028964e-05
Alicia Goranson,2,0.0,0.0005053956190615343
Jeannetta Arnette,2,0.0,0.0005053956190615343
Ben Davies,2,0.0,1.6475589240623867e-06
T.C. Stallings,2,0.0,1.6475589240623867e-06
Hedy Lamarr,2,0.0,3.998285311606132e-05
Kris Sommerville,2,0.0,0.00022083921304541973
Bianca Brigitte VanDamme,2,0.0,0.001185838174117946
Marie Pillet,2,0.0,5.048400528197883e-05
Michael Wright,2,0.0,0.0001204290960829183
Velibor Topic,2,0.0,0.0002690618732789803
Kim Delaney,2,0.0,0.002177628330758424
Will.i.am,2,0.0,0.004340885103525657
Sarah Clarke,2,0.0,0.0009430133608238765
Celeste Holm,2,0.0,0.0007157766966364575
John Garfield,2,0.0,0.0007157766966364575
Lauren Sweetser,2,0.0,0.0028194375706154903
Shelley Waggener,2,0.0,0.0028194375706154903
Tyrone Power,2,0.0,7.075429355871071e-05
Miranda July,2,0.0,5.365295183130509e-05
Najarra Townsend,2,0.0,5.365295183130509e-05
Barney Frank,2,0.0,0.004885373925307171
Maria Doyle Kennedy,2,0.0,0.00021621188364239808
Shaun O'Hagan,2,0.0,0.00021621188364239808
Sydelle Noel,2,0.0,0.0015835310219083822
Rose Marie,2,0.0,0.0004297115108981282
Tawny Kitaen,2,0.0,0.0004297115108981282
Bruce Newbold,2,0.0,6.142261525167244e-07
Vanessa Matsui,2,0.0,8.2445133484321e-05
Aramis Knight,2,0.0,0.004434412312138539
Noah Danby,2,0.0,6.142261525167245e-07
Dick Cheney,2,0.0,0.00020173603819306034
Donald Rumsfeld,2,0.0,0.00020173603819306034
Austin Lyon,2,0.0,0.0015267804789413089
Debrah Farentino,2,0.0,0.0041869769784646325
Kate Magowan,2,0.0,4.230634823205806e-05
Paul Kaye,2,0.0,4.230634823205806e-05
Karl Collins,2,0.0,0.002467597079480049
Daniel Tay,2,0.0,0.0018726797973750195
Albert Delpy,2,0.0,5.048400528197883e-05
Charly Bivona,2,0.0,0.00200014236874621
Kent McCord,2,0.0,9.945667057865508e-05
Sarah Douglas,2,0.0,9.945667057865508e-05
Michelle Hurst,2,0.0,0.00041572878075910323
Silvia Colloca,2,0.0,0.0005478857647108991
Kenneth Nkosi,2,0.0,1.1504138481947349e-06
Robert Hobbs,2,0.0,1.1504138481947349e-06
Daniel Baldwin,2,0.0,5.155235412714874e-05
William Lee Scott,2,0.0,5.155235412714874e-05
Charlotte Rae,2,0.0,0.0007074650398052582
Kathy Uyen,2,0.0,5.816333423416618e-05
Paul Sheehan,2,0.0,5.816333423416618e-05
Mario Cimarro,2,0.0,0.00015952201281791087
Ricardo Chavira,2,0.0,0.00015952201281791087
Gano Grills,2,0.0,2.687484821690102e-06
Richard Portnow,2,0.0,2.687484821690102e-06
Kate Maberly,2,0.0,4.55652998067075e-06
Karin Dor,2,0.0,0.0022299780128854896
Lex Barker,2,0.0,0.0022299780128854896
Jon Mack,2,0.0,0.0002934072458547284
Josh Meyers,2,0.0,0.0002934072458547284
Eddie Vedder,2,0.0,0.00014530793728245324
Steve Earle,2,0.0,0.00014530793728245324
David Lewis,2,0.0,7.377801496401294e-06
Mike 'The Miz' Mizanin,2,0.0,7.377801496401294e-06
Erik Palladino,2,0.0,0.0024729291137404923
Ahmed Hassan,2,0.0,6.684350114638883e-08
Aida Elkashef,2,0.0,6.684350114638883e-08
Prabhudheva,2,0.0,4.74902684216616e-05
Remo,2,0.0,4.74902684216616e-05
Chuck Zito,2,0.0,0.0009327959115067818
Jansen Panettiere,2,0.0,1.234282471047557e-05
June Foray,2,0.0,0.00036767815640604027
Dwight Schultz,2,0.0,2.8316264338581725e-06
Roseanne Barr,2,0.0,0.005616540695103283
Olga Fonda,2,0.0,0.0024541752074898953
Torey Michael Adkins,2,0.0,0.0024541752074898953
Dwight Henry,2,0.0,0.0001306494302712472
Gina Montana,2,0.0,0.0001306494302712472
Claude Akins,2,0.0,9.57071062085899e-05
Donald Trump,2,0.0,0.0008938360611911323
J.J. Abrams,2,0.0,0.0008938360611911323
Alan Hale Jr.,2,0.0,0.0025463465448260177
Jim Backus,2,0.0,9.039915931720956e-05
Keenan Tracey,2,0.0,0.0005037590447576326
Nicholas Carella,2,0.0,0.0005037590447576326
Mark Rolston,2,0.0,0.0027461034231400752
Sunil Narkar,2,0.0,0.00013046500186153785
Ludger Pistor,2,0.0,0.00011401001459724759
Will Estes,2,0.0,0.00027557950682500007
CJ Adams,2,0.0,0.001042583965054231
Erin Pitt,2,0.0,0.001042583965054231
Gordon Jump,2,0.0,9.567979253190663e-05
John Randolph,2,0.0,9.567979253190663e-05
Daniel Franzese,2,0.0,0.00027356591811228365
Sarah Butler,2,0.0,0.00027356591811228365
Ally Walker,2,0.0,0.00031420571424291657
Dean Andrews,2,0.0,0.00030501155623264886
Natalie Press,2,0.0,0.00030501155623264886
Nawazuddin Siddiqui,2,0.0,3.6906840090694296e-06
Ann Miller,2,0.0,2.0891934914570173e-05
Ben Johnson,2,0.0,8.7594520134434e-06
Adam Ratcliffe,2,0.0,0.0006506075406774244
Patrick Fabian,2,0.0,9.906251343174441e-05
Lou Romano,2,0.0,0.0015696840062804644
John Lone,2,0.0,1.646880043631599e-05
Mei Melançon,2,0.0,1.646880043631599e-05
Al Roker,2,0.0,0.0005795252640791092
Kelly Keaton,2,0.0,0.0005570768062900585
Maile Flanagan,2,0.0,0.0005570768062900585
Alejandro Furth,2,0.0,0.0005100710675707368
Pixie Davies,2,0.0,0.0005100710675707368
Cindy Williams,2,0.0,0.003442845250144535
Revathy,2,0.0,5.8903159995013604e-05
Michel Bouquet,2,0.0,7.966217642929837e-05
Marisa Coughlan,2,0.0,0.002583299006834953
Justin Pierce,2,0.0,0.0019697597067037283
Leo Fitzpatrick,2,0.0,0.0019697597067037283
Christian Keyes,2,0.0,0.0006128634906585465
Armin Rohde,2,0.0,0.00011401001459724759
Philip Friedman,2,0.0,0.0014491914275278086
Miguel Sandoval,2,0.0,0.0002571280646068443
Ryan McDonald,2,0.0,0.0004524403340854337
Salvator Xuereb,2,0.0,0.0014263789042631698
Summer Phoenix,2,0.0,0.0019109110012946397
Theresa Russell,2,0.0,0.0019109110012946397
Jessy Schram,2,0.0,0.0003267707504092865
Joel Murray,2,0.0,0.0007105852095133285
Timothy Patrick Quill,2,0.0,0.00012482009697102186
Jim O'Heir,2,0.0,0.00037224722046493106
Darren E. Burrows,2,0.0,0.001503341668098963
Jenny O'Hara,2,0.0,0.001503341668098963
Robin Lord Taylor,2,0.0,2.9857184310076714e-05
Jaime Zevallos,2,0.0,7.373690485370534e-05
Victor McLaglen,2,0.0,8.7594520134434e-06
Marla Gibbs,2,0.0,0.0005302935425406208
Katrina Law,2,0.0,7.721390627424824e-05
Balthazar Getty,2,0.0,0.0006655502391413457
Lydia Hearst,2,0.0,0.0006655502391413457
Kiowa Gordon,2,0.0,0.0003899121490680187
Brigitte Bardot,2,0.0,5.630005085931755e-06
Christina Moore,2,0.0,0.00040166402163434875
Cullen Douglas,2,0.0,0.00040166402163434875
Laurent Poitrenaux,2,0.0,9.998782381575256e-05
Léa Drucker,2,0.0,9.998782381575256e-05
Angela Jones,2,0.0,0.00019790246017996923
Jonathan Mangum,2,0.0,0.00019790246017996923
Burt Ward,2,0.0,0.00015441300496262303
Paprika Steen,2,0.0,0.0003968715135022972
Trine Dyrholm,2,0.0,0.0003968715135022972
Sam Medina,2,0.0,2.238057640456782e-05
T.J. Storm,2,0.0,2.238057640456782e-05
Tucker Smallwood,2,0.0,0.00013295724207799858
Lenore Zann,2,0.0,0.00037231497800814447
Tim Choate,2,0.0,0.00037231497800814447
Samantha McLeod,2,0.0,4.837736527097933e-07
Uday Chopra,2,0.0,4.837736527097933e-07
Matt Crabtree,2,0.0,0.00023281557651331708
Chloe Bridges,2,0.0,0.0005255328191656798
Joan Fontaine,2,0.0,0.0007063791627582846
Jenni Rivera,2,0.0,0.0011956773841786039
Jorge Diaz,2,0.0,0.0011956773841786039
Vic Mignogna,2,0.0,0.00033860532241219266
Jean Peters,2,0.0,0.00010056873947789116
Will Wright,2,0.0,0.00010056873947789116
Barry Fitzgerald,2,0.0,9.567979253190663e-05
Walter Pidgeon,2,0.0,9.567979253190663e-05
Michael Elian,2,0.0,7.373690485370534e-05
Elvis Nolasco,2,0.0,0.0007967643461107265
Felicia Pearson,2,0.0,0.0007967643461107265
Laura San Giacomo,2,0.0,0.0007615951626671832
Steven Brill,2,0.0,0.0007615951626671832
Ben Youcef,2,0.0,0.00037191803742948166
Zuhair Haddad,2,0.0,0.00037191803742948166
Randeep Hooda,2,0.0,3.895056147092563e-06
Jerry Mathers,2,0.0,5.182403095312299e-06
Gale Sondergaard,2,0.0,1.646780303083511e-11
Nigel Bruce,2,0.0,1.646780303083511e-11
Enzo Petito,2,0.0,0.0014934406853498636
Luigi Pistilli,2,0.0,0.0014934406853498636
Eric Lange,2,0.0,0.0001971054928889999
Marshall Allman,2,0.0,0.0001971054928889999
Jim Cody Williams,2,0.0,0.00042579240418942757
Kristen Cloke,2,0.0,0.00013295724207799858
Errol Flynn,2,0.0,3.4915733299463035e-10
Kristin Booth,2,0.0,3.0397328741022526e-05
Michael Eisner,2,0.0,3.0397328741022526e-05
Brittney Powell,2,0.0,0.00041619011129231834
Sabrina Carmichael,2,0.0,0.00022385502136897887
George Newton,2,0.0,0.0003317439408568607
Susan Tyrrell,2,0.0,3.7320320929158327e-06
Eva Bourne,2,0.0,4.1264331245864725e-05
Marilyn Norry,2,0.0,4.1264331245864725e-05
Matthew R. Anderson,2,0.0,0.00010100664254924126
Conrad Veidt,2,0.0,1.3648809666791663e-05
Jesse Vint,2,0.0,0.0012099846725858294
Melvin Van Peebles,2,0.0,0.0004745277311722056
Gitte Witt,2,0.0,0.0002123876601876063
Hugh Griffith,2,0.0,0.001212875782006643
Riley Keough,2,0.0,0.0011664419778037718
Heather Sossaman,2,0.0,5.883664863585015e-05
Renee Olstead,2,0.0,5.883664863585015e-05
Jack Lord,2,0.0,3.557656117722121e-05
Ursula Andress,2,0.0,3.557656117722121e-05
Paul Borghese,2,0.0,0.0005781812579418833
Claudiu Trandafir,2,0.0,0.00025609556128427835
Fernanda Andrade,2,0.0,0.00025609556128427835
Cynthia Myers,2,0.0,0.0004607996295194421
Harrison Page,2,0.0,0.0004607996295194421
Magda Apanowicz,2,0.0,0.00043833429198844164
Alex Lawther,2,0.0,4.968753519995407e-06
Niamh Cusack,2,0.0,4.968753519995407e-06
Rhea Perlman,2,0.0,7.767024013123791e-05
Jason Burkey,2,0.0,3.3224373675238444e-06
Robert Amaya,2,0.0,3.3224373675238444e-06
Rich Ceraulo,2,0.0,3.877888394566297e-05
Kathleen Rose Perkins,2,0.0,0.0013496599492315675
Julia Garner,2,0.0,0.0002123876601876063
Jake Lacy,2,0.0,0.00043542636873677895
Thomas Middleditch,2,0.0,0.004168300945734015
Drake,2,0.0,0.0022213779866619952
Chris Barrie,2,0.0,0.0054188600717318056
Tod Fennell,2,0.0,0.0005831064316726283
Jenny Slate,2,0.0,0.00043542636873677895
Michael O'Keefe,2,0.0,2.570633879422618e-05
Misty Upham,2,0.0,2.570633879422618e-05
Lou Adler,2,0.0,1.4105305412304614e-05
Merry Clayton,2,0.0,1.4105305412304614e-05
Angel David,2,0.0,0.004663914669512147
Colette Divine,2,0.0,0.0004613627980015756
Phyllis Diller,2,0.0,0.0004613627980015756
Ella Joyce,2,0.0,0.0004873979843944241
Bonz Malone,2,0.0,0.00014450555827885374
Saul Williams,2,0.0,0.00014450555827885374
Rick Macy,2,0.0,0.0002871229697428916
Dian Bachar,2,0.0,0.0001237425409801237
Matt Stone,2,0.0,0.0001237425409801237
Olivia Crocicchia,2,0.0,0.005491916678934925
Steven Yeun,2,0.0,7.414528155835133e-05
Venida Evans,2,0.0,7.414528155835133e-05
Alex Gibney,2,0.0,0.00022361695161826866
Greg D'Agostino,2,0.0,0.00022361695161826866
Melissa Gilbert,2,0.0,0.0009936873136275495
Raquel Elizabeth Ames,2,0.0,4.570470673186151e-05
James Gunn,2,0.0,0.002986830357277466
Jonathon Trent,2,0.0,3.1005368856586855e-06
Jordana Spiro,2,0.0,3.1005368856586855e-06
Alexia Rasmussen,2,0.0,0.0001554544473699629
Meredith Hagner,2,0.0,0.0001554544473699629
Ian Bohen,2,0.0,0.0025437506277074637
Paul Blackthorne,2,0.0,0.0025437506277074637
Jesse Hutch,2,0.0,0.0003354773728008686
Mariel Hemingway,2,0.0,0.0003354773728008686
Heather Bucha,2,0.0,0.00016575229405121363
Ilene Graff,2,0.0,4.630067771632579e-07
Laura Breckenridge,2,0.0,4.630067771632579e-07
James Eckhouse,2,0.0,7.942326016029211e-05
Nicole Randall Johnson,2,0.0,7.942326016029211e-05
Alicia Ziegler,2,0.0,2.5363548069894987e-05
Lauren C. Mayhew,2,0.0,2.5363548069894987e-05
Louise Sorel,2,0.0,0.0001771943067832468
Janet Hubert,2,0.0,0.0011923451244336076
Diane Venora,2,0.0,0.0008259343066326588
Maureen McCormick,2,0.0,8.385218158389871e-05
Chrystee Pharris,2,0.0,3.541294357162595e-06
Sticky Fingaz,2,0.0,3.541294357162595e-06
Anslem Richardson,2,0.0,4.663242396990575e-05
Jay Paulson,2,0.0,4.663242396990575e-05
Chloe Rose,2,0.0,5.004339946815462e-06
Kristian Bruun,2,0.0,5.004339946815462e-06
Angelina Armani,2,0.0,0.00010712380095315234
Fiona Dourif,2,0.0,0.00010712380095315234
Justin Baldoni,2,0.0,0.0002179504892631926
Claire Bloom,2,0.0,5.3075183021403394e-05
Michael McMillian,2,0.0,2.166723390797974e-05
Monique Candelaria,2,0.0,2.166723390797974e-05
Bruno Campos,2,0.0,8.583500970628828e-05
David DeLuise,2,0.0,8.583500970628828e-05
Gia Mantegna,2,0.0,0.0002353866855644456
Brian Dorton,2,0.0,1.9979638432652725e-05
Ahna O'Reilly,2,0.0,1.8112205848385164e-05
Ariana Neal,2,0.0,1.8112205848385164e-05
Philip Glenister,2,0.0,0.007759897807152551
Patricia Velasquez,2,0.0,0.0031699474450597137
Ni Ni,2,0.0,0.004662778863694742
Shigeo Kobayashi,2,0.0,0.004662778863694742
Roger Bart,2,0.0,0.004231812092558696
Adam Carolla,2,0.0,6.244699960999277e-05
Rian Bishop,2,0.0,6.244699960999277e-05
Janel Parrish,2,0.0,0.0005715800999617198
Hal Linden,2,0.0,2.320588278684316e-06
Johnny Harris,2,0.0,0.00012795002429482193
Christopher Berry,2,0.0,0.0004730477022452192
Michelle Tabora,2,0.0,0.0004730477022452192
Tommy O'Reilly,2,0.0,0.00011624653014776505
Christina Vidal,2,0.0,0.00023970943768804288
Ken Leung,2,0.0,0.00023970943768804288
Victor Rasuk,2,0.0,1.8115190656130242e-05
Diane Baker,2,0.0,0.001542178382203888
Melora Walters,2,0.0,0.001542178382203888
Zachary Knighton,2,0.0,7.521595518542117e-05
Arly Jover,2,0.0,0.0010531880890829238
Corbin Allred,2,0.0,1.3617657672610789e-05
Mackenzie Phillips,2,0.0,0.0030529146407322167
Isaac C. Singleton Jr.,2,0.0,0.00045767738873079444
Jeanette Branch,2,0.0,0.00045767738873079444
Jake Ryan,2,0.0,0.00014659245249091233
Pat Healy,2,0.0,0.00014659245249091233
Dominique Sanda,2,0.0,1.4039664207592402e-05
Stefania Sandrelli,2,0.0,1.4039664207592402e-05
Nichola Burley,2,0.0,8.141789576245563e-05
Walter Masterson,2,0.0,4.1741325884760704e-05
Jeff Lima,2,0.0,0.0019946609414236193
Akima,2,0.0,0.0002810416320518932
Max Gail,2,0.0,0.0002810416320518932
Chenoa Maxwell,2,0.0,6.988439683585572e-05
Robinne Lee,2,0.0,6.988439683585572e-05
Danielle Savre,2,0.0,0.00018272491423028685
Richard Curtis,2,0.0,7.48740667642752e-05
Dave Fennoy,2,0.0,0.001269171763874856
Karolina Wydra,2,0.0,0.0003325109523759232
Madison Lintz,2,0.0,0.0003325109523759232
Lorraine Ziff,2,0.0,0.0004746141418132345
Cynthia Watros,2,0.0,0.0004832187936249574
David A.R. White,2,0.0,0.0004832187936249574
Brent David Fraser,2,0.0,0.000439356067807576
Angela Nordeng,2,0.0,0.00015952201281791087
Exie Booker,2,0.0,0.00015952201281791087
Lymari Nadal,2,0.0,0.00013046963594623995
Félix Moati,2,0.0,0.0001260049205133798
Marianne Denicourt,2,0.0,0.0001260049205133798
Ben Stein,2,0.0,0.0005688157488113984
Frank Dillane,2,0.0,0.0030776337261289575
Igal Naor,2,0.0,0.004879661466785948
Sean Huze,2,0.0,0.004879661466785948
John Brodsky,2,0.0,0.0004165618497629874
George Harrison,2,0.0,7.335720527271978e-06
Paul McCartney,2,0.0,7.335720527271978e-06
Ken Bevel,2,0.0,7.396358048142854e-08
Kirk Cameron,2,0.0,7.396358048142854e-08
Abby Elliott,2,0.0,0.00033080996814345543
Hoke Howell,2,0.0,4.1081064873184e-06
Tiffany Bolling,2,0.0,4.1081064873184e-06
Bob Dole,2,0.0,1.3036860641292035e-05
Ken Burns,2,0.0,1.3036860641292035e-05
Daryn Tufts,2,0.0,6.142261525167244e-07
Lincoln Hoppe,2,0.0,6.142261525167244e-07
Jason Kravits,2,0.0,7.628339813803017e-06
Peter Riegert,2,0.0,7.628339813803017e-06
Max Records,2,0.0,0.001415158198676876
Emma Kenney,2,0.0,0.00187996687427748
Ari Gold,2,0.0,7.110670874506716e-06
Denny Kirkwood,2,0.0,7.110670874506716e-06
Big Budah,2,0.0,6.142261525167244e-07
Curt Doussett,2,0.0,6.142261525167244e-07
Ti West,2,0.0,0.00411830929094699
Nick Cave,2,0.0,0.007723536293018646
Tina Louise,2,0.0,0.007723536293018646
Jake Sandvig,2,0.0,0.00021848341075152977
Joe McQueen,2,0.0,0.00021848341075152977
Cecelia Antoinette,2,0.0,5.394268914292499e-05
Eddie Spears,2,0.0,0.003884207509560827
Ricky Catter,2,0.0,0.0005020786911918829
Ann Dowd,2,0.0,0.00014565182509230576
Matthew Cowles,2,0.0,0.00014565182509230576
Max Adler,2,0.0,0.0002127621932802658
Stafford Douglas,2,0.0,0.0020263984578228183
Mike Beckingham,2,0.0,3.7556139349764782e-06
Tom Stedham,2,0.0,3.7556139349764782e-06
Christian Alvarez,2,0.0,8.435510724738972e-06
Claudette Lalí,2,0.0,8.435510724738972e-06
Vincent De Paul,2,0.0,8.955473441637863e-05
Terrance Zdunich,2,0.0,0.0009766232914188004
Mark Torgl,2,0.0,0.00013055168306239188
Pat Ryan,2,0.0,0.00013055168306239188
George T. Odom,2,0.0,8.513819065201743e-05
Matty Rich,2,0.0,8.513819065201743e-05
Nicholas Farrell,2,0.0,0.0003049592810696556
Tim Pigott-Smith,2,0.0,0.0003049592810696556
Dennis L.A. White,2,0.0,1.6238226735440335e-05
Luis Sanchez,2,0.0,1.6238226735440335e-05
Cheyenne Jackson,2,0.0,8.601609110952665e-06
Michael Stahl-David,2,0.0,8.601609110952663e-06
Frida Hallgren,2,0.0,0.0002443955703595295
Nils-Anders Vallgårda,2,0.0,0.0002443955703595295
Amy Hargreaves,2,0.0,0.0005301876650867093
Eve Plumb,2,0.0,0.0005301876650867093
Amber Armstrong,2,0.0,3.9966536359482795e-08
Ashley Palmer,2,0.0,3.9966536359482795e-08
Terry Jones,2,0.0,0.0007523048262673024
Alicia Sixtos,2,0.0,1.4036847859619534e-05
Emily Rios,2,0.0,1.4036847859619534e-05
Alex Sanborn,2,0.0,5.623586292189474e-05
Paul Elia,2,0.0,5.623586292189474e-05
Michelle Krusiec,2,0.0,0.001542442558764643
Desmond Askew,2,0.0,3.956300435404291e-06
Gabriel Hogan,2,0.0,0.00013840575952441987
Mae Marsh,2,0.0,4.499339422444687e-06
Walter Long,2,0.0,4.499339422444687e-06
DeForest Kelley,2,0.0,9.548868859694996e-05
James Doohan,2,0.0,9.548868859694996e-05
Betsy Baker,2,0.0,0.0001237904049160586
Tracy Spiridakos,2,0.0,0.0010723796333818932
Alan Hale,2,0.0,1.7897222887409532e-06
Walter Connolly,2,0.0,1.7897222887409532e-06
James Cagney,2,0.0,9.056830764859767e-06
Todd Bridges,2,0.0,9.056830764859767e-06
Jane Bradbury,2,0.0,2.003380107253938e-07
Simon Abkarian,2,0.0,2.003380107253938e-07
Daniel London,2,0.0,3.346859435579896e-07
Bob Eubanks,2,0.0,0.00014530793728245324
Pat Boone,2,0.0,0.00014530793728245324
Anna Karina,2,0.0,3.5675487708288694e-06
Graziella Galvani,2,0.0,3.5675487708288694e-06
Ivan Dixon,2,0.0,0.001012613768916009
Eli Marienthal,2,0.0,0.0008824411025044982
Christina Chambers,2,0.0,1.8123949567696733e-05
Don Wallace,2,0.0,1.8123949567696733e-05
Joanna Cassidy,2,0.0,4.8993947165141325e-05
Ryan Carnes,2,0.0,4.8993947165141325e-05
Vanna White,2,0.0,1.95929787579008e-05
Ahmed Best,2,0.0,0.0004134732419191244
James McCaffrey,2,0.0,0.0003058670991774656
Raven Goodwin,2,0.0,0.000544933855312015
Hector Echavarria,2,0.0,8.01849181235427e-06
Ron Roggé,2,0.0,8.01849181235427e-06
Stephanie Berry,2,0.0,9.609243968938835e-05
Chris Weitz,2,0.0,0.0001675077663392734
Matt Day,2,0.0,0.001595753414211244
Amir Talai,2,0.0,0.00015222777618964864
Charlie Bewley,2,0.0,0.0028194375706154903
Finola Hughes,2,0.0,0.0028194375706154903
Clint Jung,2,0.0,8.177112231824494e-06
Marshal Hilton,2,0.0,8.177112231824494e-06
Gus Van Sant,2,0.0,0.000248138319070887
James Deen,2,0.0,0.000248138319070887
James Norton,2,0.0,0.0013730915575556047
Sarah Lancashire,2,0.0,0.0013730915575556047
Dominic Colón,2,0.0,8.117438719797957e-07
Flaco Navaja,2,0.0,8.117438719797957e-07
Pollyanna McIntosh,2,0.0,0.0004468880960389461
Samantha Buck,2,0.0,8.416124130627514e-05
Terumi Matthews,2,0.0,8.416124130627514e-05
Debra Lynn Hull,2,0.0,2.95947744789753e-05
Mark Hengst,2,0.0,2.95947744789753e-05
Kirsten Collins,2,0.0,0.0003645593400963242
Lorne Cardinal,2,0.0,0.0003645593400963242
Stuart Whitman,2,0.0,0.0007063210349762287
Brit Morgan,2,0.0,1.3761669974489513e-06
Sedona James,2,0.0,1.3761669974489513e-06
Jacob Zachar,2,0.0,0.0004402528632099672
Travis Betz,2,0.0,0.0004402528632099672
James Lance,2,0.0,0.0015567556261971206
Matt King,2,0.0,0.0015567556261971206
Matt Keeslar,2,0.0,0.0004554457450000123
Hugh Keays-Byrne,2,0.0,0.0003251178994710577
Joanne Samuel,2,0.0,0.0003251178994710577
Alex Désert,2,0.0,0.0034036496690296185
Blake Lindsley,2,0.0,0.0034036496690296185
Aldo Sambrell,2,0.0,0.0014934406853498636
Gian Maria Volontè,2,0.0,0.0014934406853498636
Lorraine Toussaint,2,0.0,0.0018158682770554662
Richard Glover,2,0.0,1.7731547931004623e-07
Stevan Mena,2,0.0,1.7731547931004623e-07
Elise Muller,2,0.0,0.00019214627470586193
David Lee Smith,2,0.0,0.00029871101945135845
Bruce Gooch,2,0.0,4.848944028878726e-05
Jordan Bridges,2,0.0,4.848944028878726e-05
Matthew Gumley,2,0.0,2.3360100060720984e-06
Robert Turano,2,0.0,2.3360100060720984e-06
Alex Emanuel,2,0.0,5.212758063813189e-05
Chris New,2,0.0,5.9477728827578984e-05
Jason Trost,2,0.0,0.00010796725193000239
Jason Stuart,2,0.0,0.0005795668256857945
Christopher Robin Miller,2,0.0,1.2855129610382544e-05
Richard Moll,2,0.0,1.2855129610382544e-05
Charlotte Stewart,2,0.0,0.00012491185399679254
Jack Nance,2,0.0,0.00012491185399679254
Corlandos Scott,2,0.0,0.00037316302975578863
Jeremy Sande,2,0.0,0.00037316302975578863
Amanda MacDonald,2,0.0,0.0003645593400963242
Chelse Swain,2,0.0,0.0003645593400963242
Beau Knapp,2,0.0,0.0013142280639902326
Olivia Cooke,2,0.0,0.0013142280639902326
Kelen Coleman,2,0.0,0.0009468838537242024
Béatrice Dalle,2,0.0,0.000178423282276122
James Noble,2,0.0,0.00039274429189899965
Lindsay Felton,2,0.0,5.411930294529202e-05
Mike Birbiglia,2,0.0,0.00040961074853481587
Janet Lee Dapper,2,0.0,7.396358048142854e-08
Adam Rayner,2,0.0,0.0006468013849069277
Arthur O'Connell,2,0.0,3.473129044175451e-10
Sheldon Leonard,2,0.0,3.473129044175451e-10
Clint Mansell,2,0.0,0.0014194729486454165
Meredith Scott Lynn,2,0.0,0.00021626886023603714
Tim DeZarn,2,0.0,0.00021626886023603714
Robert McKee,2,0.0,0.00019938783618984147
Tom Ardavany,2,0.0,0.00019938783618984147
James DeBello,2,0.0,0.0024129121206942173
Maxine Bahns,2,0.0,2.8866956085698978e-05
Shari Albert,2,0.0,2.8866956085698978e-05
Joffre Soares,2,0.0,9.983855737618715e-07
Marcello Mastroianni,2,0.0,9.983855737618715e-07
Daphne Zuniga,2,0.0,0.0002728879964634213
Al Gore,1,0.0,5.47221056753418e-06
Michael Douglas,1,0.0,0.00024059608825701274
Daryl Hannah,1,0.0,0.0007140220625061029
Casey Affleck,1,0.0,0.004671306574947839
Philippe Labro,1,0.0,1.3292518400374443e-07
