Source,Target,Weight,Type
CCH Pounder,Joel David Moore,1,Undirected
CCH Pounder,Wes Studi,1,Undirected
CCH Pounder,Mark Margolis,1,Undirected
CCH Pounder,Udo Kier,1,Undirected
CCH Pounder,Joan Allen,1,Undirected
CCH Pounder,Nicolas Cage,1,Undirected
CCH Pounder,Aidan Turner,1,Undirected
CCH Pounder,Kevin Zegers,1,Undirected
CCH Pounder,Mako,1,Undirected
CCH Pounder,Rip Torn,1,Undirected
CCH Pounder,Aryana Engineer,1,Undirected
CCH Pounder,Jimmy Bennett,1,Undirected
CCH Pounder,Gary Farmer,1,Undirected
CCH Pounder,Jada Pinkett Smith,1,Undirected
Joel David Moore,Wes Studi,1,Undirected
Joel David Moore,Kristin Davis,1,Undirected
Joel David Moore,Robert Downey Jr.,1,Undirected
Joel David Moore,Gary Cole,2,Undirected
Joel David Moore,Stephen Root,2,Undirected
Joel David Moore,Chris Zylka,1,Undirected
Joel David Moore,Katharine McPhee,1,Undirected
Joel David Moore,Linda Cardellini,1,Undirected
Joel David Moore,Shirley Jones,1,Undirected
Joel David Moore,Joel Murray,1,Undirected
Joel David Moore,Kane Hodder,1,Undirected
Wes Studi,Eddie Izzard,1,Undirected
Wes Studi,Janeane Garofalo,1,Undirected
Wes Studi,Djimon Hounsou,1,Undirected
Wes Studi,Jason Flemyng,1,Undirected
Wes Studi,Eric Schweig,1,Undirected
Wes Studi,Terry Kinney,1,Undirected
Wes Studi,Christian Bale,1,Undirected
Wes Studi,Michael Greyeyes,1,Undirected
Wes Studi,Fisher Stevens,1,Undirected
Wes Studi,Jon Seda,1,Undirected
Jack Davenport,Johnny Depp,4,Undirected
Jack Davenport,Orlando Bloom,3,Undirected
Jack Davenport,Matt Damon,1,Undirected
Jack Davenport,Philip Seymour Hoffman,1,Undirected
Jack Davenport,Richard Coyle,1,Undirected
Jack Davenport,Debra Messing,1,Undirected
Jack Davenport,Holland Taylor,1,Undirected
Johnny Depp,Orlando Bloom,3,Undirected
Johnny Depp,Ruth Wilson,1,Undirected
Johnny Depp,Tom Wilkinson,1,Undirected
Johnny Depp,Sam Claflin,1,Undirected
Johnny Depp,Stephen Graham,2,Undirected
Johnny Depp,Alan Rickman,3,Undirected
Johnny Depp,Anne Hathaway,3,Undirected
Johnny Depp,Christopher Lee,3,Undirected
Johnny Depp,David Kelly,1,Undirected
Johnny Depp,Chloë Grace Moretz,1,Undirected
Johnny Depp,Ray Winstone,1,Undirected
Johnny Depp,Stephen Root,1,Undirected
Johnny Depp,Christian Bale,1,Undirected
Johnny Depp,Angelina Jolie Pitt,2,Undirected
Johnny Depp,Rufus Sewell,2,Undirected
Johnny Depp,Clifton Collins Jr.,1,Undirected
Johnny Depp,Morgan Freeman,1,Undirected
Johnny Depp,Olivia Munn,1,Undirected
Johnny Depp,Ulrich Thomsen,1,Undirected
Johnny Depp,Adam Scott,1,Undirected
Johnny Depp,Benedict Cumberbatch,1,Undirected
Johnny Depp,Anna Kendrick,1,Undirected
Johnny Depp,Meryl Streep,1,Undirected
Johnny Depp,Ian Richardson,2,Undirected
Johnny Depp,Jason Flemyng,2,Undirected
Johnny Depp,Charles S. Dutton,1,Undirected
Johnny Depp,Timothy Hutton,1,Undirected
Johnny Depp,Frank Langella,1,Undirected
Johnny Depp,Lena Olin,1,Undirected
Johnny Depp,Amanda Wyss,2,Undirected
Johnny Depp,Lin Shaye,2,Undirected
Johnny Depp,Al Pacino,1,Undirected
Johnny Depp,Anne Heche,1,Undirected
Johnny Depp,Charlize Theron,2,Undirected
Johnny Depp,Clea DuVall,2,Undirected
Johnny Depp,Ethan Suplee,1,Undirected
Johnny Depp,Jordi Mollà,1,Undirected
Johnny Depp,Joanna Lumley,1,Undirected
Johnny Depp,Enrique Iglesias,1,Undirected
Johnny Depp,Salma Hayek,1,Undirected
Johnny Depp,Kate Winslet,1,Undirected
Johnny Depp,Kelly Macdonald,1,Undirected
Johnny Depp,Faye Dunaway,1,Undirected
Johnny Depp,Marlon Brando,1,Undirected
Johnny Depp,Richard Coyle,1,Undirected
Johnny Depp,Conchata Ferrell,1,Undirected
Johnny Depp,Dianne Wiest,1,Undirected
Johnny Depp,Ellen Barkin,1,Undirected
Johnny Depp,Michael Jeter,1,Undirected
Johnny Depp,Bill Murray,1,Undirected
Johnny Depp,Martin Landau,1,Undirected
Johnny Depp,Kevin Tighe,1,Undirected
Johnny Depp,Leonardo DiCaprio,1,Undirected
Johnny Depp,Kevin Dillon,1,Undirected
Johnny Depp,Tom Berenger,1,Undirected
Johnny Depp,Tom Arnold,1,Undirected
Johnny Depp,Yaphet Kotto,1,Undirected
Johnny Depp,Haley Joel Osment,2,Undirected
Johnny Depp,Natasha Lyonne,1,Undirected
Johnny Depp,Michael Parks,1,Undirected
Orlando Bloom,Brad Pitt,1,Undirected
Orlando Bloom,Julian Glover,1,Undirected
Orlando Bloom,Billy Boyd,3,Undirected
Orlando Bloom,Christopher Lee,2,Undirected
Orlando Bloom,Liam Neeson,1,Undirected
Orlando Bloom,Philip Glenister,1,Undirected
Orlando Bloom,Bernard Hill,1,Undirected
Orlando Bloom,Logan Lerman,1,Undirected
Orlando Bloom,Milla Jovovich,1,Undirected
Orlando Bloom,Judy Greer,1,Undirected
Orlando Bloom,Kirsten Dunst,1,Undirected
Orlando Bloom,Conrad Kemp,1,Undirected
Orlando Bloom,Tanya van Graan,1,Undirected
Christoph Waltz,Rory Kinnear,1,Undirected
Christoph Waltz,Stephanie Sigman,1,Undirected
Christoph Waltz,Alexander Skarsgård,2,Undirected
Christoph Waltz,Casper Crump,2,Undirected
Christoph Waltz,Chad L. Coleman,1,Undirected
Christoph Waltz,Tom Wilkinson,1,Undirected
Christoph Waltz,Ato Essandoh,1,Undirected
Christoph Waltz,Leonardo DiCaprio,1,Undirected
Christoph Waltz,Brad Pitt,1,Undirected
Christoph Waltz,Michael Fassbender,1,Undirected
Christoph Waltz,Kevin Spacey,1,Undirected
Christoph Waltz,Lindsay Sloane,1,Undirected
Christoph Waltz,James Frain,1,Undirected
Christoph Waltz,Robert Pattinson,1,Undirected
Christoph Waltz,Julie Adams,1,Undirected
Christoph Waltz,Kate Winslet,1,Undirected
Christoph Waltz,Danny Huston,1,Undirected
Christoph Waltz,Jon Polito,1,Undirected
Rory Kinnear,Stephanie Sigman,1,Undirected
Rory Kinnear,Giancarlo Giannini,1,Undirected
Rory Kinnear,Mathieu Amalric,1,Undirected
Rory Kinnear,Albert Finney,2,Undirected
Rory Kinnear,Helen McCrory,2,Undirected
Rory Kinnear,Allen Leech,1,Undirected
Rory Kinnear,Benedict Cumberbatch,1,Undirected
Christian Bale,Joseph Gordon-Levitt,1,Undirected
Christian Bale,Tom Hardy,1,Undirected
Christian Bale,Bryce Dallas Howard,1,Undirected
Christian Bale,Common,1,Undirected
Christian Bale,Heath Ledger,2,Undirected
Christian Bale,Morgan Freeman,2,Undirected
Christian Bale,Liam Neeson,1,Undirected
Christian Bale,Ben Mendelsohn,2,Undirected
Christian Bale,María Valverde,2,Undirected
Christian Bale,Stephen Graham,1,Undirected
Christian Bale,Ni Ni,1,Undirected
Christian Bale,Shigeo Kobayashi,1,Undirected
Christian Bale,Gerard Butler,1,Undirected
Christian Bale,Matthew McConaughey,1,Undirected
Christian Bale,Irene Papas,1,Undirected
Christian Bale,Mihalis Giannatos,1,Undirected
Christian Bale,Frank Welker,1,Undirected
Christian Bale,Irene Bedard,1,Undirected
Christian Bale,Daniel von Bargen,1,Undirected
Christian Bale,Vanessa Williams,1,Undirected
Christian Bale,Gretchen Mol,1,Undirected
Christian Bale,Logan Lerman,1,Undirected
Christian Bale,Bradley Cooper,1,Undirected
Christian Bale,Jennifer Lawrence,1,Undirected
Christian Bale,Hugh Jackman,1,Undirected
Christian Bale,Scarlett Johansson,1,Undirected
Christian Bale,Michael Greyeyes,1,Undirected
Christian Bale,Charlie Talbert,1,Undirected
Christian Bale,Ryan Gosling,1,Undirected
Christian Bale,Blythe Danner,1,Undirected
Christian Bale,Jean Simmons,1,Undirected
Christian Bale,Dendrie Taylor,1,Undirected
Christian Bale,Sam Shepard,1,Undirected
Christian Bale,Tyrone Benskin,1,Undirected
Christian Bale,Emily Watson,1,Undirected
Christian Bale,Sean Pertwee,1,Undirected
Christian Bale,Eric Stoltz,1,Undirected
Christian Bale,Kirsten Dunst,1,Undirected
Christian Bale,Jack McGee,1,Undirected
Christian Bale,Melissa McMeekin,1,Undirected
Christian Bale,François Chau,1,Undirected
Christian Bale,Toby Huss,1,Undirected
Christian Bale,Eddie Izzard,1,Undirected
Christian Bale,Janet McTeer,1,Undirected
Christian Bale,Justin Theroux,1,Undirected
Christian Bale,Samantha Mathis,1,Undirected
Christian Bale,Jennifer Jason Leigh,1,Undirected
Christian Bale,Reg E. Cathey,1,Undirected
Christian Bale,J.K. Simmons,1,Undirected
Christian Bale,Noel Gugliemi,1,Undirected
Joseph Gordon-Levitt,Tom Hardy,2,Undirected
Joseph Gordon-Levitt,Dennis Quaid,1,Undirected
Joseph Gordon-Levitt,Leo Howard,1,Undirected
Joseph Gordon-Levitt,Leonardo DiCaprio,1,Undirected
Joseph Gordon-Levitt,Martin Short,1,Undirected
Joseph Gordon-Levitt,Michael Wincott,1,Undirected
Joseph Gordon-Levitt,Bruce McGill,1,Undirected
Joseph Gordon-Levitt,Hal Holbrook,1,Undirected
Joseph Gordon-Levitt,Bruce Willis,2,Undirected
Joseph Gordon-Levitt,Eva Green,1,Undirected
Joseph Gordon-Levitt,Laz Alonso,1,Undirected
Joseph Gordon-Levitt,Omari Hardwick,1,Undirected
Joseph Gordon-Levitt,Anne Heche,1,Undirected
Joseph Gordon-Levitt,Demi Moore,1,Undirected
Joseph Gordon-Levitt,Kristen Johnston,1,Undirected
Joseph Gordon-Levitt,Wayne Knight,1,Undirected
Joseph Gordon-Levitt,Aasif Mandvi,1,Undirected
Joseph Gordon-Levitt,Dania Ramirez,1,Undirected
Joseph Gordon-Levitt,Jade Kindar-Martin,1,Undirected
Joseph Gordon-Levitt,Soleyman Pierini,1,Undirected
Joseph Gordon-Levitt,Tracie Thoms,1,Undirected
Joseph Gordon-Levitt,Abbie Cornish,1,Undirected
Joseph Gordon-Levitt,Channing Tatum,1,Undirected
Joseph Gordon-Levitt,Andrew Keegan,1,Undirected
Joseph Gordon-Levitt,Heath Ledger,1,Undirected
Joseph Gordon-Levitt,Anna Kendrick,1,Undirected
Joseph Gordon-Levitt,Bryce Dallas Howard,1,Undirected
Joseph Gordon-Levitt,Chloë Grace Moretz,1,Undirected
Joseph Gordon-Levitt,Zooey Deschanel,1,Undirected
Joseph Gordon-Levitt,Natalie Portman,1,Undirected
Joseph Gordon-Levitt,Rainn Wilson,1,Undirected
Joseph Gordon-Levitt,Scarlett Johansson,1,Undirected
Joseph Gordon-Levitt,Tony Danza,1,Undirected
Joseph Gordon-Levitt,Jacqueline Bisset,1,Undirected
Joseph Gordon-Levitt,Rob McElhenney,1,Undirected
Tom Hardy,Leonardo DiCaprio,2,Undirected
Tom Hardy,Charlize Theron,1,Undirected
Tom Hardy,Zoë Kravitz,1,Undirected
Tom Hardy,Lukas Haas,1,Undirected
Tom Hardy,Abigail Spencer,1,Undirected
Tom Hardy,Warren Christie,1,Undirected
Tom Hardy,Jonathan Frakes,1,Undirected
Tom Hardy,LeVar Burton,1,Undirected
Tom Hardy,Fares Fares,1,Undirected
Tom Hardy,Michael Nardone,1,Undirected
Tom Hardy,Paul Anderson,1,Undirected
Tom Hardy,Tara Fitzgerald,1,Undirected
Tom Hardy,Frank Grillo,1,Undirected
Tom Hardy,Kevin Dunn,1,Undirected
Tom Hardy,Gerard Butler,1,Undirected
Tom Hardy,Tom Wilkinson,1,Undirected
Tom Hardy,Jack O'Connell,1,Undirected
Tom Hardy,Kevin McNally,1,Undirected
Tom Hardy,Jamie Foreman,1,Undirected
Tom Hardy,Sally Hawkins,1,Undirected
Tom Hardy,James Lance,1,Undirected
Tom Hardy,Matt King,1,Undirected
Doug Walker,Rob Walker,1,Undirected
Daryl Sabara,Polly Walker,1,Undirected
Daryl Sabara,Samantha Morton,1,Undirected
Daryl Sabara,Alexa PenaVega,2,Undirected
Daryl Sabara,Cheech Marin,1,Undirected
Daryl Sabara,Joel McHale,1,Undirected
Daryl Sabara,Henry Simmons,1,Undirected
Daryl Sabara,Robin Williams,1,Undirected
Daryl Sabara,Magda Apanowicz,1,Undirected
Daryl Sabara,Richard Burgi,1,Undirected
Polly Walker,Samantha Morton,1,Undirected
Polly Walker,Harrison Ford,1,Undirected
Polly Walker,Patrick Bergin,1,Undirected
Samantha Morton,Jennifer Jason Leigh,1,Undirected
Samantha Morton,Philip Seymour Hoffman,1,Undirected
Samantha Morton,Dexter Fletcher,1,Undirected
Samantha Morton,Linus Roache,1,Undirected
Samantha Morton,Natalie Mendoza,1,Undirected
Samantha Morton,Om Puri,1,Undirected
Samantha Morton,Alexandra Maria Lara,1,Undirected
Samantha Morton,Sam Riley,1,Undirected
Samantha Morton,Bryan Dick,1,Undirected
Samantha Morton,Paul Popplewell,1,Undirected
Samantha Morton,Colin Farrell,1,Undirected
Samantha Morton,Jessica Chastain,1,Undirected
Samantha Morton,Miriam Margolyes,1,Undirected
Samantha Morton,Rupert Graves,1,Undirected
Samantha Morton,Billy Crudup,1,Undirected
Samantha Morton,Mark Webber,1,Undirected
J.K. Simmons,James Franco,4,Undirected
J.K. Simmons,Kirsten Dunst,4,Undirected
J.K. Simmons,Emilia Clarke,1,Undirected
J.K. Simmons,Matt Smith,1,Undirected
J.K. Simmons,Angelina Jolie Pitt,1,Undirected
J.K. Simmons,Wayne Knight,1,Undirected
J.K. Simmons,Brad Pitt,3,Undirected
J.K. Simmons,Will Ferrell,1,Undirected
J.K. Simmons,Peter Mensah,1,Undirected
J.K. Simmons,Viggo Mortensen,1,Undirected
J.K. Simmons,Bruce Willis,1,Undirected
J.K. Simmons,Sophie Okonedo,1,Undirected
J.K. Simmons,Carmine Giovinazzo,1,Undirected
J.K. Simmons,Kelly Preston,1,Undirected
J.K. Simmons,Jane Curtin,1,Undirected
J.K. Simmons,Jon Favreau,1,Undirected
J.K. Simmons,Julia Roberts,1,Undirected
J.K. Simmons,Elaine Stritch,1,Undirected
J.K. Simmons,Sam Trammell,1,Undirected
J.K. Simmons,Bill Nunn,1,Undirected
J.K. Simmons,Paul Guilfoyle,1,Undirected
J.K. Simmons,Kevin Sussman,1,Undirected
J.K. Simmons,Stephen Root,1,Undirected
J.K. Simmons,Tom Hanks,1,Undirected
J.K. Simmons,Anna Kendrick,1,Undirected
J.K. Simmons,Chris Lowell,1,Undirected
J.K. Simmons,Jake Gyllenhaal,1,Undirected
J.K. Simmons,Meryl Streep,1,Undirected
J.K. Simmons,David O'Hara,1,Undirected
J.K. Simmons,Lukas Haas,1,Undirected
J.K. Simmons,Brooke Smith,1,Undirected
J.K. Simmons,Kate Winslet,1,Undirected
J.K. Simmons,Amy Sedaris,1,Undirected
J.K. Simmons,Cynthia Stevenson,1,Undirected
J.K. Simmons,Bobby Coleman,1,Undirected
J.K. Simmons,Zach Gilford,1,Undirected
J.K. Simmons,Bruce Dern,1,Undirected
J.K. Simmons,Virginia Madsen,1,Undirected
J.K. Simmons,Frances Conroy,1,Undirected
J.K. Simmons,Harry Connick Jr.,1,Undirected
J.K. Simmons,Cameron Bright,1,Undirected
J.K. Simmons,Todd Louiso,1,Undirected
J.K. Simmons,Clifton Collins Jr.,1,Undirected
J.K. Simmons,Mila Kunis,1,Undirected
J.K. Simmons,Jennifer Garner,2,Undirected
J.K. Simmons,Rainn Wilson,2,Undirected
J.K. Simmons,Bradley Cooper,1,Undirected
J.K. Simmons,Olivia Wilde,1,Undirected
J.K. Simmons,Chris Mulkey,1,Undirected
J.K. Simmons,Melissa Benoist,1,Undirected
J.K. Simmons,Noel Gugliemi,1,Undirected
James Franco,Kirsten Dunst,4,Undirected
James Franco,Mila Kunis,3,Undirected
James Franco,Tim Holmes,2,Undirected
James Franco,David Oyelowo,1,Undirected
James Franco,Tyler Labine,2,Undirected
James Franco,Jeff Bridges,1,Undirected
James Franco,Mackenzie Foy,1,Undirected
James Franco,Billy Crudup,1,Undirected
James Franco,Julia Roberts,1,Undirected
James Franco,Philip Winchester,1,Undirected
James Franco,Clayne Crawford,1,Undirected
James Franco,Paolo Montalban,1,Undirected
James Franco,Steve Carell,1,Undirected
James Franco,Natalie Portman,1,Undirected
James Franco,Zooey Deschanel,1,Undirected
James Franco,Anders Holm,2,Undirected
James Franco,Randall Park,1,Undirected
James Franco,John Doman,1,Undirected
James Franco,Robert De Niro,1,Undirected
James Franco,Channing Tatum,1,Undirected
James Franco,Emma Watson,1,Undirected
James Franco,Salma Hayek,1,Undirected
James Franco,Gary Cole,1,Undirected
James Franco,Rosie Perez,1,Undirected
James Franco,Barry Corbin,1,Undirected
James Franco,Charlize Theron,1,Undirected
James Franco,Frank Grillo,1,Undirected
James Franco,Jason Statham,1,Undirected
James Franco,Denis O'Hare,1,Undirected
James Franco,Lucas Grabeel,1,Undirected
James Franco,Kate Burton,1,Undirected
James Franco,Treat Williams,1,Undirected
James Franco,Jodi Lyn O'Keefe,1,Undirected
James Franco,Marla Sokoloff,1,Undirected
James Franco,Frankie Muniz,1,Undirected
James Franco,Norman Reedus,1,Undirected
James Franco,Chris Evans,1,Undirected
James Franco,Robert Davi,1,Undirected
James Franco,Heather Morris,1,Undirected
James Franco,Rachel Korine,1,Undirected
James Franco,Bruce Davison,1,Undirected
James Franco,Piper Laurie,1,Undirected
James Franco,Nat Wolff,1,Undirected
James Franco,Olivia Crocicchia,1,Undirected
Kirsten Dunst,Julia Roberts,1,Undirected
Kirsten Dunst,Marian Seldes,1,Undirected
Kirsten Dunst,Judy Greer,1,Undirected
Kirsten Dunst,Bernadette Peters,1,Undirected
Kirsten Dunst,Kelsey Grammer,1,Undirected
Kirsten Dunst,Brad Pitt,1,Undirected
Kirsten Dunst,Tom Cruise,1,Undirected
Kirsten Dunst,Denis Leary,1,Undirected
Kirsten Dunst,Robert Picardo,1,Undirected
Kirsten Dunst,Rip Torn,1,Undirected
Kirsten Dunst,Shirley Henderson,1,Undirected
Kirsten Dunst,Austin Nichols,1,Undirected
Kirsten Dunst,Jon Favreau,1,Undirected
Kirsten Dunst,Kristen Stewart,1,Undirected
Kirsten Dunst,Viggo Mortensen,1,Undirected
Kirsten Dunst,Kate Winslet,1,Undirected
Kirsten Dunst,Tom Wilkinson,1,Undirected
Kirsten Dunst,Frank Langella,1,Undirected
Kirsten Dunst,Ryan Gosling,1,Undirected
Kirsten Dunst,Paul Sparks,1,Undirected
Kirsten Dunst,Sam Shepard,1,Undirected
Kirsten Dunst,Eric Stoltz,1,Undirected
Kirsten Dunst,John Michael Higgins,1,Undirected
Kirsten Dunst,Robert De Niro,1,Undirected
Kirsten Dunst,Jay Hernandez,1,Undirected
Kirsten Dunst,Rolando Molina,1,Undirected
Kirsten Dunst,Ryan Reynolds,1,Undirected
Kirsten Dunst,Will Ferrell,1,Undirected
Kirsten Dunst,Clare Kramer,1,Undirected
Kirsten Dunst,Lindsay Sloane,1,Undirected
Kirsten Dunst,Carmen Electra,1,Undirected
Kirsten Dunst,Mila Kunis,1,Undirected
Kirsten Dunst,Ellen Barkin,1,Undirected
Kirsten Dunst,Kirstie Alley,1,Undirected
Kirsten Dunst,Alexander Skarsgård,1,Undirected
Kirsten Dunst,Charlotte Rampling,1,Undirected
Kirsten Dunst,Adam Goldberg,1,Undirected
Kirsten Dunst,Oliver Platt,1,Undirected
Kirsten Dunst,Kathleen Turner,1,Undirected
Kirsten Dunst,Scott Glenn,1,Undirected
Kirsten Dunst,Adam Scott,1,Undirected
Kirsten Dunst,Andrew Rannells,1,Undirected
Brad Garrett,Donna Murphy,1,Undirected
Brad Garrett,M.C. Gainey,1,Undirected
Brad Garrett,Melanie Griffith,1,Undirected
Brad Garrett,Nathan Lane,1,Undirected
Brad Garrett,Noel Fisher,1,Undirected
Brad Garrett,Stephen Amell,1,Undirected
Brad Garrett,Alexander Gould,1,Undirected
Brad Garrett,Stephen Root,1,Undirected
Brad Garrett,Tate Donovan,1,Undirected
Brad Garrett,Vin Diesel,1,Undirected
Brad Garrett,Haley Bennett,1,Undirected
Brad Garrett,Scott Porter,1,Undirected
Donna Murphy,M.C. Gainey,1,Undirected
Donna Murphy,Bill Irwin,1,Undirected
Donna Murphy,Michael Chernus,1,Undirected
M.C. Gainey,Carolyn Hennesy,1,Undirected
M.C. Gainey,Nick Stahl,1,Undirected
M.C. Gainey,J.T. Walsh,1,Undirected
M.C. Gainey,Kathleen Quinlan,1,Undirected
M.C. Gainey,A.J. Langer,1,Undirected
M.C. Gainey,Paul Walker,1,Undirected
M.C. Gainey,Patrick Gallagher,1,Undirected
M.C. Gainey,Virginia Madsen,1,Undirected
M.C. Gainey,Jake Gyllenhaal,1,Undirected
M.C. Gainey,Mark Rolston,1,Undirected
Chris Hemsworth,Robert Downey Jr.,3,Undirected
Chris Hemsworth,Scarlett Johansson,3,Undirected
Chris Hemsworth,Kristen Stewart,1,Undirected
Chris Hemsworth,Sam Claflin,2,Undirected
Chris Hemsworth,Anthony Hopkins,2,Undirected
Chris Hemsworth,Natalie Portman,2,Undirected
Chris Hemsworth,Bruce Greenwood,1,Undirected
Chris Hemsworth,Leonard Nimoy,1,Undirected
Chris Hemsworth,Charlize Theron,1,Undirected
Chris Hemsworth,Benjamin Walker,1,Undirected
Chris Hemsworth,Frank Dillane,1,Undirected
Chris Hemsworth,Archie Kao,1,Undirected
Chris Hemsworth,Brandon Molale,1,Undirected
Chris Hemsworth,Alexandra Maria Lara,1,Undirected
Chris Hemsworth,Olivia Wilde,1,Undirected
Chris Hemsworth,Beverly D'Angelo,1,Undirected
Chris Hemsworth,Norman Reedus,1,Undirected
Chris Hemsworth,Bradley Whitford,1,Undirected
Chris Hemsworth,Kristen Connolly,1,Undirected
Chris Hemsworth,Marley Shelton,1,Undirected
Chris Hemsworth,Milla Jovovich,1,Undirected
Chris Hemsworth,Mike Starr,1,Undirected
Chris Hemsworth,Paul Sanchez,1,Undirected
Robert Downey Jr.,Scarlett Johansson,5,Undirected
Robert Downey Jr.,Chris Evans,1,Undirected
Robert Downey Jr.,Don Cheadle,1,Undirected
Robert Downey Jr.,Jon Favreau,3,Undirected
Robert Downey Jr.,Jeff Bridges,1,Undirected
Robert Downey Jr.,Eddie Marsan,2,Undirected
Robert Downey Jr.,Paul Anderson,1,Undirected
Robert Downey Jr.,Brandon T. Jackson,1,Undirected
Robert Downey Jr.,Steve Coogan,1,Undirected
Robert Downey Jr.,Robert Maillet,1,Undirected
Robert Downey Jr.,Anthony Edwards,1,Undirected
Robert Downey Jr.,Jake Gyllenhaal,1,Undirected
Robert Downey Jr.,Matt Walsh,1,Undirected
Robert Downey Jr.,RZA,1,Undirected
Robert Downey Jr.,Kristin Davis,1,Undirected
Robert Downey Jr.,Rachael Harris,1,Undirected
Robert Downey Jr.,Stephen Root,1,Undirected
Robert Downey Jr.,Adam Alexi-Malle,1,Undirected
Robert Downey Jr.,Jamie Kennedy,1,Undirected
Robert Downey Jr.,Kelvin Han Yee,1,Undirected
Robert Downey Jr.,Robert Duvall,2,Undirected
Robert Downey Jr.,Leighton Meester,1,Undirected
Robert Downey Jr.,Bernard Hill,1,Undirected
Robert Downey Jr.,Charles S. Dutton,1,Undirected
Robert Downey Jr.,Richard Thomas,1,Undirected
Robert Downey Jr.,Rip Torn,1,Undirected
Robert Downey Jr.,Aidan Quinn,1,Undirected
Robert Downey Jr.,Paul Guilfoyle,1,Undirected
Robert Downey Jr.,Holly Hunter,1,Undirected
Robert Downey Jr.,Steve Guttenberg,1,Undirected
Robert Downey Jr.,Keanu Reeves,1,Undirected
Robert Downey Jr.,Rory Cochrane,1,Undirected
Robert Downey Jr.,Matt Servitto,1,Undirected
Robert Downey Jr.,Ty Burrell,1,Undirected
Robert Downey Jr.,Corbin Bernsen,1,Undirected
Robert Downey Jr.,Larry Miller,1,Undirected
Robert Downey Jr.,Hope Davis,1,Undirected
Robert Downey Jr.,Megan Park,1,Undirected
Robert Downey Jr.,Jim Broadbent,1,Undirected
Robert Downey Jr.,Kristin Scott Thomas,1,Undirected
Robert Downey Jr.,Alfre Woodard,1,Undirected
Robert Downey Jr.,Robin Wright,1,Undirected
Robert Downey Jr.,Alex Borstein,1,Undirected
Robert Downey Jr.,Tate Donovan,1,Undirected
Robert Downey Jr.,Angel David,1,Undirected
Robert Downey Jr.,Natasha Gregson Wagner,1,Undirected
Scarlett Johansson,Chris Evans,2,Undirected
Scarlett Johansson,Bill Murray,3,Undirected
Scarlett Johansson,Garry Shandling,2,Undirected
Scarlett Johansson,Jon Favreau,1,Undirected
Scarlett Johansson,Hayley Atwell,1,Undirected
Scarlett Johansson,Djimon Hounsou,2,Undirected
Scarlett Johansson,Steve Buscemi,3,Undirected
Scarlett Johansson,Jessalyn Gilsig,1,Undirected
Scarlett Johansson,Kristin Scott Thomas,1,Undirected
Scarlett Johansson,Mia Kirshner,1,Undirected
Scarlett Johansson,Mike Starr,1,Undirected
Scarlett Johansson,Jaime King,1,Undirected
Scarlett Johansson,Louis Lombardi,1,Undirected
Scarlett Johansson,Matt Damon,1,Undirected
Scarlett Johansson,Stephanie Szostak,1,Undirected
Scarlett Johansson,Amr Waked,1,Undirected
Scarlett Johansson,Morgan Freeman,1,Undirected
Scarlett Johansson,Hugh Jackman,1,Undirected
Scarlett Johansson,Benedict Cumberbatch,1,Undirected
Scarlett Johansson,Natalie Portman,1,Undirected
Scarlett Johansson,Bill Fagerbakke,1,Undirected
Scarlett Johansson,Rodger Bumpass,1,Undirected
Scarlett Johansson,Doug E. Doug,1,Undirected
Scarlett Johansson,Riley Smith,1,Undirected
Scarlett Johansson,Dennis Quaid,1,Undirected
Scarlett Johansson,Ty Burrell,1,Undirected
Scarlett Johansson,Brian Johnson,1,Undirected
Scarlett Johansson,Matt Letscher,1,Undirected
Scarlett Johansson,Alden Ehrenreich,1,Undirected
Scarlett Johansson,Channing Tatum,1,Undirected
Scarlett Johansson,Christopher Evan Welch,1,Undirected
Scarlett Johansson,Kevin Dunn,1,Undirected
Scarlett Johansson,Mark Gatiss,1,Undirected
Scarlett Johansson,Penelope Wilton,1,Undirected
Scarlett Johansson,Alison Chand,1,Undirected
Scarlett Johansson,Paul Brannigan,1,Undirected
Scarlett Johansson,Colin Firth,1,Undirected
Scarlett Johansson,Tom Wilkinson,1,Undirected
Scarlett Johansson,Tony Danza,1,Undirected
Scarlett Johansson,T.J. Thyne,1,Undirected
Scarlett Johansson,Catherine Lambert,1,Undirected
Scarlett Johansson,Geoff Bell,1,Undirected
Scarlett Johansson,Kevin McNally,1,Undirected
Alan Rickman,Daniel Radcliffe,1,Undirected
Alan Rickman,Rupert Grint,1,Undirected
Alan Rickman,Anne Hathaway,3,Undirected
Alan Rickman,Michael Wincott,1,Undirected
Alan Rickman,Morgan Freeman,1,Undirected
Alan Rickman,Enrico Colantoni,1,Undirected
Alan Rickman,Robin Sachs,1,Undirected
Alan Rickman,Bruce Willis,1,Undirected
Alan Rickman,Reginald VelJohnson,1,Undirected
Alan Rickman,Julia Roberts,1,Undirected
Alan Rickman,Liam Neeson,1,Undirected
Alan Rickman,Ben Mendelsohn,1,Undirected
Alan Rickman,Tom Selleck,1,Undirected
Alan Rickman,Kate Winslet,1,Undirected
Alan Rickman,Tom Wilkinson,1,Undirected
Alan Rickman,Freddy Rodríguez,1,Undirected
Alan Rickman,Greg Collins,1,Undirected
Daniel Radcliffe,Rupert Grint,4,Undirected
Daniel Radcliffe,Fiona Shaw,2,Undirected
Daniel Radcliffe,Robert Pattinson,2,Undirected
Daniel Radcliffe,Gary Oldman,1,Undirected
Daniel Radcliffe,Verne Troyer,1,Undirected
Daniel Radcliffe,Emma Watson,1,Undirected
Daniel Radcliffe,Morgan Freeman,1,Undirected
Daniel Radcliffe,Sanaa Lathan,1,Undirected
Daniel Radcliffe,Daniel Mays,3,Undirected
Daniel Radcliffe,Spencer Wilding,3,Undirected
Daniel Radcliffe,Jamie Lee Curtis,1,Undirected
Daniel Radcliffe,Mark Margolis,1,Undirected
Daniel Radcliffe,Jessica Raine,1,Undirected
Daniel Radcliffe,Roger Allam,1,Undirected
Rupert Grint,Robert Pattinson,1,Undirected
Rupert Grint,Gary Oldman,1,Undirected
Rupert Grint,Dave Legeno,1,Undirected
Rupert Grint,Ralph Ineson,1,Undirected
Rupert Grint,Alfred Enoch,1,Undirected
Rupert Grint,Toby Jones,1,Undirected
Rupert Grint,Emma Watson,1,Undirected
Rupert Grint,Geoff Bell,1,Undirected
Rupert Grint,Rupert Everett,1,Undirected
Rupert Grint,Julie Walters,1,Undirected
Rupert Grint,Tamsin Egerton,1,Undirected
Alan D. Purwin,Henry Cavill,1,Undirected
Alan D. Purwin,Lauren Cohan,1,Undirected
Henry Cavill,Lauren Cohan,1,Undirected
Henry Cavill,Christopher Meloni,1,Undirected
Henry Cavill,Harry Lennix,1,Undirected
Henry Cavill,Christian Berkel,1,Undirected
Henry Cavill,Elizabeth Debicki,1,Undirected
Henry Cavill,Daniel Sharman,1,Undirected
Henry Cavill,Steve Byers,1,Undirected
Henry Cavill,David Kelly,1,Undirected
Henry Cavill,Nathaniel Parker,1,Undirected
Henry Cavill,James Frain,1,Undirected
Henry Cavill,Michael Wincott,1,Undirected
Henry Cavill,Bruce Willis,1,Undirected
Henry Cavill,Óscar Jaenada,1,Undirected
Lauren Cohan,Rupert Evans,1,Undirected
Lauren Cohan,Stephanie Lemelin,1,Undirected
Lauren Cohan,Erick Avari,1,Undirected
Lauren Cohan,Peter Dinklage,1,Undirected
Frank Langella,Kevin Spacey,1,Undirected
Frank Langella,Marlon Brando,1,Undirected
Frank Langella,Christopher Masterson,1,Undirected
Frank Langella,Matthew Modine,1,Undirected
Frank Langella,Austin Pendleton,1,Undirected
Frank Langella,John Buffalo Mailer,1,Undirected
Frank Langella,Emma Watson,1,Undirected
Frank Langella,Matthew Broderick,1,Undirected
Frank Langella,Aidan Quinn,2,Undirected
Frank Langella,Liam Neeson,2,Undirected
Frank Langella,Charlize Theron,1,Undirected
Frank Langella,Keanu Reeves,1,Undirected
Frank Langella,Lena Olin,1,Undirected
Frank Langella,Derek Jacobi,1,Undirected
Frank Langella,Paz Vega,1,Undirected
Frank Langella,Celia Weston,1,Undirected
Frank Langella,Gillian Jacobs,1,Undirected
Frank Langella,Ryan Gosling,1,Undirected
Frank Langella,John Gielgud,1,Undirected
Frank Langella,William Hootkins,1,Undirected
Frank Langella,Ana Gasteyer,1,Undirected
Frank Langella,Joshua Ormond,1,Undirected
Frank Langella,Mark Margolis,1,Undirected
Frank Langella,Robin Williams,1,Undirected
Kevin Spacey,Marlon Brando,1,Undirected
Kevin Spacey,Morgan Freeman,1,Undirected
Kevin Spacey,Rene Russo,1,Undirected
Kevin Spacey,Michael Cudlitz,1,Undirected
Kevin Spacey,Siobhan Fallon Hogan,1,Undirected
Kevin Spacey,Kate Winslet,1,Undirected
Kevin Spacey,Matt Craven,1,Undirected
Kevin Spacey,Alfre Woodard,1,Undirected
Kevin Spacey,Jeff Bridges,2,Undirected
Kevin Spacey,John Ratzenberger,1,Undirected
Kevin Spacey,Madeline Kahn,1,Undirected
Kevin Spacey,Matthew McConaughey,1,Undirected
Kevin Spacey,Oliver Platt,1,Undirected
Kevin Spacey,Lindsay Sloane,2,Undirected
Kevin Spacey,Angie Dickinson,1,Undirected
Kevin Spacey,Haley Joel Osment,1,Undirected
Kevin Spacey,Reginald Ballard,1,Undirected
Kevin Spacey,Jim Sturgess,1,Undirected
Kevin Spacey,Josh Gad,1,Undirected
Kevin Spacey,Matt McCoy,1,Undirected
Kevin Spacey,Paul Guilfoyle,1,Undirected
Kevin Spacey,Bob Gunton,1,Undirected
Kevin Spacey,Leon Rippy,1,Undirected
Kevin Spacey,Jason Behr,1,Undirected
Kevin Spacey,Scott Glenn,1,Undirected
Kevin Spacey,Stephen Root,1,Undirected
Kevin Spacey,Bob Hoskins,1,Undirected
Kevin Spacey,Brenda Blethyn,1,Undirected
Kevin Spacey,Ara Celi,1,Undirected
Kevin Spacey,Peter Gallagher,1,Undirected
Kevin Spacey,Al Pacino,1,Undirected
Kevin Spacey,Jude Ciccolella,1,Undirected
Kevin Spacey,Christian Campbell,1,Undirected
Kevin Spacey,Eric Schweig,1,Undirected
Kevin Spacey,Chazz Palminteri,1,Undirected
Kevin Spacey,Kevin Pollak,1,Undirected
Kevin Spacey,Benedict Wong,1,Undirected
Kevin Spacey,Matt Berry,1,Undirected
Kevin Spacey,Ashley Williams,1,Undirected
Kevin Spacey,Demi Moore,1,Undirected
Marlon Brando,Gary Farmer,1,Undirected
Marlon Brando,Robert De Niro,1,Undirected
Marlon Brando,Margot Kidder,1,Undirected
Marlon Brando,Ned Beatty,1,Undirected
Marlon Brando,Marco Hofschneider,1,Undirected
Marlon Brando,Temuera Morrison,1,Undirected
Marlon Brando,Harrison Ford,1,Undirected
Marlon Brando,Robert Duvall,2,Undirected
Marlon Brando,Faye Dunaway,1,Undirected
Marlon Brando,Al Pacino,1,Undirected
Marlon Brando,Karl Malden,2,Undirected
Marlon Brando,Kim Hunter,1,Undirected
Marlon Brando,Rod Steiger,1,Undirected
Giancarlo Giannini,Mathieu Amalric,1,Undirected
Giancarlo Giannini,Denzel Washington,1,Undirected
Giancarlo Giannini,Radha Mitchell,1,Undirected
Giancarlo Giannini,Francesc Pagès,1,Undirected
Giancarlo Giannini,Lena Olin,1,Undirected
Mathieu Amalric,Ayelet Zurer,1,Undirected
Mathieu Amalric,Moritz Bleibtreu,1,Undirected
Mathieu Amalric,Emmanuelle Seigner,1,Undirected
Mathieu Amalric,Isaach De Bankolé,1,Undirected
Mathieu Amalric,Edouard Baer,1,Undirected
Mathieu Amalric,Sara Forestier,1,Undirected
Mathieu Amalric,Laurent Poitrenaux,1,Undirected
Mathieu Amalric,Léa Drucker,1,Undirected
Ruth Wilson,Tom Wilkinson,1,Undirected
Ruth Wilson,B.J. Novak,1,Undirected
Ruth Wilson,Tom Hanks,1,Undirected
Ruth Wilson,Indira Varma,1,Undirected
Ruth Wilson,Warren Brown,1,Undirected
Tom Wilkinson,Adam Baldwin,1,Undirected
Tom Wilkinson,Heath Ledger,1,Undirected
Tom Wilkinson,Chad L. Coleman,1,Undirected
Tom Wilkinson,Thomas Kretschmann,1,Undirected
Tom Wilkinson,Tom Cruise,1,Undirected
Tom Wilkinson,Denis O'Hare,2,Undirected
Tom Wilkinson,Julia Roberts,1,Undirected
Tom Wilkinson,Bernard Hill,1,Undirected
Tom Wilkinson,Om Puri,1,Undirected
Tom Wilkinson,Marsha Thomason,1,Undirected
Tom Wilkinson,Vincent Regan,1,Undirected
Tom Wilkinson,Jim Broadbent,1,Undirected
Tom Wilkinson,Julia Ormond,1,Undirected
Tom Wilkinson,June Diane Raphael,1,Undirected
Tom Wilkinson,Melissa McMeekin,1,Undirected
Tom Wilkinson,Bill Murray,1,Undirected
Tom Wilkinson,F. Murray Abraham,1,Undirected
Tom Wilkinson,Martin Clunes,1,Undirected
Tom Wilkinson,Simon Callow,1,Undirected
Tom Wilkinson,Robin Wright,1,Undirected
Tom Wilkinson,Stephen Root,1,Undirected
Tom Wilkinson,Sydney Pollack,1,Undirected
Tom Wilkinson,David Oyelowo,1,Undirected
Tom Wilkinson,Oprah Winfrey,1,Undirected
Tom Wilkinson,Jesper Christensen,1,Undirected
Tom Wilkinson,Romi Aboulafia,1,Undirected
Tom Wilkinson,Kate Winslet,2,Undirected
Tom Wilkinson,Cary-Hiroyuki Tagawa,1,Undirected
Tom Wilkinson,Michael Rapaport,1,Undirected
Tom Wilkinson,Colm Feore,1,Undirected
Tom Wilkinson,JR Bourne,1,Undirected
Tom Wilkinson,Gerard Butler,1,Undirected
Tom Wilkinson,Colin Firth,2,Undirected
Tom Wilkinson,Rupert Everett,1,Undirected
Tom Wilkinson,Clive Russell,1,Undirected
Tom Wilkinson,Richard Roxburgh,1,Undirected
Tom Wilkinson,Celia Imrie,1,Undirected
Tom Wilkinson,Penelope Wilton,1,Undirected
Tom Wilkinson,Lesley Sharp,2,Undirected
Tom Wilkinson,Mark Addy,2,Undirected
Tom Wilkinson,Karen Allen,1,Undirected
Tom Wilkinson,Sissy Spacek,1,Undirected
Christopher Meloni,Harry Lennix,1,Undirected
Christopher Meloni,Kiernan Shipka,1,Undirected
Christopher Meloni,Lou Taylor Pucci,1,Undirected
Christopher Meloni,Hector Elizondo,1,Undirected
Christopher Meloni,Julia Roberts,1,Undirected
Christopher Meloni,Harrison Ford,1,Undirected
Christopher Meloni,Nicole Beharie,1,Undirected
Christopher Meloni,Kevin Michael Richardson,1,Undirected
Christopher Meloni,Peter Spellos,1,Undirected
Christopher Meloni,Amy Poehler,1,Undirected
Christopher Meloni,Jack McBrayer,1,Undirected
Harry Lennix,Michael Weston,1,Undirected
Harry Lennix,Robin Wright,1,Undirected
Harry Lennix,Bokeem Woodbine,1,Undirected
Harry Lennix,Curtis Armstrong,1,Undirected
Harry Lennix,Kevin Chamberlin,1,Undirected
Harry Lennix,William Mapother,1,Undirected
Harry Lennix,Kenan Thompson,1,Undirected
Harry Lennix,Sean Patrick Thomas,1,Undirected
Harry Lennix,Chris Brown,1,Undirected
Harry Lennix,Laz Alonso,1,Undirected
Harry Lennix,Kathryn Morris,1,Undirected
Harry Lennix,Peter Coyote,1,Undirected
Harry Lennix,Andre Braugher,1,Undirected
Harry Lennix,Bernie Mac,1,Undirected
Harry Lennix,Ben Youcef,1,Undirected
Harry Lennix,Zuhair Haddad,1,Undirected
Damián Alcázar,Peter Dinklage,1,Undirected
Damián Alcázar,Pierfrancesco Favino,1,Undirected
Damián Alcázar,Ana Claudia Talancón,1,Undirected
Damián Alcázar,Pedro Armendáriz Jr.,1,Undirected
Peter Dinklage,Pierfrancesco Favino,1,Undirected
Peter Dinklage,Hugh Jackman,1,Undirected
Peter Dinklage,Jennifer Lawrence,1,Undirected
Peter Dinklage,Drake,1,Undirected
Peter Dinklage,Josh Gad,3,Undirected
Peter Dinklage,Adam Sandler,1,Undirected
Peter Dinklage,Keegan-Michael Key,1,Undirected
Peter Dinklage,Will Ferrell,1,Undirected
Peter Dinklage,Zooey Deschanel,1,Undirected
Peter Dinklage,Ben Falcone,1,Undirected
Peter Dinklage,Tyler Labine,1,Undirected
Peter Dinklage,Ewen Bremner,2,Undirected
Peter Dinklage,Kris Marshall,2,Undirected
Peter Dinklage,Alex Rocco,1,Undirected
Peter Dinklage,Vin Diesel,1,Undirected
Peter Dinklage,Romany Malco,1,Undirected
Peter Dinklage,Steve Buscemi,1,Undirected
Peter Dinklage,Erick Avari,1,Undirected
Peter Dinklage,Joe Lo Truglio,1,Undirected
Peter Dinklage,Paula Garcés,1,Undirected
Peter Dinklage,Bill Duke,1,Undirected
Peter Dinklage,Michael McKean,1,Undirected
Sam Claflin,Stephen Graham,1,Undirected
Sam Claflin,Kristen Stewart,1,Undirected
Sam Claflin,Charlize Theron,1,Undirected
Sam Claflin,Brendan Coyle,1,Undirected
Sam Claflin,Emilia Clarke,1,Undirected
Stephen Graham,Brendan Fraser,1,Undirected
Stephen Graham,Jamie Foreman,1,Undirected
Stephen Graham,Gael Le Cornec,1,Undirected
Stephen Graham,Keith Allen,1,Undirected
Stephen Graham,Sarah Polley,1,Undirected
Stephen Graham,Stephen Rea,1,Undirected
Stephen Graham,Mark Bazeley,1,Undirected
Stephen Graham,Maurice Roëves,1,Undirected
Stephen Graham,Jack O'Connell,1,Undirected
Stephen Graham,Joseph Gilgun,1,Undirected
Michael Stuhlbarg,Nicole Scherzinger,1,Undirected
Michael Stuhlbarg,Will Smith,1,Undirected
Michael Stuhlbarg,Kate Winslet,1,Undirected
Michael Stuhlbarg,Michael Fassbender,1,Undirected
Michael Stuhlbarg,Abbie Cornish,1,Undirected
Michael Stuhlbarg,Gabourey Sidibe,1,Undirected
Michael Stuhlbarg,Fred Melamed,1,Undirected
Michael Stuhlbarg,Peter Breitmayer,1,Undirected
Nicole Scherzinger,Will Smith,1,Undirected
Will Smith,Bai Ling,1,Undirected
Will Smith,Salma Hayek,1,Undirected
Will Smith,Ike Barinholtz,1,Undirected
Will Smith,Robin Atkin Downes,1,Undirected
Will Smith,Charlize Theron,2,Undirected
Will Smith,Eddie Marsan,2,Undirected
Will Smith,Alice Braga,1,Undirected
Will Smith,Willow Smith,1,Undirected
Will Smith,Rip Torn,2,Undirected
Will Smith,Rosario Dawson,2,Undirected
Will Smith,Henry Rollins,1,Undirected
Will Smith,Jordi Mollà,1,Undirected
Will Smith,Glenn Morshower,1,Undirected
Will Smith,Zoë Kravitz,1,Undirected
Will Smith,Jada Pinkett Smith,1,Undirected
Will Smith,Joe Morton,1,Undirected
Will Smith,Bruce Greenwood,1,Undirected
Will Smith,Chi McBride,1,Undirected
Will Smith,Linda Fiorentino,1,Undirected
Will Smith,Jake Busey,1,Undirected
Will Smith,Lisa Bonet,1,Undirected
Will Smith,Adam Baldwin,1,Undirected
Will Smith,Mary McDonnell,1,Undirected
Will Smith,Adrian Martinez,1,Undirected
Will Smith,Gerald McRaney,1,Undirected
Will Smith,Matt Damon,1,Undirected
Will Smith,Kevin Sussman,1,Undirected
Will Smith,Michael Rapaport,1,Undirected
Will Smith,James Karen,1,Undirected
Will Smith,Kurt Fuller,1,Undirected
Will Smith,Madison Pettis,1,Undirected
Will Smith,Albert Brooks,1,Undirected
Will Smith,Tchéky Karyo,1,Undirected
Will Smith,Theresa Randle,1,Undirected
Adam Brown,Aidan Turner,3,Undirected
Adam Brown,James Nesbitt,3,Undirected
Aidan Turner,James Nesbitt,3,Undirected
Aidan Turner,Kevin Zegers,1,Undirected
James Nesbitt,Frances O'Connor,1,Undirected
James Nesbitt,Jason Flemyng,1,Undirected
James Nesbitt,Olivia Williams,1,Undirected
James Nesbitt,Peter McNamara,1,Undirected
James Nesbitt,Ash Cook,1,Undirected
James Nesbitt,Genevieve O'Reilly,1,Undirected
James Nesbitt,David Kelly,1,Undirected
James Nesbitt,Fionnula Flanagan,1,Undirected
James Nesbitt,Nicholas Farrell,1,Undirected
James Nesbitt,Tim Pigott-Smith,1,Undirected
Andrew Garfield,Chris Zylka,1,Undirected
Andrew Garfield,Emma Stone,2,Undirected
Andrew Garfield,B.J. Novak,1,Undirected
Andrew Garfield,Dustin Fitzsimons,1,Undirected
Andrew Garfield,Marcella Lentz-Pope,1,Undirected
Andrew Garfield,Meryl Streep,1,Undirected
Andrew Garfield,Tom Cruise,1,Undirected
Andrew Garfield,Lily Cole,1,Undirected
Andrew Garfield,Verne Troyer,1,Undirected
Andrew Garfield,Charlie Rowe,1,Undirected
Andrew Garfield,Charlotte Rampling,1,Undirected
Andrew Garfield,John Henshaw,1,Undirected
Andrew Garfield,Warren Clarke,1,Undirected
Chris Zylka,Emma Stone,1,Undirected
Chris Zylka,Katharine McPhee,1,Undirected
Emma Stone,B.J. Novak,1,Undirected
Emma Stone,Nicolas Cage,1,Undirected
Emma Stone,Ryan Reynolds,1,Undirected
Emma Stone,Ryan Gosling,1,Undirected
Emma Stone,Steve Carell,1,Undirected
Emma Stone,Judy Greer,1,Undirected
Emma Stone,Steve Coogan,1,Undirected
Emma Stone,Bill Murray,3,Undirected
Emma Stone,Bradley Cooper,3,Undirected
Emma Stone,Bryce Dallas Howard,1,Undirected
Emma Stone,Mike Vogel,1,Undirected
Emma Stone,Beverly D'Angelo,1,Undirected
Emma Stone,Katharine McPhee,1,Undirected
Emma Stone,Derek Graf,1,Undirected
Emma Stone,Merritt Wever,1,Undirected
Emma Stone,Naomi Watts,1,Undirected
Emma Stone,Joe Lo Truglio,1,Undirected
Emma Stone,Kevin Corrigan,1,Undirected
Emma Stone,Josh Gad,1,Undirected
Emma Stone,Dan Byrd,1,Undirected
Emma Stone,Fred Armisen,1,Undirected
Mark Addy,Scott Grimes,1,Undirected
Mark Addy,William Hurt,1,Undirected
Mark Addy,Alan Young,1,Undirected
Mark Addy,Josh Stamberg,1,Undirected
Mark Addy,Danny Woodburn,1,Undirected
Mark Addy,Taylor Negron,1,Undirected
Mark Addy,Benno Fürmann,1,Undirected
Mark Addy,Heath Ledger,1,Undirected
Mark Addy,Chazz Palminteri,1,Undirected
Mark Addy,Wanda Sykes,1,Undirected
Mark Addy,Atom Egoyan,1,Undirected
Mark Addy,Paul Gross,1,Undirected
Mark Addy,Sendhil Ramamurthy,1,Undirected
Mark Addy,Shabana Azmi,1,Undirected
Mark Addy,Lesley Sharp,2,Undirected
Scott Grimes,William Hurt,1,Undirected
Scott Grimes,Mary McCormack,1,Undirected
Scott Grimes,Ron Eldard,1,Undirected
William Hurt,Peter Mensah,1,Undirected
William Hurt,Ty Burrell,1,Undirected
William Hurt,Haley Joel Osment,1,Undirected
William Hurt,Kevin Sussman,1,Undirected
William Hurt,Gary Oldman,1,Undirected
William Hurt,June Lockhart,1,Undirected
William Hurt,Bryce Dallas Howard,1,Undirected
William Hurt,Judy Greer,1,Undirected
William Hurt,Kevin Corrigan,1,Undirected
William Hurt,Matt Bomer,1,Undirected
William Hurt,Dennis Quaid,1,Undirected
William Hurt,Edgar Ramírez,1,Undirected
William Hurt,Kyle Schmid,1,Undirected
William Hurt,Viggo Mortensen,1,Undirected
William Hurt,Meryl Streep,1,Undirected
William Hurt,Tom Everett Scott,1,Undirected
William Hurt,Bruce Spence,1,Undirected
William Hurt,Rufus Sewell,1,Undirected
William Hurt,Hal Holbrook,1,Undirected
William Hurt,Kristen Stewart,2,Undirected
William Hurt,Eddie Redmayne,1,Undirected
William Hurt,Jonathan Jackson,1,Undirected
William Hurt,Sissy Spacek,1,Undirected
William Hurt,Marc Donato,1,Undirected
William Hurt,Raoul Max Trujillo,1,Undirected
William Hurt,David Kross,1,Undirected
William Hurt,Tony Curran,1,Undirected
William Hurt,Elden Henson,1,Undirected
William Hurt,Michael Bower,1,Undirected
Christopher Lee,Eva Green,1,Undirected
Christopher Lee,Kristin Scott Thomas,1,Undirected
Christopher Lee,Chloë Grace Moretz,2,Undirected
Christopher Lee,Ray Winstone,1,Undirected
Christopher Lee,David Kelly,1,Undirected
Christopher Lee,Hayden Christensen,2,Undirected
Christopher Lee,Natalie Portman,2,Undirected
Christopher Lee,Billy Boyd,2,Undirected
Christopher Lee,Phoebe Cates,1,Undirected
Christopher Lee,Robert Picardo,1,Undirected
Christopher Lee,John Belushi,1,Undirected
Christopher Lee,Treat Williams,1,Undirected
Christopher Lee,Joanna Lumley,1,Undirected
Christopher Lee,Behrouz Vossoughi,1,Undirected
Christopher Lee,Joseph Cotten,1,Undirected
Christopher Lee,G.W. Bailey,1,Undirected
Christopher Lee,Michael Winslow,1,Undirected
Christopher Lee,Desmond Llewelyn,1,Undirected
Christopher Lee,Hervé Villechaize,1,Undirected
Christopher Lee,Karin Dor,1,Undirected
Christopher Lee,Lex Barker,1,Undirected
Eva Green,Kristin Scott Thomas,1,Undirected
Eva Green,Peter Mensah,1,Undirected
Eva Green,Sullivan Stapleton,1,Undirected
Eva Green,Ivana Milicevic,2,Undirected
Eva Green,Tobias Menzies,2,Undirected
Eva Green,Bruce Willis,1,Undirected
Eva Green,Hannah Murray,1,Undirected
Eva Green,Matt Smith,1,Undirected
Kristin Scott Thomas,Tom Cruise,1,Undirected
Kristin Scott Thomas,Vanessa Redgrave,1,Undirected
Kristin Scott Thomas,Bill Cobbs,1,Undirected
Kristin Scott Thomas,Harrison Ford,1,Undirected
Kristin Scott Thomas,Jessalyn Gilsig,1,Undirected
Kristin Scott Thomas,Colin Firth,2,Undirected
Kristin Scott Thomas,Jürgen Prochnow,1,Undirected
Kristin Scott Thomas,Bob Balaban,1,Undirected
Kristin Scott Thomas,Tom Hollander,1,Undirected
Kristin Scott Thomas,Hayden Christensen,1,Undirected
Kristin Scott Thomas,Ian Somerhalder,1,Undirected
Kristin Scott Thomas,Aidan Quinn,1,Undirected
Kristin Scott Thomas,Arben Bajraktaraj,1,Undirected
Kristin Scott Thomas,Kris Marshall,1,Undirected
Kristin Scott Thomas,Jim Broadbent,1,Undirected
Kristin Scott Thomas,Ryan Gosling,1,Undirected
Kristin Scott Thomas,Yayaying Rhatha Phongam,1,Undirected
Kristin Scott Thomas,James Fleet,1,Undirected
Kristin Scott Thomas,Simon Callow,1,Undirected
Kristin Scott Thomas,Anne-Marie Duff,1,Undirected
Kristin Scott Thomas,Ophelia Lovibond,1,Undirected
Evan Parke,Naomi Watts,3,Undirected
Evan Parke,Thomas Kretschmann,3,Undirected
Naomi Watts,Thomas Kretschmann,3,Undirected
Naomi Watts,Theo James,1,Undirected
Naomi Watts,Zoë Kravitz,1,Undirected
Naomi Watts,Gary Cole,1,Undirected
Naomi Watts,Sissy Spacek,1,Undirected
Naomi Watts,Armin Mueller-Stahl,1,Undirected
Naomi Watts,Brían F. O'Byrne,1,Undirected
Naomi Watts,Raza Jaffrey,1,Undirected
Naomi Watts,Viggo Mortensen,1,Undirected
Naomi Watts,Gregory Smith,1,Undirected
Naomi Watts,Sarah Gadon,1,Undirected
Naomi Watts,Brooke Smith,1,Undirected
Naomi Watts,Ty Burrell,1,Undirected
Naomi Watts,Geraldine Chaplin,1,Undirected
Naomi Watts,Oaklee Pendergast,1,Undirected
Naomi Watts,Kaitlyn Dever,1,Undirected
Naomi Watts,Leonardo DiCaprio,1,Undirected
Naomi Watts,Jeff Kober,1,Undirected
Naomi Watts,Lori Petty,1,Undirected
Naomi Watts,Isabelle Huppert,1,Undirected
Naomi Watts,Lily Tomlin,1,Undirected
Naomi Watts,Danny Huston,1,Undirected
Naomi Watts,Eddie Marsan,1,Undirected
Naomi Watts,Merritt Wever,1,Undirected
Naomi Watts,Laura Harring,1,Undirected
Naomi Watts,Robert Forster,1,Undirected
Naomi Watts,Anthony Hopkins,1,Undirected
Naomi Watts,Ewen Bremner,1,Undirected
Naomi Watts,Brady Corbet,1,Undirected
Naomi Watts,Siobhan Fallon Hogan,1,Undirected
Naomi Watts,Bill Murray,1,Undirected
Naomi Watts,Reg E. Cathey,1,Undirected
Naomi Watts,Dree Hemingway,1,Undirected
Naomi Watts,Maria Dizzia,1,Undirected
Naomi Watts,Carla Gallo,1,Undirected
Naomi Watts,Jimmy Smits,1,Undirected
Naomi Watts,Ben Mendelsohn,1,Undirected
Naomi Watts,Robin Wright,1,Undirected
Thomas Kretschmann,Eddie Izzard,1,Undirected
Thomas Kretschmann,Joe Mantegna,1,Undirected
Thomas Kretschmann,Tom Cruise,1,Undirected
Thomas Kretschmann,David Keith,1,Undirected
Thomas Kretschmann,Matthew McConaughey,1,Undirected
Thomas Kretschmann,Norman Reedus,1,Undirected
Thomas Kretschmann,Tony Curran,1,Undirected
Thomas Kretschmann,Dwayne Johnson,1,Undirected
Thomas Kretschmann,Megan Park,1,Undirected
Thomas Kretschmann,Mike Epps,1,Undirected
Thomas Kretschmann,Milla Jovovich,1,Undirected
Thomas Kretschmann,Jim Broadbent,1,Undirected
Thomas Kretschmann,Michiel Huisman,1,Undirected
Thomas Kretschmann,Fisher Stevens,1,Undirected
Thomas Kretschmann,Jemima West,1,Undirected
Thomas Kretschmann,Eduardo Noriega,1,Undirected
Thomas Kretschmann,Mac McDonald,1,Undirected
Thomas Kretschmann,Alexandra Maria Lara,1,Undirected
Thomas Kretschmann,Bruno Ganz,1,Undirected
Gloria Stuart,Kate Winslet,1,Undirected
Gloria Stuart,Leonardo DiCaprio,1,Undirected
Kate Winslet,Leonardo DiCaprio,2,Undirected
Kate Winslet,David Suchet,1,Undirected
Kate Winslet,Hugh Jackman,2,Undirected
Kate Winslet,Mekhi Phifer,2,Undirected
Kate Winslet,Theo James,2,Undirected
Kate Winslet,Rufus Sewell,1,Undirected
Kate Winslet,Sarah Parish,1,Undirected
Kate Winslet,Anthony Hopkins,1,Undirected
Kate Winslet,Kevin Dunn,1,Undirected
Kate Winslet,Matt Craven,1,Undirected
Kate Winslet,Joe Komara,1,Undirected
Kate Winslet,David Kross,1,Undirected
Kate Winslet,Susanne Lothar,1,Undirected
Kate Winslet,Kelly Macdonald,1,Undirected
Kate Winslet,Julie Adams,1,Undirected
Kate Winslet,Clifton Collins Jr.,1,Undirected
Kate Winslet,Norman Reedus,1,Undirected
Kate Winslet,Michael Fassbender,1,Undirected
Kate Winslet,Brooke Smith,1,Undirected
Kate Winslet,Jane Adams,1,Undirected
Kate Winslet,Noah Emmerich,1,Undirected
Kate Winslet,Amelia Warner,1,Undirected
Kate Winslet,Stephen Marcus,1,Undirected
Kate Winslet,Eddie Izzard,1,Undirected
Kate Winslet,Steve Buscemi,1,Undirected
Kate Winslet,Seth MacFarlane,1,Undirected
Kate Winslet,Jim Broadbent,1,Undirected
Kate Winslet,Kris Marshall,1,Undirected
Kate Winslet,Jed Brophy,1,Undirected
Kate Winslet,Liz Mullane,1,Undirected
Leonardo DiCaprio,Elizabeth Debicki,2,Undirected
Leonardo DiCaprio,Steve Bisley,2,Undirected
Leonardo DiCaprio,Lukas Haas,1,Undirected
Leonardo DiCaprio,Adam Scott,1,Undirected
Leonardo DiCaprio,Frances Conroy,1,Undirected
Leonardo DiCaprio,Ato Essandoh,1,Undirected
Leonardo DiCaprio,Djimon Hounsou,1,Undirected
Leonardo DiCaprio,Stephen Collins,1,Undirected
Leonardo DiCaprio,Jon Favreau,1,Undirected
Leonardo DiCaprio,Matthew McConaughey,1,Undirected
Leonardo DiCaprio,Jim Broadbent,1,Undirected
Leonardo DiCaprio,Liam Neeson,1,Undirected
Leonardo DiCaprio,Matt Damon,1,Undirected
Leonardo DiCaprio,Ray Winstone,1,Undirected
Leonardo DiCaprio,Joseph Sikora,1,Undirected
Leonardo DiCaprio,Nellie Sciutto,1,Undirected
Leonardo DiCaprio,Michael Gaston,1,Undirected
Leonardo DiCaprio,Simon McBurney,1,Undirected
Leonardo DiCaprio,Jennifer Garner,1,Undirected
Leonardo DiCaprio,Tom Hanks,1,Undirected
Leonardo DiCaprio,Peter Youngblood Hills,1,Undirected
Leonardo DiCaprio,Virginie Ledoyen,1,Undirected
Leonardo DiCaprio,Joe Komara,1,Undirected
Leonardo DiCaprio,Anne Parillaud,1,Undirected
Leonardo DiCaprio,Judith Godrèche,1,Undirected
Leonardo DiCaprio,Kaitlyn Dever,1,Undirected
Leonardo DiCaprio,Pat Hingle,1,Undirected
Leonardo DiCaprio,Roberts Blossom,1,Undirected
Leonardo DiCaprio,Meryl Streep,1,Undirected
Leonardo DiCaprio,Robert De Niro,1,Undirected
Leonardo DiCaprio,Brian Dennehy,1,Undirected
Leonardo DiCaprio,Harold Perrineau,1,Undirected
Leonardo DiCaprio,Kevin Tighe,1,Undirected
Chris Evans,Hayley Atwell,2,Undirected
Chris Evans,Dominic Cooper,1,Undirected
Chris Evans,Andre Braugher,1,Undirected
Chris Evans,Ioan Gruffudd,1,Undirected
Chris Evans,Benedict Wong,1,Undirected
Chris Evans,Troy Garity,1,Undirected
Chris Evans,Ewen Bremner,1,Undirected
Chris Evans,Kang-ho Song,1,Undirected
Chris Evans,Mako,1,Undirected
Chris Evans,Sarah Michelle Gellar,1,Undirected
Chris Evans,Jason Patric,1,Undirected
Chris Evans,Óscar Jaenada,1,Undirected
Chris Evans,Keanu Reeves,1,Undirected
Chris Evans,Noel Gugliemi,1,Undirected
Chris Evans,Ari Graynor,1,Undirected
Chris Evans,Ed Begley Jr.,1,Undirected
Chris Evans,JoAnna Garcia Swisher,1,Undirected
Chris Evans,Mia Kirshner,1,Undirected
Chris Evans,Robert Davi,1,Undirected
Chris Evans,Dane Cook,1,Undirected
Chris Evans,Jason Statham,1,Undirected
Alexander Skarsgård,Liam Neeson,1,Undirected
Alexander Skarsgård,Tadanobu Asano,1,Undirected
Alexander Skarsgård,Casper Crump,2,Undirected
Alexander Skarsgård,Milla Jovovich,1,Undirected
Alexander Skarsgård,Will Ferrell,1,Undirected
Alexander Skarsgård,Jeff Bridges,1,Undirected
Alexander Skarsgård,Meryl Streep,1,Undirected
Alexander Skarsgård,Laz Alonso,1,Undirected
Alexander Skarsgård,Rhys Coiro,1,Undirected
Alexander Skarsgård,Charlotte Rampling,1,Undirected
Alexander Skarsgård,Jason Ritter,1,Undirected
Alexander Skarsgård,Julia Ormond,1,Undirected
Alexander Skarsgård,Austin Lyon,1,Undirected
Alexander Skarsgård,David Fine,1,Undirected
Liam Neeson,Tadanobu Asano,1,Undirected
Liam Neeson,Morgan Freeman,2,Undirected
Liam Neeson,Edgar Ramírez,1,Undirected
Liam Neeson,Lily James,1,Undirected
Liam Neeson,Alexa Davalos,2,Undirected
Liam Neeson,Jason Flemyng,3,Undirected
Liam Neeson,Ian McDiarmid,1,Undirected
Liam Neeson,Natalie Portman,1,Undirected
Liam Neeson,Philip Glenister,1,Undirected
Liam Neeson,Jim Broadbent,1,Undirected
Liam Neeson,Christian Camargo,1,Undirected
Liam Neeson,Lex Shrapnel,1,Undirected
Liam Neeson,Lili Taylor,1,Undirected
Liam Neeson,Virginia Madsen,1,Undirected
Liam Neeson,Seth MacFarlane,2,Undirected
Liam Neeson,Nate Parker,1,Undirected
Liam Neeson,Scoot McNairy,1,Undirected
Liam Neeson,Bruce McGill,1,Undirected
Liam Neeson,Common,1,Undirected
Liam Neeson,Dougray Scott,1,Undirected
Liam Neeson,Jon Gries,1,Undirected
Liam Neeson,D.B. Sweeney,1,Undirected
Liam Neeson,Luke Grimes,1,Undirected
Liam Neeson,Colin Firth,1,Undirected
Liam Neeson,Kris Marshall,1,Undirected
Liam Neeson,Aidan Quinn,2,Undirected
Liam Neeson,Charlize Theron,1,Undirected
Liam Neeson,Alun Armstrong,1,Undirected
Liam Neeson,Lysette Anthony,1,Undirected
Liam Neeson,Brendan Fraser,1,Undirected
Liam Neeson,Sarah Gadon,1,Undirected
Liam Neeson,Eric Stoltz,1,Undirected
Liam Neeson,Boyd Holbrook,1,Undirected
Liam Neeson,David Harbour,1,Undirected
Liam Neeson,Holly Valance,1,Undirected
Liam Neeson,Xander Berkeley,1,Undirected
Liam Neeson,Caroline Goodall,1,Undirected
Liam Neeson,Embeth Davidtz,1,Undirected
Liam Neeson,Frank Grillo,1,Undirected
Liam Neeson,James Badge Dale,1,Undirected
Liam Neeson,Julia Roberts,1,Undirected
Liam Neeson,Anthony Hopkins,1,Undirected
Liam Neeson,Laurence Olivier,1,Undirected
Liam Neeson,Loretta Devine,1,Undirected
Liam Neeson,Steve Buscemi,1,Undirected
Liam Neeson,Meghan Heffern,1,Undirected
Liam Neeson,Natalie Lisinska,1,Undirected
Liam Neeson,Dean Dawson,1,Undirected
Liam Neeson,Jung-jae Lee,1,Undirected
Liam Neeson,Dylan Baker,1,Undirected
Liam Neeson,Oliver Platt,2,Undirected
Liam Neeson,Mitch Pileggi,1,Undirected
Liam Neeson,Chandler Canterbury,1,Undirected
Liam Neeson,Josh Charles,1,Undirected
Tadanobu Asano,Honglei Sun,1,Undirected
Tadanobu Asano,Khulan Chuluun,1,Undirected
Bryce Dallas Howard,Judy Greer,2,Undirected
Bryce Dallas Howard,Omar Sy,1,Undirected
Bryce Dallas Howard,Common,1,Undirected
Bryce Dallas Howard,Bob Balaban,1,Undirected
Bryce Dallas Howard,Freddy Rodríguez,1,Undirected
Bryce Dallas Howard,Mike Vogel,1,Undirected
Bryce Dallas Howard,Jean-Marc Barr,1,Undirected
Bryce Dallas Howard,Jeremy Davies,1,Undirected
Bryce Dallas Howard,Isiah Whitlock Jr.,1,Undirected
Bryce Dallas Howard,Oona Laurence,1,Undirected
Bryce Dallas Howard,Anna Kendrick,1,Undirected
Bryce Dallas Howard,Jason Ritter,1,Undirected
Bryce Dallas Howard,Martin Starr,1,Undirected
Judy Greer,Omar Sy,1,Undirected
Judy Greer,Gary Oldman,1,Undirected
Judy Greer,Kodi Smit-McPhee,1,Undirected
Judy Greer,Chris Bauer,1,Undirected
Judy Greer,Thomas Robinson,1,Undirected
Judy Greer,Hayley Atwell,1,Undirected
Judy Greer,T.I.,1,Undirected
Judy Greer,Lisa Edelstein,1,Undirected
Judy Greer,Loretta Devine,1,Undirected
Judy Greer,Steve Coogan,1,Undirected
Judy Greer,Garry Shandling,1,Undirected
Judy Greer,Linda Fiorentino,1,Undirected
Judy Greer,Jamie Kennedy,2,Undirected
Judy Greer,Mykelti Williamson,1,Undirected
Judy Greer,Dennis Quaid,2,Undirected
Judy Greer,Gerard Butler,1,Undirected
Judy Greer,Bern Cohen,1,Undirected
Judy Greer,Yetta Gottesman,1,Undirected
Judy Greer,Christa B. Allen,1,Undirected
Judy Greer,Jennifer Garner,1,Undirected
Judy Greer,Chloë Grace Moretz,2,Undirected
Judy Greer,Portia Doubleday,2,Undirected
Judy Greer,Anne Hathaway,1,Undirected
Judy Greer,Jake Gyllenhaal,1,Undirected
Judy Greer,Alex Rocco,1,Undirected
Judy Greer,Matthew McConaughey,1,Undirected
Judy Greer,Frances Conroy,1,Undirected
Judy Greer,Sasha Alexander,1,Undirected
Judy Greer,Chris Klein,1,Undirected
Judy Greer,Evan Ross,1,Undirected
Judy Greer,Rae Dawn Chong,1,Undirected
Judy Greer,Jeff Conaway,1,Undirected
Judy Greer,Julie Benz,1,Undirected
Judy Greer,Cybill Shepherd,1,Undirected
Judy Greer,Shea Whigham,1,Undirected
Judy Greer,Marisa Coughlan,1,Undirected
Judy Greer,Nicky Katt,1,Undirected
Judy Greer,Adam Goldberg,1,Undirected
Judy Greer,Tony Cox,1,Undirected
Judy Greer,James Gunn,1,Undirected
Omar Sy,André Dussollier,1,Undirected
Omar Sy,Dany Boon,1,Undirected
Omar Sy,Bradley Cooper,1,Undirected
Omar Sy,Riccardo Scamarcio,1,Undirected
Albert Finney,Helen McCrory,2,Undirected
Albert Finney,Edgar Ramírez,1,Undirected
Albert Finney,Matt Damon,1,Undirected
Albert Finney,Alison Lohman,1,Undirected
Albert Finney,Steve Buscemi,1,Undirected
Albert Finney,Conchata Ferrell,1,Undirected
Albert Finney,Julia Roberts,1,Undirected
Albert Finney,Archie Panjabi,1,Undirected
Albert Finney,Richard Coyle,1,Undirected
Albert Finney,Bruce Willis,1,Undirected
Albert Finney,Omar Epps,1,Undirected
Albert Finney,Hugh Griffith,1,Undirected
Albert Finney,Susannah York,1,Undirected
Helen McCrory,Bill Murray,1,Undirected
Helen McCrory,Meryl Streep,1,Undirected
Don Cheadle,Jon Favreau,1,Undirected
Don Cheadle,Connie Nielsen,1,Undirected
Don Cheadle,Kim Delaney,1,Undirected
Don Cheadle,Anne Heche,1,Undirected
Don Cheadle,Gaby Hoffmann,1,Undirected
Don Cheadle,Hugh Jackman,1,Undirected
Don Cheadle,Sam Shepard,1,Undirected
Don Cheadle,Kevin Dillon,1,Undirected
Don Cheadle,Yvette Nicole Brown,1,Undirected
Don Cheadle,Amber Valletta,1,Undirected
Don Cheadle,Nicolas Cage,1,Undirected
Don Cheadle,Chris Penn,1,Undirected
Don Cheadle,Salma Hayek,1,Undirected
Don Cheadle,Albert Brooks,1,Undirected
Don Cheadle,Keith Hudson,1,Undirected
Don Cheadle,Adam Sandler,1,Undirected
Don Cheadle,John de Lancie,1,Undirected
Don Cheadle,Hakeem Kae-Kazim,1,Undirected
Don Cheadle,Sophie Okonedo,1,Undirected
Don Cheadle,Armando Riesco,1,Undirected
Don Cheadle,Lili Taylor,1,Undirected
Don Cheadle,Nicole Ari Parker,1,Undirected
Don Cheadle,Nina Hartley,1,Undirected
Don Cheadle,Jennifer Esposito,2,Undirected
Don Cheadle,Loretta Devine,2,Undirected
Don Cheadle,Fionnula Flanagan,1,Undirected
Don Cheadle,Wale Ojo,1,Undirected
Jon Favreau,Jeff Bridges,1,Undirected
Jon Favreau,Matthew McConaughey,1,Undirected
Jon Favreau,Debra Messing,1,Undirected
Jon Favreau,Jane Krakowski,1,Undirected
Jon Favreau,Morgan Freeman,1,Undirected
Jon Favreau,Robert Duvall,2,Undirected
Jon Favreau,Keanu Reeves,2,Undirected
Jon Favreau,Paul Michael Glaser,1,Undirected
Jon Favreau,Katy Mixon,1,Undirected
Jon Favreau,Kristin Davis,1,Undirected
Jon Favreau,Tasha Smith,1,Undirected
Jon Favreau,Ann-Margret,1,Undirected
Jon Favreau,John Michael Higgins,1,Undirected
Jon Favreau,Faizon Love,2,Undirected
Jon Favreau,Jane Curtin,1,Undirected
Jon Favreau,Eric Stonestreet,1,Undirected
Jon Favreau,T.I.,1,Undirected
Jon Favreau,Austin Nichols,1,Undirected
Jon Favreau,Daniel Stern,1,Undirected
Jon Favreau,Jeanne Tripplehorn,1,Undirected
Jon Favreau,Chris Young,1,Undirected
Jon Favreau,Matt Ross,1,Undirected
Jon Favreau,Jonathan Silverman,1,Undirected
Jon Favreau,Alex Désert,1,Undirected
Jon Favreau,Blake Lindsley,1,Undirected
Anne Hathaway,Mackenzie Foy,1,Undirected
Anne Hathaway,Matthew McConaughey,1,Undirected
Anne Hathaway,Wanda Sykes,1,Undirected
Anne Hathaway,Will.i.am,1,Undirected
Anne Hathaway,Bill Murray,1,Undirected
Anne Hathaway,Dwayne Johnson,1,Undirected
Anne Hathaway,Eddie Redmayne,1,Undirected
Anne Hathaway,Hugh Jackman,1,Undirected
Anne Hathaway,Bradley Cooper,1,Undirected
Anne Hathaway,Taylor Lautner,1,Undirected
Anne Hathaway,Hector Elizondo,2,Undirected
Anne Hathaway,Raven-Symoné,1,Undirected
Anne Hathaway,Rene Russo,1,Undirected
Anne Hathaway,Robert De Niro,1,Undirected
Anne Hathaway,Meryl Streep,1,Undirected
Anne Hathaway,Rebecca Mader,1,Undirected
Anne Hathaway,Joanna Lumley,1,Undirected
Anne Hathaway,Steve Coogan,1,Undirected
Anne Hathaway,Heather Matarazzo,1,Undirected
Anne Hathaway,Candice Bergen,1,Undirected
Anne Hathaway,Steve Howey,1,Undirected
Anne Hathaway,Jake Gyllenhaal,2,Undirected
Anne Hathaway,Chazz Palminteri,1,Undirected
Anne Hathaway,Jim Belushi,1,Undirected
Anne Hathaway,Julie Walters,1,Undirected
Anne Hathaway,Laurence Fox,1,Undirected
Anne Hathaway,Jim Sturgess,1,Undirected
Anne Hathaway,Rafe Spall,1,Undirected
Anne Hathaway,Heath Ledger,1,Undirected
Anne Hathaway,Bill Irwin,1,Undirected
Anne Hathaway,Rosemarie DeWitt,1,Undirected
Anne Hathaway,Charlie Hunnam,1,Undirected
Anne Hathaway,Jim Broadbent,1,Undirected
Anne Hathaway,Miriama Smith,1,Undirected
Anne Hathaway,Nathaniel Lees,1,Undirected
Anne Hathaway,Li Jun Li,1,Undirected
Anne Hathaway,Shawn Parsons,1,Undirected
Anne Hathaway,Debrah Farentino,1,Undirected
Anne Hathaway,Jon Tenney,1,Undirected
Daniel Cudmore,Hugh Jackman,1,Undirected
Daniel Cudmore,Kelsey Grammer,1,Undirected
Hugh Jackman,Kelsey Grammer,1,Undirected
Hugh Jackman,Jennifer Lawrence,1,Undirected
Hugh Jackman,Dominic Monaghan,1,Undirected
Hugh Jackman,Ryan Reynolds,1,Undirected
Hugh Jackman,David Suchet,1,Undirected
Hugh Jackman,Cara Delevingne,3,Undirected
Hugh Jackman,Nonso Anozie,3,Undirected
Hugh Jackman,Kamil McFadden,1,Undirected
Hugh Jackman,Khamani Griffin,1,Undirected
Hugh Jackman,Aaron Stanford,1,Undirected
Hugh Jackman,Bruce Davison,2,Undirected
Hugh Jackman,Rila Fukushima,1,Undirected
Hugh Jackman,Tao Okamoto,1,Undirected
Hugh Jackman,Olga Fonda,1,Undirected
Hugh Jackman,Torey Michael Adkins,1,Undirected
Hugh Jackman,Elizabeth Daily,1,Undirected
Hugh Jackman,Robin Williams,1,Undirected
Hugh Jackman,Sam Shepard,1,Undirected
Hugh Jackman,Tyler Mane,1,Undirected
Hugh Jackman,Eddie Redmayne,1,Undirected
Hugh Jackman,Jose Pablo Cantillo,1,Undirected
Hugh Jackman,Sharlto Copley,1,Undirected
Hugh Jackman,Bradley Whitford,1,Undirected
Hugh Jackman,Natasha Lyonne,1,Undirected
Hugh Jackman,Dylan Minnette,1,Undirected
Hugh Jackman,Jake Gyllenhaal,1,Undirected
Hugh Jackman,Ellen Burstyn,1,Undirected
Hugh Jackman,Mark Margolis,1,Undirected
Hugh Jackman,Taron Egerton,2,Undirected
Hugh Jackman,Tim McInnerny,2,Undirected
Hugh Jackman,Catherine Dent,1,Undirected
Hugh Jackman,Ellen Barkin,1,Undirected
Hugh Jackman,Seth MacFarlane,1,Undirected
Kelsey Grammer,Bingbing Li,1,Undirected
Kelsey Grammer,Sophia Myles,1,Undirected
Kelsey Grammer,Bernadette Peters,1,Undirected
Kelsey Grammer,Charlize Theron,1,Undirected
Kelsey Grammer,Robert De Niro,1,Undirected
Kelsey Grammer,Kay Panabaker,1,Undirected
Kelsey Grammer,Megan Mullally,1,Undirected
Kelsey Grammer,Jerry Stiller,1,Undirected
Kelsey Grammer,Nathan Lane,1,Undirected
Sean Hayes,Steve Buscemi,1,Undirected
Sean Hayes,Tyler Labine,1,Undirected
Sean Hayes,Kelly Preston,1,Undirected
Sean Hayes,Spencer Breslin,1,Undirected
Sean Hayes,Jack McBrayer,1,Undirected
Sean Hayes,Katt Williams,1,Undirected
Sean Hayes,Morgan Freeman,1,Undirected
Sean Hayes,Noel Gugliemi,1,Undirected
Sean Hayes,Bernie Mac,1,Undirected
Sean Hayes,Mike Epps,1,Undirected
Sean Hayes,Kate Upton,1,Undirected
Sean Hayes,Larry David,1,Undirected
Steve Buscemi,Tyler Labine,1,Undirected
Steve Buscemi,Bruce Willis,1,Undirected
Steve Buscemi,Will Patton,1,Undirected
Steve Buscemi,Jean Simmons,1,Undirected
Steve Buscemi,Ming-Na Wen,1,Undirected
Steve Buscemi,James Coburn,1,Undirected
Steve Buscemi,John Ratzenberger,1,Undirected
Steve Buscemi,G.W. Bailey,1,Undirected
Steve Buscemi,Roseanne Barr,1,Undirected
Steve Buscemi,Djimon Hounsou,2,Undirected
Steve Buscemi,Adam Sandler,6,Undirected
Steve Buscemi,Jon Lovitz,2,Undirected
Steve Buscemi,Julia Roberts,1,Undirected
Steve Buscemi,Oprah Winfrey,1,Undirected
Steve Buscemi,Dave Chappelle,1,Undirected
Steve Buscemi,Monica Potter,1,Undirected
Steve Buscemi,Fran Drescher,1,Undirected
Steve Buscemi,Salma Hayek,2,Undirected
Steve Buscemi,Catherine O'Hara,1,Undirected
Steve Buscemi,Jon Heder,1,Undirected
Steve Buscemi,Alison Lohman,1,Undirected
Steve Buscemi,Matt O'Leary,1,Undirected
Steve Buscemi,Teri Polo,1,Undirected
Steve Buscemi,Peter Gallagher,1,Undirected
Steve Buscemi,Michelle Forbes,1,Undirected
Steve Buscemi,Valeria Golino,1,Undirected
Steve Buscemi,Elizabeth Perkins,1,Undirected
Steve Buscemi,Viggo Mortensen,1,Undirected
Steve Buscemi,Alexa PenaVega,1,Undirected
Steve Buscemi,Emily Osment,1,Undirected
Steve Buscemi,Olivia Wilde,1,Undirected
Steve Buscemi,Steve Carell,1,Undirected
Steve Buscemi,Joey Lauren Adams,1,Undirected
Steve Buscemi,Jennifer Jason Leigh,1,Undirected
Steve Buscemi,Miranda Richardson,2,Undirected
Steve Buscemi,Ari Graynor,1,Undirected
Steve Buscemi,Fred Willard,1,Undirected
Steve Buscemi,Jeff Bridges,1,Undirected
Steve Buscemi,Philip Seymour Hoffman,1,Undirected
Steve Buscemi,Bill Cobbs,1,Undirected
Steve Buscemi,Treat Williams,1,Undirected
Steve Buscemi,Loretta Devine,1,Undirected
Steve Buscemi,Eliza Coupe,1,Undirected
Steve Buscemi,Wendell Pierce,1,Undirected
Steve Buscemi,Catalina Sandino Moreno,1,Undirected
Steve Buscemi,Eddie Izzard,1,Undirected
Steve Buscemi,Quentin Tarantino,2,Undirected
Steve Buscemi,Eamonn Walker,1,Undirected
Steve Buscemi,Yaya DaCosta,1,Undirected
Steve Buscemi,T.J. Thyne,1,Undirected
Steve Buscemi,Romany Malco,1,Undirected
Steve Buscemi,Gary Farmer,1,Undirected
Steve Buscemi,Jon Gries,1,Undirected
Steve Buscemi,Carol Kane,1,Undirected
Steve Buscemi,Debi Mazar,1,Undirected
Steve Buscemi,Chris Penn,1,Undirected
Tyler Labine,David Oyelowo,1,Undirected
Tyler Labine,Philip Winchester,1,Undirected
Tyler Labine,Ned Bellamy,1,Undirected
Tyler Labine,Richard Roundtree,1,Undirected
Tyler Labine,Ben Falcone,1,Undirected
Tyler Labine,Carmen Electra,1,Undirected
Tyler Labine,Molly Shannon,1,Undirected
Tyler Labine,Chelan Simmons,1,Undirected
Tyler Labine,Katrina Bowden,1,Undirected
Glenn Morshower,Kevin Dunn,2,Undirected
Glenn Morshower,Ramon Rodriguez,1,Undirected
Glenn Morshower,Lester Speight,1,Undirected
Glenn Morshower,Zoë Kravitz,1,Undirected
Glenn Morshower,Rekha Sharma,1,Undirected
Glenn Morshower,Tchéky Karyo,1,Undirected
Glenn Morshower,Meryl Streep,1,Undirected
Glenn Morshower,William Lucking,1,Undirected
Glenn Morshower,Matthew Broderick,1,Undirected
Glenn Morshower,Tim Blake Nelson,1,Undirected
Glenn Morshower,John Aylward,1,Undirected
Glenn Morshower,Radha Mitchell,1,Undirected
Glenn Morshower,Kevin Alejandro,1,Undirected
Glenn Morshower,William McNamara,1,Undirected
Kevin Dunn,Ramon Rodriguez,1,Undirected
Kevin Dunn,Lester Speight,1,Undirected
Kevin Dunn,Michael O'Neill,1,Undirected
Kevin Dunn,Zack Ward,1,Undirected
Kevin Dunn,Keanu Reeves,1,Undirected
Kevin Dunn,Morgan Freeman,1,Undirected
Kevin Dunn,Anthony Hopkins,1,Undirected
Kevin Dunn,Dwayne Johnson,1,Undirected
Kevin Dunn,Jurnee Smollett-Bell,1,Undirected
Kevin Dunn,Frank Grillo,1,Undirected
Kevin Dunn,Christopher Evan Welch,1,Undirected
Ramon Rodriguez,Denzel Washington,1,Undirected
Ramon Rodriguez,Michael Rispoli,1,Undirected
Ramon Rodriguez,Jim Parrack,1,Undirected
Ramon Rodriguez,Noel Fisher,1,Undirected
Ramon Rodriguez,Dominic Cooper,1,Undirected
Ramon Rodriguez,Rami Malek,1,Undirected
Ramon Rodriguez,Armando Riesco,1,Undirected
Ramon Rodriguez,Eduardo Verástegui,1,Undirected
Bingbing Li,Sophia Myles,1,Undirected
Bingbing Li,Boris Kodjoe,1,Undirected
Bingbing Li,Milla Jovovich,1,Undirected
Bingbing Li,Jaycee Chan,1,Undirected
Bingbing Li,Joan Chen,1,Undirected
Bingbing Li,Ji-hyun Jun,1,Undirected
Bingbing Li,Russell Wong,1,Undirected
Sophia Myles,Brady Corbet,1,Undirected
Sophia Myles,Philip Winchester,1,Undirected
Sophia Myles,Derek Jacobi,1,Undirected
Sophia Myles,Tony Curran,1,Undirected
Sophia Myles,Kevin Grevioux,1,Undirected
Sophia Myles,Shane Brolly,1,Undirected
Mila Kunis,Tim Holmes,2,Undirected
Mila Kunis,Channing Tatum,1,Undirected
Mila Kunis,Eddie Redmayne,1,Undirected
Mila Kunis,Denzel Washington,1,Undirected
Mila Kunis,Gary Oldman,1,Undirected
Mila Kunis,Steve Carell,1,Undirected
Mila Kunis,Seth MacFarlane,1,Undirected
Mila Kunis,Tom Skerritt,1,Undirected
Mila Kunis,Justin Timberlake,1,Undirected
Mila Kunis,Masi Oka,1,Undirected
Mila Kunis,Beau Bridges,1,Undirected
Mila Kunis,Jamie Hector,1,Undirected
Mila Kunis,Jack McBrayer,1,Undirected
Mila Kunis,Maria Thayer,1,Undirected
Mila Kunis,Billy Crudup,1,Undirected
Mila Kunis,Lili Taylor,1,Undirected
Mila Kunis,Jada Pinkett Smith,2,Undirected
Mila Kunis,Jay Hernandez,2,Undirected
Mila Kunis,Mark Margolis,1,Undirected
Mila Kunis,Natalie Portman,1,Undirected
Mila Kunis,Carmen Electra,1,Undirected
Mila Kunis,Clifton Collins Jr.,1,Undirected
B.J. Novak,Tom Hanks,1,Undirected
B.J. Novak,Rob Riggle,1,Undirected
B.J. Novak,Tyler James Williams,1,Undirected
James Frain,Jeff Bridges,2,Undirected
James Frain,Olivia Wilde,2,Undirected
James Frain,Ashley Scott,1,Undirected
James Frain,Paul Walker,1,Undirected
James Frain,Michael Wincott,1,Undirected
James Frain,Robert Pattinson,1,Undirected
James Frain,Charlize Theron,1,Undirected
James Frain,Clarence Williams III,1,Undirected
James Frain,Anthony Hopkins,1,Undirected
James Frain,Julian Fellowes,1,Undirected
James Frain,Brendan Sexton III,1,Undirected
James Frain,Robert De Niro,1,Undirected
James Frain,Natalie Portman,1,Undirected
James Frain,Stockard Channing,1,Undirected
James Frain,Lisa Kay,1,Undirected
James Frain,Sofia Black-D'Elia,1,Undirected
Jeff Bridges,Olivia Wilde,2,Undirected
Jeff Bridges,Ryan Reynolds,1,Undirected
Jeff Bridges,Stephanie Szostak,1,Undirected
Jeff Bridges,Jon Heder,1,Undirected
Jeff Bridges,Zooey Deschanel,1,Undirected
Jeff Bridges,Djimon Hounsou,1,Undirected
Jeff Bridges,Olivia Williams,1,Undirected
Jeff Bridges,Michael Angarano,1,Undirected
Jeff Bridges,Michael O'Neill,1,Undirected
Jeff Bridges,Mackenzie Foy,1,Undirected
Jeff Bridges,Alfre Woodard,1,Undirected
Jeff Bridges,Isabelle Huppert,1,Undirected
Jeff Bridges,Sam Waterston,1,Undirected
Jeff Bridges,Austin Pendleton,1,Undirected
Jeff Bridges,Mimi Rogers,1,Undirected
Jeff Bridges,Ethan Embry,1,Undirected
Jeff Bridges,Jason Marsden,1,Undirected
Jeff Bridges,Bruce Green,1,Undirected
Jeff Bridges,Matt Damon,1,Undirected
Jeff Bridges,Meryl Streep,1,Undirected
Jeff Bridges,David Hyde Pierce,1,Undirected
Jeff Bridges,Harry Shearer,1,Undirected
Jeff Bridges,Stephen Root,1,Undirected
Jeff Bridges,Hope Davis,1,Undirected
Jeff Bridges,Spencer Treat Clark,1,Undirected
Jeff Bridges,John Patrick Amedori,1,Undirected
Jeff Bridges,Vanessa Lengies,1,Undirected
Jeff Bridges,Albert Brooks,1,Undirected
Jeff Bridges,Bradley Whitford,1,Undirected
Jeff Bridges,Philip Seymour Hoffman,1,Undirected
Jeff Bridges,Justin Timberlake,1,Undirected
Jeff Bridges,Ted Danson,1,Undirected
Jeff Bridges,Gary Oldman,1,Undirected
Jeff Bridges,William Petersen,1,Undirected
Jeff Bridges,Beth Grant,1,Undirected
Jeff Bridges,Debrianna Mansini,1,Undirected
Jeff Bridges,Bruce Dern,1,Undirected
Jeff Bridges,Cheech Marin,1,Undirected
Olivia Wilde,Oliver Platt,1,Undirected
Olivia Wilde,Xander Berkeley,1,Undirected
Olivia Wilde,Mircea Monroe,1,Undirected
Olivia Wilde,Ryan Reynolds,1,Undirected
Olivia Wilde,Alexandra Maria Lara,1,Undirected
Olivia Wilde,Justin Timberlake,1,Undirected
Olivia Wilde,Matt Bomer,1,Undirected
Olivia Wilde,Steve Carell,1,Undirected
Olivia Wilde,Aisha Hinds,1,Undirected
Olivia Wilde,Daniel Stern,1,Undirected
Olivia Wilde,Alex Borstein,1,Undirected
Olivia Wilde,Timothée Chalamet,1,Undirected
Olivia Wilde,Jason Flemyng,1,Undirected
Olivia Wilde,Paul Walker,1,Undirected
Olivia Wilde,Bradley Cooper,1,Undirected
Olivia Wilde,Charlie Hunnam,1,Undirected
Olivia Wilde,Sissy Spacek,1,Undirected
Olivia Wilde,Donald Glover,1,Undirected
Olivia Wilde,Mark Duplass,1,Undirected
Olivia Wilde,Anna Kendrick,1,Undirected
Olivia Wilde,Ti West,1,Undirected
Olivia Wilde,Nora Zehetner,1,Undirected
Olivia Wilde,Thomas Lennon,1,Undirected
Eddie Izzard,Joe Mantegna,1,Undirected
Eddie Izzard,Janeane Garofalo,1,Undirected
Eddie Izzard,Rainn Wilson,1,Undirected
Eddie Izzard,Wanda Sykes,1,Undirected
Eddie Izzard,Edward Fox,1,Undirected
Eddie Izzard,Udo Kier,2,Undirected
Eddie Izzard,Janet McTeer,1,Undirected
Eddie Izzard,Catherine McCormack,1,Undirected
Joe Mantegna,Raymond Cruz,1,Undirected
Joe Mantegna,Stockard Channing,1,Undirected
Joe Mantegna,Al Pacino,1,Undirected
Joe Mantegna,Bridget Fonda,1,Undirected
Joe Mantegna,Cynthia Nixon,1,Undirected
Joe Mantegna,Lara Flynn Boyle,1,Undirected
Joe Mantegna,Beverly D'Angelo,1,Undirected
Joe Mantegna,Philip Baker Hall,1,Undirected
Joe Mantegna,Bethany Joy Lenz,1,Undirected
Joe Mantegna,Kari Wuhrer,1,Undirected
Joe Mantegna,Dulé Hill,1,Undirected
Joe Mantegna,Jeffrey Combs,1,Undirected
Joe Mantegna,Faye Dunaway,1,Undirected
Joe Mantegna,Viggo Mortensen,1,Undirected
Joe Mantegna,Barbara Hershey,1,Undirected
Joe Mantegna,Diane Venora,1,Undirected
Ryan Reynolds,Taika Waititi,1,Undirected
Ryan Reynolds,Temuera Morrison,1,Undirected
Ryan Reynolds,Dominic Monaghan,1,Undirected
Ryan Reynolds,Ben Schwartz,1,Undirected
Ryan Reynolds,Snoop Dogg,1,Undirected
Ryan Reynolds,Stephanie Szostak,1,Undirected
Ryan Reynolds,Nicolas Cage,1,Undirected
Ryan Reynolds,Denzel Washington,1,Undirected
Ryan Reynolds,Sam Shepard,1,Undirected
Ryan Reynolds,John Michael Higgins,1,Undirected
Ryan Reynolds,Natasha Lyonne,1,Undirected
Ryan Reynolds,Ed Skrein,1,Undirected
Ryan Reynolds,Stefan Kapicic,1,Undirected
Ryan Reynolds,Mircea Monroe,1,Undirected
Ryan Reynolds,Craig T. Nelson,1,Undirected
Ryan Reynolds,Denis O'Hare,1,Undirected
Ryan Reynolds,Derek Luke,1,Undirected
Ryan Reynolds,Sandra Ellis Lafferty,1,Undirected
Ryan Reynolds,Chloë Grace Moretz,1,Undirected
Ryan Reynolds,Jimmy Bennett,1,Undirected
Ryan Reynolds,Alex Rocco,1,Undirected
Ryan Reynolds,Common,1,Undirected
Ryan Reynolds,Will Ferrell,1,Undirected
Ryan Reynolds,Elizabeth McGovern,1,Undirected
Ryan Reynolds,Frances Fisher,1,Undirected
Ryan Reynolds,Paulina Gerzon,1,Undirected
Ryan Reynolds,Sakina Jaffrey,1,Undirected
Ryan Reynolds,Curtis Armstrong,1,Undirected
Ryan Reynolds,Erik Estrada,1,Undirected
Ryan Reynolds,Erik Palladino,1,Undirected
Ryan Reynolds,Samantha Mathis,1,Undirected
Ryan Reynolds,Dane Cook,1,Undirected
Ryan Reynolds,Vanessa Lengies,1,Undirected
Taika Waititi,Temuera Morrison,1,Undirected
Temuera Morrison,Jason Patric,1,Undirected
Temuera Morrison,Lois Chiles,1,Undirected
Temuera Morrison,Marco Hofschneider,1,Undirected
Temuera Morrison,Jed Brophy,1,Undirected
Temuera Morrison,Ray Winstone,1,Undirected
Don Rickles,John Ratzenberger,1,Undirected
Don Rickles,Tom Hanks,1,Undirected
Don Rickles,Kevin Pollak,1,Undirected
Don Rickles,Robert De Niro,1,Undirected
Don Rickles,Jack Warden,1,Undirected
Don Rickles,Traylor Howard,1,Undirected
John Ratzenberger,Tom Hanks,3,Undirected
John Ratzenberger,Julie Walters,1,Undirected
John Ratzenberger,Kelly Macdonald,1,Undirected
John Ratzenberger,Fred Willard,1,Undirected
John Ratzenberger,Jeff Garlin,1,Undirected
John Ratzenberger,Delroy Lindo,1,Undirected
John Ratzenberger,Jess Harnell,1,Undirected
John Ratzenberger,Brian Dennehy,1,Undirected
John Ratzenberger,Janeane Garofalo,1,Undirected
John Ratzenberger,James Coburn,1,Undirected
John Ratzenberger,Wayne Knight,1,Undirected
John Ratzenberger,Cheech Marin,1,Undirected
John Ratzenberger,George Carlin,1,Undirected
John Ratzenberger,Madeline Kahn,1,Undirected
John Ratzenberger,Jim Varney,1,Undirected
Tom Hanks,Eddie Deezen,1,Undirected
Tom Hanks,Peter Scolari,1,Undirected
Tom Hanks,Armin Mueller-Stahl,1,Undirected
Tom Hanks,Ayelet Zurer,1,Undirected
Tom Hanks,Jürgen Prochnow,1,Undirected
Tom Hanks,Seth Gabel,1,Undirected
Tom Hanks,Jim Broadbent,1,Undirected
Tom Hanks,Jim Sturgess,1,Undirected
Tom Hanks,Wayne Knight,1,Undirected
Tom Hanks,Nick Searcy,1,Undirected
Tom Hanks,Paul Sanchez,1,Undirected
Tom Hanks,Jennifer Jason Leigh,1,Undirected
Tom Hanks,Liam Aiken,1,Undirected
Tom Hanks,Barry Shabaka Henley,1,Undirected
Tom Hanks,Chi McBride,1,Undirected
Tom Hanks,Jud Tylor,1,Undirected
Tom Hanks,Philip Seymour Hoffman,1,Undirected
Tom Hanks,Matt Damon,1,Undirected
Tom Hanks,Vin Diesel,1,Undirected
Tom Hanks,Kathleen Quinlan,1,Undirected
Tom Hanks,Miko Hughes,1,Undirected
Tom Hanks,Dave Chappelle,1,Undirected
Tom Hanks,Jean Stapleton,1,Undirected
Tom Hanks,Jeffrey DeMunn,1,Undirected
Tom Hanks,Michael Jeter,1,Undirected
Tom Hanks,Sam Anderson,1,Undirected
Tom Hanks,Siobhan Fallon Hogan,1,Undirected
Tom Hanks,Chris Mulkey,1,Undirected
Tom Hanks,Michael Chernus,1,Undirected
Tom Hanks,Jennifer Garner,1,Undirected
Tom Hanks,Lori Petty,1,Undirected
Tom Hanks,Rosie O'Donnell,1,Undirected
Tom Hanks,Amy Ryan,1,Undirected
Tom Hanks,Mark Rylance,1,Undirected
Tom Hanks,Stephen Henderson,1,Undirected
Tom Hanks,Thomas Horn,1,Undirected
Tom Hanks,Stephen Root,1,Undirected
Tom Hanks,Jim Varney,1,Undirected
Tom Hanks,Randall Park,1,Undirected
Tom Hanks,Rob Riggle,1,Undirected
Tom Hanks,John Heard,1,Undirected
Tom Hanks,Jon Lovitz,1,Undirected
Tom Hanks,Denzel Washington,1,Undirected
Tom Hanks,Jason Robards,1,Undirected
Tom Hanks,Howard Morris,1,Undirected
Tom Hanks,Patrick Cronin,1,Undirected
Tom Hanks,Charlize Theron,1,Undirected
Tom Hanks,Ethan Embry,1,Undirected
Common,Brad Pitt,1,Undirected
Common,Robin Williams,1,Undirected
Common,Angelina Jolie Pitt,1,Undirected
Common,Morgan Freeman,2,Undirected
Common,Michael Kelly,1,Undirected
Common,Bruce McGill,1,Undirected
Common,Jennifer Garner,1,Undirected
Common,Odeya Rush,1,Undirected
Common,Robert De Niro,1,Undirected
Common,Seth Meyers,1,Undirected
Common,Alex Rocco,1,Undirected
Common,Laz Alonso,1,Undirected
Common,Mehcad Brooks,1,Undirected
Common,Dave Chappelle,1,Undirected
Common,Lauryn Hill,1,Undirected
Jason Statham,Paul Walker,1,Undirected
Jason Statham,Vin Diesel,1,Undirected
Jason Statham,Bruce Willis,1,Undirected
Jason Statham,Sylvester Stallone,3,Undirected
Jason Statham,Harrison Ford,1,Undirected
Jason Statham,Jet Li,3,Undirected
Jason Statham,Ben Mendelsohn,1,Undirected
Jason Statham,Robert De Niro,1,Undirected
Jason Statham,Joan Allen,1,Undirected
Jason Statham,Max Ryan,1,Undirected
Jason Statham,Charlize Theron,1,Undirected
Jason Statham,Jimmy Shubert,1,Undirected
Jason Statham,Mike Dopud,1,Undirected
Jason Statham,Tania Saulnier,1,Undirected
Jason Statham,Delroy Lindo,1,Undirected
Jason Statham,Mini Anden,1,Undirected
Jason Statham,Tony Goldwyn,1,Undirected
Jason Statham,Clifton Collins Jr.,2,Undirected
Jason Statham,Wendell Pierce,1,Undirected
Jason Statham,Reggie Lee,1,Undirected
Jason Statham,Robert John Burke,1,Undirected
Jason Statham,Jason Flemyng,5,Undirected
Jason Statham,Matthew Modine,1,Undirected
Jason Statham,Jason Alexander,1,Undirected
Jason Statham,Michael Angarano,1,Undirected
Jason Statham,Clea DuVall,1,Undirected
Jason Statham,Natasha Henstridge,1,Undirected
Jason Statham,Nadine Velazquez,1,Undirected
Jason Statham,Frank Grillo,1,Undirected
Jason Statham,Matt Schulze,1,Undirected
Jason Statham,Qi Shu,1,Undirected
Jason Statham,Daniel Mays,1,Undirected
Jason Statham,Saffron Burrows,1,Undirected
Jason Statham,David Carradine,1,Undirected
Jason Statham,Edi Gathegi,1,Undirected
Jason Statham,Jose Pablo Cantillo,1,Undirected
Jason Statham,Brad Pitt,2,Undirected
Jason Statham,Danny Dyer,1,Undirected
Jason Statham,Dane Cook,1,Undirected
Jason Statham,Dexter Fletcher,1,Undirected
Paul Walker,Vin Diesel,5,Undirected
Paul Walker,Jordana Brewster,3,Undirected
Paul Walker,Dwayne Johnson,1,Undirected
Paul Walker,Ethan Embry,1,Undirected
Paul Walker,Gerard Butler,1,Undirected
Paul Walker,Cole Hauser,1,Undirected
Paul Walker,Mo Gallini,1,Undirected
Paul Walker,Chris Bauer,1,Undirected
Paul Walker,Tom McCarthy,1,Undirected
Paul Walker,Ashley Scott,1,Undirected
Paul Walker,Bruce Greenwood,1,Undirected
Paul Walker,Wendy Crewson,1,Undirected
Paul Walker,Hayden Christensen,1,Undirected
Paul Walker,Jay Hernandez,1,Undirected
Paul Walker,RZA,1,Undirected
Paul Walker,Robert Maillet,1,Undirected
Paul Walker,A.J. Langer,1,Undirected
Paul Walker,Dell Yount,1,Undirected
Paul Walker,Jessica Bowman,1,Undirected
Paul Walker,Chazz Palminteri,1,Undirected
Paul Walker,Ivana Milicevic,1,Undirected
Paul Walker,Mark Walters,1,Undirected
Paul Walker,Ron Lester,1,Undirected
Paul Walker,Leslie Bibb,1,Undirected
Paul Walker,William Petersen,1,Undirected
Paul Walker,Clea DuVall,1,Undirected
Paul Walker,Kieran Culkin,1,Undirected
Paul Walker,Jason Flemyng,1,Undirected
Vin Diesel,Bradley Cooper,1,Undirected
Vin Diesel,Djimon Hounsou,1,Undirected
Vin Diesel,Jordana Brewster,3,Undirected
Vin Diesel,Dwayne Johnson,1,Undirected
Vin Diesel,Alexa Davalos,1,Undirected
Vin Diesel,Christina Cox,1,Undirected
Vin Diesel,Joseph Gilgun,1,Undirected
Vin Diesel,Lotte Verbeek,1,Undirected
Vin Diesel,Eve,1,Undirected
Vin Diesel,Leila Arcieri,1,Undirected
Vin Diesel,Matt Damon,1,Undirected
Vin Diesel,Tate Donovan,1,Undirected
Vin Diesel,Harry Connick Jr.,1,Undirected
Vin Diesel,M. Emmet Walsh,1,Undirected
Vin Diesel,Charlotte Rampling,1,Undirected
Vin Diesel,David Belle,1,Undirected
Vin Diesel,Bokeem Woodbine,1,Undirected
Vin Diesel,Nolan Gerard Funk,1,Undirected
Vin Diesel,Jeff Kober,1,Undirected
Vin Diesel,Larenz Tate,1,Undirected
Vin Diesel,Cole Hauser,1,Undirected
Vin Diesel,Radha Mitchell,1,Undirected
Vin Diesel,Kevin Gage,1,Undirected
Vin Diesel,Tom Noonan,1,Undirected
Vin Diesel,Alex Rocco,1,Undirected
Vin Diesel,Herbert Russell,1,Undirected
Vin Diesel,Nia Long,1,Undirected
Brad Pitt,Mireille Enos,1,Undirected
Brad Pitt,Peter Capaldi,1,Undirected
Brad Pitt,Jason Flemyng,3,Undirected
Brad Pitt,Julia Ormond,2,Undirected
Brad Pitt,Julian Glover,1,Undirected
Brad Pitt,Robin Williams,1,Undirected
Brad Pitt,Will Ferrell,1,Undirected
Brad Pitt,Julia Roberts,2,Undirected
Brad Pitt,Mini Anden,1,Undirected
Brad Pitt,Angelina Jolie Pitt,2,Undirected
Brad Pitt,Stephanie March,1,Undirected
Brad Pitt,Catherine McCormack,1,Undirected
Brad Pitt,Stephen Dillane,1,Undirected
Brad Pitt,Harrison Ford,1,Undirected
Brad Pitt,Natascha McElhone,1,Undirected
Brad Pitt,Bernie Mac,1,Undirected
Brad Pitt,Elliott Gould,1,Undirected
Brad Pitt,Al Pacino,1,Undirected
Brad Pitt,Matt Damon,1,Undirected
Brad Pitt,Anthony Hopkins,2,Undirected
Brad Pitt,Jake Weber,1,Undirected
Brad Pitt,Jim Parrack,1,Undirected
Brad Pitt,Logan Lerman,1,Undirected
Brad Pitt,Michael Fassbender,2,Undirected
Brad Pitt,Mako,1,Undirected
Brad Pitt,Victor Wong,1,Undirected
Brad Pitt,Eugenie Bondurant,1,Undirected
Brad Pitt,Meat Loaf,1,Undirected
Brad Pitt,Adriano Giannini,1,Undirected
Brad Pitt,Timothy West,1,Undirected
Brad Pitt,Tom Cruise,1,Undirected
Brad Pitt,Philip Seymour Hoffman,1,Undirected
Brad Pitt,Robin Wright,1,Undirected
Brad Pitt,Minnie Driver,1,Undirected
Brad Pitt,Robert De Niro,1,Undirected
Brad Pitt,Kevin Sussman,1,Undirected
Brad Pitt,Fiona Shaw,1,Undirected
Brad Pitt,Tye Sheridan,1,Undirected
Brad Pitt,Morgan Freeman,1,Undirected
Brad Pitt,Reg E. Cathey,1,Undirected
Brad Pitt,Jeremy Renner,1,Undirected
Brad Pitt,Sam Shepard,2,Undirected
Brad Pitt,Goran Visnjic,1,Undirected
Brad Pitt,Dermot Crowley,1,Undirected
Brad Pitt,Harriet Walter,1,Undirected
Brad Pitt,Melvil Poupaud,1,Undirected
Brad Pitt,Ben Mendelsohn,1,Undirected
Brad Pitt,Gary Oldman,1,Undirected
Brad Pitt,Michael Rapaport,1,Undirected
Brad Pitt,Nick Cave,1,Undirected
Brad Pitt,Tina Louise,1,Undirected
Mireille Enos,Peter Capaldi,1,Undirected
Mireille Enos,Martin Donovan,2,Undirected
Mireille Enos,Maurice Compte,2,Undirected
Mireille Enos,Chloë Grace Moretz,1,Undirected
Mireille Enos,Stacy Keach,1,Undirected
Peter Capaldi,Benedict Cumberbatch,1,Undirected
Peter Capaldi,Jamie Blackley,1,Undirected
Peter Capaldi,Keanu Reeves,2,Undirected
Peter Capaldi,Swoosie Kurtz,2,Undirected
Jennifer Lawrence,Michael Fassbender,2,Undirected
Jennifer Lawrence,Tye Sheridan,1,Undirected
Jennifer Lawrence,Oliver Platt,1,Undirected
Jennifer Lawrence,Josh Hutcherson,4,Undirected
Jennifer Lawrence,Philip Seymour Hoffman,2,Undirected
Jennifer Lawrence,Sandra Ellis Lafferty,1,Undirected
Jennifer Lawrence,Anthony Reynolds,1,Undirected
Jennifer Lawrence,Bradley Cooper,3,Undirected
Jennifer Lawrence,Robert De Niro,2,Undirected
Jennifer Lawrence,Cherry Jones,1,Undirected
Jennifer Lawrence,Riley Thomas Stewart,1,Undirected
Jennifer Lawrence,Gil Bellows,1,Undirected
Jennifer Lawrence,Nolan Gerard Funk,1,Undirected
Jennifer Lawrence,Lauren Sweetser,1,Undirected
Jennifer Lawrence,Shelley Waggener,1,Undirected
Jennifer Lawrence,Bokeem Woodbine,1,Undirected
Jennifer Lawrence,Chloë Grace Moretz,1,Undirected
Jennifer Lawrence,Charlie Bewley,1,Undirected
Jennifer Lawrence,Finola Hughes,1,Undirected
Benedict Cumberbatch,Bruce Greenwood,1,Undirected
Benedict Cumberbatch,Noel Clarke,1,Undirected
Benedict Cumberbatch,Andy Richter,1,Undirected
Benedict Cumberbatch,Annet Mahendru,1,Undirected
Benedict Cumberbatch,Eddie Marsan,1,Undirected
Benedict Cumberbatch,Jeremy Irvine,1,Undirected
Benedict Cumberbatch,Adam Scott,1,Undirected
Benedict Cumberbatch,Natalie Portman,1,Undirected
Benedict Cumberbatch,Alfie Allen,1,Undirected
Benedict Cumberbatch,Brenda Blethyn,1,Undirected
Benedict Cumberbatch,Jamie Blackley,1,Undirected
Benedict Cumberbatch,Julia Roberts,1,Undirected
Benedict Cumberbatch,Meryl Streep,1,Undirected
Benedict Cumberbatch,Colin Firth,1,Undirected
Benedict Cumberbatch,Gary Oldman,1,Undirected
Benedict Cumberbatch,Allen Leech,1,Undirected
Bruce Greenwood,Noel Clarke,1,Undirected
Bruce Greenwood,Leonard Nimoy,1,Undirected
Bruce Greenwood,Chi McBride,1,Undirected
Bruce Greenwood,Bruce Thomas,1,Undirected
Bruce Greenwood,Jon Foster,1,Undirected
Bruce Greenwood,Harrison Ford,1,Undirected
Bruce Greenwood,Lena Olin,1,Undirected
Bruce Greenwood,Stephanie Szostak,1,Undirected
Bruce Greenwood,Steve Carell,1,Undirected
Bruce Greenwood,Annabeth Gish,1,Undirected
Bruce Greenwood,Bruce Campbell,1,Undirected
Bruce Greenwood,Wendy Crewson,1,Undirected
Bruce Greenwood,Denzel Washington,1,Undirected
Bruce Greenwood,Nadine Velazquez,1,Undirected
Bruce Greenwood,Frankie Muniz,1,Undirected
Bruce Greenwood,M. Emmet Walsh,1,Undirected
Bruce Greenwood,Alex Pettyfer,1,Undirected
Bruce Greenwood,Rhys Wakefield,1,Undirected
Bruce Greenwood,Aden Young,1,Undirected
Bruce Greenwood,Suzie Steen,1,Undirected
Bruce Greenwood,Ethan Embry,1,Undirected
Bruce Greenwood,Katharine Isabelle,1,Undirected
Bruce Greenwood,Chris Klein,1,Undirected
Bruce Greenwood,Elaine Hendrix,1,Undirected
Bruce Greenwood,David Thornton,1,Undirected
Bruce Greenwood,Jeanne Tripplehorn,1,Undirected
Bruce Greenwood,Sarah Polley,2,Undirected
Bruce Greenwood,Simon Baker,1,Undirected
Bruce Greenwood,Shirley Henderson,1,Undirected
Bruce Greenwood,Zoe Kazan,1,Undirected
Bruce Greenwood,Mia Kirshner,1,Undirected
Bruce Greenwood,Stafford Douglas,1,Undirected
Bruce Greenwood,Zoë Kravitz,1,Undirected
Eddie Marsan,Ewen Bremner,1,Undirected
Eddie Marsan,Ralph Brown,1,Undirected
Eddie Marsan,Charlize Theron,1,Undirected
Eddie Marsan,Philip Seymour Hoffman,1,Undirected
Eddie Marsan,Tom Cruise,1,Undirected
Eddie Marsan,Paul Anderson,1,Undirected
Eddie Marsan,Robert Maillet,1,Undirected
Eddie Marsan,Jeremy Irvine,1,Undirected
Eddie Marsan,Natalie Portman,1,Undirected
Eddie Marsan,Rupert Graves,1,Undirected
Eddie Marsan,Albert Brooks,1,Undirected
Eddie Marsan,Danny Huston,1,Undirected
Eddie Marsan,Jake Wood,2,Undirected
Eddie Marsan,Rufus Sewell,2,Undirected
Eddie Marsan,Imelda Staunton,1,Undirected
Eddie Marsan,Sally Hawkins,1,Undirected
Ewen Bremner,Ralph Brown,1,Undirected
Ewen Bremner,Ioan Gruffudd,1,Undirected
Ewen Bremner,Sam Shepard,1,Undirected
Ewen Bremner,Dwayne Johnson,1,Undirected
Ewen Bremner,Rosario Dawson,1,Undirected
Ewen Bremner,Kang-ho Song,1,Undirected
Ewen Bremner,Kris Marshall,2,Undirected
Ewen Bremner,Anthony Hopkins,1,Undirected
Ewen Bremner,Kelly Macdonald,1,Undirected
Ewen Bremner,Shirley Henderson,1,Undirected
Ralph Brown,Adam Rayner,1,Undirected
Ralph Brown,Danny Dyer,1,Undirected
Elizabeth Debicki,Steve Bisley,2,Undirected
Elizabeth Debicki,Christian Berkel,1,Undirected
Steve Bisley,Hugh Keays-Byrne,1,Undirected
Steve Bisley,Joanne Samuel,1,Undirected
Jake Gyllenhaal,Reece Ritchie,1,Undirected
Jake Gyllenhaal,Richard Coyle,1,Undirected
Jake Gyllenhaal,Dennis Quaid,1,Undirected
Jake Gyllenhaal,Sela Ward,1,Undirected
Jake Gyllenhaal,Anthony Edwards,1,Undirected
Jake Gyllenhaal,Brian Geraghty,1,Undirected
Jake Gyllenhaal,James Morrison,1,Undirected
Jake Gyllenhaal,Dylan Minnette,1,Undirected
Jake Gyllenhaal,Cas Anvar,1,Undirected
Jake Gyllenhaal,Russell Peters,1,Undirected
Jake Gyllenhaal,50 Cent,1,Undirected
Jake Gyllenhaal,Oona Laurence,1,Undirected
Jake Gyllenhaal,Meryl Streep,1,Undirected
Jake Gyllenhaal,Bailee Madison,1,Undirected
Jake Gyllenhaal,Natalie Portman,2,Undirected
Jake Gyllenhaal,Beverly D'Angelo,1,Undirected
Jake Gyllenhaal,Kirstie Alley,1,Undirected
Jake Gyllenhaal,Bob Clendenin,1,Undirected
Jake Gyllenhaal,Holly Hunter,1,Undirected
Jake Gyllenhaal,America Ferrera,1,Undirected
Jake Gyllenhaal,Anna Kendrick,1,Undirected
Jake Gyllenhaal,Heath Ledger,1,Undirected
Jake Gyllenhaal,Geoffrey Arend,1,Undirected
Jake Gyllenhaal,Marley Shelton,1,Undirected
Jake Gyllenhaal,Ethan Suplee,1,Undirected
Jake Gyllenhaal,James Huang,1,Undirected
Jake Gyllenhaal,Michael Papajohn,1,Undirected
Jake Gyllenhaal,Tim Blake Nelson,1,Undirected
Jake Gyllenhaal,Zooey Deschanel,1,Undirected
Jake Gyllenhaal,James Duval,1,Undirected
Jake Gyllenhaal,Mary McDonnell,1,Undirected
Jake Gyllenhaal,Mark Rolston,1,Undirected
Reece Ritchie,Richard Coyle,1,Undirected
Reece Ritchie,Marama Corlett,1,Undirected
Reece Ritchie,Tom Cullen,1,Undirected
Richard Coyle,Archie Panjabi,1,Undirected
Richard Coyle,Ana Imnadze,1,Undirected
Richard Coyle,Kenneth Cranham,1,Undirected
Richard Coyle,Bronagh Gallagher,1,Undirected
Richard Coyle,Russell Tovey,1,Undirected
Charlie Hunnam,Clifton Collins Jr.,1,Undirected
Charlie Hunnam,Larry Joe Campbell,1,Undirected
Charlie Hunnam,Natalie Portman,1,Undirected
Charlie Hunnam,Philip Seymour Hoffman,1,Undirected
Charlie Hunnam,Danny Huston,1,Undirected
Charlie Hunnam,Rita Davies,1,Undirected
Charlie Hunnam,Tony Goldwyn,1,Undirected
Charlie Hunnam,Zooey Deschanel,1,Undirected
Charlie Hunnam,Jim Broadbent,1,Undirected
Charlie Hunnam,Sissy Spacek,1,Undirected
Clifton Collins Jr.,Larry Joe Campbell,1,Undirected
Clifton Collins Jr.,Morgan Freeman,1,Undirected
Clifton Collins Jr.,Delroy Lindo,1,Undirected
Clifton Collins Jr.,Michael Irby,1,Undirected
Clifton Collins Jr.,Wendell Pierce,1,Undirected
Clifton Collins Jr.,Mira Sorvino,1,Undirected
Clifton Collins Jr.,Patrick Kilpatrick,1,Undirected
Clifton Collins Jr.,Eion Bailey,1,Undirected
Clifton Collins Jr.,LL Cool J,1,Undirected
Clifton Collins Jr.,David Carradine,1,Undirected
Clifton Collins Jr.,Norman Reedus,2,Undirected
Clifton Collins Jr.,Bruce McGill,1,Undirected
Clifton Collins Jr.,Cheech Marin,1,Undirected
Clifton Collins Jr.,Christopher Lambert,1,Undirected
Clifton Collins Jr.,Kurtwood Smith,1,Undirected
Clifton Collins Jr.,Julie Benz,1,Undirected
Clifton Collins Jr.,Mary Lynn Rajskub,1,Undirected
Clifton Collins Jr.,Paul Dooley,1,Undirected
Clifton Collins Jr.,Faye Dunaway,1,Undirected
Clifton Collins Jr.,Ian Somerhalder,1,Undirected
Clifton Collins Jr.,Cecilia Pillado,1,Undirected
Clifton Collins Jr.,David Masterson,1,Undirected
Clifton Collins Jr.,James DeBello,1,Undirected
Clifton Collins Jr.,Sean Whalen,1,Undirected
Larry Joe Campbell,Jenna Fischer,1,Undirected
Larry Joe Campbell,Stephen Merchant,1,Undirected
Harrison Ford,Jim Broadbent,1,Undirected
Harrison Ford,Ray Winstone,1,Undirected
Harrison Ford,Aramis Knight,1,Undirected
Harrison Ford,Moises Arias,1,Undirected
Harrison Ford,Sylvester Stallone,1,Undirected
Harrison Ford,Amber Valletta,1,Undirected
Harrison Ford,Miranda Otto,1,Undirected
Harrison Ford,Natascha McElhone,1,Undirected
Harrison Ford,Dean Stockwell,1,Undirected
Harrison Ford,Gary Oldman,1,Undirected
Harrison Ford,Amy Sedaris,1,Undirected
Harrison Ford,Anne Heche,1,Undirected
Harrison Ford,Lena Olin,1,Undirected
Harrison Ford,Bill Cobbs,1,Undirected
Harrison Ford,Dean Jones,1,Undirected
Harrison Ford,Raymond Cruz,1,Undirected
Harrison Ford,Steve Carell,1,Undirected
Harrison Ford,Will Ferrell,1,Undirected
Harrison Ford,Jimmy Bennett,1,Undirected
Harrison Ford,Mary Lynn Rajskub,1,Undirected
Harrison Ford,Alison Doody,1,Undirected
Harrison Ford,Julian Glover,1,Undirected
Harrison Ford,Patrick Bergin,1,Undirected
Harrison Ford,Daniel Roebuck,1,Undirected
Harrison Ford,Sela Ward,1,Undirected
Harrison Ford,Nicole Beharie,1,Undirected
Harrison Ford,Ian McDiarmid,1,Undirected
Harrison Ford,Kenny Baker,3,Undirected
Harrison Ford,Robert Duvall,1,Undirected
Harrison Ford,Alan Ruck,1,Undirected
Harrison Ford,Brendan Fraser,1,Undirected
Harrison Ford,Ellen Burstyn,1,Undirected
Harrison Ford,Michiel Huisman,1,Undirected
Harrison Ford,Amrish Puri,1,Undirected
Harrison Ford,Kate Capshaw,1,Undirected
Harrison Ford,M. Emmet Walsh,1,Undirected
Harrison Ford,Sean Young,1,Undirected
Harrison Ford,Anthony Daniels,1,Undirected
Harrison Ford,Karen Allen,1,Undirected
Harrison Ford,William Hootkins,1,Undirected
Harrison Ford,Lukas Haas,1,Undirected
Harrison Ford,Viggo Mortensen,1,Undirected
Harrison Ford,Peter Cushing,1,Undirected
Harrison Ford,Carl Weathers,1,Undirected
Harrison Ford,Franco Nero,1,Undirected
Harrison Ford,Cindy Williams,1,Undirected
Harrison Ford,Teri Garr,1,Undirected
Harrison Ford,Mackenzie Phillips,1,Undirected
Harrison Ford,Ron Howard,1,Undirected
Jim Broadbent,Ray Winstone,1,Undirected
Jim Broadbent,Kiran Shah,1,Undirected
Jim Broadbent,Shane Rangi,1,Undirected
Jim Broadbent,Cécile De France,2,Undirected
Jim Broadbent,Steve Coogan,2,Undirected
Jim Broadbent,Jim Sturgess,1,Undirected
Jim Broadbent,Imelda Staunton,2,Undirected
Jim Broadbent,Michael Palin,1,Undirected
Jim Broadbent,Drew Carey,1,Undirected
Jim Broadbent,Paula Abdul,1,Undirected
Jim Broadbent,Kylie Minogue,1,Undirected
Jim Broadbent,Richard Roxburgh,1,Undirected
Jim Broadbent,Celia Imrie,1,Undirected
Jim Broadbent,Colin Firth,3,Undirected
Jim Broadbent,Olivia Williams,1,Undirected
Jim Broadbent,Pip Torrens,1,Undirected
Jim Broadbent,Michiel Huisman,1,Undirected
Jim Broadbent,Julia Ormond,1,Undirected
Jim Broadbent,James Corden,1,Undirected
Jim Broadbent,Vanessa Redgrave,1,Undirected
Jim Broadbent,Bradley Pierce,1,Undirected
Jim Broadbent,Mark Williams,1,Undirected
Jim Broadbent,Shirley Henderson,1,Undirected
Jim Broadbent,Chazz Palminteri,1,Undirected
Jim Broadbent,Dianne Wiest,1,Undirected
Jim Broadbent,Dexter Fletcher,1,Undirected
Jim Broadbent,Lesley Manville,1,Undirected
Jim Broadbent,Margot Kidder,1,Undirected
Jim Broadbent,William Hootkins,1,Undirected
Jim Broadbent,Bob Hoskins,1,Undirected
Jim Broadbent,Robert De Niro,1,Undirected
Jim Broadbent,Meryl Streep,1,Undirected
Jim Broadbent,Olivia Colman,1,Undirected
Jim Broadbent,Phil Davis,1,Undirected
Jim Broadbent,Gina McKee,1,Undirected
Jim Broadbent,Brendan Coyle,1,Undirected
Jim Broadbent,Michael McElhatton,1,Undirected
Jim Broadbent,Lily James,1,Undirected
Jim Broadbent,Tuppence Middleton,1,Undirected
Jim Broadbent,Annette Badland,1,Undirected
Jim Broadbent,Brenda Blethyn,1,Undirected
Jim Broadbent,Kris Marshall,1,Undirected
Jim Broadbent,Miranda Richardson,1,Undirected
Jim Broadbent,Stephen Rea,1,Undirected
Ray Winstone,Chloë Grace Moretz,1,Undirected
Ray Winstone,Stephen Root,1,Undirected
Ray Winstone,Delroy Lindo,2,Undirected
Ray Winstone,Edgar Ramírez,2,Undirected
Ray Winstone,Matt Damon,1,Undirected
Ray Winstone,Alexis Dziena,1,Undirected
Ray Winstone,Matthew McConaughey,1,Undirected
Ray Winstone,Bojana Novakovic,1,Undirected
Ray Winstone,Denis O'Hare,1,Undirected
Ray Winstone,Jasmine Trinca,1,Undirected
Ray Winstone,Mark Rylance,1,Undirected
Ray Winstone,Chiara Caselli,1,Undirected
Ray Winstone,Dougray Scott,1,Undirected
Ray Winstone,Danny Huston,1,Undirected
Ray Winstone,Noah Taylor,1,Undirected
Ray Winstone,Bob Hoskins,1,Undirected
Ray Winstone,JJ Feild,1,Undirected
Ray Winstone,Henry Rollins,1,Undirected
Ray Winstone,Jason London,1,Undirected
Ray Winstone,Jed Brophy,1,Undirected
Ray Winstone,Alan Ford,1,Undirected
Ray Winstone,Hayley Atwell,1,Undirected
Ray Winstone,Amanda Redman,1,Undirected
Ray Winstone,James Fox,1,Undirected
Ray Winstone,Alexandra Breckenridge,1,Undirected
Ray Winstone,Elena Satine,1,Undirected
Ray Winstone,Glen Murphy,1,Undirected
Ray Winstone,Joe Egan,1,Undirected
A.J. Buckley,Jack McGraw,1,Undirected
A.J. Buckley,Peter Sohn,1,Undirected
A.J. Buckley,Matthew Settle,1,Undirected
A.J. Buckley,Susan Ward,1,Undirected
A.J. Buckley,Henry Thomas,1,Undirected
A.J. Buckley,Louise Fletcher,1,Undirected
A.J. Buckley,Agnes Bruckner,1,Undirected
A.J. Buckley,Frances Fisher,1,Undirected
A.J. Buckley,James Eckhouse,1,Undirected
A.J. Buckley,Nicole Randall Johnson,1,Undirected
Jack McGraw,Peter Sohn,1,Undirected
Julie Walters,Kelly Macdonald,1,Undirected
Julie Walters,Matt Lucas,1,Undirected
Julie Walters,Sally Hawkins,1,Undirected
Julie Walters,Colin Firth,1,Undirected
Julie Walters,Meryl Streep,1,Undirected
Julie Walters,Laurence Fox,1,Undirected
Julie Walters,Eva Birthistle,1,Undirected
Julie Walters,Fiona Glascott,1,Undirected
Julie Walters,Emily Watson,1,Undirected
Julie Walters,Miranda Richardson,1,Undirected
Julie Walters,Gary Lewis,1,Undirected
Julie Walters,Jamie Draven,1,Undirected
Julie Walters,Tamsin Egerton,1,Undirected
Kelly Macdonald,Guro Nagelhus Schia,1,Undirected
Kelly Macdonald,Matthew Macfadyen,1,Undirected
Kelly Macdonald,Thomas Lennon,1,Undirected
Kelly Macdonald,Zooey Deschanel,1,Undirected
Kelly Macdonald,Barry Corbin,1,Undirected
Kelly Macdonald,Stephen Root,1,Undirected
Kelly Macdonald,Colin Firth,1,Undirected
Kelly Macdonald,Imelda Staunton,1,Undirected
Kelly Macdonald,Julian Sands,1,Undirected
Kelly Macdonald,Saffron Burrows,1,Undirected
Kelly Macdonald,Shirley Henderson,1,Undirected
Lydia Wilson,Melissa Roxburgh,1,Undirected
Lydia Wilson,Sofia Boutella,1,Undirected
Melissa Roxburgh,Sofia Boutella,1,Undirected
Fred Willard,Jeff Garlin,1,Undirected
Fred Willard,Amy Sedaris,1,Undirected
Fred Willard,Catherine O'Hara,2,Undirected
Fred Willard,Alyson Hannigan,2,Undirected
Fred Willard,Thomas Ian Nicholas,1,Undirected
Fred Willard,Carmen Electra,2,Undirected
Fred Willard,David Carradine,1,Undirected
Fred Willard,Ari Graynor,1,Undirected
Fred Willard,Elden Henson,1,Undirected
Fred Willard,Vivica A. Fox,1,Undirected
Fred Willard,Hector Elizondo,1,Undirected
Fred Willard,T.J. Thyne,1,Undirected
Fred Willard,Ethan Embry,1,Undirected
Fred Willard,Paula Garcés,1,Undirected
Fred Willard,Mike Epps,1,Undirected
Fred Willard,Russell Peters,1,Undirected
Fred Willard,Larry Miller,1,Undirected
Fred Willard,Frances Conroy,1,Undirected
Fred Willard,Kevin Sussman,1,Undirected
Jeff Garlin,Anjelica Huston,1,Undirected
Jeff Garlin,Lisa Edelstein,1,Undirected
Jeff Garlin,Ashley Scott,1,Undirected
Jeff Garlin,Kevin Alejandro,1,Undirected
Jeff Garlin,Jessy Schram,1,Undirected
Jeff Garlin,Joey Slotnick,1,Undirected
Jeff Garlin,Mark Duplass,1,Undirected
Jeff Garlin,Mary Lynn Rajskub,1,Undirected
Dana Ivey,Noémie Lenoir,1,Undirected
Dana Ivey,Tzi Ma,1,Undirected
Dana Ivey,Alicia Witt,1,Undirected
Dana Ivey,Dorian Missick,1,Undirected
Dana Ivey,Jan Hooks,1,Undirected
Dana Ivey,Oliver Platt,1,Undirected
Dana Ivey,Oprah Winfrey,1,Undirected
Dana Ivey,Rae Dawn Chong,1,Undirected
Noémie Lenoir,Tzi Ma,1,Undirected
Noémie Lenoir,Ed Skrein,1,Undirected
Noémie Lenoir,Radivoje Bukvic,1,Undirected
Tzi Ma,Grant Heslov,1,Undirected
Tzi Ma,Jamie Renée Smith,1,Undirected
Tzi Ma,Brendan Fraser,1,Undirected
Tzi Ma,Holmes Osborne,1,Undirected
Tzi Ma,Curtis Armstrong,1,Undirected
Tzi Ma,Sean Michael Afable,1,Undirected
Liam James,Oliver Platt,1,Undirected
Liam James,Tom McCarthy,1,Undirected
Liam James,Joan Allen,1,Undirected
Liam James,Zach Gilford,1,Undirected
Liam James,Jim Rash,1,Undirected
Liam James,Steve Carell,1,Undirected
Oliver Platt,Tom McCarthy,1,Undirected
Oliver Platt,Michael Fassbender,1,Undirected
Oliver Platt,John Michael Higgins,1,Undirected
Oliver Platt,Robin Williams,1,Undirected
Oliver Platt,Peter Boyle,1,Undirected
Oliver Platt,Raven-Symoné,1,Undirected
Oliver Platt,Jim Belushi,1,Undirected
Oliver Platt,Lea Michele,1,Undirected
Oliver Platt,Xander Berkeley,1,Undirected
Oliver Platt,J.T. Walsh,1,Undirected
Oliver Platt,Joe Morton,1,Undirected
Oliver Platt,Conrad Goode,1,Undirected
Oliver Platt,Jennifer Esposito,1,Undirected
Oliver Platt,Matthew McConaughey,1,Undirected
Oliver Platt,Clint Howard,1,Undirected
Oliver Platt,Toby Jones,1,Undirected
Oliver Platt,Bridget Fonda,1,Undirected
Oliver Platt,Ty Olsson,1,Undirected
Oliver Platt,Richard Schiff,1,Undirected
Oliver Platt,Sophie Okonedo,1,Undirected
Oliver Platt,Hope Davis,1,Undirected
Oliver Platt,Julia Roberts,1,Undirected
Oliver Platt,Ellen Albertini Dow,1,Undirected
Oliver Platt,Martin Landau,1,Undirected
Oliver Platt,Jan Hooks,1,Undirected
Oliver Platt,David Ramsey,1,Undirected
Oliver Platt,Matthew Perry,1,Undirected
Oliver Platt,Dylan Baker,1,Undirected
Oliver Platt,Mitch Pileggi,1,Undirected
Oliver Platt,Adam Goldberg,1,Undirected
Oliver Platt,Ann Morgan Guilbert,1,Undirected
Oliver Platt,Thomas Ian Nicholas,1,Undirected
Oliver Platt,Adrian Martinez,1,Undirected
Oliver Platt,Derek Luke,1,Undirected
Tom McCarthy,AJ Michalka,2,Undirected
Tom McCarthy,Michael Imperioli,2,Undirected
Tom McCarthy,Chris Bauer,1,Undirected
Colin Firth,Gary Oldman,2,Undirected
Colin Firth,Robin Wright,1,Undirected
Colin Firth,Nonso Anozie,1,Undirected
Colin Firth,Owen Teale,1,Undirected
Colin Firth,Meryl Streep,1,Undirected
Colin Firth,Celia Imrie,1,Undirected
Colin Firth,Kris Marshall,2,Undirected
Colin Firth,Jürgen Prochnow,1,Undirected
Colin Firth,Shirley Henderson,1,Undirected
Colin Firth,Imelda Staunton,1,Undirected
Colin Firth,Kelly Preston,1,Undirected
Colin Firth,Oliver James,1,Undirected
Colin Firth,Alison Lohman,1,Undirected
Colin Firth,Rachel Blanchard,1,Undirected
Colin Firth,Anne-Marie Duff,1,Undirected
Colin Firth,Ben Crompton,1,Undirected
Colin Firth,Jeremy Irvine,1,Undirected
Colin Firth,Sam Reid,1,Undirected
Colin Firth,Derek Jacobi,1,Undirected
Colin Firth,Jennifer Ehle,1,Undirected
Colin Firth,Rupert Everett,1,Undirected
Colin Firth,Gina McKee,1,Undirected
Colin Firth,Keri Lynn Pratt,1,Undirected
Colin Firth,Teddy Sears,1,Undirected
Gary Oldman,Robin Wright,1,Undirected
Gary Oldman,Kodi Smit-McPhee,1,Undirected
Gary Oldman,Angelina Jolie Pitt,1,Undirected
Gary Oldman,Mike Bell,1,Undirected
Gary Oldman,Abbie Cornish,2,Undirected
Gary Oldman,Jennifer Ehle,2,Undirected
Gary Oldman,Bruce Willis,1,Undirected
Gary Oldman,Milla Jovovich,1,Undirected
Gary Oldman,Dean Stockwell,1,Undirected
Gary Oldman,Denzel Washington,1,Undirected
Gary Oldman,June Lockhart,1,Undirected
Gary Oldman,Dwayne Johnson,1,Undirected
Gary Oldman,James Corden,1,Undirected
Gary Oldman,Demi Moore,1,Undirected
Gary Oldman,Robert Duvall,1,Undirected
Gary Oldman,Billy Burke,1,Undirected
Gary Oldman,Virginia Madsen,1,Undirected
Gary Oldman,Anthony Hopkins,1,Undirected
Gary Oldman,Keanu Reeves,1,Undirected
Gary Oldman,Eric Idle,1,Undirected
Gary Oldman,Jaleel White,1,Undirected
Gary Oldman,Doug Cockle,1,Undirected
Gary Oldman,Jordi Mollà,1,Undirected
Gary Oldman,Atticus Shaffer,2,Undirected
Gary Oldman,Rachel Brosnahan,2,Undirected
Gary Oldman,Michael Rapaport,1,Undirected
Gary Oldman,Lena Olin,1,Undirected
Gary Oldman,Michael Wincott,2,Undirected
Gary Oldman,William Petersen,1,Undirected
Gary Oldman,Courtney Love,1,Undirected
Robin Wright,Anthony Hopkins,1,Undirected
Robin Wright,Sebastian Roché,1,Undirected
Robin Wright,Goran Visnjic,1,Undirected
Robin Wright,Joely Richardson,1,Undirected
Robin Wright,Bruce Willis,1,Undirected
Robin Wright,Michael Kelly,1,Undirected
Robin Wright,Michael Weston,1,Undirected
Robin Wright,Philip Seymour Hoffman,1,Undirected
Robin Wright,John Savage,1,Undirected
Robin Wright,Raphael Sbarge,1,Undirected
Robin Wright,Kristen Stewart,1,Undirected
Robin Wright,Robert De Niro,1,Undirected
Robin Wright,Stephen Root,1,Undirected
Robin Wright,André the Giant,1,Undirected
Robin Wright,Carol Kane,1,Undirected
Robin Wright,Alfre Woodard,1,Undirected
Robin Wright,Matt Frewer,1,Undirected
Robin Wright,Sissy Spacek,1,Undirected
Robin Wright,Ben Mendelsohn,1,Undirected
Channing Tatum,Eddie Redmayne,1,Undirected
Channing Tatum,Jake Weber,1,Undirected
Channing Tatum,Matt Craven,1,Undirected
Channing Tatum,Dwayne Johnson,1,Undirected
Channing Tatum,Elodie Yung,1,Undirected
Channing Tatum,Chelcie Ross,1,Undirected
Channing Tatum,Clint Howard,1,Undirected
Channing Tatum,Amber Stevens West,1,Undirected
Channing Tatum,Craig Roberts,1,Undirected
Channing Tatum,Ana de la Reguera,1,Undirected
Channing Tatum,Hector Elizondo,1,Undirected
Channing Tatum,Rick Gonzalez,1,Undirected
Channing Tatum,Robert Ri'chard,1,Undirected
Channing Tatum,Dax Flame,1,Undirected
Channing Tatum,Rob Riggle,1,Undirected
Channing Tatum,Emma Watson,1,Undirected
Channing Tatum,Dillon Casey,1,Undirected
Channing Tatum,Lucas Bryant,1,Undirected
Channing Tatum,David Costabile,2,Undirected
Channing Tatum,Katie Lowes,2,Undirected
Channing Tatum,Mike Vogel,1,Undirected
Channing Tatum,Steve Howey,1,Undirected
Channing Tatum,Alexandra Breckenridge,1,Undirected
Channing Tatum,Laura Ramsey,1,Undirected
Channing Tatum,Henry Thomas,1,Undirected
Channing Tatum,Scott Porter,1,Undirected
Channing Tatum,Abbie Cornish,1,Undirected
Channing Tatum,Michael Angarano,1,Undirected
Channing Tatum,Michael Fassbender,1,Undirected
Channing Tatum,Alden Ehrenreich,1,Undirected
Channing Tatum,Al Pacino,1,Undirected
Channing Tatum,Tracy Morgan,1,Undirected
Channing Tatum,Kevin Nash,1,Undirected
Channing Tatum,Matt Bomer,1,Undirected
Channing Tatum,Alyson Stoner,1,Undirected
Channing Tatum,Josh Henderson,1,Undirected
Channing Tatum,Alex Pettyfer,1,Undirected
Channing Tatum,Matthew McConaughey,1,Undirected
Eddie Redmayne,Abbie Cornish,1,Undirected
Eddie Redmayne,Jordi Mollà,1,Undirected
Eddie Redmayne,Kristen Stewart,1,Undirected
Eddie Redmayne,Emily Watson,1,Undirected
Eddie Redmayne,Simon McBurney,1,Undirected
Eddie Redmayne,Julia Ormond,1,Undirected
Eddie Redmayne,Toby Jones,1,Undirected
Eddie Redmayne,Elena Anaya,1,Undirected
Eddie Redmayne,Stephen Dillane,1,Undirected
Kiran Shah,Shane Rangi,1,Undirected
Shane Rangi,Bruce Spence,1,Undirected
Shane Rangi,Laura Brent,1,Undirected
Michael Fassbender,Tye Sheridan,1,Undirected
Michael Fassbender,Charlize Theron,1,Undirected
Michael Fassbender,Sean Harris,1,Undirected
Michael Fassbender,Gerard Butler,1,Undirected
Michael Fassbender,Vincent Regan,1,Undirected
Michael Fassbender,Billy Blair,1,Undirected
Michael Fassbender,Julia Jones,1,Undirected
Michael Fassbender,Goran Visnjic,1,Undirected
Michael Fassbender,Michael Angarano,1,Undirected
Michael Fassbender,Sarah Gadon,1,Undirected
Michael Fassbender,Viggo Mortensen,1,Undirected
Michael Fassbender,Dave Legeno,1,Undirected
Michael Fassbender,JJ Feild,1,Undirected
Michael Fassbender,James Badge Dale,1,Undirected
Michael Fassbender,Nicole Beharie,1,Undirected
Michael Fassbender,Ben Mendelsohn,1,Undirected
Michael Fassbender,Kodi Smit-McPhee,1,Undirected
Michael Fassbender,Harry Treadaway,1,Undirected
Michael Fassbender,Jason Maza,1,Undirected
Michael Fassbender,Jack O'Connell,1,Undirected
Michael Fassbender,Lorraine Stanley,1,Undirected
Tye Sheridan,Fiona Shaw,1,Undirected
Tye Sheridan,Matthew McConaughey,1,Undirected
Tye Sheridan,Sam Shepard,1,Undirected
Tye Sheridan,Nicolas Cage,1,Undirected
Tye Sheridan,Ronnie Gene Blevins,1,Undirected
Heath Ledger,Morgan Freeman,1,Undirected
Heath Ledger,Adam Baldwin,1,Undirected
Heath Ledger,Mackenzie Crook,1,Undirected
Heath Ledger,Matt Damon,1,Undirected
Heath Ledger,Bérénice Bejo,1,Undirected
Heath Ledger,Rufus Sewell,1,Undirected
Heath Ledger,Benno Fürmann,1,Undirected
Heath Ledger,Michael Angarano,1,Undirected
Heath Ledger,Rebecca De Mornay,1,Undirected
Heath Ledger,Tyrone Benskin,1,Undirected
Heath Ledger,Andrew Keegan,1,Undirected
Heath Ledger,Marcus Lyle Brown,1,Undirected
Heath Ledger,Peter Boyle,1,Undirected
Morgan Freeman,Jimmy Bennett,1,Undirected
Morgan Freeman,Steve Carell,2,Undirected
Morgan Freeman,Tom Cruise,1,Undirected
Morgan Freeman,Zoë Bell,1,Undirected
Morgan Freeman,Ayelet Zurer,3,Undirected
Morgan Freeman,Moises Arias,3,Undirected
Morgan Freeman,Sanaa Lathan,1,Undirected
Morgan Freeman,Lisa Ann Walter,1,Undirected
Morgan Freeman,Robert Duvall,1,Undirected
Morgan Freeman,Angelina Jolie Pitt,1,Undirected
Morgan Freeman,Michael Kelly,1,Undirected
Morgan Freeman,Gerard Butler,1,Undirected
Morgan Freeman,Radha Mitchell,1,Undirected
Morgan Freeman,Minnie Driver,1,Undirected
Morgan Freeman,Randy Quaid,1,Undirected
Morgan Freeman,Bruce McGill,1,Undirected
Morgan Freeman,Philip Baker Hall,1,Undirected
Morgan Freeman,Seth MacFarlane,1,Undirected
Morgan Freeman,Michael O'Neill,1,Undirected
Morgan Freeman,Reece Thompson,1,Undirected
Morgan Freeman,Bruce Willis,3,Undirected
Morgan Freeman,Jaqueline Fleming,1,Undirected
Morgan Freeman,Alison Brie,1,Undirected
Morgan Freeman,Will Ferrell,1,Undirected
Morgan Freeman,Leleti Khumalo,1,Undirected
Morgan Freeman,Matt Damon,1,Undirected
Morgan Freeman,Keanu Reeves,1,Undirected
Morgan Freeman,Michael Wincott,1,Undirected
Morgan Freeman,Rene Russo,1,Undirected
Morgan Freeman,Andrew Wilson,1,Undirected
Morgan Freeman,Willie Nelson,1,Undirected
Morgan Freeman,Noel Gugliemi,1,Undirected
Morgan Freeman,Bob Hoskins,1,Undirected
Morgan Freeman,Jet Li,1,Undirected
Morgan Freeman,Adam Scott,1,Undirected
Morgan Freeman,Bruce Davison,1,Undirected
Morgan Freeman,Amr Waked,1,Undirected
Morgan Freeman,Anthony Hopkins,1,Undirected
Morgan Freeman,Matthew McConaughey,1,Undirected
Morgan Freeman,Harry Connick Jr.,2,Undirected
Morgan Freeman,Michael Roark,1,Undirected
Morgan Freeman,Taylor Blackwell,1,Undirected
Morgan Freeman,Reg E. Cathey,1,Undirected
Morgan Freeman,Clint Eastwood,2,Undirected
Morgan Freeman,Mike Colter,1,Undirected
Morgan Freeman,Camryn Manheim,1,Undirected
Morgan Freeman,Lynda Boyd,1,Undirected
Morgan Freeman,Denzel Washington,2,Undirected
Morgan Freeman,Matthew Broderick,2,Undirected
Morgan Freeman,Billy Burke,1,Undirected
Morgan Freeman,Monica Potter,1,Undirected
Morgan Freeman,Robert De Niro,1,Undirected
Morgan Freeman,Romany Malco,1,Undirected
Morgan Freeman,Tatyana Ali,1,Undirected
Morgan Freeman,Tony Goldwyn,1,Undirected
Morgan Freeman,Dorian Missick,2,Undirected
Morgan Freeman,Bob Gunton,1,Undirected
Morgan Freeman,Jeffrey DeMunn,1,Undirected
Morgan Freeman,Kathleen Wilhoite,1,Undirected
Morgan Freeman,Pruitt Taylor Vince,1,Undirected
Morgan Freeman,Frances Fisher,1,Undirected
Morgan Freeman,Jessica Tandy,1,Undirected
Morgan Freeman,Patti LuPone,1,Undirected
Morgan Freeman,Romane Bohringer,1,Undirected
Morgan Freeman,Sofie Gråbøl,1,Undirected
Delroy Lindo,Jess Harnell,1,Undirected
Delroy Lindo,Matthew McConaughey,1,Undirected
Delroy Lindo,Rainn Wilson,1,Undirected
Delroy Lindo,Edgar Ramírez,2,Undirected
Delroy Lindo,Lili Taylor,1,Undirected
Delroy Lindo,Rene Russo,2,Undirected
Delroy Lindo,Bob Gunton,1,Undirected
Delroy Lindo,Samantha Mathis,1,Undirected
Delroy Lindo,Michael Irby,1,Undirected
Delroy Lindo,Jet Li,2,Undirected
Delroy Lindo,Al Freeman Jr.,1,Undirected
Delroy Lindo,Denzel Washington,1,Undirected
Delroy Lindo,Jesse Borrego,1,Undirected
Delroy Lindo,Raymond Cruz,1,Undirected
Delroy Lindo,Jon Gries,1,Undirected
Delroy Lindo,Aaliyah,1,Undirected
Delroy Lindo,Alfre Woodard,1,Undirected
Delroy Lindo,Isaiah Washington,1,Undirected
Delroy Lindo,Anna Katarina,1,Undirected
Delroy Lindo,Joan Chen,1,Undirected
Delroy Lindo,Alexa PenaVega,1,Undirected
Delroy Lindo,Madison Pettis,1,Undirected
Jess Harnell,Mary Mouser,1,Undirected
Jess Harnell,Rob Paulsen,1,Undirected
Amy Poehler,Rainn Wilson,1,Undirected
Amy Poehler,Stephen Colbert,1,Undirected
Amy Poehler,Mindy Kaling,1,Undirected
Amy Poehler,Phyllis Smith,1,Undirected
Amy Poehler,Jesse McCartney,2,Undirected
Amy Poehler,Lauren Gottlieb,1,Undirected
Amy Poehler,Bridgit Mendler,1,Undirected
Amy Poehler,Jon Heder,1,Undirected
Amy Poehler,Will Ferrell,1,Undirected
Amy Poehler,Carlos Ponce,1,Undirected
Amy Poehler,Dan Fogler,1,Undirected
Amy Poehler,Romany Malco,1,Undirected
Amy Poehler,Tina Fey,3,Undirected
Amy Poehler,Cheech Marin,1,Undirected
Amy Poehler,Phil LaMarr,1,Undirected
Amy Poehler,Robin Williams,1,Undirected
Amy Poehler,Ariel Gade,1,Undirected
Amy Poehler,Sam Lerner,1,Undirected
Amy Poehler,Bree Turner,1,Undirected
Amy Poehler,Eddie Griffin,1,Undirected
Amy Poehler,Neil Flynn,1,Undirected
Amy Poehler,David Arquette,1,Undirected
Amy Poehler,Steve Coogan,1,Undirected
Amy Poehler,Jack McBrayer,1,Undirected
Rainn Wilson,Stephen Colbert,1,Undirected
Rainn Wilson,Matthew McConaughey,1,Undirected
Rainn Wilson,Julia Roberts,1,Undirected
Rainn Wilson,Larry King,1,Undirected
Rainn Wilson,Wanda Sykes,1,Undirected
Rainn Wilson,Jennifer Garner,2,Undirected
Rainn Wilson,Natalie Portman,1,Undirected
Rainn Wilson,Linda Cardellini,1,Undirected
Rainn Wilson,Paul T. Taylor,1,Undirected
Stephen Colbert,Amy Sedaris,1,Undirected
Stephen Colbert,Maria Thayer,1,Undirected
Chloë Grace Moretz,Diedrich Bader,1,Undirected
Chloë Grace Moretz,James Lipton,1,Undirected
Chloë Grace Moretz,Denzel Washington,1,Undirected
Chloë Grace Moretz,James Wilcox,1,Undirected
Chloë Grace Moretz,Marisol Nichols,1,Undirected
Chloë Grace Moretz,Nia Long,1,Undirected
Chloë Grace Moretz,Maggie Siff,1,Undirected
Chloë Grace Moretz,Nick Robinson,1,Undirected
Chloë Grace Moretz,Ike Barinholtz,1,Undirected
Chloë Grace Moretz,Kiersey Clemons,1,Undirected
Chloë Grace Moretz,Portia Doubleday,2,Undirected
Chloë Grace Moretz,Augustus Prew,1,Undirected
Chloë Grace Moretz,Donald Faison,1,Undirected
Chloë Grace Moretz,Dylan Minnette,1,Undirected
Chloë Grace Moretz,Kodi Smit-McPhee,1,Undirected
Chloë Grace Moretz,Jimmy Bennett,1,Undirected
Chloë Grace Moretz,Rachael Harris,1,Undirected
Chloë Grace Moretz,Zachary Gordon,1,Undirected
Chloë Grace Moretz,Alessandro Nivola,1,Undirected
Chloë Grace Moretz,Obba Babatundé,1,Undirected
Chloë Grace Moretz,Stacy Keach,1,Undirected
Chloë Grace Moretz,Zooey Deschanel,1,Undirected
Chloë Grace Moretz,Bokeem Woodbine,1,Undirected
Bai Ling,Salma Hayek,1,Undirected
Bai Ling,Geoffrey Palmer,1,Undirected
Bai Ling,Randall Duk Kim,1,Undirected
Bai Ling,Angelina Jolie Pitt,1,Undirected
Bai Ling,Laurence Olivier,1,Undirected
Bai Ling,David Patrick Kelly,1,Undirected
Bai Ling,Michael Wincott,1,Undirected
Bai Ling,Gil Birmingham,1,Undirected
Bai Ling,Scout Taylor-Compton,1,Undirected
Bai Ling,Marsha Thomason,1,Undirected
Bai Ling,Michael Imperioli,1,Undirected
Salma Hayek,Amy Sedaris,1,Undirected
Salma Hayek,Constance Marie,1,Undirected
Salma Hayek,Adam Sandler,1,Undirected
Salma Hayek,Chris Penn,1,Undirected
Salma Hayek,Brian Blessed,1,Undirected
Salma Hayek,Russell Tovey,1,Undirected
Salma Hayek,Charice,1,Undirected
Salma Hayek,Reggie Lee,1,Undirected
Salma Hayek,Alexa PenaVega,1,Undirected
Salma Hayek,Sylvester Stallone,1,Undirected
Salma Hayek,Josh Hutcherson,1,Undirected
Salma Hayek,Patrick Fugit,1,Undirected
Salma Hayek,Dwight Yoakam,1,Undirected
Salma Hayek,Sam Shepard,1,Undirected
Salma Hayek,Stephen Baldwin,1,Undirected
Salma Hayek,Will Patton,1,Undirected
Salma Hayek,Anders Holm,1,Undirected
Salma Hayek,Enrique Iglesias,1,Undirected
Salma Hayek,Cheech Marin,1,Undirected
Salma Hayek,Quentin Tarantino,2,Undirected
Salma Hayek,Clea DuVall,1,Undirected
Salma Hayek,Jordana Brewster,1,Undirected
Salma Hayek,Ellen Albertini Dow,1,Undirected
Salma Hayek,Sela Ward,1,Undirected
Salma Hayek,Roger Rees,1,Undirected
Salma Hayek,Valeria Golino,1,Undirected
Salma Hayek,Alicia Witt,1,Undirected
Salma Hayek,Lili Taylor,1,Undirected
Salma Hayek,Danny Arroyo,1,Undirected
Salma Hayek,Olivia d'Abo,1,Undirected
Brendan Fraser,Jet Li,1,Undirected
Brendan Fraser,Russell Wong,1,Undirected
Brendan Fraser,Dwayne Johnson,1,Undirected
Brendan Fraser,Patricia Velasquez,1,Undirected
Brendan Fraser,Heather Locklear,1,Undirected
Brendan Fraser,Jenna Elfman,1,Undirected
Brendan Fraser,Bridget Fonda,1,Undirected
Brendan Fraser,Megan Mullally,1,Undirected
Brendan Fraser,Jamie Foreman,1,Undirected
Brendan Fraser,Abraham Benrubi,1,Undirected
Brendan Fraser,Holland Taylor,1,Undirected
Brendan Fraser,Brian Doyle-Murray,1,Undirected
Brendan Fraser,Frances O'Connor,1,Undirected
Brendan Fraser,Anita Briem,1,Undirected
Brendan Fraser,Josh Hutcherson,1,Undirected
Brendan Fraser,Jonathan Morgan Heit,1,Undirected
Brendan Fraser,Paul Scheer,1,Undirected
Brendan Fraser,Douglas Smith,1,Undirected
Brendan Fraser,Sissy Spacek,1,Undirected
Brendan Fraser,Brooke Shields,1,Undirected
Brendan Fraser,Matt Prokop,1,Undirected
Brendan Fraser,Alan Ruck,1,Undirected
Brendan Fraser,Sarah Gadon,1,Undirected
Brendan Fraser,Cathryn de Prume,1,Undirected
Brendan Fraser,Jane Krakowski,1,Undirected
Brendan Fraser,Alex Rocco,1,Undirected
Brendan Fraser,Eric Idle,1,Undirected
Brendan Fraser,Holmes Osborne,1,Undirected
Brendan Fraser,Kevin J. O'Connor,1,Undirected
Brendan Fraser,Lynn Redgrave,1,Undirected
Jet Li,Russell Wong,1,Undirected
Jet Li,Darlene Love,1,Undirected
Jet Li,Rene Russo,1,Undirected
Jet Li,Sylvester Stallone,1,Undirected
Jet Li,Michael Angarano,1,Undirected
Jet Li,Thomas McDonell,1,Undirected
Jet Li,Bob Hoskins,1,Undirected
Jet Li,Maggie Cheung,2,Undirected
Jet Li,Tony Chiu Wai Leung,2,Undirected
Jet Li,Andy Lau,1,Undirected
Jet Li,Takeshi Kaneshiro,1,Undirected
Jet Li,Aaliyah,1,Undirected
Jet Li,Bridget Fonda,1,Undirected
Jet Li,Max Ryan,1,Undirected
Jet Li,DMX,1,Undirected
Jet Li,Tom Arnold,1,Undirected
Jet Li,Nadine Velazquez,1,Undirected
Russell Wong,Ji-hyun Jun,1,Undirected
Russell Wong,Lymari Nadal,1,Undirected
Russell Wong,Steven Michael Quezada,1,Undirected
Ike Barinholtz,Robin Atkin Downes,1,Undirected
Ike Barinholtz,Kiersey Clemons,1,Undirected
Ike Barinholtz,Carmen Electra,1,Undirected
Ike Barinholtz,Tony Cox,1,Undirected
Ike Barinholtz,Carla Gallo,1,Undirected
Ike Barinholtz,Craig Roberts,1,Undirected
Robin Atkin Downes,Frances O'Connor,1,Undirected
Robin Atkin Downes,Javier Botet,1,Undirected
Robin Atkin Downes,Rosalind Ayres,1,Undirected
Robin Atkin Downes,William Hootkins,1,Undirected
Jimmy Bennett,Steve Carell,1,Undirected
Jimmy Bennett,Andre Braugher,1,Undirected
Jimmy Bennett,Mike Vogel,1,Undirected
Jimmy Bennett,Bruce Willis,1,Undirected
Jimmy Bennett,Ransford Doherty,1,Undirected
Jimmy Bennett,Mary Lynn Rajskub,1,Undirected
Jimmy Bennett,Aryana Engineer,1,Undirected
Jimmy Bennett,Jake Short,1,Undirected
Jimmy Bennett,Leo Howard,1,Undirected
Jimmy Bennett,Joey Lauren Adams,1,Undirected
Jimmy Bennett,Matthew Lawrence,1,Undirected
Steve Carell,Lisa Ann Walter,1,Undirected
Steve Carell,Bruce Willis,1,Undirected
Steve Carell,Catherine O'Hara,1,Undirected
Steve Carell,Miranda Cosgrove,2,Undirected
Steve Carell,Steve Coogan,2,Undirected
Steve Carell,Jon Hamm,1,Undirected
Steve Carell,Jack McBrayer,1,Undirected
Steve Carell,Stephanie Szostak,1,Undirected
Steve Carell,Will Ferrell,2,Undirected
Steve Carell,Ryan Gosling,1,Undirected
Steve Carell,Jean Smart,1,Undirected
Steve Carell,Meryl Streep,1,Undirected
Steve Carell,Bella Thorne,1,Undirected
Steve Carell,Jennifer Garner,1,Undirected
Steve Carell,Gerry Bednob,1,Undirected
Steve Carell,Romany Malco,1,Undirected
Steve Carell,Darcy Donavan,1,Undirected
Steve Carell,Alexa PenaVega,1,Undirected
Steve Carell,Hunter Parrish,1,Undirected
Steve Carell,Mark Moses,1,Undirected
Steve Carell,Rob Huebel,1,Undirected
Steve Carell,Jill Talley,1,Undirected
Steve Carell,Steven Christopher Parker,1,Undirected
Steve Carell,Josh Charles,1,Undirected
Steve Carell,Luke Grimes,1,Undirected
Steve Carell,Jim Rash,1,Undirected
Lara Pulver,Noah Taylor,1,Undirected
Lara Pulver,Tom Cruise,1,Undirected
Noah Taylor,Tom Cruise,2,Undirected
Noah Taylor,Angelina Jolie Pitt,1,Undirected
Noah Taylor,Chris Barrie,1,Undirected
Noah Taylor,Ivana Milicevic,1,Undirected
Noah Taylor,Danny Huston,1,Undirected
Noah Taylor,Keisha Castle-Hughes,1,Undirected
Noah Taylor,Luke Ford,1,Undirected
Noah Taylor,Armin Mueller-Stahl,1,Undirected
Noah Taylor,Nicholas Bell,1,Undirected
Tom Cruise,Jeremy Renner,2,Undirected
Tom Cruise,Sean Harris,1,Undirected
Tom Cruise,Philip Seymour Hoffman,1,Undirected
Tom Cruise,Michael Nyqvist,1,Undirected
Tom Cruise,Chad Lindberg,1,Undirected
Tom Cruise,Tony Goldwyn,1,Undirected
Tom Cruise,Lisa Ann Walter,1,Undirected
Tom Cruise,Rick Gonzalez,1,Undirected
Tom Cruise,Dougray Scott,1,Undirected
Tom Cruise,Richard Roxburgh,1,Undirected
Tom Cruise,Jordi Mollà,1,Undirected
Tom Cruise,Marc Blucas,1,Undirected
Tom Cruise,Zoë Bell,1,Undirected
Tom Cruise,Frank Grillo,1,Undirected
Tom Cruise,Jessica Capshaw,1,Undirected
Tom Cruise,Vanessa Redgrave,1,Undirected
Tom Cruise,Ivana Milicevic,1,Undirected
Tom Cruise,Sydney Pollack,1,Undirected
Tom Cruise,Vinessa Shaw,1,Undirected
Tom Cruise,Randy Quaid,1,Undirected
Tom Cruise,Robert Duvall,3,Undirected
Tom Cruise,Debi Mazar,1,Undirected
Tom Cruise,Jada Pinkett Smith,1,Undirected
Tom Cruise,David Oyelowo,2,Undirected
Tom Cruise,Bonnie Hunt,1,Undirected
Tom Cruise,Kelly Preston,1,Undirected
Tom Cruise,Holly Hunter,1,Undirected
Tom Cruise,Wilford Brimley,1,Undirected
Tom Cruise,Meryl Streep,1,Undirected
Tom Cruise,Demi Moore,1,Undirected
Tom Cruise,Kevin Pollak,1,Undirected
Tom Cruise,Beth Grant,1,Undirected
Tom Cruise,Valeria Golino,1,Undirected
Tom Cruise,Adrian Pasdar,1,Undirected
Tom Cruise,Tom Skerritt,1,Undirected
Tom Cruise,Stephen Baldwin,1,Undirected
Tom Cruise,Tom Berenger,1,Undirected
Tom Cruise,Bill Cobbs,1,Undirected
Tom Cruise,Mary Elizabeth Mastrantonio,1,Undirected
Tom Cruise,Tom Waits,1,Undirected
Tom Cruise,William Smith,1,Undirected
Tom Cruise,Rick Rossovich,1,Undirected
Tom Cruise,Shelley Long,1,Undirected
Jeanne Tripplehorn,Rick Aviles,1,Undirected
Jeanne Tripplehorn,Zakes Mokae,1,Undirected
Jeanne Tripplehorn,Burt Young,1,Undirected
Jeanne Tripplehorn,Vincent Pastore,1,Undirected
Jeanne Tripplehorn,Daniel Stern,1,Undirected
Jeanne Tripplehorn,David Thornton,1,Undirected
Jeanne Tripplehorn,John Lynch,1,Undirected
Jeanne Tripplehorn,Kevin McNally,1,Undirected
Rick Aviles,Zakes Mokae,1,Undirected
Zakes Mokae,Melanie Griffith,1,Undirected
Zakes Mokae,Tippi Hedren,1,Undirected
Dennis Quaid,Leo Howard,1,Undirected
Dennis Quaid,Sela Ward,1,Undirected
Dennis Quaid,Jordi Mollà,2,Undirected
Dennis Quaid,Marc Blucas,2,Undirected
Dennis Quaid,Miranda Otto,1,Undirected
Dennis Quaid,Tony Curran,1,Undirected
Dennis Quaid,Catherine O'Hara,1,Undirected
Dennis Quaid,Isabella Rossellini,1,Undirected
Dennis Quaid,Al Pacino,1,Undirected
Dennis Quaid,LL Cool J,1,Undirected
Dennis Quaid,Brian Thompson,1,Undirected
Dennis Quaid,Terry O'Neill,1,Undirected
Dennis Quaid,Edgar Ramírez,1,Undirected
Dennis Quaid,Eddie Rouse,1,Undirected
Dennis Quaid,Norman Reedus,1,Undirected
Dennis Quaid,Charles S. Dutton,2,Undirected
Dennis Quaid,Nicole Beharie,1,Undirected
Dennis Quaid,Anna Kendrick,1,Undirected
Dennis Quaid,Thomas Lennon,1,Undirected
Dennis Quaid,Gerard Butler,1,Undirected
Dennis Quaid,Andre Braugher,1,Undirected
Dennis Quaid,Noah Emmerich,1,Undirected
Dennis Quaid,Sam Shepard,1,Undirected
Dennis Quaid,Scott Glenn,1,Undirected
Dennis Quaid,Kate Walsh,1,Undirected
Dennis Quaid,Ty Burrell,1,Undirected
Dennis Quaid,Angus T. Jones,1,Undirected
Dennis Quaid,Jay Hernandez,1,Undirected
Dennis Quaid,Chris Brochu,1,Undirected
Dennis Quaid,Craig T. Nelson,1,Undirected
Dennis Quaid,Chris Klein,1,Undirected
Dennis Quaid,Celia Weston,1,Undirected
Dennis Quaid,Michael Gaston,1,Undirected
Dennis Quaid,David Carradine,1,Undirected
Dennis Quaid,Randy Quaid,1,Undirected
Leo Howard,Jake Short,1,Undirected
Mindy Kaling,Phyllis Smith,1,Undirected
Mindy Kaling,Christine Taylor,1,Undirected
Mindy Kaling,Robin Williams,1,Undirected
Mindy Kaling,Greta Gerwig,1,Undirected
Mindy Kaling,Natalie Portman,1,Undirected
Phyllis Smith,John Michael Higgins,1,Undirected
Phyllis Smith,Justin Timberlake,1,Undirected
Bill Murray,Garry Shandling,2,Undirected
Bill Murray,Kelly Lynch,1,Undirected
Bill Murray,LL Cool J,1,Undirected
Bill Murray,Dwayne Johnson,1,Undirected
Bill Murray,Michael Jordan,2,Undirected
Bill Murray,Wayne Knight,1,Undirected
Bill Murray,Bob Balaban,2,Undirected
Bill Murray,Matt Damon,1,Undirected
Bill Murray,Ben Falcone,1,Undirected
Bill Murray,Roger Rees,1,Undirected
Bill Murray,Mark Christopher Lawrence,1,Undirected
Bill Murray,Michael Monks,1,Undirected
Bill Murray,Anjelica Huston,2,Undirected
Bill Murray,Matthew Gray Gubler,1,Undirected
Bill Murray,Kathleen Turner,1,Undirected
Bill Murray,Rob Riggle,1,Undirected
Bill Murray,Meryl Streep,1,Undirected
Bill Murray,Harry Treadaway,1,Undirected
Bill Murray,Toby Jones,1,Undirected
Bill Murray,Bradley Cooper,2,Undirected
Bill Murray,Alfre Woodard,1,Undirected
Bill Murray,Robert Mitchum,1,Undirected
Bill Murray,Emily Watson,1,Undirected
Bill Murray,Vanessa Redgrave,1,Undirected
Bill Murray,F. Murray Abraham,1,Undirected
Bill Murray,Jim Belushi,1,Undirected
Bill Murray,Tisha Campbell-Martin,1,Undirected
Bill Murray,Seymour Cassel,1,Undirected
Bill Murray,Lin Shaye,1,Undirected
Bill Murray,Richard Tyson,1,Undirected
Bill Murray,Derek Graf,1,Undirected
Bill Murray,Jeff Perry,1,Undirected
Bill Murray,Robert Wagner,1,Undirected
Bill Murray,Joanne Whalley,1,Undirected
Bill Murray,Peter Gallagher,1,Undirected
Bill Murray,Martin Landau,1,Undirected
Bill Murray,Bruce Willis,1,Undirected
Bill Murray,Sydney Pollack,1,Undirected
Bill Murray,Teri Garr,1,Undirected
Bill Murray,Chris Elliott,1,Undirected
Bill Murray,Willie Garson,1,Undirected
Bill Murray,Reg E. Cathey,1,Undirected
Bill Murray,Harold Ramis,1,Undirected
Bill Murray,Judge Reinhold,1,Undirected
Bill Murray,Connie Nielsen,1,Undirected
Bill Murray,Olivia Williams,1,Undirected
Bill Murray,Bob Costas,1,Undirected
Bill Murray,Bill Cobbs,1,Undirected
Bill Murray,Robert Duvall,1,Undirected
Bill Murray,Brian Doyle-Murray,1,Undirected
Bill Murray,Rodney Dangerfield,1,Undirected
Bill Murray,Catherine Lambert,1,Undirected
Garry Shandling,Del Zamora,1,Undirected
Garry Shandling,Warren Beatty,1,Undirected
Garry Shandling,Linda Fiorentino,1,Undirected
Garry Shandling,Billy Crudup,1,Undirected
Garry Shandling,Dagmara Dominczyk,1,Undirected
Kristen Stewart,Robert Pattinson,4,Undirected
Kristen Stewart,Taylor Lautner,5,Undirected
Kristen Stewart,Hayden Christensen,1,Undirected
Kristen Stewart,Tom Hulce,1,Undirected
Kristen Stewart,Anna Kendrick,3,Undirected
Kristen Stewart,Jonah Bobo,1,Undirected
Kristen Stewart,Josh Hutcherson,1,Undirected
Kristen Stewart,Dwight Yoakam,1,Undirected
Kristen Stewart,Mel Rodriguez,1,Undirected
Kristen Stewart,Robert De Niro,1,Undirected
Kristen Stewart,Viggo Mortensen,1,Undirected
Kristen Stewart,Hal Holbrook,1,Undirected
Kristen Stewart,Corbin Bleu,1,Undirected
Kristen Stewart,Kevin G. Schmidt,1,Undirected
Kristen Stewart,Dustin Milligan,1,Undirected
Kristen Stewart,Elena Anaya,1,Undirected
Kristen Stewart,Ally Sheedy,1,Undirected
Kristen Stewart,Kerry Cahill,1,Undirected
Kristen Stewart,Martin Starr,1,Undirected
Kristen Stewart,Wendie Malick,1,Undirected
Kristen Stewart,Johnny Lewis,1,Undirected
Kristen Stewart,Scout Taylor-Compton,1,Undirected
Kristen Stewart,Hunter Parrish,1,Undirected
Kristen Stewart,Seth Gilliam,1,Undirected
Angelina Jolie Pitt,Sam Riley,1,Undirected
Angelina Jolie Pitt,Sharlto Copley,1,Undirected
Angelina Jolie Pitt,Anthony Hopkins,1,Undirected
Angelina Jolie Pitt,Brian Blessed,1,Undirected
Angelina Jolie Pitt,Mike Bell,1,Undirected
Angelina Jolie Pitt,Wayne Knight,2,Undirected
Angelina Jolie Pitt,Dan Fogler,1,Undirected
Angelina Jolie Pitt,Andre Braugher,1,Undirected
Angelina Jolie Pitt,August Diehl,1,Undirected
Angelina Jolie Pitt,Stephanie March,1,Undirected
Angelina Jolie Pitt,Nicolas Cage,1,Undirected
Angelina Jolie Pitt,Robert Duvall,1,Undirected
Angelina Jolie Pitt,Rufus Sewell,2,Undirected
Angelina Jolie Pitt,Chris Barrie,1,Undirected
Angelina Jolie Pitt,Djimon Hounsou,1,Undirected
Angelina Jolie Pitt,Gerard Butler,1,Undirected
Angelina Jolie Pitt,Martin Scorsese,1,Undirected
Angelina Jolie Pitt,Robert De Niro,1,Undirected
Angelina Jolie Pitt,Laurence Olivier,1,Undirected
Angelina Jolie Pitt,Noah Emmerich,1,Undirected
Angelina Jolie Pitt,Teri Polo,1,Undirected
Angelina Jolie Pitt,Colm Feore,1,Undirected
Angelina Jolie Pitt,Michael Kelly,1,Undirected
Angelina Jolie Pitt,Denzel Washington,1,Undirected
Angelina Jolie Pitt,Leland Orser,1,Undirected
Angelina Jolie Pitt,James Gammon,1,Undirected
Angelina Jolie Pitt,Stockard Channing,1,Undirected
Angelina Jolie Pitt,Fisher Stevens,1,Undirected
Angelina Jolie Pitt,Lorraine Bracco,1,Undirected
Angelina Jolie Pitt,Jake Weber,1,Undirected
Angelina Jolie Pitt,Kurt Fuller,1,Undirected
Angelina Jolie Pitt,Gregory Itzin,1,Undirected
Angelina Jolie Pitt,Jack Thompson,1,Undirected
Angelina Jolie Pitt,Clea DuVall,1,Undirected
Angelina Jolie Pitt,Vanessa Redgrave,1,Undirected
Angelina Jolie Pitt,Melvil Poupaud,1,Undirected
Angelina Jolie Pitt,Archie Panjabi,1,Undirected
Angelina Jolie Pitt,Dan Futterman,1,Undirected
Sam Riley,Sharlto Copley,1,Undirected
Sam Riley,Bella Heathcote,1,Undirected
Sam Riley,Matt Smith,1,Undirected
Sam Riley,Geoff Bell,1,Undirected
Sam Riley,Sean Harris,1,Undirected
Sam Riley,Alexandra Maria Lara,1,Undirected
Sharlto Copley,Alice Braga,1,Undirected
Sharlto Copley,Matt Damon,1,Undirected
Sharlto Copley,Jose Pablo Cantillo,1,Undirected
Sharlto Copley,Jason Cope,1,Undirected
Sharlto Copley,Jed Brophy,1,Undirected
Kodi Smit-McPhee,Anna Kendrick,1,Undirected
Kodi Smit-McPhee,Elaine Stritch,1,Undirected
Kodi Smit-McPhee,Dylan Minnette,1,Undirected
Kodi Smit-McPhee,Ben Mendelsohn,1,Undirected
Alice Englert,Bipasha Basu,2,Undirected
Alice Englert,Tamsin Egerton,2,Undirected
Bipasha Basu,Tamsin Egerton,2,Undirected
Bipasha Basu,Abhishek Bachchan,1,Undirected
Bipasha Basu,Prateik,1,Undirected
Tamsin Egerton,Lily Cole,1,Undirected
Tamsin Egerton,Rupert Everett,1,Undirected
Cary-Hiroyuki Tagawa,Jin Akanishi,1,Undirected
Cary-Hiroyuki Tagawa,Keanu Reeves,1,Undirected
Cary-Hiroyuki Tagawa,Erick Avari,2,Undirected
Cary-Hiroyuki Tagawa,Estella Warren,2,Undirected
Cary-Hiroyuki Tagawa,Goran Visnjic,1,Undirected
Cary-Hiroyuki Tagawa,Jennifer Garner,1,Undirected
Cary-Hiroyuki Tagawa,Kristy Swanson,1,Undirected
Cary-Hiroyuki Tagawa,Treat Williams,1,Undirected
Cary-Hiroyuki Tagawa,Anne Archer,1,Undirected
Cary-Hiroyuki Tagawa,Michael Biehn,1,Undirected
Cary-Hiroyuki Tagawa,Joan Chen,1,Undirected
Cary-Hiroyuki Tagawa,Victor Wong,1,Undirected
Cary-Hiroyuki Tagawa,Bridgette Wilson-Sampras,1,Undirected
Cary-Hiroyuki Tagawa,Christopher Lambert,1,Undirected
Cary-Hiroyuki Tagawa,Maximilian Schell,1,Undirected
Cary-Hiroyuki Tagawa,Sheryl Lee,1,Undirected
Cary-Hiroyuki Tagawa,Michael Rapaport,1,Undirected
Cary-Hiroyuki Tagawa,Joan Allen,1,Undirected
Cary-Hiroyuki Tagawa,Sarah Roemer,1,Undirected
Cary-Hiroyuki Tagawa,Tia Carrere,1,Undirected
Cary-Hiroyuki Tagawa,Vernee Watson,1,Undirected
Jin Akanishi,Keanu Reeves,1,Undirected
Keanu Reeves,Paul Michael Glaser,1,Undirected
Keanu Reeves,Jon Hamm,2,Undirected
Keanu Reeves,Juan Riedinger,2,Undirected
Keanu Reeves,Gloria Foster,1,Undirected
Keanu Reeves,Marcus Chong,1,Undirected
Keanu Reeves,Al Pacino,1,Undirected
Keanu Reeves,Charlize Theron,2,Undirected
Keanu Reeves,Faizon Love,1,Undirected
Keanu Reeves,Anthony Hopkins,1,Undirected
Keanu Reeves,Dylan Walsh,1,Undirected
Keanu Reeves,Ebon Moss-Bachrach,1,Undirected
Keanu Reeves,Chris Ellis,1,Undirected
Keanu Reeves,Joseph Sikora,1,Undirected
Keanu Reeves,Alan Ruck,1,Undirected
Keanu Reeves,Joe Morton,1,Undirected
Keanu Reeves,Swoosie Kurtz,2,Undirected
Keanu Reeves,D.B. Sweeney,1,Undirected
Keanu Reeves,DeWayne Warren,1,Undirected
Keanu Reeves,Alex Winter,1,Undirected
Keanu Reeves,George Carlin,2,Undirected
Keanu Reeves,Noel Gugliemi,1,Undirected
Keanu Reeves,Rory Cochrane,1,Undirected
Keanu Reeves,Al Leong,1,Undirected
Keanu Reeves,Brian Blessed,1,Undirected
Keanu Reeves,Denzel Washington,1,Undirected
Keanu Reeves,Bella Heathcote,1,Undirected
Keanu Reeves,Charles Baker,1,Undirected
Keanu Reeves,Gretchen Mol,1,Undirected
Keanu Reeves,Marg Helgenberger,1,Undirected
Keanu Reeves,Flea,1,Undirected
Keanu Reeves,Udo Kier,1,Undirected
Keanu Reeves,Daniel Roebuck,1,Undirected
Keanu Reeves,Ione Skye,1,Undirected
Hayley Atwell,Dominic Cooper,2,Undirected
Hayley Atwell,T.I.,1,Undirected
Hayley Atwell,Derek Jacobi,2,Undirected
Hayley Atwell,Lily James,2,Undirected
Hayley Atwell,Charlotte Rampling,2,Undirected
Hayley Atwell,Rufus Sewell,1,Undirected
Hayley Atwell,Alan Ford,1,Undirected
Jon Hamm,Kathy Griffin,1,Undirected
Jon Hamm,Mary Kay Place,1,Undirected
Jon Hamm,Juan Riedinger,2,Undirected
Jon Hamm,Steve Coogan,1,Undirected
Jon Hamm,Abbie Cornish,1,Undirected
Jon Hamm,Scott Glenn,1,Undirected
Jon Hamm,Chris Klein,1,Undirected
Jon Hamm,Marc Blucas,1,Undirected
Jon Hamm,Jeremy Renner,1,Undirected
Jon Hamm,Owen Burke,1,Undirected
Jon Hamm,Gregory Alan Williams,1,Undirected
Jon Hamm,Suraj Sharma,1,Undirected
Jon Hamm,Ken Marino,1,Undirected
Jon Hamm,Ron Silver,1,Undirected
Kathy Griffin,Mary Kay Place,1,Undirected
Mary Kay Place,Liza Minnelli,1,Undirected
Mary Kay Place,Robert De Niro,1,Undirected
Mary Kay Place,Orson Bean,1,Undirected
Mary Kay Place,Willie Garson,1,Undirected
Mary Kay Place,Brian Doyle-Murray,1,Undirected
Mary Kay Place,Dabney Coleman,1,Undirected
Mary Kay Place,Kevin Corrigan,1,Undirected
Mary Kay Place,Seymour Cassel,1,Undirected
Chris Bauer,Thomas Robinson,1,Undirected
Chris Bauer,Anthony Heald,1,Undirected
Chris Bauer,Nicolas Cage,1,Undirected
Chris Bauer,Jack O'Connell,1,Undirected
Chris Bauer,Julia Roberts,1,Undirected
Chris Bauer,Philip Seymour Hoffman,1,Undirected
Chris Bauer,Robert De Niro,1,Undirected
Chris Bauer,David Conrad,1,Undirected
Chris Bauer,Monica Keena,1,Undirected
Abraham Benrubi,Damon Wayans Jr.,1,Undirected
Abraham Benrubi,Daniel Henney,1,Undirected
Abraham Benrubi,Graham McTavish,1,Undirected
Abraham Benrubi,Michael Raymond-James,1,Undirected
Abraham Benrubi,Holland Taylor,1,Undirected
Damon Wayans Jr.,Daniel Henney,1,Undirected
Damon Wayans Jr.,Alison Brie,1,Undirected
Damon Wayans Jr.,Nicholas Braun,1,Undirected
Damon Wayans Jr.,Chris Elliott,1,Undirected
Damon Wayans Jr.,Essence Atkins,1,Undirected
Damon Wayans Jr.,James D'Arcy,1,Undirected
Damon Wayans Jr.,Rob Riggle,1,Undirected
Daniel Henney,Alan Ruck,1,Undirected
Daniel Henney,Eliza Coupe,1,Undirected
Jack McBrayer,Joe Lo Truglio,1,Undirected
Jack McBrayer,Sarah Silverman,1,Undirected
Jack McBrayer,Katt Williams,1,Undirected
Jack McBrayer,Miranda Cosgrove,1,Undirected
Jack McBrayer,Maria Thayer,1,Undirected
Jack McBrayer,Alia Shawkat,1,Undirected
Jack McBrayer,Michael Angarano,1,Undirected
Joe Lo Truglio,Sarah Silverman,1,Undirected
Joe Lo Truglio,Justin Theroux,1,Undirected
Joe Lo Truglio,Lauren Ambrose,1,Undirected
Joe Lo Truglio,Bobb'e J. Thompson,1,Undirected
Joe Lo Truglio,Ken Marino,1,Undirected
Joe Lo Truglio,Kevin Corrigan,1,Undirected
Joe Lo Truglio,Bryan Callen,1,Undirected
Joe Lo Truglio,Regina Hall,1,Undirected
Joe Lo Truglio,Laurie Metcalf,1,Undirected
Joe Lo Truglio,Seymour Cassel,1,Undirected
Joe Lo Truglio,Abby Elliott,1,Undirected
Joe Lo Truglio,Matt Jones,1,Undirected
Joe Lo Truglio,Paula Garcés,1,Undirected
Sarah Silverman,Anne Bancroft,1,Undirected
Sarah Silverman,Jeffrey Jones,1,Undirected
Sarah Silverman,Lin Shaye,1,Undirected
Sarah Silverman,Richard Tyson,1,Undirected
Sarah Silverman,Mike White,1,Undirected
Sarah Silverman,Miranda Cosgrove,1,Undirected
Sarah Silverman,Jacinda Barrett,1,Undirected
Sarah Silverman,Jon Heder,1,Undirected
Sarah Silverman,Dave Chappelle,1,Undirected
Sarah Silverman,Sherman Hemsley,1,Undirected
Sarah Silverman,Jonathan Winters,1,Undirected
Sarah Silverman,Robin Williams,1,Undirected
Eddie Deezen,Peter Scolari,1,Undirected
Eddie Deezen,Billy West,1,Undirected
Eddie Deezen,Tim Conway,1,Undirected
Judd Hirsch,Sela Ward,1,Undirected
Judd Hirsch,Vivica A. Fox,1,Undirected
Judd Hirsch,Gabourey Sidibe,1,Undirected
Judd Hirsch,Matthew Broderick,1,Undirected
Judd Hirsch,Adam Goldberg,1,Undirected
Judd Hirsch,Austin Pendleton,1,Undirected
Judd Hirsch,Adam Baldwin,1,Undirected
Judd Hirsch,Elizabeth McGovern,1,Undirected
Sela Ward,Vivica A. Fox,1,Undirected
Sela Ward,Emily Ratajkowski,1,Undirected
Sela Ward,Patrick Fugit,1,Undirected
Sela Ward,Daniel Roebuck,1,Undirected
Sela Ward,Bradley Whitford,1,Undirected
Sela Ward,Wilford Brimley,1,Undirected
Sela Ward,Paige Turco,1,Undirected
Sela Ward,Skyler Samuels,1,Undirected
Sela Ward,Ellen Albertini Dow,1,Undirected
Vivica A. Fox,John Glover,1,Undirected
Vivica A. Fox,Michael Gough,1,Undirected
Vivica A. Fox,Chiaki Kuriyama,1,Undirected
Vivica A. Fox,David Carradine,1,Undirected
Vivica A. Fox,Michael Bowen,1,Undirected
Vivica A. Fox,Michael Parks,1,Undirected
Vivica A. Fox,Jenifer Lewis,1,Undirected
Vivica A. Fox,Kevin Pollak,1,Undirected
Vivica A. Fox,Bob Gunton,1,Undirected
Vivica A. Fox,Lin Shaye,1,Undirected
Vivica A. Fox,Elden Henson,1,Undirected
Vivica A. Fox,Mo'Nique,1,Undirected
Vivica A. Fox,Tamala Jones,1,Undirected
Vivica A. Fox,Blair Underwood,1,Undirected
Vivica A. Fox,Jada Pinkett Smith,1,Undirected
Vivica A. Fox,Mekhi Phifer,1,Undirected
Vivica A. Fox,Vanessa Williams,1,Undirected
Vivica A. Fox,Garrett Morris,1,Undirected
Vivica A. Fox,Monica Calhoun,1,Undirected
Vivica A. Fox,Drew Waters,1,Undirected
Vivica A. Fox,Scott Elrod,1,Undirected
America Ferrera,Craig Ferguson,1,Undirected
America Ferrera,Gerard Butler,2,Undirected
America Ferrera,Djimon Hounsou,1,Undirected
America Ferrera,Blythe Danner,1,Undirected
America Ferrera,Michael Rady,1,Undirected
America Ferrera,Kyle Schmid,1,Undirected
America Ferrera,Mike Vogel,1,Undirected
America Ferrera,Anna Kendrick,1,Undirected
America Ferrera,Lance Gross,1,Undirected
America Ferrera,Lupe Ontiveros,2,Undirected
America Ferrera,George Lopez,1,Undirected
America Ferrera,Eugenio Derbez,1,Undirected
America Ferrera,Kate del Castillo,1,Undirected
Craig Ferguson,Gerard Butler,1,Undirected
Craig Ferguson,Huell Howser,1,Undirected
Craig Ferguson,Robert Lopez,1,Undirected
Craig Ferguson,Frances Fisher,1,Undirected
Craig Ferguson,Mary McCormack,1,Undirected
Gerard Butler,Djimon Hounsou,2,Undirected
Gerard Butler,Bryan Brown,1,Undirected
Gerard Butler,Elodie Yung,1,Undirected
Gerard Butler,Ethan Embry,1,Undirected
Gerard Butler,Radha Mitchell,2,Undirected
Gerard Butler,Vincent Regan,1,Undirected
Gerard Butler,Julian Kostov,1,Undirected
Gerard Butler,Matthew McConaughey,1,Undirected
Gerard Butler,Minnie Driver,1,Undirected
Gerard Butler,Miranda Richardson,1,Undirected
Gerard Butler,Leslie Bibb,1,Undirected
Gerard Butler,Michael Kelly,1,Undirected
Gerard Butler,Alison Lohman,1,Undirected
Gerard Butler,Logan Lerman,1,Undirected
Gerard Butler,Dorian Missick,1,Undirected
Gerard Butler,Peter Greene,1,Undirected
Gerard Butler,Eric Winter,1,Undirected
Gerard Butler,John Michael Higgins,1,Undirected
Gerard Butler,Anthony Simcoe,1,Undirected
Gerard Butler,Christopher James Baker,1,Undirected
Gerard Butler,Harry Connick Jr.,1,Undirected
Gerard Butler,Nellie McKay,1,Undirected
Gerard Butler,Kathy Baker,1,Undirected
Gerard Butler,Madeline Carroll,1,Undirected
Gerard Butler,Danny Masterson,1,Undirected
Gerard Butler,Jeri Ryan,1,Undirected
Gerard Butler,Abigail Spencer,1,Undirected
Gerard Butler,Leven Rambin,1,Undirected
Gerard Butler,Costas Mandylor,1,Undirected
Gerard Butler,Jimmy Jean-Louis,1,Undirected
Gerard Butler,Callum Rennie,1,Undirected
Gerard Butler,Nicholas Lea,1,Undirected
Gerard Butler,Ashraf Barhom,1,Undirected
Gerard Butler,Lubna Azabal,1,Undirected
Gerard Butler,Jack McElhone,1,Undirected
Gerard Butler,Sharon Small,1,Undirected
Carolyn Hennesy,Nick Stahl,1,Undirected
Nick Stahl,Dash Mihok,1,Undirected
Nick Stahl,Miranda Otto,1,Undirected
Nick Stahl,Brad Renfro,1,Undirected
Nick Stahl,Kelli Garner,1,Undirected
Bradley Cooper,Djimon Hounsou,1,Undirected
Bradley Cooper,Mason Lee,1,Undirected
Bradley Cooper,Mike Tyson,1,Undirected
Bradley Cooper,Robert De Niro,2,Undirected
Bradley Cooper,Keir O'Donnell,1,Undirected
Bradley Cooper,Leonard Roberts,1,Undirected
Bradley Cooper,Taylor Lautner,1,Undirected
Bradley Cooper,Danny Masterson,1,Undirected
Bradley Cooper,Zooey Deschanel,2,Undirected
Bradley Cooper,Matthew McConaughey,1,Undirected
Bradley Cooper,Mike Epps,1,Undirected
Bradley Cooper,Rob Riggle,1,Undirected
Bradley Cooper,Callum Rennie,1,Undirected
Bradley Cooper,Vanesa Tomasino,1,Undirected
Bradley Cooper,Beau Bridges,1,Undirected
Bradley Cooper,Tom Arnold,1,Undirected
Bradley Cooper,Riccardo Scamarcio,1,Undirected
Bradley Cooper,Beth Grant,1,Undirected
Bradley Cooper,Katy Mixon,1,Undirected
Bradley Cooper,Josh Gad,1,Undirected
Bradley Cooper,Brooke Shields,1,Undirected
Bradley Cooper,Leslie Bibb,1,Undirected
Bradley Cooper,John Gallagher Jr.,1,Undirected
Bradley Cooper,Sumalee Montano,1,Undirected
Djimon Hounsou,Connie Nielsen,1,Undirected
Djimon Hounsou,Oliver Reed,1,Undirected
Djimon Hounsou,Ed Speleers,1,Undirected
Djimon Hounsou,Gary Lewis,1,Undirected
Djimon Hounsou,Stephen Collins,1,Undirected
Djimon Hounsou,Olivia Williams,1,Undirected
Djimon Hounsou,Jason Flemyng,1,Undirected
Djimon Hounsou,Alex Jennings,1,Undirected
Djimon Hounsou,Lucy Gordon,1,Undirected
Djimon Hounsou,Leslie Hope,1,Undirected
Djimon Hounsou,Neil Brown Jr.,1,Undirected
Djimon Hounsou,Reeve Carney,1,Undirected
Djimon Hounsou,Tom Conti,1,Undirected
Djimon Hounsou,Alison Lohman,1,Undirected
Djimon Hounsou,Dougray Scott,1,Undirected
Djimon Hounsou,Boris Kodjoe,1,Undirected
Djimon Hounsou,Christina Milian,1,Undirected
Mackenzie Foy,Matthew McConaughey,1,Undirected
Mackenzie Foy,Hayley McFarland,1,Undirected
Mackenzie Foy,Lili Taylor,1,Undirected
Mackenzie Foy,Lambert Wilson,1,Undirected
Mackenzie Foy,Megan Mullally,1,Undirected
Matthew McConaughey,Larry King,1,Undirected
Matthew McConaughey,Tom Skerritt,1,Undirected
Matthew McConaughey,Alexis Dziena,1,Undirected
Matthew McConaughey,Brian Geraghty,1,Undirected
Matthew McConaughey,Kimberly Williams-Paisley,1,Undirected
Matthew McConaughey,David Keith,1,Undirected
Matthew McConaughey,Adam Goldberg,2,Undirected
Matthew McConaughey,Clint Howard,1,Undirected
Matthew McConaughey,Thomas Lennon,1,Undirected
Matthew McConaughey,Zooey Deschanel,1,Undirected
Matthew McConaughey,Donald Watkins,1,Undirected
Matthew McConaughey,Jessica Collins,1,Undirected
Matthew McConaughey,Frances Fisher,1,Undirected
Matthew McConaughey,Margarita Levieva,1,Undirected
Matthew McConaughey,Anthony Hopkins,1,Undirected
Matthew McConaughey,Alex Rocco,1,Undirected
Matthew McConaughey,Dwight Yoakam,1,Undirected
Matthew McConaughey,Lew Temple,1,Undirected
Matthew McConaughey,Matt O'Leary,1,Undirected
Matthew McConaughey,Powers Boothe,1,Undirected
Matthew McConaughey,Sam Shepard,1,Undirected
Matthew McConaughey,Carol Sutton,1,Undirected
Matthew McConaughey,Scott A. Martin,1,Undirected
Matthew McConaughey,Alex Pettyfer,1,Undirected
Matthew McConaughey,Brandon Smith,1,Undirected
Matthew McConaughey,Rick Dial,1,Undirected
Matthew McConaughey,Sarah Wright,1,Undirected
Matthew McConaughey,Scott Glenn,1,Undirected
Matthew McConaughey,Denis O'Hare,1,Undirected
Matthew McConaughey,Jennifer Garner,1,Undirected
Matthew McConaughey,Clifton James,1,Undirected
Matthew McConaughey,Miriam Colon,1,Undirected
Matthew McConaughey,Amy Irving,1,Undirected
Matthew McConaughey,Rob McElhenney,1,Undirected
Atsuko Maeda,Mark Chinnery,2,Undirected
Atsuko Maeda,Shin'ya Tsukamoto,2,Undirected
Mark Chinnery,Shin'ya Tsukamoto,2,Undirected
Jordana Brewster,Lew Temple,1,Undirected
Jordana Brewster,Matt Bomer,1,Undirected
Jordana Brewster,Clea DuVall,1,Undirected
Jordana Brewster,Akon,1,Undirected
Jordana Brewster,Hayden Christensen,1,Undirected
Jordana Brewster,Geoff Stults,1,Undirected
Jordana Brewster,Scoot McNairy,1,Undirected
Jason Flemyng,Julia Ormond,1,Undirected
Jason Flemyng,Alexa Davalos,2,Undirected
Jason Flemyng,Max Ryan,1,Undirected
Jason Flemyng,Tony Curran,1,Undirected
Jason Flemyng,Frances O'Connor,1,Undirected
Jason Flemyng,Ian Richardson,2,Undirected
Jason Flemyng,Cameron Boyce,1,Undirected
Jason Flemyng,Julian Glover,1,Undirected
Jason Flemyng,Matthew Modine,1,Undirected
Jason Flemyng,Billy Boyd,1,Undirected
Jason Flemyng,Hannah Spearritt,1,Undirected
Jason Flemyng,Eric Stoltz,1,Undirected
Jason Flemyng,Agnia Ditkovskite,1,Undirected
Jason Flemyng,Igor Jijikine,1,Undirected
Jason Flemyng,Richard Briers,1,Undirected
Jason Flemyng,Victoria Beckham,1,Undirected
Jason Flemyng,Derek Jacobi,1,Undirected
Jason Flemyng,Mackenzie Crook,1,Undirected
Jason Flemyng,Danny Dyer,1,Undirected
Jason Flemyng,Dexter Fletcher,1,Undirected
Julia Ormond,Ben Cross,1,Undirected
Julia Ormond,John Gielgud,1,Undirected
Julia Ormond,Anthony Hopkins,1,Undirected
Julia Ormond,Jane Krakowski,1,Undirected
Julia Ormond,Willow Smith,1,Undirected
Julia Ormond,Toby Jones,1,Undirected
Julia Ormond,Jason Ritter,1,Undirected
Josh Hutcherson,Philip Seymour Hoffman,2,Undirected
Josh Hutcherson,Sandra Ellis Lafferty,1,Undirected
Josh Hutcherson,Emma Kenney,1,Undirected
Josh Hutcherson,Troy Evans,1,Undirected
Josh Hutcherson,Anthony Reynolds,1,Undirected
Josh Hutcherson,Dwayne Johnson,1,Undirected
Josh Hutcherson,Kristin Davis,1,Undirected
Josh Hutcherson,Jonah Bobo,1,Undirected
Josh Hutcherson,Anita Briem,1,Undirected
Josh Hutcherson,Robert Duvall,1,Undirected
Josh Hutcherson,Will Ferrell,1,Undirected
Josh Hutcherson,Patrick Fugit,1,Undirected
Josh Hutcherson,Bailee Madison,1,Undirected
Josh Hutcherson,Zooey Deschanel,1,Undirected
Josh Hutcherson,Brady Corbet,1,Undirected
Josh Hutcherson,Carlos Bardem,1,Undirected
Josh Hutcherson,Parker Bagley,1,Undirected
Josh Hutcherson,Shanley Caswell,1,Undirected
Josh Hutcherson,Mia Wasikowska,1,Undirected
Josh Hutcherson,Yaya DaCosta,1,Undirected
Josh Hutcherson,Daniel Tay,1,Undirected
Josh Hutcherson,James Urbaniak,1,Undirected
Philip Seymour Hoffman,Alan Ruck,1,Undirected
Philip Seymour Hoffman,Jami Gertz,1,Undirected
Philip Seymour Hoffman,Natalie Portman,1,Undirected
Philip Seymour Hoffman,Anthony Hopkins,1,Undirected
Philip Seymour Hoffman,Emily Watson,1,Undirected
Philip Seymour Hoffman,Jud Tylor,1,Undirected
Philip Seymour Hoffman,Michael Angarano,1,Undirected
Philip Seymour Hoffman,Zooey Deschanel,1,Undirected
Philip Seymour Hoffman,Monica Potter,1,Undirected
Philip Seymour Hoffman,Robin Williams,1,Undirected
Philip Seymour Hoffman,Charlie Rowe,1,Undirected
Philip Seymour Hoffman,Tom Sturridge,1,Undirected
Philip Seymour Hoffman,Debra Messing,1,Undirected
Philip Seymour Hoffman,Masi Oka,1,Undirected
Philip Seymour Hoffman,Matt Damon,1,Undirected
Philip Seymour Hoffman,Robert De Niro,1,Undirected
Philip Seymour Hoffman,Jennifer Ehle,1,Undirected
Philip Seymour Hoffman,Ryan Gosling,1,Undirected
Philip Seymour Hoffman,Carrie Preston,1,Undirected
Philip Seymour Hoffman,Meryl Streep,1,Undirected
Philip Seymour Hoffman,Jennifer Jason Leigh,1,Undirected
Philip Seymour Hoffman,Homayoun Ershadi,1,Undirected
Philip Seymour Hoffman,Nina Hoss,1,Undirected
Philip Seymour Hoffman,Maury Chaykin,1,Undirected
Philip Seymour Hoffman,Minnie Driver,1,Undirected
Philip Seymour Hoffman,David Zayas,1,Undirected
Philip Seymour Hoffman,Gbenga Akinnagbe,1,Undirected
Philip Seymour Hoffman,Kwesi Ameyaw,1,Undirected
Philip Seymour Hoffman,Michael J. Burg,1,Undirected
Philip Seymour Hoffman,Aaron Stanford,1,Undirected
Philip Seymour Hoffman,Rosario Dawson,1,Undirected
Philip Seymour Hoffman,Dylan Baker,1,Undirected
Philip Seymour Hoffman,Jon Lovitz,1,Undirected
Philip Seymour Hoffman,Callie Thorne,1,Undirected
Philip Seymour Hoffman,Holland Taylor,1,Undirected
Nicolas Cage,Omar Benson Miller,1,Undirected
Nicolas Cage,Robert Capron,1,Undirected
Nicolas Cage,Matt Long,1,Undirected
Nicolas Cage,Peter Fonda,1,Undirected
Nicolas Cage,Noah Emmerich,1,Undirected
Nicolas Cage,Roger Willie,2,Undirected
Nicolas Cage,Robert Duvall,1,Undirected
Nicolas Cage,Annie Parisse,1,Undirected
Nicolas Cage,Armando Riesco,2,Undirected
Nicolas Cage,Joan Allen,2,Undirected
Nicolas Cage,Bokeem Woodbine,1,Undirected
Nicolas Cage,Michael Biehn,1,Undirected
Nicolas Cage,John Heard,1,Undirected
Nicolas Cage,Mike Starr,1,Undirected
Nicolas Cage,Jay Hernandez,1,Undirected
Nicolas Cage,Charlize Theron,1,Undirected
Nicolas Cage,Dee Bradley Baker,1,Undirected
Nicolas Cage,Amber Valletta,1,Undirected
Nicolas Cage,Christopher Lambert,1,Undirected
Nicolas Cage,Spencer Wilding,1,Undirected
Nicolas Cage,Andre Braugher,1,Undirected
Nicolas Cage,Colm Feore,1,Undirected
Nicolas Cage,Ben Mendelsohn,1,Undirected
Nicolas Cage,Chandler Canterbury,1,Undirected
Nicolas Cage,Billy Burke,1,Undirected
Nicolas Cage,Katy Mixon,1,Undirected
Nicolas Cage,Bob Hoskins,1,Undirected
Nicolas Cage,Fred Gwynne,1,Undirected
Nicolas Cage,Julia Roberts,1,Undirected
Nicolas Cage,Meryl Streep,2,Undirected
Nicolas Cage,Charlie Yeung,1,Undirected
Nicolas Cage,James With,1,Undirected
Nicolas Cage,Jared Burke,1,Undirected
Nicolas Cage,Jeremy Crutchley,1,Undirected
Nicolas Cage,Anthony Heald,1,Undirected
Nicolas Cage,Michael Rapaport,1,Undirected
Nicolas Cage,Philip Baker Hall,1,Undirected
Nicolas Cage,Mark Valley,1,Undirected
Nicolas Cage,Sami Gayle,1,Undirected
Nicolas Cage,Marc Anthony,1,Undirected
Nicolas Cage,Sonja Sohn,1,Undirected
Nicolas Cage,Shawn Hatosy,1,Undirected
Nicolas Cage,Shea Whigham,1,Undirected
Nicolas Cage,Hope Davis,1,Undirected
Nicolas Cage,Michael Rispoli,1,Undirected
Nicolas Cage,Jodi Lyn O'Keefe,1,Undirected
Nicolas Cage,Radha Mitchell,1,Undirected
Nicolas Cage,Lea Thompson,2,Undirected
Nicolas Cage,Quinton Aaron,2,Undirected
Nicolas Cage,Kathleen Turner,1,Undirected
Nicolas Cage,Irène Jacob,1,Undirected
Nicolas Cage,Tomiwa Edun,1,Undirected
Nicolas Cage,Julian Sands,1,Undirected
Nicolas Cage,Valeria Golino,1,Undirected
Nicolas Cage,Ronnie Gene Blevins,1,Undirected
Omar Benson Miller,Robert Capron,1,Undirected
Omar Benson Miller,Evan Jones,1,Undirected
Omar Benson Miller,Mekhi Phifer,1,Undirected
Omar Benson Miller,Lisa Ann Walter,1,Undirected
Omar Benson Miller,Nick Cannon,1,Undirected
Omar Benson Miller,Alison Lohman,1,Undirected
Omar Benson Miller,Robin Weigert,1,Undirected
Omar Benson Miller,Anupam Kher,1,Undirected
Omar Benson Miller,Vic Mignogna,1,Undirected
Andre Braugher,Mike Vogel,1,Undirected
Andre Braugher,August Diehl,1,Undirected
Andre Braugher,Ioan Gruffudd,1,Undirected
Andre Braugher,Colm Feore,1,Undirected
Andre Braugher,Noah Emmerich,1,Undirected
Andre Braugher,Bernie Mac,1,Undirected
Mike Vogel,Steve Howey,1,Undirected
Mike Vogel,Ben Feldman,1,Undirected
Mike Vogel,Liza Lapira,1,Undirected
Mike Vogel,Kyle Schmid,1,Undirected
Mike Vogel,Geoff Stults,1,Undirected
Mike Vogel,Kim Shaw,1,Undirected
Mike Vogel,John Doman,1,Undirected
Mike Vogel,Ryan Gosling,1,Undirected
Eric Idle,Justin Timberlake,1,Undirected
Eric Idle,Rupert Everett,1,Undirected
Eric Idle,Ioan Gruffudd,1,Undirected
Eric Idle,Jim Carter,1,Undirected
Eric Idle,Cathy Moriarty,1,Undirected
Eric Idle,Fred Rogers,1,Undirected
Eric Idle,Jaleel White,1,Undirected
Eric Idle,Anne Bancroft,1,Undirected
Eric Idle,Kelly Ripa,1,Undirected
Eric Idle,Alex Rocco,1,Undirected
Eric Idle,Minnie Driver,1,Undirected
Eric Idle,Trey Parker,1,Undirected
Eric Idle,Harvey Weinstein,1,Undirected
Eric Idle,Ryan O'Neal,1,Undirected
Eric Idle,Michael Palin,1,Undirected
Eric Idle,Terry Jones,1,Undirected
Justin Timberlake,Rupert Everett,1,Undirected
Justin Timberlake,Josh Robert Thompson,1,Undirected
Justin Timberlake,Tom Cavanagh,1,Undirected
Justin Timberlake,Romany Malco,1,Undirected
Justin Timberlake,Verne Troyer,1,Undirected
Justin Timberlake,Masi Oka,1,Undirected
Justin Timberlake,Matt Bomer,1,Undirected
Justin Timberlake,David Costabile,1,Undirected
Justin Timberlake,John Heard,1,Undirected
Justin Timberlake,John Michael Higgins,1,Undirected
Justin Timberlake,Michael Raymond-James,1,Undirected
Justin Timberlake,S. Epatha Merkerson,1,Undirected
Justin Timberlake,Alex Karpovsky,1,Undirected
Justin Timberlake,Max Casella,1,Undirected
Justin Timberlake,Ted Danson,1,Undirected
Rupert Everett,Matthew Broderick,1,Undirected
Rupert Everett,Rene Auberjonois,1,Undirected
Rupert Everett,Conrad Vernon,1,Undirected
Rupert Everett,Jennifer Saunders,1,Undirected
Rupert Everett,Christopher Masterson,1,Undirected
Rupert Everett,Julia Roberts,1,Undirected
Rupert Everett,Illeana Douglas,1,Undirected
Rupert Everett,Mark Valley,1,Undirected
Rupert Everett,Lily Cole,1,Undirected
Rupert Everett,Jeremy Northam,1,Undirected
Rupert Everett,Minnie Driver,1,Undirected
Rupert Everett,Geoff Bell,1,Undirected
Callum Rennie,Dominic Cooper,1,Undirected
Callum Rennie,Ruth Negga,1,Undirected
Callum Rennie,Ivana Milicevic,1,Undirected
Callum Rennie,Joe Morton,1,Undirected
Callum Rennie,Jennifer Ehle,1,Undirected
Callum Rennie,Luke Grimes,1,Undirected
Callum Rennie,Mitch Pileggi,1,Undirected
Callum Rennie,Nicki Aycox,1,Undirected
Callum Rennie,Judy Davis,1,Undirected
Callum Rennie,Julian Richings,1,Undirected
Callum Rennie,Vanesa Tomasino,1,Undirected
Callum Rennie,Jennifer Jason Leigh,1,Undirected
Callum Rennie,Sarah Polley,1,Undirected
Callum Rennie,Cedric the Entertainer,1,Undirected
Callum Rennie,Will Patton,1,Undirected
Callum Rennie,Nicholas Lea,1,Undirected
Callum Rennie,Dustin Milligan,1,Undirected
Callum Rennie,Tyler Mane,1,Undirected
Callum Rennie,Jorja Fox,1,Undirected
Callum Rennie,Thomas Lennon,1,Undirected
Dominic Cooper,Ruth Negga,2,Undirected
Dominic Cooper,Sarah Gadon,1,Undirected
Dominic Cooper,Zach McGowan,1,Undirected
Dominic Cooper,Benjamin Walker,1,Undirected
Dominic Cooper,Rufus Sewell,1,Undirected
Dominic Cooper,Rami Malek,1,Undirected
Dominic Cooper,Isabelle Huppert,1,Undirected
Dominic Cooper,James Biberi,1,Undirected
Dominic Cooper,Charlotte Rampling,1,Undirected
Dominic Cooper,Ludivine Sagnier,1,Undirected
Dominic Cooper,Mem Ferda,1,Undirected
Dominic Cooper,Joseph Gilgun,1,Undirected
Dominic Cooper,Ellie Kendrick,1,Undirected
Dominic Cooper,Olivia Williams,1,Undirected
Dominic Cooper,James Corden,1,Undirected
Dominic Cooper,Russell Tovey,1,Undirected
Ruth Negga,Joseph Gilgun,1,Undirected
Emilia Clarke,Matt Smith,1,Undirected
Emilia Clarke,Brendan Coyle,1,Undirected
Matt Smith,Bella Heathcote,1,Undirected
Matt Smith,Hannah Murray,1,Undirected
Bruce Spence,Laura Brent,1,Undirected
Bruce Spence,Aaliyah,1,Undirected
Bruce Spence,Lena Olin,1,Undirected
Bruce Spence,Bob Gunton,1,Undirected
Bruce Spence,Sophie Okonedo,1,Undirected
Bruce Spence,Rufus Sewell,1,Undirected
Bruce Spence,Angelo Rossitto,1,Undirected
Bruce Spence,Tina Turner,1,Undirected
Bruce Spence,Kjell Nilsson,1,Undirected
Bruce Spence,Vernon Wells,1,Undirected
Jaime King,Jennifer Garner,1,Undirected
Jaime King,Mako,2,Undirected
Jaime King,Louis Lombardi,1,Undirected
Jaime King,Victoria Smurfit,1,Undirected
Jaime King,Brittany Daniel,1,Undirected
Jaime King,Busy Philipps,1,Undirected
Jaime King,Edi Gathegi,1,Undirected
Jaime King,Jensen Ackles,1,Undirected
Jaime King,Gedde Watanabe,1,Undirected
Jaime King,Jim Rash,1,Undirected
Jennifer Garner,Mako,1,Undirected
Jennifer Garner,Frances Fisher,1,Undirected
Jennifer Garner,Tim McGraw,1,Undirected
Jennifer Garner,Goran Visnjic,1,Undirected
Jennifer Garner,Odeya Rush,1,Undirected
Jennifer Garner,Christa B. Allen,1,Undirected
Jennifer Garner,Bella Thorne,1,Undirected
Jennifer Garner,Chi McBride,1,Undirected
Jennifer Garner,Patrick St. Esprit,1,Undirected
Jennifer Garner,Martin Starr,1,Undirected
Jennifer Garner,Tina Fey,1,Undirected
Jennifer Garner,Brighton Sharbino,1,Undirected
Jennifer Garner,Martin Henderson,1,Undirected
Jennifer Garner,Marla Sokoloff,1,Undirected
Jennifer Garner,Mary Lynn Rajskub,1,Undirected
Jennifer Garner,Al Pacino,1,Undirected
Jennifer Garner,Melissa Benoist,1,Undirected
Jennifer Garner,Denis O'Hare,1,Undirected
Mako,Sandahl Bergman,2,Undirected
Mako,William Smith,2,Undirected
Mako,Karl Yune,1,Undirected
Mako,Li Gong,1,Undirected
Mako,Victor Wong,1,Undirected
Mako,Victoria Smurfit,1,Undirected
Mako,Sarah Michelle Gellar,1,Undirected
Mako,Christopher Lambert,1,Undirected
Mako,Mario Van Peebles,1,Undirected
Mako,Rip Torn,1,Undirected
Mako,Adam Arkin,1,Undirected
Mako,Billy Barty,1,Undirected
Mako,Grace Jones,1,Undirected
Mako,Olivia d'Abo,1,Undirected
Michael O'Neill,Zack Ward,1,Undirected
Michael O'Neill,Michael Angarano,1,Undirected
Michael O'Neill,Reece Thompson,1,Undirected
Michael O'Neill,Jacob Vargas,1,Undirected
Michael O'Neill,James Lew,1,Undirected
Michael O'Neill,Al Pacino,1,Undirected
Michael O'Neill,Ellen Barkin,1,Undirected
Michael O'Neill,Alexandra Holden,1,Undirected
Michael O'Neill,Ethan Embry,1,Undirected
Zack Ward,Jason Ritter,1,Undirected
Zack Ward,Katharine Isabelle,1,Undirected
Zack Ward,Anna Harr,1,Undirected
Zack Ward,James Cullen Bressack,1,Undirected
Zack Ward,Alicja Bachleda,1,Undirected
Zack Ward,Kate del Castillo,1,Undirected
Zack Ward,Jonathan Crombie,1,Undirected
Zack Ward,Megan Follows,1,Undirected
Zack Ward,Darren McGavin,1,Undirected
Zack Ward,Scott Schwartz,1,Undirected
Anthony Hopkins,Brian Blessed,1,Undirected
Anthony Hopkins,Natalie Portman,2,Undirected
Anthony Hopkins,Art Malik,1,Undirected
Anthony Hopkins,Simon Merrells,1,Undirected
Anthony Hopkins,Sebastian Roché,1,Undirected
Anthony Hopkins,Emma Watson,1,Undirected
Anthony Hopkins,Logan Lerman,1,Undirected
Anthony Hopkins,Jake Weber,1,Undirected
Anthony Hopkins,Bruce Willis,1,Undirected
Anthony Hopkins,Garrick Hagon,1,Undirected
Anthony Hopkins,Bart the Bear,1,Undirected
Anthony Hopkins,Harold Perrineau,1,Undirected
Anthony Hopkins,Emily Watson,1,Undirected
Anthony Hopkins,Brooke Smith,1,Undirected
Anthony Hopkins,Garcelle Beauvais,1,Undirected
Anthony Hopkins,Stuart Wilson,1,Undirected
Anthony Hopkins,Tony Amendola,1,Undirected
Anthony Hopkins,John Ashton,1,Undirected
Anthony Hopkins,Maura Tierney,1,Undirected
Anthony Hopkins,Bob Hoskins,1,Undirected
Anthony Hopkins,Joan Allen,1,Undirected
Anthony Hopkins,Colin O'Donoghue,1,Undirected
Anthony Hopkins,Toby Jones,1,Undirected
Anthony Hopkins,Hope Davis,1,Undirected
Anthony Hopkins,Mika Boorem,1,Undirected
Anthony Hopkins,Antony Starr,1,Undirected
Anthony Hopkins,Craig Hall,1,Undirected
Anthony Hopkins,Julian Fellowes,1,Undirected
Anthony Hopkins,Anthony Heald,1,Undirected
Anthony Hopkins,Scott Glenn,1,Undirected
Anthony Hopkins,Laurence Olivier,1,Undirected
Anthony Hopkins,Ben Chaplin,1,Undirected
Anthony Hopkins,Peter Vaughan,1,Undirected
Anthony Hopkins,Brian Geraghty,1,Undirected
Anthony Hopkins,Nick Cannon,1,Undirected
Anthony Hopkins,Al Pacino,1,Undirected
Anthony Hopkins,Glen Powell,1,Undirected
Anthony Hopkins,Samuel West,1,Undirected
Anthony Hopkins,Vanessa Redgrave,1,Undirected
Anthony Hopkins,Anne Bancroft,1,Undirected
Anthony Hopkins,Dexter Fletcher,1,Undirected
Brian Blessed,Russell Tovey,1,Undirected
Brian Blessed,Sam J. Jones,1,Undirected
Brian Blessed,William Hootkins,1,Undirected
Brian Blessed,Julie Christie,2,Undirected
Brian Blessed,Richard Briers,2,Undirected
Brian Blessed,Danny Webb,1,Undirected
Brian Blessed,Derek Jacobi,1,Undirected
Brian Blessed,Denzel Washington,1,Undirected
Fiona Shaw,Robert Pattinson,1,Undirected
Fiona Shaw,Verne Troyer,1,Undirected
Fiona Shaw,Bob Hoskins,1,Undirected
Fiona Shaw,Fisher Stevens,1,Undirected
Robert Pattinson,Taylor Lautner,3,Undirected
Robert Pattinson,Anna Kendrick,1,Undirected
Robert Pattinson,Lena Olin,1,Undirected
Robert Pattinson,Ruby Jerins,1,Undirected
Charlize Theron,Zoë Kravitz,1,Undirected
Charlize Theron,Sean Harris,1,Undirected
Charlize Theron,David Paymer,1,Undirected
Charlize Theron,Mika Boorem,1,Undirected
Charlize Theron,Dee Bradley Baker,1,Undirected
Charlize Theron,Jimmy Shubert,1,Undirected
Charlize Theron,Matt Damon,1,Undirected
Charlize Theron,Al Pacino,1,Undirected
Charlize Theron,Paterson Joseph,1,Undirected
Charlize Theron,Sophie Okonedo,1,Undirected
Charlize Theron,Robert De Niro,2,Undirected
Charlize Theron,Seth MacFarlane,1,Undirected
Charlize Theron,Clarence Williams III,1,Undirected
Charlize Theron,Clea DuVall,2,Undirected
Charlize Theron,Michael Rapaport,1,Undirected
Charlize Theron,Jeremy Renner,1,Undirected
Charlize Theron,Sissy Spacek,1,Undirected
Charlize Theron,Robert Duvall,1,Undirected
Charlize Theron,Viggo Mortensen,1,Undirected
Charlize Theron,Barry Corbin,1,Undirected
Charlize Theron,Ellen Burstyn,1,Undirected
Charlize Theron,Faye Dunaway,1,Undirected
Charlize Theron,Collette Wolfe,1,Undirected
Charlize Theron,Patton Oswalt,1,Undirected
Charlize Theron,Bruce Dern,1,Undirected
Charlize Theron,Pruitt Taylor Vince,1,Undirected
Charlize Theron,Ethan Embry,1,Undirected
Alice Braga,Willow Smith,1,Undirected
Alice Braga,Matt Damon,1,Undirected
Alice Braga,Derek Mears,1,Undirected
Alice Braga,Topher Grace,1,Undirected
Alice Braga,RZA,1,Undirected
Alice Braga,Yvette Nicole Brown,1,Undirected
Alice Braga,Jose Pablo Cantillo,1,Undirected
Alice Braga,Randy Couture,1,Undirected
Alice Braga,Alexandre Rodrigues,1,Undirected
Alice Braga,Seu Jorge,1,Undirected
Willow Smith,Jane Krakowski,1,Undirected
David Kelly,Nathaniel Parker,1,Undirected
David Kelly,Daniel Roebuck,1,Undirected
David Kelly,Frankie Muniz,1,Undirected
David Kelly,Fionnula Flanagan,1,Undirected
Brian Dennehy,Janeane Garofalo,1,Undirected
Brian Dennehy,Chris Mulkey,2,Undirected
Brian Dennehy,Sylvester Stallone,2,Undirected
Brian Dennehy,Debra Winger,1,Undirected
Brian Dennehy,Roscoe Lee Browne,1,Undirected
Brian Dennehy,Drea de Matteo,1,Undirected
Brian Dennehy,Hugh Dillon,1,Undirected
Brian Dennehy,Bruce Davison,1,Undirected
Brian Dennehy,Marc Blucas,1,Undirected
Brian Dennehy,Harold Perrineau,1,Undirected
Brian Dennehy,Brad Renfro,1,Undirected
Brian Dennehy,Dash Mihok,1,Undirected
Brian Dennehy,Aidan Quinn,1,Undirected
Brian Dennehy,Bonnie Hunt,1,Undirected
Janeane Garofalo,Jonathan Winters,1,Undirected
Janeane Garofalo,Robert De Niro,2,Undirected
Janeane Garofalo,Matt Damon,2,Undirected
Janeane Garofalo,Nathan Lane,1,Undirected
Janeane Garofalo,Andy Dick,1,Undirected
Janeane Garofalo,Matthew Broderick,1,Undirected
Janeane Garofalo,Omar Epps,1,Undirected
Janeane Garofalo,Zooey Deschanel,1,Undirected
Janeane Garofalo,Chris Andrew Ciulla,1,Undirected
Janeane Garofalo,Curtis Armstrong,1,Undirected
Janeane Garofalo,Sylvester Stallone,1,Undirected
Janeane Garofalo,George Carlin,1,Undirected
Janeane Garofalo,Kevin Rahm,1,Undirected
Janeane Garofalo,Vince Vieluf,1,Undirected
Janeane Garofalo,Dave Chappelle,1,Undirected
Janeane Garofalo,Gaby Hoffmann,1,Undirected
Bernie Mac,Cedric the Entertainer,2,Undirected
Bernie Mac,Jada Pinkett Smith,1,Undirected
Bernie Mac,Demi Moore,1,Undirected
Bernie Mac,Justin Theroux,1,Undirected
Bernie Mac,Elliott Gould,1,Undirected
Bernie Mac,Mike Epps,1,Undirected
Bernie Mac,Dylan Baker,1,Undirected
Bernie Mac,Tracy Morgan,1,Undirected
Bernie Mac,Nicole Sullivan,1,Undirected
Bernie Mac,Sherri Shepherd,1,Undirected
Bernie Mac,Ann-Margret,1,Undirected
Bernie Mac,Robin Williams,1,Undirected
Bernie Mac,Larry Miller,1,Undirected
Bernie Mac,Richard Schiff,1,Undirected
Bernie Mac,Chris Noth,1,Undirected
Bernie Mac,Paul Sorvino,1,Undirected
Bernie Mac,Alex Borstein,1,Undirected
Bernie Mac,Tony Cox,1,Undirected
Bernie Mac,Gilbert Gottfried,1,Undirected
Bernie Mac,Lark Voorhies,1,Undirected
Bernie Mac,Chrystale Wilson,1,Undirected
Bernie Mac,Monica Calhoun,1,Undirected
Bernie Mac,Steve Harvey,1,Undirected
Cedric the Entertainer,Jada Pinkett Smith,3,Undirected
Cedric the Entertainer,Martin Short,1,Undirected
Cedric the Entertainer,Andy Richter,1,Undirected
Cedric the Entertainer,Julia Duffy,1,Undirected
Cedric the Entertainer,Paul Adelstein,1,Undirected
Cedric the Entertainer,Nia Long,1,Undirected
Cedric the Entertainer,Tichina Arnold,1,Undirected
Cedric the Entertainer,Mike Epps,1,Undirected
Cedric the Entertainer,Mo'Nique,1,Undirected
Cedric the Entertainer,Will Patton,1,Undirected
Cedric the Entertainer,Jason George,1,Undirected
Cedric the Entertainer,Sean Patrick Thomas,1,Undirected
Cedric the Entertainer,Tammy Blanchard,1,Undirected
Cedric the Entertainer,Veronika Dash,1,Undirected
Cedric the Entertainer,Steve Harvey,1,Undirected
Jada Pinkett Smith,Martin Short,1,Undirected
Jada Pinkett Smith,Joe Morton,2,Undirected
Jada Pinkett Smith,Andy Richter,1,Undirected
Jada Pinkett Smith,Debi Mazar,2,Undirected
Jada Pinkett Smith,Dave Chappelle,2,Undirected
Jada Pinkett Smith,James Coburn,1,Undirected
Jada Pinkett Smith,Kevin Williamson,1,Undirected
Jada Pinkett Smith,Omar Epps,1,Undirected
Jada Pinkett Smith,Jay Hernandez,2,Undirected
Jada Pinkett Smith,Billy Crudup,1,Undirected
Jada Pinkett Smith,Minnie Driver,1,Undirected
Jada Pinkett Smith,Debra Messing,1,Undirected
Jada Pinkett Smith,LL Cool J,1,Undirected
Jada Pinkett Smith,Gary Farmer,1,Undirected
Jada Pinkett Smith,Charles S. Dutton,1,Undirected
Jada Pinkett Smith,Salli Richardson-Whitfield,1,Undirected
Jada Pinkett Smith,Gillian White,1,Undirected
Jada Pinkett Smith,Michael Rapaport,1,Undirected
Jada Pinkett Smith,Blair Underwood,1,Undirected
Jada Pinkett Smith,Larenz Tate,2,Undirected
Jada Pinkett Smith,Khandi Alexander,1,Undirected
Rami Malek,Robin Williams,3,Undirected
Rami Malek,Steve Coogan,3,Undirected
Rami Malek,Elvis Nolasco,1,Undirected
Rami Malek,Felicia Pearson,1,Undirected
Robin Williams,Steve Coogan,3,Undirected
Robin Williams,John Michael Higgins,1,Undirected
Robin Williams,Elizabeth Daily,1,Undirected
Robin Williams,Jodi Benson,1,Undirected
Robin Williams,Sam Lloyd,1,Undirected
Robin Williams,Annabella Sciorra,1,Undirected
Robin Williams,Rosalind Chao,1,Undirected
Robin Williams,Bob Hoskins,1,Undirected
Robin Williams,Julia Roberts,1,Undirected
Robin Williams,Monica Potter,1,Undirected
Robin Williams,Danny Woodburn,1,Undirected
Robin Williams,Vincent Schiavelli,1,Undirected
Robin Williams,Ann-Margret,1,Undirected
Robin Williams,Christine Taylor,1,Undirected
Robin Williams,Robert De Niro,1,Undirected
Robin Williams,Topher Grace,1,Undirected
Robin Williams,Frank Welker,1,Undirected
Robin Williams,Scott Weinger,1,Undirected
Robin Williams,Mara Wilson,1,Undirected
Robin Williams,Matthew Lawrence,1,Undirected
Robin Williams,Aaron Staton,1,Undirected
Robin Williams,Marian Seldes,1,Undirected
Robin Williams,Tina Fey,1,Undirected
Robin Williams,Josh Charles,1,Undirected
Robin Williams,Kurtwood Smith,1,Undirected
Robin Williams,Mark Margolis,2,Undirected
Robin Williams,Michael Jeter,1,Undirected
Robin Williams,Bruno Kirby,1,Undirected
Robin Williams,J.T. Walsh,1,Undirected
Robin Williams,Connie Nielsen,1,Undirected
Robin Williams,Gary Cole,1,Undirected
Robin Williams,Matt Damon,1,Undirected
Robin Williams,Minnie Driver,1,Undirected
Robin Williams,Henry Simmons,1,Undirected
Robin Williams,Joe Morton,1,Undirected
Robin Williams,Rory Culkin,1,Undirected
Robin Williams,Jonathan Winters,1,Undirected
Steve Coogan,Cécile De France,2,Undirected
Steve Coogan,Logan Lerman,1,Undirected
Steve Coogan,Rosario Dawson,1,Undirected
Steve Coogan,Brandon T. Jackson,1,Undirected
Steve Coogan,Albert Brooks,1,Undirected
Steve Coogan,Eric Stonestreet,1,Undirected
Steve Coogan,Miranda Cosgrove,1,Undirected
Steve Coogan,David Keith,1,Undirected
Steve Coogan,Vincent Kartheiser,1,Undirected
Steve Coogan,Joanna Lumley,1,Undirected
Steve Coogan,Mare Winningham,1,Undirected
Steve Coogan,Peter Hermann,1,Undirected
Steve Coogan,David Arquette,1,Undirected
Steve Coogan,Adam Scott,1,Undirected
Steve Coogan,Zooey Deschanel,1,Undirected
Steve Coogan,Dylan Moran,1,Undirected
Steve Coogan,Shirley Henderson,1,Undirected
Collin Chou,Essie Davis,1,Undirected
Collin Chou,Nona Gaye,1,Undirected
Essie Davis,Nona Gaye,1,Undirected
Essie Davis,Bryan Brown,1,Undirected
Essie Davis,Eddie Baroo,1,Undirected
Nona Gaye,Sunny Mabrey,1,Undirected
Nona Gaye,Xzibit,1,Undirected
Josh Gad,Livvy Stubenrauch,1,Undirected
Josh Gad,Maurice LaMarche,1,Undirected
Josh Gad,Drake,1,Undirected
Josh Gad,Adam Sandler,1,Undirected
Josh Gad,Keegan-Michael Key,1,Undirected
Josh Gad,Jessica Szohr,1,Undirected
Josh Gad,Rob Riggle,1,Undirected
Josh Gad,Jim Sturgess,1,Undirected
Josh Gad,Jim Parsons,1,Undirected
Josh Gad,Michael Weston,1,Undirected
Livvy Stubenrauch,Maurice LaMarche,1,Undirected
Maurice LaMarche,Rob Paulsen,1,Undirected
Maurice LaMarche,Wanda Sykes,1,Undirected
Maurice LaMarche,Jeremy Shada,1,Undirected
Maurice LaMarche,Trey Parker,1,Undirected
Daniel Bernhardt,Helmut Bakaitis,1,Undirected
Daniel Bernhardt,Steve Bastoni,1,Undirected
Helmut Bakaitis,Steve Bastoni,1,Undirected
Steve Bastoni,Cem Yilmaz,1,Undirected
Steve Bastoni,Ryan Corr,1,Undirected
Steve Bastoni,Aden Young,1,Undirected
Steve Bastoni,Steve Irwin,1,Undirected
Natalie Portman,Hayden Christensen,2,Undirected
Natalie Portman,Ian McDiarmid,1,Undirected
Natalie Portman,Lukas Haas,1,Undirected
Natalie Portman,Martin Short,1,Undirected
Natalie Portman,Rupert Graves,1,Undirected
Natalie Portman,Zooey Deschanel,1,Undirected
Natalie Portman,Colin Stinton,1,Undirected
Natalie Portman,Julia Roberts,1,Undirected
Natalie Portman,Bailee Madison,1,Undirected
Natalie Portman,Greta Gerwig,1,Undirected
Natalie Portman,Boyd Holbrook,1,Undirected
Natalie Portman,Noah Emmerich,1,Undirected
Natalie Portman,Eva Amurri Martino,1,Undirected
Natalie Portman,Shawn Hatosy,1,Undirected
Natalie Portman,Stockard Channing,1,Undirected
Natalie Portman,Mark Margolis,1,Undirected
Natalie Portman,Ethan Suplee,1,Undirected
Natalie Portman,Adriane Lenox,1,Undirected
Natalie Portman,Norah Jones,1,Undirected
Zoë Kravitz,Theo James,1,Undirected
Zoë Kravitz,Bob Balaban,1,Undirected
Zoë Kravitz,Lily Rabe,1,Undirected
Zoë Kravitz,Jeremy Davies,1,Undirected
Zoë Kravitz,Jim Gaffigan,1,Undirected
Zoë Kravitz,Cara Seymour,1,Undirected
Zoë Kravitz,Jennifer Ehle,1,Undirected
Zoë Kravitz,Douglas Smith,1,Undirected
Zoë Kravitz,Kim Ly,1,Undirected
Zoë Kravitz,Stafford Douglas,1,Undirected
Armin Mueller-Stahl,Ayelet Zurer,1,Undirected
Armin Mueller-Stahl,Charles Martinet,1,Undirected
Armin Mueller-Stahl,Deborah Kara Unger,1,Undirected
Armin Mueller-Stahl,Holt McCallany,1,Undirected
Armin Mueller-Stahl,Marcel Iures,1,Undirected
Armin Mueller-Stahl,Brían F. O'Byrne,1,Undirected
Armin Mueller-Stahl,Nicholas Bell,1,Undirected
Ayelet Zurer,Moises Arias,3,Undirected
Ayelet Zurer,Moritz Bleibtreu,1,Undirected
Ayelet Zurer,Derek Jacobi,1,Undirected
Ayelet Zurer,Veronica Ferres,1,Undirected
Diedrich Bader,James Lipton,1,Undirected
Diedrich Bader,Eileen Brennan,1,Undirected
Diedrich Bader,Treat Williams,1,Undirected
Diedrich Bader,Carmen Electra,1,Undirected
Diedrich Bader,Method Man,1,Undirected
Diedrich Bader,Anneliese van der Pol,1,Undirected
Diedrich Bader,Dave Foley,1,Undirected
Diedrich Bader,Andrew Lawrence,1,Undirected
Diedrich Bader,Dabney Coleman,1,Undirected
Diedrich Bader,Gary Cole,1,Undirected
Diedrich Bader,Stephen Root,1,Undirected
Diedrich Bader,Esai Morales,1,Undirected
Diedrich Bader,Robert Picardo,1,Undirected
Diedrich Bader,Jon Gries,1,Undirected
Diedrich Bader,Jon Heder,1,Undirected
Kelli Garner,Niecy Nash,1,Undirected
Kelli Garner,Piper Mackenzie Harris,1,Undirected
Kelli Garner,Christina Milian,1,Undirected
Kelli Garner,Vanessa Ferlito,1,Undirected
Kelli Garner,Jim Gaffigan,1,Undirected
Kelli Garner,Rob Riggle,1,Undirected
Kelli Garner,Paul Schneider,1,Undirected
Kelli Garner,Ryan Gosling,1,Undirected
Kelli Garner,Lou Taylor Pucci,1,Undirected
Kelli Garner,Nancy O'Dell,1,Undirected
Kelli Garner,Brad Renfro,1,Undirected
Niecy Nash,Piper Mackenzie Harris,1,Undirected
Piper Mackenzie Harris,Ashley Scott,1,Undirected
Piper Mackenzie Harris,Lochlyn Munro,1,Undirected
Edgar Ramírez,Lily James,1,Undirected
Edgar Ramírez,Matt Damon,1,Undirected
Edgar Ramírez,Ian Ziering,1,Undirected
Edgar Ramírez,Mo'Nique,1,Undirected
Edgar Ramírez,Dorian Missick,1,Undirected
Edgar Ramírez,Olivia Munn,1,Undirected
Edgar Ramírez,Jurnee Smollett-Bell,1,Undirected
Edgar Ramírez,Robert De Niro,1,Undirected
Edgar Ramírez,Katharina Schüttler,1,Undirected
Edgar Ramírez,Nora von Waldstätten,1,Undirected
Lily James,Derek Jacobi,2,Undirected
Lily James,Tuppence Middleton,1,Undirected
Jeremy Renner,Sean Harris,1,Undirected
Jeremy Renner,Michael Nyqvist,1,Undirected
Jeremy Renner,Scott Glenn,1,Undirected
Jeremy Renner,Stacy Keach,1,Undirected
Jeremy Renner,Josh Charles,1,Undirected
Jeremy Renner,LL Cool J,1,Undirected
Jeremy Renner,Derek Mears,1,Undirected
Jeremy Renner,Ingrid Bolsø Berdal,1,Undirected
Jeremy Renner,Owen Burke,1,Undirected
Jeremy Renner,Sissy Spacek,1,Undirected
Jeremy Renner,Sam Shepard,1,Undirected
Jeremy Renner,Angela Sarafyan,1,Undirected
Jeremy Renner,Dagmara Dominczyk,1,Undirected
Jeremy Renner,Catherine McCormack,1,Undirected
Jeremy Renner,Harold Perrineau,1,Undirected
Jeremy Renner,Brian Geraghty,1,Undirected
Jeremy Renner,Christian Camargo,1,Undirected
Jeremy Renner,Paz Vega,1,Undirected
Jeremy Renner,Robert Pralgo,1,Undirected
Sean Harris,Geoff Bell,1,Undirected
Sean Harris,Jack O'Connell,1,Undirected
Sean Harris,Joseph Gilgun,1,Undirected
Sean Harris,Eamonn Walker,1,Undirected
Sean Harris,Ed Speleers,1,Undirected
Art Malik,Simon Merrells,1,Undirected
Art Malik,Desmond Llewelyn,1,Undirected
Art Malik,Joe Don Baker,1,Undirected
Art Malik,Judy Davis,1,Undirected
Art Malik,Richard Wilson,1,Undirected
Simon Merrells,Kevin Leslie,1,Undirected
Simon Merrells,Kris Sommerville,1,Undirected
Matthew Broderick,Oprah Winfrey,1,Undirected
Matthew Broderick,Rip Torn,1,Undirected
Matthew Broderick,Jon Lovitz,2,Undirected
Matthew Broderick,Roger Bart,1,Undirected
Matthew Broderick,Gabourey Sidibe,1,Undirected
Matthew Broderick,Nathan Lane,1,Undirected
Matthew Broderick,Niketa Calame,1,Undirected
Matthew Broderick,Rene Auberjonois,1,Undirected
Matthew Broderick,Emma Watson,1,Undirected
Matthew Broderick,Alia Shawkat,1,Undirected
Matthew Broderick,Jorge Garcia,1,Undirected
Matthew Broderick,Andy Dick,1,Undirected
Matthew Broderick,Will Ferrell,1,Undirected
Matthew Broderick,Tim Blake Nelson,1,Undirected
Matthew Broderick,Denzel Washington,2,Undirected
Matthew Broderick,John Wood,1,Undirected
Matthew Broderick,Leo McKern,1,Undirected
Matthew Broderick,Ally Sheedy,1,Undirected
Matthew Broderick,Barry Corbin,1,Undirected
Matthew Broderick,Chris Klein,1,Undirected
Matthew Broderick,Molly Hagan,1,Undirected
Matthew Broderick,Gaby Hoffmann,1,Undirected
Matthew Broderick,Rory Culkin,1,Undirected
Oprah Winfrey,Rip Torn,1,Undirected
Oprah Winfrey,Anika Noni Rose,1,Undirected
Oprah Winfrey,Jenifer Lewis,1,Undirected
Oprah Winfrey,Julia Roberts,1,Undirected
Oprah Winfrey,Hill Harper,1,Undirected
Oprah Winfrey,Kimberly Elise,1,Undirected
Oprah Winfrey,David Oyelowo,1,Undirected
Oprah Winfrey,Rae Dawn Chong,1,Undirected
Rip Torn,Rosario Dawson,1,Undirected
Rip Torn,Linda Fiorentino,1,Undirected
Rip Torn,Al Pacino,1,Undirected
Rip Torn,Debi Mazar,1,Undirected
Rip Torn,Shirley Henderson,1,Undirected
Rip Torn,Richard Thomas,1,Undirected
Rip Torn,Kevin Zegers,1,Undirected
Rip Torn,Thomas F. Wilson,1,Undirected
Rip Torn,Maura Tierney,1,Undirected
Rip Torn,Ray Romano,1,Undirected
Rip Torn,Eddie Kaye Thomas,1,Undirected
Rip Torn,Harland Williams,1,Undirected
Rip Torn,Kelly Preston,1,Undirected
Rip Torn,Zooey Deschanel,1,Undirected
Rip Torn,John Amos,1,Undirected
Rip Torn,Vanna Bonta,1,Undirected
Rip Torn,Darren E. Burrows,1,Undirected
Rip Torn,Jenny O'Hara,1,Undirected
Aasif Mandvi,Noah Ringer,1,Undirected
Aasif Mandvi,Seychelle Gabriel,1,Undirected
Aasif Mandvi,Horatio Sanz,1,Undirected
Aasif Mandvi,Sayed Badreya,1,Undirected
Aasif Mandvi,Dania Ramirez,1,Undirected
Aasif Mandvi,Dequina Moore,1,Undirected
Aasif Mandvi,Jordan Carlos,1,Undirected
Noah Ringer,Seychelle Gabriel,1,Undirected
Jake Weber,Matt Craven,1,Undirected
Jake Weber,Dylan Baker,1,Undirected
Jake Weber,James Gammon,1,Undirected
Jake Weber,Kurt Fuller,1,Undirected
Matt Craven,Joe Morton,1,Undirected
Matt Craven,Susanna Thompson,1,Undirected
Matt Craven,Caleb Landry Jones,1,Undirected
Matt Craven,Jeremy Irvine,1,Undirected
Dan Fogler,Elisabeth Harnois,1,Undirected
Dan Fogler,Tom Everett Scott,1,Undirected
Dan Fogler,Wayne Knight,1,Undirected
Dan Fogler,Carlos Ponce,1,Undirected
Dan Fogler,Chelan Simmons,1,Undirected
Dan Fogler,Dane Cook,1,Undirected
Dan Fogler,Michael Biehn,1,Undirected
Dan Fogler,Topher Grace,1,Undirected
Dan Fogler,Indiana Evans,1,Undirected
Dan Fogler,KaDee Strickland,1,Undirected
Elisabeth Harnois,Tom Everett Scott,1,Undirected
Tom Everett Scott,Billy Brown,1,Undirected
Tom Everett Scott,Dwayne Johnson,1,Undirected
Tom Everett Scott,Colin Ferguson,1,Undirected
Tom Everett Scott,Stephen Collins,1,Undirected
Tom Everett Scott,Meryl Streep,1,Undirected
Tom Everett Scott,Bailee Madison,1,Undirected
Tom Everett Scott,Gedde Watanabe,1,Undirected
Tom Everett Scott,Amy Sedaris,1,Undirected
Tom Everett Scott,Chris Kattan,1,Undirected
Tom Everett Scott,Keenan Tracey,1,Undirected
Tom Everett Scott,Nicholas Carella,1,Undirected
David Suchet,Jürgen Prochnow,1,Undirected
David Suchet,Saffron Burrows,1,Undirected
Cara Delevingne,Nonso Anozie,3,Undirected
Cara Delevingne,Ava Acres,1,Undirected
Cara Delevingne,Sara Stewart,1,Undirected
Cara Delevingne,Meg Crosbie,1,Undirected
Cara Delevingne,Nat Wolff,1,Undirected
Nonso Anozie,Owen Teale,1,Undirected
Nonso Anozie,Colm Feore,1,Undirected
Nonso Anozie,Gemma Chan,1,Undirected
Karan Brar,Ty Burrell,1,Undirected
Karan Brar,Zach Callison,1,Undirected
Karan Brar,Rachael Harris,1,Undirected
Karan Brar,Zachary Gordon,1,Undirected
Ty Burrell,Zach Callison,1,Undirected
Ty Burrell,Peter Mensah,1,Undirected
Ty Burrell,Hugh Bonneville,1,Undirected
Ty Burrell,Tina Fey,1,Undirected
Ty Burrell,Brooke Smith,1,Undirected
Ty Burrell,Kevin Zegers,2,Undirected
Ty Burrell,Mekhi Phifer,2,Undirected
Ty Burrell,Matt Servitto,1,Undirected
Ty Burrell,Boyd Holbrook,1,Undirected
Ty Burrell,Kathleen Rose Perkins,1,Undirected
Julian Glover,Alison Doody,1,Undirected
Julian Glover,Cameron Boyce,1,Undirected
Julian Glover,Desmond Llewelyn,1,Undirected
Julian Glover,Topol,1,Undirected
Julian Glover,Bianca Brigitte VanDamme,1,Undirected
Julian Glover,Sean Pertwee,1,Undirected
Martin Short,Michael Wincott,1,Undirected
Martin Short,Joan Plowright,1,Undirected
Martin Short,Tod Fennell,1,Undirected
Martin Short,Lukas Haas,1,Undirected
Martin Short,Aria Noelle Curzon,1,Undirected
Martin Short,Eden Riegel,1,Undirected
Martin Short,Andrea Martin,2,Undirected
Martin Short,Rob Paulsen,1,Undirected
Martin Short,Joe Flaherty,1,Undirected
Colin Salmon,Rick Yune,1,Undirected
Colin Salmon,Toby Stephens,1,Undirected
Colin Salmon,Desmond Llewelyn,1,Undirected
Colin Salmon,Maria Grazia Cucinotta,1,Undirected
Colin Salmon,Joe Don Baker,1,Undirected
Colin Salmon,Vincent Schiavelli,1,Undirected
Colin Salmon,Raoul Bova,1,Undirected
Colin Salmon,Sanaa Lathan,1,Undirected
Colin Salmon,Jaymes Butler,1,Undirected
Colin Salmon,Milla Jovovich,1,Undirected
Colin Salmon,Julie Benz,1,Undirected
Colin Salmon,Wayne Knight,1,Undirected
Colin Salmon,Jake McDorman,1,Undirected
Colin Salmon,Mary Elizabeth Mastrantonio,1,Undirected
Colin Salmon,Charlotte Rampling,1,Undirected
Colin Salmon,John Neville,1,Undirected
Colin Salmon,Ian McNeice,1,Undirected
Colin Salmon,Lee Evans,1,Undirected
Colin Salmon,Luke Mably,1,Undirected
Colin Salmon,Pollyanna McIntosh,1,Undirected
Rick Yune,Toby Stephens,1,Undirected
Rick Yune,Daniel von Bargen,1,Undirected
Rick Yune,Reeve Carney,1,Undirected
Rick Yune,Daniel Wu,1,Undirected
Rick Yune,RZA,1,Undirected
Toby Stephens,David Costabile,1,Undirected
Toby Stephens,James Badge Dale,1,Undirected
Toby Stephens,Danny Dyer,1,Undirected
Toby Stephens,Laura Harris,1,Undirected
Ed Begley Jr.,Kate McKinnon,2,Undirected
Ed Begley Jr.,Zach Woods,2,Undirected
Ed Begley Jr.,Cliff Robertson,1,Undirected
Ed Begley Jr.,Lillo Brancato,1,Undirected
Ed Begley Jr.,Jenny McCarthy,1,Undirected
Ed Begley Jr.,Stacy Keach,1,Undirected
Ed Begley Jr.,Ari Graynor,1,Undirected
Ed Begley Jr.,John Heard,2,Undirected
Ed Begley Jr.,Ruby Dee,2,Undirected
Ed Begley Jr.,Catherine O'Hara,1,Undirected
Ed Begley Jr.,John Michael Higgins,1,Undirected
Ed Begley Jr.,Kurt Fuller,1,Undirected
Ed Begley Jr.,Michael McKean,1,Undirected
Ed Begley Jr.,Colette Divine,1,Undirected
Ed Begley Jr.,Phyllis Diller,1,Undirected
Kate McKinnon,Zach Woods,2,Undirected
Zach Woods,Greta Gerwig,1,Undirected
Zach Woods,Megalyn Echikunwoke,1,Undirected
Bruce Willis,Will Patton,1,Undirected
Bruce Willis,Cyril Raffaelli,1,Undirected
Bruce Willis,Jonathan Sadowski,1,Undirected
Bruce Willis,Sylvester Stallone,1,Undirected
Bruce Willis,Milla Jovovich,1,Undirected
Bruce Willis,Cole Hauser,3,Undirected
Bruce Willis,Megalyn Echikunwoke,1,Undirected
Bruce Willis,Aldis Hodge,1,Undirected
Bruce Willis,Kevin Chamberlin,1,Undirected
Bruce Willis,Catherine O'Hara,1,Undirected
Bruce Willis,Garrick Hagon,1,Undirected
Bruce Willis,Boris Kodjoe,1,Undirected
Bruce Willis,Devin Ratray,1,Undirected
Bruce Willis,Tom Skerritt,1,Undirected
Bruce Willis,Azura Skye,1,Undirected
Bruce Willis,Brían F. O'Byrne,1,Undirected
Bruce Willis,Ransford Doherty,1,Undirected
Bruce Willis,Michael Kelly,1,Undirected
Bruce Willis,Franco Nero,1,Undirected
Bruce Willis,John Amos,1,Undirected
Bruce Willis,Denzel Washington,1,Undirected
Bruce Willis,Mark Valley,1,Undirected
Bruce Willis,Rory Cochrane,1,Undirected
Bruce Willis,Daniel von Bargen,1,Undirected
Bruce Willis,Lily Tomlin,1,Undirected
Bruce Willis,James Coburn,1,Undirected
Bruce Willis,Richard E. Grant,1,Undirected
Bruce Willis,Jaqueline Fleming,1,Undirected
Bruce Willis,Sophie Okonedo,1,Undirected
Bruce Willis,Carrie Preston,2,Undirected
Bruce Willis,Miko Hughes,2,Undirected
Bruce Willis,Isabella Rossellini,1,Undirected
Bruce Willis,Meryl Streep,1,Undirected
Bruce Willis,Rita Wilson,1,Undirected
Bruce Willis,Tim Matheson,1,Undirected
Bruce Willis,David Zayas,1,Undirected
Bruce Willis,Sasha Roiz,1,Undirected
Bruce Willis,Haley Joel Osment,1,Undirected
Bruce Willis,Olivia Williams,1,Undirected
Bruce Willis,Kevin Pollak,1,Undirected
Bruce Willis,Tracy Morgan,1,Undirected
Bruce Willis,Tracie Thoms,1,Undirected
Bruce Willis,Matthew Perry,2,Undirected
Bruce Willis,Natasha Henstridge,2,Undirected
Bruce Willis,Reginald VelJohnson,1,Undirected
Bruce Willis,Dorian Missick,2,Undirected
Bruce Willis,Óscar Jaenada,1,Undirected
Bruce Willis,50 Cent,1,Undirected
Bruce Willis,Jessica Lowndes,1,Undirected
Bruce Willis,Bob Balaban,1,Undirected
Bruce Willis,Demi Moore,1,Undirected
Bruce Willis,John Doman,1,Undirected
Bruce Willis,Omar Epps,1,Undirected
Bruce Willis,Eric Stoltz,1,Undirected
Bruce Willis,Phil LaMarr,1,Undirected
Will Patton,Kevin McNally,1,Undirected
Will Patton,Maury Chaykin,1,Undirected
Will Patton,David Eigenberg,1,Undirected
Will Patton,Debra Messing,1,Undirected
Will Patton,Stephen Baldwin,1,Undirected
Will Patton,Akie Kotabe,1,Undirected
Will Patton,Luke Bracey,1,Undirected
Will Patton,Hakeem Kae-Kazim,1,Undirected
Will Patton,Milla Jovovich,1,Undirected
Will Patton,Q'orianka Kilcher,1,Undirected
Will Patton,Shaun Evans,1,Undirected
Rosario Dawson,Burt Young,1,Undirected
Rosario Dawson,Randy Quaid,1,Undirected
Rosario Dawson,Logan Lerman,1,Undirected
Rosario Dawson,Denzel Washington,2,Undirected
Rosario Dawson,Ethan Suplee,1,Undirected
Rosario Dawson,Dwayne Johnson,1,Undirected
Rosario Dawson,Cameron Boyce,1,Undirected
Rosario Dawson,Ethan Embry,1,Undirected
Rosario Dawson,Leslie Bibb,1,Undirected
Rosario Dawson,Nicholas Turturro,1,Undirected
Rosario Dawson,Madison Pettis,1,Undirected
Rosario Dawson,Quentin Tarantino,1,Undirected
Rosario Dawson,Zoë Bell,1,Undirected
Rosario Dawson,Jason Douglas,1,Undirected
Rosario Dawson,Powers Boothe,1,Undirected
Rosario Dawson,David Fine,1,Undirected
Rosario Dawson,Jesse L. Martin,1,Undirected
Rosario Dawson,Milla Jovovich,1,Undirected
Rosario Dawson,Aries Spears,1,Undirected
Rosario Dawson,Paulo Costanzo,1,Undirected
Rosario Dawson,Spencer Wilding,2,Undirected
Rosario Dawson,Tuppence Middleton,2,Undirected
Rosario Dawson,Robert Ri'chard,1,Undirected
Rosario Dawson,Vanessa Williams,1,Undirected
Rosario Dawson,J.B. Smoove,1,Undirected
Rosario Dawson,Romany Malco,1,Undirected
Rosario Dawson,Lauren German,1,Undirected
Rosario Dawson,Shawn Hatosy,1,Undirected
Rosario Dawson,Cas Anvar,1,Undirected
Rosario Dawson,Hayden Christensen,1,Undirected
Rosario Dawson,Aaron Stanford,1,Undirected
Rosario Dawson,Justin Pierce,1,Undirected
Rosario Dawson,Leo Fitzpatrick,1,Undirected
Wayne Knight,Michael Jordan,1,Undirected
Wayne Knight,Ariana Richards,1,Undirected
Wayne Knight,Bob Peck,1,Undirected
Wayne Knight,Kristen Johnston,1,Undirected
Wayne Knight,Julie Benz,1,Undirected
Wayne Knight,Holland Taylor,1,Undirected
Wayne Knight,Kurtwood Smith,1,Undirected
Michael Nyqvist,Gustaf Skarsgård,1,Undirected
Michael Nyqvist,Vincent Perez,1,Undirected
Michael Nyqvist,David Dencik,1,Undirected
Michael Nyqvist,Lena Endre,1,Undirected
Michael Nyqvist,Frida Hallgren,1,Undirected
Michael Nyqvist,Nils-Anders Vallgårda,1,Undirected
Kamil McFadden,Khamani Griffin,1,Undirected
Khamani Griffin,Melissa Sturm,1,Undirected
Khamani Griffin,Will Forte,1,Undirected
David Herman,John Michael Higgins,1,Undirected
David Herman,Richard Burgi,1,Undirected
David Herman,Anthony 'Citric' Campos,1,Undirected
David Herman,Patrick Fischler,1,Undirected
John Michael Higgins,Richard Burgi,1,Undirected
John Michael Higgins,Natasha Lyonne,1,Undirected
John Michael Higgins,Ann-Margret,1,Undirected
John Michael Higgins,Demi Moore,1,Undirected
John Michael Higgins,Viggo Mortensen,1,Undirected
John Michael Higgins,Eric Winter,1,Undirected
John Michael Higgins,Robert De Niro,1,Undirected
John Michael Higgins,Catherine O'Hara,2,Undirected
John Michael Higgins,Michael McKean,1,Undirected
Richard Burgi,Valerie Cruz,1,Undirected
Richard Burgi,Will Beinbrink,1,Undirected
Richard Burgi,Magda Apanowicz,1,Undirected
Chad Lindberg,Tony Goldwyn,1,Undirected
Chad Lindberg,Carmen Ejogo,1,Undirected
Chad Lindberg,Cicely Tyson,1,Undirected
Chad Lindberg,Daniel Franzese,1,Undirected
Chad Lindberg,Sarah Butler,1,Undirected
Tony Goldwyn,Michael Rapaport,1,Undirected
Tony Goldwyn,Robert Duvall,1,Undirected
Tony Goldwyn,Denzel Washington,1,Undirected
Tony Goldwyn,Julia Roberts,1,Undirected
Tony Goldwyn,Mini Anden,1,Undirected
Tony Goldwyn,Tatyana Ali,1,Undirected
Tony Goldwyn,Zooey Deschanel,1,Undirected
Tony Goldwyn,Demi Moore,1,Undirected
Tony Goldwyn,Phil Leeds,1,Undirected
Tony Goldwyn,Martha MacIsaac,2,Undirected
Tony Goldwyn,Monica Potter,2,Undirected
Tony Goldwyn,Ron Palillo,1,Undirected
Tony Goldwyn,Vincent Guastaferro,1,Undirected
Ben Mendelsohn,María Valverde,2,Undirected
Ben Mendelsohn,Nicholas Lea,1,Undirected
Ben Mendelsohn,Scott Glenn,1,Undirected
Ben Mendelsohn,Robert De Niro,1,Undirected
Ben Mendelsohn,Chandler Canterbury,1,Undirected
Ben Mendelsohn,Tom Selleck,1,Undirected
Ben Mendelsohn,Angelo Anthony Pizza,1,Undirected
Ben Mendelsohn,Ryan Gosling,1,Undirected
Ben Mendelsohn,Sam Shepard,1,Undirected
María Valverde,Chad Bishop,1,Undirected
María Valverde,Chris Marquette,1,Undirected
Leonard Nimoy,Cree Summer,1,Undirected
Leonard Nimoy,Jim Varney,1,Undirected
Leonard Nimoy,Nichelle Nichols,6,Undirected
Leonard Nimoy,Walter Koenig,4,Undirected
Leonard Nimoy,Kurtwood Smith,1,Undirected
Leonard Nimoy,Noureen DeWulf,1,Undirected
Leonard Nimoy,Phil LaMarr,1,Undirected
Leonard Nimoy,Kirstie Alley,1,Undirected
Bryan Brown,Elodie Yung,1,Undirected
Bryan Brown,Eddie Baroo,1,Undirected
Elodie Yung,Dwayne Johnson,1,Undirected
Joe Morton,Richard Roxburgh,1,Undirected
Joe Morton,Sam Shepard,1,Undirected
Joe Morton,Jenette Goldstein,1,Undirected
Joe Morton,S. Epatha Merkerson,1,Undirected
Joe Morton,Ivana Milicevic,1,Undirected
Joe Morton,Susanna Thompson,1,Undirected
Joe Morton,J.T. Walsh,1,Undirected
Joe Morton,Alan Ruck,1,Undirected
Joe Morton,Larenz Tate,1,Undirected
Joe Morton,Rory Culkin,1,Undirected
Joe Morton,Colin Ferguson,1,Undirected
Joe Morton,Salli Richardson-Whitfield,1,Undirected
Richard Roxburgh,Sam Shepard,1,Undirected
Richard Roxburgh,Dougray Scott,1,Undirected
Richard Roxburgh,Abbie Cornish,1,Undirected
Richard Roxburgh,Anthony LaPaglia,1,Undirected
Richard Roxburgh,Kylie Minogue,1,Undirected
Richard Roxburgh,Ioan Gruffudd,1,Undirected
Richard Roxburgh,Rhys Wakefield,1,Undirected
Richard Roxburgh,Clive Russell,1,Undirected
Sam Shepard,Ioan Gruffudd,1,Undirected
Sam Shepard,Denzel Washington,1,Undirected
Sam Shepard,Henry Thomas,1,Undirected
Sam Shepard,Matt Damon,1,Undirected
Sam Shepard,Dwight Yoakam,1,Undirected
Sam Shepard,Scott Glenn,1,Undirected
Sam Shepard,Dendrie Taylor,1,Undirected
Sam Shepard,Paul Sparks,1,Undirected
Sam Shepard,Dianne Wiest,1,Undirected
Sam Shepard,Mark Duplass,1,Undirected
Sam Shepard,Dominique McElligott,1,Undirected
Sam Shepard,Stephen Rea,1,Undirected
Sam Shepard,Richard Libertini,1,Undirected
Sam Shepard,Stuart Margolin,1,Undirected
Billy Crudup,Matt Frewer,1,Undirected
Billy Crudup,Stephen McHattie,1,Undirected
Billy Crudup,Julia Roberts,1,Undirected
Billy Crudup,Lili Taylor,1,Undirected
Billy Crudup,Billy Burke,1,Undirected
Billy Crudup,Monica Potter,1,Undirected
Billy Crudup,Brian d'Arcy James,1,Undirected
Billy Crudup,Jamey Sheridan,1,Undirected
Billy Crudup,Minnie Driver,1,Undirected
Billy Crudup,Dagmara Dominczyk,1,Undirected
Billy Crudup,David Adam Flannery,1,Undirected
Billy Crudup,Felicity Huffman,1,Undirected
Billy Crudup,Mark Webber,1,Undirected
Matt Frewer,Stephen McHattie,1,Undirected
Matt Frewer,Sissy Spacek,1,Undirected
Matt Frewer,Katharine Isabelle,1,Undirected
Matt Frewer,Michael Paré,1,Undirected
Stephen McHattie,Jason Momoa,1,Undirected
Stephen McHattie,Jennifer Hale,1,Undirected
Stephen McHattie,Julie LeBreton,1,Undirected
Stephen McHattie,Roy Dupuis,1,Undirected
Stephen McHattie,Gary Farmer,1,Undirected
Stephen McHattie,Keith Carradine,1,Undirected
Stephen McHattie,Jeremy Davies,1,Undirected
Stephen McHattie,Lesley Ann Warren,1,Undirected
Stephen McHattie,Boyd Banks,1,Undirected
Stephen McHattie,Georgina Reilly,2,Undirected
Stephen McHattie,Thure Lindhardt,1,Undirected
Darlene Love,Rene Russo,1,Undirected
Rene Russo,Lili Taylor,1,Undirected
Rene Russo,Cheech Marin,1,Undirected
Rene Russo,Don Johnson,1,Undirected
Rene Russo,Robert De Niro,1,Undirected
Rene Russo,Nick Chinlund,1,Undirected
Rene Russo,Stuart Wilson,1,Undirected
Rene Russo,Jon Gries,1,Undirected
Rene Russo,Corbin Bernsen,1,Undirected
Rene Russo,Tom Berenger,1,Undirected
Celia Weston,Kevin Rankin,1,Undirected
Celia Weston,Regi Davis,1,Undirected
Celia Weston,Adam Arkin,1,Undirected
Celia Weston,Jesse James,1,Undirected
Celia Weston,Gillian Jacobs,1,Undirected
Celia Weston,Collette Wolfe,1,Undirected
Celia Weston,Dan Bakkedahl,1,Undirected
Celia Weston,Michael Gaston,1,Undirected
Celia Weston,Lois Smith,1,Undirected
Celia Weston,Robert Prosky,1,Undirected
Kevin Rankin,Regi Davis,1,Undirected
Kevin Rankin,Gaby Hoffmann,1,Undirected
Kevin Rankin,Michiel Huisman,1,Undirected
Dwayne Johnson,Archie Panjabi,1,Undirected
Dwayne Johnson,Ioan Gruffudd,1,Undirected
Dwayne Johnson,Derek Jeter,1,Undirected
Dwayne Johnson,Will Ferrell,1,Undirected
Dwayne Johnson,Ingrid Bolsø Berdal,2,Undirected
Dwayne Johnson,Rufus Sewell,2,Undirected
Dwayne Johnson,Patricia Velasquez,1,Undirected
Dwayne Johnson,Kristin Davis,1,Undirected
Dwayne Johnson,Christina Milian,1,Undirected
Dwayne Johnson,Debi Mazar,1,Undirected
Dwayne Johnson,Ben Daniels,1,Undirected
Dwayne Johnson,Dexter Fletcher,1,Undirected
Dwayne Johnson,Bernard Hill,1,Undirected
Dwayne Johnson,Roger Rees,1,Undirected
Dwayne Johnson,James Corden,1,Undirected
Dwayne Johnson,Ashley Scott,1,Undirected
Dwayne Johnson,Michael Bowen,1,Undirected
Dwayne Johnson,Megan Park,1,Undirected
Dwayne Johnson,Billy Brown,1,Undirected
Dwayne Johnson,Jurnee Smollett-Bell,1,Undirected
Dwayne Johnson,Larry Hankin,1,Undirected
Dwayne Johnson,Michael Rispoli,1,Undirected
Dwayne Johnson,Mike Epps,1,Undirected
Dwayne Johnson,Tom Berenger,1,Undirected
Dwayne Johnson,Kyra Sedgwick,1,Undirected
Dwayne Johnson,Madison Pettis,1,Undirected
Dwayne Johnson,Harold Perrineau,2,Undirected
Dwayne Johnson,Nadine Velazquez,2,Undirected
Jean Simmons,Ming-Na Wen,1,Undirected
Jean Simmons,Blythe Danner,1,Undirected
Jean Simmons,Richard Burton,1,Undirected
Jean Simmons,Victor Mature,1,Undirected
Jean Simmons,Gene Tierney,1,Undirected
Jean Simmons,Peter Ustinov,1,Undirected
Jean Simmons,Edward Andrews,1,Undirected
Jean Simmons,Shirley Jones,1,Undirected
Ming-Na Wen,Harvey Fierstein,1,Undirected
Ming-Na Wen,June Foray,1,Undirected
Ming-Na Wen,Kylie Minogue,1,Undirected
Ming-Na Wen,Raul Julia,1,Undirected
Ming-Na Wen,Collins Pennie,1,Undirected
Ming-Na Wen,Scott Porter,1,Undirected
Desmond Llewelyn,Maria Grazia Cucinotta,1,Undirected
Desmond Llewelyn,Joe Don Baker,1,Undirected
Desmond Llewelyn,Lois Chiles,1,Undirected
Desmond Llewelyn,Lois Maxwell,3,Undirected
Desmond Llewelyn,Topol,1,Undirected
Desmond Llewelyn,Barbara Bach,1,Undirected
Desmond Llewelyn,Caroline Munro,1,Undirected
Desmond Llewelyn,Burt Kwouk,1,Undirected
Desmond Llewelyn,Donald Pleasence,1,Undirected
Desmond Llewelyn,Earl Cameron,1,Undirected
Desmond Llewelyn,George Lazenby,1,Undirected
Desmond Llewelyn,Telly Savalas,1,Undirected
Desmond Llewelyn,Jill St. John,1,Undirected
Desmond Llewelyn,Hervé Villechaize,1,Undirected
David Threlfall,James D'Arcy,1,Undirected
David Threlfall,Lee Ingleby,1,Undirected
James D'Arcy,Lee Ingleby,1,Undirected
James D'Arcy,Alan Ford,1,Undirected
James D'Arcy,Izabella Scorupco,1,Undirected
James D'Arcy,Rob Riggle,1,Undirected
James D'Arcy,Sissy Spacek,1,Undirected
James D'Arcy,Vernon Dobtcheff,1,Undirected
Taylor Lautner,Alyson Stoner,1,Undirected
Taylor Lautner,Tom Welling,1,Undirected
Taylor Lautner,Adam Sandler,1,Undirected
Taylor Lautner,Jon Lovitz,1,Undirected
Taylor Lautner,Kristin Davis,1,Undirected
Taylor Lautner,Taylor Dooley,1,Undirected
Taylor Lautner,Anna Kendrick,2,Undirected
Peter Mensah,Sullivan Stapleton,1,Undirected
Peter Mensah,Viggo Mortensen,1,Undirected
Peter Mensah,Kane Hodder,1,Undirected
Peter Mensah,Lexa Doig,1,Undirected
Peter Mensah,Kelvin Taylor,1,Undirected
Peter Mensah,Viva Bianca,1,Undirected
Don Johnson,John Diehl,1,Undirected
Don Johnson,Philip Michael Thomas,1,Undirected
Don Johnson,Cheech Marin,2,Undirected
Don Johnson,David Thornton,1,Undirected
Don Johnson,Kate Upton,1,Undirected
Don Johnson,Tia Carrere,1,Undirected
Don Johnson,Vanessa Williams,1,Undirected
Don Johnson,Robert De Niro,1,Undirected
Don Johnson,Kevin Nealon,1,Undirected
Don Johnson,Nicholas Turturro,1,Undirected
John Diehl,Philip Michael Thomas,1,Undirected
Mark Rylance,Penelope Wilton,1,Undirected
Mark Rylance,Rafe Spall,1,Undirected
Mark Rylance,Amy Ryan,1,Undirected
Mark Rylance,Jasmine Trinca,1,Undirected
Penelope Wilton,Rafe Spall,1,Undirected
Penelope Wilton,Denzel Washington,1,Undirected
Penelope Wilton,Kevin McNally,1,Undirected
Penelope Wilton,Mark Gatiss,1,Undirected
Penelope Wilton,Celia Imrie,1,Undirected
Rafe Spall,Suraj Sharma,1,Undirected
Rafe Spall,Tabu,1,Undirected
Rafe Spall,Joely Richardson,1,Undirected
Rafe Spall,Vanessa Redgrave,1,Undirected
Rafe Spall,Jim Sturgess,1,Undirected
Rafe Spall,Dylan Moran,1,Undirected
Rafe Spall,Peter Serafinowicz,1,Undirected
Lukas Haas,David O'Hara,1,Undirected
Lukas Haas,Viggo Mortensen,1,Undirected
Lukas Haas,Alex Rocco,1,Undirected
Lukas Haas,Katherine Helmond,1,Undirected
Ben Schwartz,Snoop Dogg,1,Undirected
Ben Schwartz,Glenn Howerton,1,Undirected
Ben Schwartz,Sunil Narkar,1,Undirected
Snoop Dogg,Carmen Electra,1,Undirected
Snoop Dogg,Fred Williamson,1,Undirected
Snoop Dogg,Denzel Washington,1,Undirected
Snoop Dogg,Tom Berenger,1,Undirected
Snoop Dogg,Marisa Saks,1,Undirected
Snoop Dogg,Molly Shannon,1,Undirected
Snoop Dogg,Angell Conwell,1,Undirected
Snoop Dogg,Mo'Nique,2,Undirected
Snoop Dogg,Tom Arnold,1,Undirected
Snoop Dogg,Laz Alonso,1,Undirected
Snoop Dogg,Nicholas Gonzalez,1,Undirected
Stephen Root,Alexander Gould,1,Undirected
Stephen Root,Denis Leary,1,Undirected
Stephen Root,Goran Visnjic,1,Undirected
Stephen Root,Rachael Harris,1,Undirected
Stephen Root,Richard Schiff,1,Undirected
Stephen Root,Ronny Cox,1,Undirected
Stephen Root,George Carlin,1,Undirected
Stephen Root,Mike Starr,1,Undirected
Stephen Root,Gary Cole,3,Undirected
Stephen Root,Kate Capshaw,1,Undirected
Stephen Root,Ken Takakura,1,Undirected
Stephen Root,Barry Corbin,1,Undirected
Stephen Root,Roger Cross,1,Undirected
Stephen Root,Ted Danson,1,Undirected
Stephen Root,Alex Rocco,1,Undirected
Stephen Root,Haley Joel Osment,1,Undirected
Stephen Root,Wendi McLendon-Covey,1,Undirected
Stephen Root,William Morgan Sheppard,1,Undirected
Stephen Root,Alia Shawkat,1,Undirected
Stephen Root,Kurtwood Smith,1,Undirected
Stephen Root,Scott Takeda,1,Undirected
Stephen Root,Will Ferrell,1,Undirected
Stephen Root,Anna Gunn,1,Undirected
Stephen Root,Michael Angarano,1,Undirected
Andy Richter,Annet Mahendru,1,Undirected
Andy Richter,Natasha Lyonne,1,Undirected
Andy Richter,Veronica Cartwright,1,Undirected
Matt Damon,Ato Essandoh,1,Undirected
Matt Damon,Riz Ahmed,1,Undirected
Matt Damon,Benedict Wong,1,Undirected
Matt Damon,Donald Glover,1,Undirected
Matt Damon,Igal Naor,1,Undirected
Matt Damon,Sean Huze,1,Undirected
Matt Damon,Joan Allen,1,Undirected
Matt Damon,Oksana Akinshina,1,Undirected
Matt Damon,Al Pacino,1,Undirected
Matt Damon,Charles Napier,1,Undirected
Matt Damon,Zahn McClarnon,1,Undirected
Matt Damon,Mackenzie Crook,1,Undirected
Matt Damon,Nathan Lane,1,Undirected
Matt Damon,Bob Balaban,1,Undirected
Matt Damon,Josh Hamilton,1,Undirected
Matt Damon,Nicky Naudé,1,Undirected
Matt Damon,Griffin Kane,1,Undirected
Matt Damon,Monique Gabriela Curnen,1,Undirected
Matt Damon,Leleti Khumalo,1,Undirected
Matt Damon,Seymour Cassel,1,Undirected
Matt Damon,Terence Bernie Hines,1,Undirected
Matt Damon,Jon Stewart,1,Undirected
Matt Damon,Michael Kelly,1,Undirected
Matt Damon,Stephanie Szostak,1,Undirected
Matt Damon,Amr Waked,2,Undirected
Matt Damon,Kayvan Novak,2,Undirected
Matt Damon,Cécile De France,1,Undirected
Matt Damon,Jay Mohr,1,Undirected
Matt Damon,Denzel Washington,1,Undirected
Matt Damon,Scott Glenn,1,Undirected
Matt Damon,Henry Thomas,1,Undirected
Matt Damon,Dean Stockwell,1,Undirected
Matt Damon,Virginia Madsen,1,Undirected
Matt Damon,Bruce Green,1,Undirected
Matt Damon,Jacob Pitts,1,Undirected
Matt Damon,Scott Mechlowicz,1,Undirected
Matt Damon,Joel McHale,1,Undirected
Matt Damon,Thomas F. Wilson,1,Undirected
Matt Damon,Hal Holbrook,1,Undirected
Matt Damon,Terry Kinney,1,Undirected
Matt Damon,John Gallagher Jr.,1,Undirected
Matt Damon,Kieran Culkin,1,Undirected
Matt Damon,Gretchen Mol,1,Undirected
Matt Damon,Martin Landau,1,Undirected
Matt Damon,Minnie Driver,1,Undirected
Matt Damon,George Carlin,1,Undirected
Matt Damon,Casey Affleck,1,Undirected
Matt Damon,Barney Frank,1,Undirected
Matt Damon,George W. Bush,1,Undirected
Matt Damon,Ethan Suplee,1,Undirected
Matt Damon,Joey Lauren Adams,1,Undirected
T.I.,Eric Stonestreet,1,Undirected
T.I.,Adam Boyer,1,Undirected
T.I.,Malika,1,Undirected
Sandra Ellis Lafferty,Dallas Roberts,1,Undirected
Sandra Ellis Lafferty,Tyler Hilton,1,Undirected
Sandra Ellis Lafferty,Derek Luke,1,Undirected
Sandra Ellis Lafferty,Karolina Wydra,1,Undirected
Sandra Ellis Lafferty,Madison Lintz,1,Undirected
April Winchell,Jim Parsons,3,Undirected
April Winchell,Matt Jones,3,Undirected
Jim Parsons,Matt Jones,3,Undirected
Jim Parsons,Michael Weston,1,Undirected
Matt Jones,Abby Elliott,1,Undirected
Lisa Ann Walter,Rick Gonzalez,1,Undirected
Lisa Ann Walter,Catherine O'Hara,1,Undirected
Lisa Ann Walter,Tom Selleck,1,Undirected
Lisa Ann Walter,Nick Cannon,1,Undirected
Lisa Ann Walter,Matt Walsh,1,Undirected
Lisa Ann Walter,Shaun Weiss,1,Undirected
Rick Gonzalez,Robert Ri'chard,1,Undirected
Rick Gonzalez,Frank Grillo,1,Undirected
Rick Gonzalez,Jennifer Ehle,1,Undirected
Rick Gonzalez,Christina Milian,1,Undirected
Rick Gonzalez,Ian Somerhalder,1,Undirected
Henry Rollins,Jordi Mollà,1,Undirected
Henry Rollins,Jason London,1,Undirected
Henry Rollins,Eric Dane,1,Undirected
Henry Rollins,Krista Allen,1,Undirected
Jordi Mollà,Marc Blucas,3,Undirected
Jordi Mollà,Abbie Cornish,1,Undirected
Jordi Mollà,Callum Blue,1,Undirected
Jordi Mollà,Jesse Borrego,1,Undirected
Jordi Mollà,Dougray Scott,1,Undirected
Jordi Mollà,Lily Cole,1,Undirected
Jordi Mollà,Doug Cockle,1,Undirected
Jordi Mollà,Ethan Suplee,1,Undirected
Amy Sedaris,Constance Marie,1,Undirected
Amy Sedaris,Anne Heche,1,Undirected
Amy Sedaris,Catherine O'Hara,1,Undirected
Amy Sedaris,Cynthia Stevenson,1,Undirected
Amy Sedaris,Chris Kattan,1,Undirected
Amy Sedaris,Maria Thayer,1,Undirected
Amy Sedaris,Jason Ritter,1,Undirected
Amy Sedaris,Matt Walsh,1,Undirected
Constance Marie,Jacob Vargas,1,Undirected
Constance Marie,Jon Seda,1,Undirected
Emma Watson,Logan Lerman,1,Undirected
Emma Watson,Aaron Ashmore,1,Undirected
Emma Watson,Julian Richings,1,Undirected
Logan Lerman,Brandon T. Jackson,1,Undirected
Logan Lerman,Leven Rambin,1,Undirected
Logan Lerman,Milla Jovovich,1,Undirected
Logan Lerman,Jim Parrack,1,Undirected
Logan Lerman,Alison Lohman,1,Undirected
Logan Lerman,Gretchen Mol,1,Undirected
Logan Lerman,Ed Lauter,1,Undirected
Logan Lerman,Virginia Madsen,1,Undirected
Logan Lerman,Sarah Gadon,1,Undirected
Logan Lerman,Tracy Letts,1,Undirected
Logan Lerman,Neil Flynn,1,Undirected
Logan Lerman,Tim Blake Nelson,1,Undirected
Logan Lerman,Cameron Bright,1,Undirected
Logan Lerman,Eric Stoltz,1,Undirected
Logan Lerman,Ezra Miller,1,Undirected
Logan Lerman,Kate Walsh,1,Undirected
Mackenzie Crook,Toby Jones,1,Undirected
Mackenzie Crook,Tony Curran,1,Undirected
Mackenzie Crook,Al Pacino,1,Undirected
Mackenzie Crook,Kris Marshall,1,Undirected
Mackenzie Crook,Derek Jacobi,1,Undirected
Toby Jones,Tony Curran,1,Undirected
Toby Jones,Alfred Enoch,1,Undirected
Toby Jones,Harry Treadaway,1,Undirected
Toby Jones,Colin O'Donoghue,1,Undirected
Toby Jones,Clint Howard,1,Undirected
Toby Jones,Bruce McGill,1,Undirected
Toby Jones,Scott Glenn,1,Undirected
Toby Jones,Alan David,1,Undirected
Toby Jones,Sally Hawkins,1,Undirected
Toby Jones,Craig Roberts,1,Undirected
Toby Jones,Robert De Niro,1,Undirected
Toby Jones,Alexa Davalos,1,Undirected
Toby Jones,Jeffrey DeMunn,1,Undirected
Toby Jones,Hope Davis,1,Undirected
Toby Jones,Isabella Rossellini,1,Undirected
Tony Curran,Clive Russell,1,Undirected
Tony Curran,Vladimir Kulich,1,Undirected
Tony Curran,Max Ryan,1,Undirected
Tony Curran,Miranda Otto,1,Undirected
Tony Curran,Norman Reedus,1,Undirected
Tony Curran,Grant Bowler,1,Undirected
Tony Curran,Julie Benz,1,Undirected
Tony Curran,Derek Jacobi,1,Undirected
Tony Curran,Brandon T. Jackson,1,Undirected
Tony Curran,Portia Doubleday,1,Undirected
Tony Curran,Beau Bridges,1,Undirected
Tony Curran,Leland Orser,1,Undirected
Tony Curran,Alicja Bachleda,1,Undirected
Tony Curran,Stephen Rea,1,Undirected
Tony Curran,David Kross,1,Undirected
Alfre Woodard,D.B. Sweeney,1,Undirected
Alfre Woodard,Della Reese,1,Undirected
Alfre Woodard,Jonathan Frakes,1,Undirected
Alfre Woodard,LeVar Burton,1,Undirected
Alfre Woodard,Debra Winger,1,Undirected
Alfre Woodard,Riley Smith,1,Undirected
Alfre Woodard,Robert Mitchum,1,Undirected
Alfre Woodard,Jasika Nicole,1,Undirected
Alfre Woodard,Yaya DaCosta,1,Undirected
Alfre Woodard,Mary McDonnell,1,Undirected
Alfre Woodard,Zooey Deschanel,1,Undirected
Alfre Woodard,Cree Summer,1,Undirected
Alfre Woodard,Flea,1,Undirected
Alfre Woodard,Keshia Knight Pulliam,1,Undirected
Alfre Woodard,LisaRaye McCoy,1,Undirected
Alfre Woodard,Omar Epps,1,Undirected
Alfre Woodard,Sanaa Lathan,1,Undirected
Alfre Woodard,Isaiah Washington,1,Undirected
Alfre Woodard,Annabelle Wallis,1,Undirected
Alfre Woodard,Gabriel Bateman,1,Undirected
Alfre Woodard,Dave Fennoy,1,Undirected
Alfre Woodard,Jane Goodall,1,Undirected
D.B. Sweeney,Della Reese,1,Undirected
D.B. Sweeney,Luke Grimes,1,Undirected
D.B. Sweeney,Joshua Mikel,2,Undirected
D.B. Sweeney,Robert De Niro,2,Undirected
D.B. Sweeney,DeWayne Warren,1,Undirected
Della Reese,Faizon Love,1,Undirected
Della Reese,Lynn Whitfield,1,Undirected
Dave Legeno,Ralph Ineson,1,Undirected
Dave Legeno,Kevin McNally,1,Undirected
Dave Legeno,Pam Ferris,1,Undirected
Dave Legeno,JJ Feild,1,Undirected
Dave Legeno,Doug Bradley,1,Undirected
Dave Legeno,Georgia Groome,1,Undirected
Ralph Ineson,Dan Futterman,1,Undirected
Ralph Ineson,Peter McNamara,1,Undirected
Ralph Ineson,Julian Richings,1,Undirected
Ralph Ineson,Kate Dickie,1,Undirected
Will Ferrell,Derek Jeter,1,Undirected
Will Ferrell,Anna Friel,1,Undirected
Will Ferrell,Bobb'e J. Thompson,1,Undirected
Will Ferrell,Katherine LaNasa,1,Undirected
Will Ferrell,Thomas Middleditch,1,Undirected
Will Ferrell,Gary Cole,1,Undirected
Will Ferrell,Leslie Bibb,1,Undirected
Will Ferrell,Adam Scott,1,Undirected
Will Ferrell,Andrea Savage,1,Undirected
Will Ferrell,Jon Heder,1,Undirected
Will Ferrell,Alison Brie,2,Undirected
Will Ferrell,Matt Walsh,1,Undirected
Will Ferrell,Maura Tierney,1,Undirected
Will Ferrell,Linda Cardellini,1,Undirected
Will Ferrell,Mark L. Young,1,Undirected
Will Ferrell,Alexander Gould,1,Undirected
Will Ferrell,Frank Welker,1,Undirected
Will Ferrell,Justin Theroux,1,Undirected
Will Ferrell,Milla Jovovich,2,Undirected
Will Ferrell,Robert Duvall,1,Undirected
Will Ferrell,Jon Lovitz,1,Undirected
Will Ferrell,Craig T. Nelson,1,Undirected
Will Ferrell,Zooey Deschanel,2,Undirected
Will Ferrell,Christian Stolte,1,Undirected
Will Ferrell,Danny Rhodes,1,Undirected
Will Ferrell,Darcy Donavan,1,Undirected
Will Ferrell,Leah Remini,1,Undirected
Will Ferrell,Patrick Fischler,1,Undirected
Will Ferrell,Jason Mewes,1,Undirected
Will Ferrell,Shannon Elizabeth,1,Undirected
Will Ferrell,Charles Napier,1,Undirected
Will Ferrell,Robert Wagner,1,Undirected
Will Ferrell,Chris Kattan,1,Undirected
Will Ferrell,Dan Hedaya,1,Undirected
Will Ferrell,Jamie Lee Curtis,1,Undirected
Will Ferrell,Tracey Walter,1,Undirected
Will Ferrell,Elaine Hendrix,1,Undirected
Will Ferrell,Molly Shannon,1,Undirected
Will Ferrell,John Witherspoon,1,Undirected
Will Ferrell,Tim Meadows,1,Undirected
Will Ferrell,Eddie Griffin,1,Undirected
Will Ferrell,Jacob Vargas,1,Undirected
Will Ferrell,Adrian Martinez,1,Undirected
Will Ferrell,Luis E. Carazo,1,Undirected
Will Ferrell,Scott Takeda,1,Undirected
Will Ferrell,Dallas Roberts,1,Undirected
Verne Troyer,Josh Zuckerman,1,Undirected
Verne Troyer,Robert Wagner,2,Undirected
Verne Troyer,Romany Malco,1,Undirected
Verne Troyer,Muse Watson,1,Undirected
Verne Troyer,Lily Cole,1,Undirected
Stephanie Szostak,Anthony Edwards,1,Undirected
Stephanie Szostak,Minnie Driver,1,Undirected
Stephanie Szostak,Salvatore Santone,1,Undirected
Stephanie Szostak,Sarah Rafferty,1,Undirected
Jürgen Prochnow,Seth Gabel,1,Undirected
Jürgen Prochnow,José Ferrer,1,Undirected
Jürgen Prochnow,Virginia Madsen,1,Undirected
Jürgen Prochnow,Saffron Burrows,1,Undirected
Jürgen Prochnow,Herbert Grönemeyer,1,Undirected
Jürgen Prochnow,Martin Semmelrogge,1,Undirected
Jeffrey Garcia,Miguel Ferrer,1,Undirected
Jeffrey Garcia,Rachel Crow,1,Undirected
Miguel Ferrer,Rachel Crow,1,Undirected
Miguel Ferrer,Gigi Rice,1,Undirected
Miguel Ferrer,Susie Essman,1,Undirected
Miguel Ferrer,Edie Falco,1,Undirected
Miguel Ferrer,Timothy Hutton,1,Undirected
Aaron Stanford,Bruce Davison,1,Undirected
Aaron Stanford,Melinda Clarke,1,Undirected
Aaron Stanford,Xander Berkeley,1,Undirected
Aaron Stanford,Bebe Neuwirth,1,Undirected
Aaron Stanford,Ron Rifkin,1,Undirected
Bruce Davison,Tyler Mane,1,Undirected
Bruce Davison,Adam Scott,1,Undirected
Bruce Davison,Marc Blucas,1,Undirected
Bruce Davison,Piper Laurie,1,Undirected
Paul Anderson,Tara Fitzgerald,1,Undirected
Alexa Davalos,Christina Cox,1,Undirected
Alexa Davalos,Jeffrey DeMunn,1,Undirected
Marshall Bell,Rachel Ticotin,2,Undirected
Marshall Bell,Ronny Cox,2,Undirected
Marshall Bell,Casey Siemaszko,1,Undirected
Marshall Bell,Frances Lee McCain,1,Undirected
Marshall Bell,Clu Gulager,1,Undirected
Marshall Bell,Robert Rusler,1,Undirected
Rachel Ticotin,Ronny Cox,2,Undirected
Ronny Cox,Richard Schiff,1,Undirected
Ronny Cox,Gregory Smith,1,Undirected
Ronny Cox,Harris Yulin,1,Undirected
Ronny Cox,Dean Stockwell,1,Undirected
Ronny Cox,Judge Reinhold,2,Undirected
Ronny Cox,James Russo,1,Undirected
Clive Russell,Vladimir Kulich,1,Undirected
Clive Russell,Finn Ireland,1,Undirected
Clive Russell,Vincent Walsh,1,Undirected
Scott Glenn,Stacy Keach,1,Undirected
Scott Glenn,Nicholas Lea,1,Undirected
Scott Glenn,Abbie Cornish,1,Undirected
Scott Glenn,Clint Eastwood,1,Undirected
Scott Glenn,Mark Margolis,1,Undirected
Scott Glenn,Denzel Washington,1,Undirected
Scott Glenn,Dylan Walsh,1,Undirected
Scott Glenn,Kevin Connolly,1,Undirected
Scott Glenn,Jason Behr,1,Undirected
Scott Glenn,Courtney B. Vance,1,Undirected
Scott Glenn,Jeffrey Jones,1,Undirected
Scott Glenn,Brad Leland,1,Undirected
Scott Glenn,Todd Allen,1,Undirected
Scott Glenn,Bruce McGill,1,Undirected
Scott Glenn,Hunter Parrish,1,Undirected
Scott Glenn,Imelda Staunton,1,Undirected
Scott Glenn,Anthony Heald,1,Undirected
Scott Glenn,Dean Stockwell,1,Undirected
Scott Glenn,Leon,1,Undirected
Scott Glenn,Luisa D'Oliveira,1,Undirected
Scott Glenn,Michaela McManus,1,Undirected
Scott Glenn,Kathleen Turner,1,Undirected
Scott Glenn,Sarah Wright,1,Undirected
Stacy Keach,Jenny McCarthy,1,Undirected
Stacy Keach,Beverly D'Angelo,1,Undirected
Stacy Keach,Ethan Suplee,1,Undirected
Stacy Keach,Frank Vincent,1,Undirected
Stacy Keach,Mike Starr,1,Undirected
Stacy Keach,Cynthia Watros,1,Undirected
Stacy Keach,David A.R. White,1,Undirected
Stacy Keach,June Lockhart,1,Undirected
Stacy Keach,Stuart Whitman,1,Undirected
John Glover,Michael Gough,1,Undirected
Michael Gough,Debi Mazar,1,Undirected
Michael Gough,Rene Auberjonois,1,Undirected
Michael Gough,Andrew Bryniarski,1,Undirected
Michael Gough,Vincent Schiavelli,1,Undirected
Michael Gough,Jack Palance,1,Undirected
Michael Gough,William Hootkins,1,Undirected
Michael Gough,Meryl Streep,1,Undirected
Michael Gough,Michael Kitchen,1,Undirected
Clint Howard,Molly Shannon,1,Undirected
Clint Howard,T.J. Thyne,1,Undirected
Clint Howard,Chelcie Ross,1,Undirected
Clint Howard,Adam Goldberg,1,Undirected
Clint Howard,Adam Sandler,1,Undirected
Clint Howard,Peter Dante,1,Undirected
Clint Howard,Nick Cassavetes,1,Undirected
Clint Howard,Randy Quaid,1,Undirected
Clint Howard,Cody Linley,1,Undirected
Clint Howard,Frankie Muniz,1,Undirected
Molly Shannon,T.J. Thyne,1,Undirected
Molly Shannon,Chazz Palminteri,1,Undirected
Molly Shannon,Robert De Niro,1,Undirected
Molly Shannon,Marisa Saks,1,Undirected
Molly Shannon,Kevin Nealon,1,Undirected
Molly Shannon,Liam Aiken,1,Undirected
Molly Shannon,Elaine Hendrix,1,Undirected
Molly Shannon,Carmen Electra,1,Undirected
T.J. Thyne,Hector Elizondo,1,Undirected
T.J. Thyne,Michaela Conlin,1,Undirected
T.J. Thyne,Tamara Taylor,1,Undirected
Dougray Scott,Ariel Gade,1,Undirected
Dougray Scott,Camryn Manheim,1,Undirected
Dougray Scott,Jon Gries,1,Undirected
Dougray Scott,Lily Cole,1,Undirected
Dougray Scott,Chiara Caselli,1,Undirected
Dougray Scott,Anjelica Huston,1,Undirected
Dougray Scott,Jeanne Moreau,1,Undirected
Dougray Scott,Henry Ian Cusick,1,Undirected
Dougray Scott,Ulrich Thomsen,1,Undirected
Dougray Scott,Alison Lohman,1,Undirected
Bob Gunton,Karen Allen,1,Undirected
Bob Gunton,Mary Elizabeth Mastrantonio,1,Undirected
Bob Gunton,Samantha Mathis,1,Undirected
Bob Gunton,Clint Eastwood,1,Undirected
Bob Gunton,Ed Lauter,1,Undirected
Bob Gunton,Alexa PenaVega,1,Undirected
Bob Gunton,Keenen Ivory Wayans,1,Undirected
Bob Gunton,Leon Rippy,1,Undirected
Bob Gunton,Sophie Okonedo,1,Undirected
Bob Gunton,Jeffrey DeMunn,1,Undirected
Bob Gunton,Lin Shaye,1,Undirected
Bob Gunton,Leon,1,Undirected
Bob Gunton,Ned Bellamy,1,Undirected
Karen Allen,Mary Elizabeth Mastrantonio,1,Undirected
Karen Allen,William Hootkins,1,Undirected
Karen Allen,John Belushi,1,Undirected
Karen Allen,Tim Matheson,1,Undirected
Karen Allen,Sissy Spacek,1,Undirected
Karen Allen,Eric Dane,1,Undirected
Karen Allen,Peter Coyote,1,Undirected
Mary Elizabeth Mastrantonio,Michael Biehn,1,Undirected
Mary Elizabeth Mastrantonio,Todd Graff,1,Undirected
Mary Elizabeth Mastrantonio,Jake McDorman,1,Undirected
Mary Elizabeth Mastrantonio,Al Pacino,1,Undirected
Mary Elizabeth Mastrantonio,F. Murray Abraham,1,Undirected
Mary Elizabeth Mastrantonio,Bill Cobbs,1,Undirected
Mary Elizabeth Mastrantonio,Casey Siemaszko,1,Undirected
Mary Elizabeth Mastrantonio,Vanessa Martinez,1,Undirected
Ioan Gruffudd,Archie Panjabi,1,Undirected
Ioan Gruffudd,Jim Carter,1,Undirected
Ioan Gruffudd,Rhys Wakefield,1,Undirected
Ioan Gruffudd,Keeley Hawes,1,Undirected
Ioan Gruffudd,Oliver Stark,1,Undirected
Suraj Sharma,Tabu,1,Undirected
Suraj Sharma,Gregory Alan Williams,1,Undirected
Tabu,Brooke Smith,1,Undirected
Tabu,Jacinda Barrett,1,Undirected
Matt Long,Peter Fonda,1,Undirected
Matt Long,Danny Strong,1,Undirected
Matt Long,Samm Levine,1,Undirected
Peter Fonda,Colm Feore,1,Undirected
Peter Fonda,Mara Wilson,1,Undirected
Peter Fonda,Lesley Ann Warren,1,Undirected
Peter Fonda,William Lucking,1,Undirected
Peter Fonda,Patricia Richardson,1,Undirected
Peter Fonda,Vanessa Zima,1,Undirected
Ato Essandoh,Riz Ahmed,1,Undirected
Ato Essandoh,Jessica Hecht,1,Undirected
Ato Essandoh,Joan Chen,1,Undirected
Riz Ahmed,Alex Macqueen,1,Undirected
Riz Ahmed,Kayvan Novak,1,Undirected
Demi Moore,Justin Theroux,1,Undirected
Demi Moore,Bill Fagerbakke,1,Undirected
Demi Moore,Jason Alexander,1,Undirected
Demi Moore,Dylan Baker,1,Undirected
Demi Moore,Roma Maffia,1,Undirected
Demi Moore,Viggo Mortensen,1,Undirected
Demi Moore,Paul Guilfoyle,1,Undirected
Demi Moore,Rumer Willis,1,Undirected
Demi Moore,Robert Duvall,1,Undirected
Demi Moore,Anne Heche,1,Undirected
Demi Moore,Kevin Pollak,1,Undirected
Demi Moore,Landon Liboiron,2,Undirected
Demi Moore,Michael Wincott,2,Undirected
Demi Moore,Phil Leeds,1,Undirected
Demi Moore,James Russo,1,Undirected
Demi Moore,Robert De Niro,1,Undirected
Demi Moore,John Doman,1,Undirected
Demi Moore,Gary Cole,1,Undirected
Demi Moore,Robert Pralgo,1,Undirected
Demi Moore,Ezra Miller,1,Undirected
Demi Moore,George Kennedy,1,Undirected
Demi Moore,Ashley Williams,1,Undirected
Justin Theroux,Milla Jovovich,1,Undirected
Justin Theroux,Amber Valletta,1,Undirected
Justin Theroux,Harvey Fierstein,1,Undirected
Justin Theroux,Lauren Ambrose,1,Undirected
Justin Theroux,Samantha Mathis,1,Undirected
Justin Theroux,Mary McCormack,1,Undirected
Justin Theroux,Nia Long,1,Undirected
Melanie Griffith,Nathan Lane,1,Undirected
Melanie Griffith,Tippi Hedren,1,Undirected
Melanie Griffith,Birgitte Hjort Sørensen,1,Undirected
Melanie Griffith,Robert Forster,1,Undirected
Melanie Griffith,Aleksa Palladino,1,Undirected
Melanie Griffith,Greg Mottola,1,Undirected
Melanie Griffith,Dennis Franz,1,Undirected
Melanie Griffith,Gregg Henry,1,Undirected
Melanie Griffith,Alicia Witt,1,Undirected
Melanie Griffith,Kevin Nealon,1,Undirected
Nathan Lane,Chazz Palminteri,1,Undirected
Nathan Lane,Jeffrey Jones,1,Undirected
Nathan Lane,Richard E. Grant,1,Undirected
Nathan Lane,Shirley Henderson,1,Undirected
Nathan Lane,Danny Woodburn,1,Undirected
Nathan Lane,Julia Roberts,1,Undirected
Nathan Lane,Niketa Calame,1,Undirected
Nathan Lane,Mira Sorvino,1,Undirected
Nathan Lane,Steven Weber,1,Undirected
Nathan Lane,John Larroquette,1,Undirected
Nathan Lane,Stockard Channing,1,Undirected
Nathan Lane,Gary Cole,1,Undirected
Nathan Lane,Topher Grace,1,Undirected
Nathan Lane,Judge Reinhold,1,Undirected
Nathan Lane,Madeline Carroll,1,Undirected
Nathan Lane,Jerry Stiller,1,Undirected
Abbie Cornish,Jennifer Ehle,2,Undirected
Abbie Cornish,Anthony LaPaglia,1,Undirected
Abbie Cornish,Gabourey Sidibe,1,Undirected
Abbie Cornish,Paul Schneider,1,Undirected
Abbie Cornish,Samuel Roukin,1,Undirected
Jennifer Ehle,Harold Perrineau,1,Undirected
Jennifer Ehle,Parker Sawyers,1,Undirected
Jennifer Ehle,Luke Grimes,1,Undirected
Jennifer Ehle,Frank Grillo,1,Undirected
Jennifer Ehle,Ryan Gosling,1,Undirected
Jennifer Ehle,Derek Jacobi,1,Undirected
Jennifer Ehle,Gillian Jacobs,1,Undirected
Jennifer Ehle,Jillian Estell,1,Undirected
Jennifer Ehle,Cara Seymour,1,Undirected
Kick Gurry,Nicholas Elia,1,Undirected
Kick Gurry,Scott Porter,1,Undirected
Nicholas Elia,Scott Porter,1,Undirected
Scott Porter,Haley Bennett,1,Undirected
Scott Porter,Aimee Teegarden,1,Undirected
Scott Porter,Zach Gilford,1,Undirected
Scott Porter,Henry Thomas,1,Undirected
Scott Porter,Charlie Saxton,1,Undirected
Scott Porter,Ryan Donowho,1,Undirected
Scott Porter,Collins Pennie,1,Undirected
Scott Porter,Aaron Yoo,1,Undirected
Scott Porter,Adrian Martinez,1,Undirected
Scott Porter,Alia Shawkat,1,Undirected
Scott Porter,Donald Glover,1,Undirected
Domenick Lombardozzi,Shelley Conn,1,Undirected
Domenick Lombardozzi,Teyonah Parris,1,Undirected
Shelley Conn,Teyonah Parris,1,Undirected
Marc Blucas,Chris Klein,1,Undirected
Marc Blucas,Mike O'Malley,1,Undirected
Marc Blucas,Shawn Christian,1,Undirected
Marc Blucas,Alexander Gould,1,Undirected
Marc Blucas,Ethan Embry,1,Undirected
Marc Blucas,Justine Waddell,1,Undirected
Marc Blucas,Max Ryan,1,Undirected
Zoë Bell,Craig Stark,1,Undirected
Zoë Bell,Jennifer Jason Leigh,1,Undirected
Zoë Bell,Quentin Tarantino,1,Undirected
Hayden Christensen,Tom Hulce,1,Undirected
Hayden Christensen,David Walliams,1,Undirected
Hayden Christensen,Ryan Cartwright,1,Undirected
Hayden Christensen,Jay Hernandez,1,Undirected
Hayden Christensen,Ian Somerhalder,1,Undirected
Hayden Christensen,Akon,1,Undirected
Hayden Christensen,Denis O'Hare,1,Undirected
Hayden Christensen,Fisher Stevens,1,Undirected
Hayden Christensen,Beth Grant,1,Undirected
Hayden Christensen,Jimmy Fallon,1,Undirected
Hayden Christensen,Cas Anvar,1,Undirected
Hayden Christensen,Bobby Batson,1,Undirected
Hayden Christensen,Cynthia Barrett,1,Undirected
James Coburn,Roma Maffia,1,Undirected
James Coburn,Vanessa Williams,1,Undirected
James Coburn,Richard E. Grant,1,Undirected
James Coburn,Dave Chappelle,1,Undirected
James Coburn,M. Emmet Walsh,1,Undirected
James Coburn,Nichelle Nichols,1,Undirected
James Coburn,Bob Dylan,1,Undirected
James Coburn,Jason Robards,1,Undirected
James Coburn,Donald Pleasence,1,Undirected
James Coburn,Gordon Jackson,1,Undirected
James Coburn,Slim Pickens,1,Undirected
James Coburn,Warren Oates,1,Undirected
Rila Fukushima,Tao Okamoto,1,Undirected
Ian McDiarmid,Kenny Baker,1,Undirected
Ian McDiarmid,Albert Salmi,1,Undirected
Ian McDiarmid,Ralph Richardson,1,Undirected
Alain Delon,Santiago Segura,1,Undirected
Alain Delon,Vanessa Hessler,1,Undirected
Santiago Segura,Vanessa Hessler,1,Undirected
Noah Emmerich,Roger Willie,1,Undirected
Noah Emmerich,Natascha McElhone,1,Undirected
Noah Emmerich,Peter Krause,1,Undirected
Noah Emmerich,Teri Polo,1,Undirected
Noah Emmerich,Eddie Cahill,1,Undirected
Noah Emmerich,Kenneth Mitchell,1,Undirected
Noah Emmerich,Boyd Holbrook,1,Undirected
Noah Emmerich,Elizabeth Perkins,1,Undirected
Noah Emmerich,Meat Loaf,1,Undirected
Noah Emmerich,Jane Adams,1,Undirected
Noah Emmerich,Jordan Trovillion,1,Undirected
Noah Emmerich,Zoe Levin,1,Undirected
Roger Willie,Meryl Streep,1,Undirected
Danny Woodburn,Jeremy Howard,2,Undirected
Danny Woodburn,Noel Fisher,2,Undirected
Danny Woodburn,Julia Roberts,1,Undirected
Danny Woodburn,Taylor Negron,1,Undirected
Danny Woodburn,Vincent Schiavelli,1,Undirected
Danny Woodburn,Dane Cook,1,Undirected
Danny Woodburn,Jessica Simpson,1,Undirected
Jeremy Howard,Noel Fisher,2,Undirected
Noel Fisher,Stephen Amell,1,Undirected
Noel Fisher,Jim Parrack,1,Undirected
Noel Fisher,Amber Valletta,1,Undirected
Noel Fisher,Larry Miller,1,Undirected
Amy Warren,Basher Savage,1,Undirected
Amy Warren,Phaldut Sharma,1,Undirected
Basher Savage,Phaldut Sharma,1,Undirected
Grant Heslov,Jamie Renée Smith,1,Undirected
Grant Heslov,Dylan Walsh,1,Undirected
Grant Heslov,Joe Don Baker,1,Undirected
Reg E. Cathey,Tim Blake Nelson,2,Undirected
Reg E. Cathey,Tim Heidecker,2,Undirected
Reg E. Cathey,Amy Yasbeck,1,Undirected
Reg E. Cathey,Peter Greene,1,Undirected
Reg E. Cathey,Curtiss Cook,1,Undirected
Reg E. Cathey,Nate Parker,1,Undirected
Reg E. Cathey,Jennifer Jason Leigh,1,Undirected
Reg E. Cathey,Marlene Forte,1,Undirected
Reg E. Cathey,Nicole Beharie,1,Undirected
Tim Blake Nelson,Tim Heidecker,2,Undirected
Tim Blake Nelson,Andrew Daly,1,Undirected
Tim Blake Nelson,Ted Danson,1,Undirected
Tim Blake Nelson,Daniel von Bargen,1,Undirected
Tim Blake Nelson,Holly Hunter,1,Undirected
Tim Blake Nelson,Linda Cardellini,1,Undirected
Tim Blake Nelson,Sarah Michelle Gellar,1,Undirected
Tim Blake Nelson,Ski Carr,1,Undirected
Tim Blake Nelson,Zane Holtz,1,Undirected
Tim Blake Nelson,Barry Corbin,1,Undirected
Tim Blake Nelson,Miranda Otto,1,Undirected
Tim Blake Nelson,Neil Flynn,1,Undirected
Tim Blake Nelson,Zooey Deschanel,1,Undirected
Tim Blake Nelson,Diane Ladd,1,Undirected
Tim Blake Nelson,Ritchie Montgomery,1,Undirected
Archie Panjabi,Danny Huston,1,Undirected
Archie Panjabi,Donald Sumpter,1,Undirected
Archie Panjabi,Dan Futterman,1,Undirected
Archie Panjabi,Anupam Kher,1,Undirected
Archie Panjabi,Parminder Nagra,1,Undirected
Archie Panjabi,Jimi Mistry,1,Undirected
Archie Panjabi,Om Puri,1,Undirected
Joe Don Baker,Vincent Schiavelli,1,Undirected
Joe Don Baker,Izabella Scorupco,1,Undirected
Joe Don Baker,Tchéky Karyo,1,Undirected
Joe Don Baker,Dylan Walsh,1,Undirected
Joe Don Baker,Robert De Niro,1,Undirected
Joe Don Baker,Robert Mitchum,1,Undirected
Vincent Schiavelli,Andrew Bryniarski,1,Undirected
Vincent Schiavelli,Jennifer Jason Leigh,2,Undirected
Vincent Schiavelli,Paul Sorvino,1,Undirected
Vincent Schiavelli,Judge Reinhold,1,Undirected
Adam Baldwin,Mary McDonnell,1,Undirected
Adam Baldwin,Michael Hitchcock,1,Undirected
Adam Baldwin,Sean Maher,1,Undirected
Adam Baldwin,Kevin Peter Hall,1,Undirected
Adam Baldwin,Robert Davi,1,Undirected
Adam Baldwin,John Heard,1,Undirected
Adam Baldwin,Thomas Ian Nicholas,1,Undirected
Adam Baldwin,Elizabeth McGovern,1,Undirected
Julia Roberts,Mini Anden,1,Undirected
Julia Roberts,Alex McArthur,1,Undirected
Julia Roberts,Michael Potts,1,Undirected
Julia Roberts,Hector Elizondo,2,Undirected
Julia Roberts,Bob Hoskins,1,Undirected
Julia Roberts,Marian Seldes,1,Undirected
Julia Roberts,Denis O'Hare,1,Undirected
Julia Roberts,Conchata Ferrell,2,Undirected
Julia Roberts,Herbert Russell,1,Undirected
Julia Roberts,Liam Aiken,1,Undirected
Julia Roberts,Bronagh Gallagher,1,Undirected
Julia Roberts,George Cole,1,Undirected
Julia Roberts,Christopher Masterson,1,Undirected
Julia Roberts,Larry King,1,Undirected
Julia Roberts,Denzel Washington,1,Undirected
Julia Roberts,Meryl Streep,2,Undirected
Julia Roberts,Clarke Peters,1,Undirected
Julia Roberts,Dylan Moran,1,Undirected
Julia Roberts,Colin Stinton,1,Undirected
Julia Roberts,Jack O'Connell,1,Undirected
Julia Roberts,Hope Davis,1,Undirected
Julia Roberts,Joe Cole,1,Undirected
Julia Roberts,Michael Kelly,1,Undirected
Julia Roberts,Jason Alexander,1,Undirected
Julia Roberts,Lili Taylor,1,Undirected
Julia Roberts,Blair Underwood,1,Undirected
Julia Roberts,Enrico Colantoni,1,Undirected
Mekhi Phifer,Theo James,2,Undirected
Mekhi Phifer,Evan Jones,1,Undirected
Mekhi Phifer,Gary Dourdan,1,Undirected
Mekhi Phifer,Tim Guinee,1,Undirected
Mekhi Phifer,Kevin Zegers,2,Undirected
Mekhi Phifer,Bill Cobbs,1,Undirected
Mekhi Phifer,Muse Watson,1,Undirected
Mekhi Phifer,Christian Monzon,1,Undirected
Mekhi Phifer,Romeo Miller,1,Undirected
Mekhi Phifer,Fisher Stevens,1,Undirected
Mekhi Phifer,LL Cool J,1,Undirected
Mekhi Phifer,Chris Brown,1,Undirected
Mekhi Phifer,Loretta Devine,1,Undirected
Mekhi Phifer,Andrew Keegan,2,Undirected
Mekhi Phifer,John Heard,2,Undirected
Mekhi Phifer,Vanessa Williams,1,Undirected
Theo James,Sandrine Holt,1,Undirected
Theo James,Stephen Rea,1,Undirected
Adam Scott,Frances Conroy,1,Undirected
Adam Scott,Adrian Martinez,1,Undirected
Adam Scott,Joey Slotnick,1,Undirected
Adam Scott,Andrea Savage,1,Undirected
Adam Scott,Elaine Stritch,1,Undirected
Adam Scott,Jane Fonda,1,Undirected
Adam Scott,Jessica Szohr,1,Undirected
Adam Scott,Kelly Brook,1,Undirected
Adam Scott,Dominique McElligott,1,Undirected
Adam Scott,Kaitlin Olson,1,Undirected
Adam Scott,Allison Tolman,1,Undirected
Adam Scott,Conchata Ferrell,1,Undirected
Adam Scott,Collette Wolfe,1,Undirected
Adam Scott,Gillian Jacobs,1,Undirected
Adam Scott,Hope Davis,1,Undirected
Adam Scott,Philip Baker Hall,1,Undirected
Adam Scott,Zooey Deschanel,1,Undirected
Adam Scott,Ellen Burstyn,1,Undirected
Adam Scott,Martin Landau,1,Undirected
Adam Scott,Andrew Rannells,1,Undirected
Frances Conroy,Alex Borstein,1,Undirected
Frances Conroy,Christopher Heyerdahl,1,Undirected
Frances Conroy,Bob Hoskins,1,Undirected
Frances Conroy,Natasha Richardson,1,Undirected
Frances Conroy,Milla Jovovich,1,Undirected
Frances Conroy,Robert De Niro,1,Undirected
Frances Conroy,Sasha Alexander,1,Undirected
Frances Conroy,Harry Connick Jr.,1,Undirected
Frances Conroy,Bridgette Wilson-Sampras,1,Undirected
Frances Conroy,Clyde Kusatsu,1,Undirected
Frances Conroy,Anne Heche,1,Undirected
Frances Conroy,Curtis Armstrong,1,Undirected
Frances Conroy,Kevin Sussman,1,Undirected
Catherine Tate,James Corden,1,Undirected
Catherine Tate,Olly Alexander,1,Undirected
James Corden,Olly Alexander,1,Undirected
James Corden,Vanessa Redgrave,1,Undirected
James Corden,Fenella Woolgar,1,Undirected
James Corden,Katherine Parkinson,1,Undirected
James Corden,Karen Pittman,1,Undirected
James Corden,Mary Catherine Garrison,1,Undirected
James Corden,Russell Tovey,1,Undirected
James Corden,MyAnna Buring,1,Undirected
James Corden,Silvia Colloca,1,Undirected
Olly Alexander,Emily Alyn Lind,1,Undirected
Olly Alexander,Paz de la Huerta,1,Undirected
Dirk Benedict,Dwight Schultz,1,Undirected
Dirk Benedict,George Peppard,1,Undirected
Dwight Schultz,George Peppard,1,Undirected
George Peppard,Jan-Michael Vincent,1,Undirected
George Peppard,Paul Winfield,1,Undirected
Sullivan Stapleton,Angus Sampson,1,Undirected
Sullivan Stapleton,Emma Caulfield,1,Undirected
Madison McKinley,Mahadeo Shivraj,1,Undirected
Madison McKinley,Tim Gunn,1,Undirected
Mahadeo Shivraj,Tim Gunn,1,Undirected
G.W. Bailey,Roseanne Barr,1,Undirected
G.W. Bailey,Michael Winslow,1,Undirected
Olga Fonda,Torey Michael Adkins,1,Undirected
Jacob Tremblay,Nancy O'Dell,1,Undirected
Jacob Tremblay,Vanessa Matsui,1,Undirected
Jacob Tremblay,Cas Anvar,1,Undirected
Jacob Tremblay,Joan Allen,1,Undirected
Nancy O'Dell,Vanessa Matsui,1,Undirected
Nancy O'Dell,Kelly Rutherford,1,Undirected
Nancy O'Dell,Roger Jackson,1,Undirected
Nancy O'Dell,Lou Taylor Pucci,1,Undirected
Nancy O'Dell,Dayna Devon,1,Undirected
Nancy O'Dell,Mikki Padilla,1,Undirected
Jason Patric,Lois Chiles,1,Undirected
Jason Patric,Jeffrey Markle,1,Undirected
Jason Patric,Sofia Vassilieva,1,Undirected
Jason Patric,Óscar Jaenada,1,Undirected
Jason Patric,Dianne Wiest,1,Undirected
Jason Patric,Jami Gertz,1,Undirected
Jason Patric,Alan Van Sprang,1,Undirected
Jason Patric,Chi McBride,1,Undirected
Lois Chiles,Lois Maxwell,1,Undirected
Aramis Knight,Moises Arias,1,Undirected
Moises Arias,Ana de la Reguera,1,Undirected
Moises Arias,Héctor Jiménez,1,Undirected
Moises Arias,Emily Osment,1,Undirected
Moises Arias,Vanessa Williams,1,Undirected
Cyril Raffaelli,Jonathan Sadowski,1,Undirected
Cyril Raffaelli,Dany Verissimo-Petit,1,Undirected
Cyril Raffaelli,David Belle,1,Undirected
Jonathan Sadowski,Ingrid Bolsø Berdal,1,Undirected
Jonathan Sadowski,Jesse McCartney,1,Undirected
Billy Boyd,Bernard Hill,1,Undirected
Billy Boyd,Hannah Spearritt,1,Undirected
Cécile De France,Jay Mohr,1,Undirected
Cécile De France,Iddo Goldberg,1,Undirected
Cécile De France,Romain Duris,1,Undirected
Cécile De France,Maïwenn,1,Undirected
Cécile De France,Oana Pellea,1,Undirected
Kelly Preston,Spencer Breslin,1,Undirected
Kelly Preston,Eric McCormack,1,Undirected
Kelly Preston,Morgan Fairchild,1,Undirected
Kelly Preston,Bonnie Hunt,1,Undirected
Kelly Preston,Carmine Giovinazzo,1,Undirected
Kelly Preston,Michael Angarano,1,Undirected
Kelly Preston,Nicholas Braun,1,Undirected
Kelly Preston,Michael McKean,1,Undirected
Kelly Preston,Rebecca Gayheart,1,Undirected
Kelly Preston,Oliver James,1,Undirected
Kelly Preston,Bobby Coleman,1,Undirected
Kelly Preston,Melissa Ordway,1,Undirected
Kelly Preston,Aisha Tyler,1,Undirected
Kelly Preston,Edi Gathegi,1,Undirected
Kelly Preston,Hugh O'Brian,1,Undirected
Kelly Preston,Tony Jay,1,Undirected
Kelly Preston,Zooey Deschanel,1,Undirected
Spencer Breslin,Amber Valletta,1,Undirected
Spencer Breslin,Felicity Huffman,1,Undirected
Spencer Breslin,Rob Paulsen,1,Undirected
Spencer Breslin,Roger Rees,1,Undirected
Chi McBride,Barry Shabaka Henley,1,Undirected
Chi McBride,Dave Chappelle,1,Undirected
Chi McBride,Eddie Griffin,1,Undirected
Chi McBride,Patrick St. Esprit,1,Undirected
Chi McBride,Alan Van Sprang,1,Undirected
Chi McBride,Amy Hill,1,Undirected
Chi McBride,Dylan Baker,1,Undirected
Chazz Palminteri,Jeffrey Jones,1,Undirected
Chazz Palminteri,Brittany Daniel,1,Undirected
Chazz Palminteri,John Witherspoon,1,Undirected
Chazz Palminteri,Linda Fiorentino,1,Undirected
Chazz Palminteri,Michael Biehn,1,Undirected
Chazz Palminteri,Robert De Niro,1,Undirected
Chazz Palminteri,Wanda Sykes,1,Undirected
Chazz Palminteri,Dianne Wiest,1,Undirected
Chazz Palminteri,Garrett Clayton,1,Undirected
Chazz Palminteri,Toni Braxton,1,Undirected
Chazz Palminteri,Jim Belushi,1,Undirected
Chazz Palminteri,Ivana Milicevic,1,Undirected
Chazz Palminteri,Paul Mazursky,1,Undirected
Chazz Palminteri,Ryan O'Neal,1,Undirected
Chazz Palminteri,Anjelica Huston,1,Undirected
Chazz Palminteri,Vincent Gallo,1,Undirected
Chazz Palminteri,Kevin Pollak,1,Undirected
Chazz Palminteri,Cyndi Lauper,1,Undirected
Chazz Palminteri,Danny Aiello,1,Undirected
Chazz Palminteri,Ernie Reyes Jr.,1,Undirected
Chazz Palminteri,Ricky Schroder,1,Undirected
Chazz Palminteri,Michael Rapaport,1,Undirected
Chazz Palminteri,Paul Sorvino,1,Undirected
Jeffrey Jones,Kevin Pollak,1,Undirected
Jeffrey Jones,Raven-Symoné,1,Undirected
Jeffrey Jones,Anne Bancroft,1,Undirected
Jeffrey Jones,Courtney B. Vance,1,Undirected
Jeffrey Jones,Jordan Prentice,1,Undirected
Jeffrey Jones,Lea Thompson,1,Undirected
Jeffrey Jones,F. Murray Abraham,1,Undirected
Jeffrey Jones,Tom Hulce,1,Undirected
Jeffrey Jones,Catherine O'Hara,1,Undirected
Jeffrey Jones,Glenn Shadix,1,Undirected
Jeffrey Jones,David Arquette,1,Undirected
Jeffrey Jones,Jeremy Davies,1,Undirected
Jeffrey Jones,Faizon Love,1,Undirected
Jeffrey Jones,Lil' Wayne,1,Undirected
Anika Noni Rose,Jenifer Lewis,1,Undirected
Anika Noni Rose,Jennifer Hudson,1,Undirected
Anika Noni Rose,Loretta Devine,1,Undirected
Anika Noni Rose,Brian Dietzen,1,Undirected
Anika Noni Rose,Kelly Clarkson,1,Undirected
Jenifer Lewis,Farrah Fawcett,1,Undirected
Jenifer Lewis,Vincent Pastore,1,Undirected
Jenifer Lewis,Kevin Pollak,1,Undirected
Jenifer Lewis,Julie Benz,1,Undirected
Jenifer Lewis,Tatyana Ali,1,Undirected
Jenifer Lewis,Eddie Cibrian,1,Undirected
Jenifer Lewis,Wood Harris,1,Undirected
Benedict Wong,Donald Glover,1,Undirected
Benedict Wong,Troy Garity,1,Undirected
Benedict Wong,Sergi López,1,Undirected
Benedict Wong,Sophie Okonedo,1,Undirected
Benedict Wong,Matt Berry,1,Undirected
Donald Glover,Mark Duplass,1,Undirected
Donald Glover,Alia Shawkat,1,Undirected
Del Zamora,Warren Beatty,1,Undirected
Del Zamora,Miguel Sandoval,1,Undirected
Del Zamora,Tracey Walter,1,Undirected
Warren Beatty,Charlie Korsmo,1,Undirected
Warren Beatty,Seymour Cassel,1,Undirected
Warren Beatty,Carol Kane,1,Undirected
Warren Beatty,Isabelle Adjani,1,Undirected
Warren Beatty,M. Emmet Walsh,1,Undirected
Warren Beatty,Paul Sorvino,1,Undirected
Warren Beatty,Graham Beckel,1,Undirected
Warren Beatty,Kirk Baltz,1,Undirected
Robert Duvall,Michael Rapaport,1,Undirected
Robert Duvall,Katy Mixon,1,Undirected
Robert Duvall,Randy Quaid,1,Undirected
Robert Duvall,David Oyelowo,2,Undirected
Robert Duvall,Kathleen Quinlan,1,Undirected
Robert Duvall,Sydney Pollack,1,Undirected
Robert Duvall,Kelvin Han Yee,1,Undirected
Robert Duvall,Leighton Meester,1,Undirected
Robert Duvall,David Gallagher,1,Undirected
Robert Duvall,Kyra Sedgwick,1,Undirected
Robert Duvall,Emmanuelle Vaugier,1,Undirected
Robert Duvall,Haley Joel Osment,1,Undirected
Robert Duvall,Antoni Corone,1,Undirected
Robert Duvall,Oleg Taktarov,1,Undirected
Robert Duvall,Julian Richings,1,Undirected
Robert Duvall,Michael Jeter,1,Undirected
Robert Duvall,Viggo Mortensen,1,Undirected
Robert Duvall,Al Pacino,2,Undirected
Robert Duvall,Robert De Niro,1,Undirected
Robert Duvall,Paul Gleason,1,Undirected
Robert Duvall,Treat Williams,1,Undirected
Robert Duvall,Bill Cobbs,1,Undirected
Robert Duvall,Dwight Yoakam,1,Undirected
Robert Duvall,J.T. Walsh,1,Undirected
Robert Duvall,Faye Dunaway,1,Undirected
Robert Duvall,William Holden,1,Undirected
Robert Duvall,Brock Peters,1,Undirected
Robert Duvall,William Windom,1,Undirected
Connie Nielsen,Oliver Reed,1,Undirected
Connie Nielsen,Kim Delaney,1,Undirected
Connie Nielsen,Jason Scott Lee,1,Undirected
Connie Nielsen,Sean Pertwee,1,Undirected
Connie Nielsen,Jenna Boyd,1,Undirected
Connie Nielsen,Rex Linn,1,Undirected
Connie Nielsen,Harry Connick Jr.,1,Undirected
Connie Nielsen,Tim Daly,1,Undirected
Connie Nielsen,Richard Sammel,1,Undirected
Connie Nielsen,Tómas Lemarquis,1,Undirected
Connie Nielsen,Gary Cole,1,Undirected
Connie Nielsen,Olivia Williams,1,Undirected
Connie Nielsen,Aidan Quinn,1,Undirected
Connie Nielsen,John Bell,1,Undirected
Oliver Reed,John Gielgud,1,Undirected
Oliver Reed,Rod Steiger,1,Undirected
Oliver Reed,Jack Wild,1,Undirected
Oliver Reed,Ron Moody,1,Undirected
Oliver Reed,Eddie Albert,1,Undirected
Oliver Reed,Louise Sorel,1,Undirected
Frank Grillo,Jessica Capshaw,1,Undirected
Frank Grillo,James Badge Dale,1,Undirected
Frank Grillo,Emily Meade,2,Undirected
Frank Grillo,Zena Grey,2,Undirected
Frank Grillo,Joseph Julian Soria,1,Undirected
Frank Grillo,Mykelti Williamson,1,Undirected
Frank Grillo,Aaron Yoo,1,Undirected
Frank Grillo,Scott Mechlowicz,1,Undirected
Jessica Capshaw,Johnny Whitworth,1,Undirected
Jessica Capshaw,Marley Shelton,1,Undirected
Ivana Milicevic,Tobias Menzies,2,Undirected
Ivana Milicevic,Jon Heder,1,Undirected
Ivana Milicevic,Willie Garson,1,Undirected
Ivana Milicevic,China Chow,1,Undirected
Ivana Milicevic,Monica Potter,1,Undirected
Ivana Milicevic,Jenny McCarthy,1,Undirected
Ivana Milicevic,Richard Bull,1,Undirected
Ivana Milicevic,Bridgette Wilson-Sampras,1,Undirected
Ivana Milicevic,Tyra Banks,1,Undirected
Tobias Menzies,Graham McTavish,1,Undirected
Tobias Menzies,Stephen Walters,1,Undirected
Erick Avari,Estella Warren,2,Undirected
Erick Avari,Adhir Kalyan,1,Undirected
Erick Avari,Allen Covert,1,Undirected
Estella Warren,Cristián de la Fuente,1,Undirected
Estella Warren,Sylvester Stallone,1,Undirected
Estella Warren,Bill Hunter,1,Undirected
Estella Warren,Dyan Cannon,1,Undirected
Estella Warren,Paul Sorvino,1,Undirected
Estella Warren,Shawn Hatosy,1,Undirected
Jenette Goldstein,S. Epatha Merkerson,1,Undirected
Jenette Goldstein,Carrie Henn,1,Undirected
Jenette Goldstein,Michael Biehn,1,Undirected
Jenette Goldstein,Eddie Cibrian,1,Undirected
Jenette Goldstein,Holly Hunter,1,Undirected
S. Epatha Merkerson,Michael Raymond-James,1,Undirected
S. Epatha Merkerson,Diahann Carroll,1,Undirected
S. Epatha Merkerson,Tyler James Williams,1,Undirected
S. Epatha Merkerson,Joie Lee,1,Undirected
S. Epatha Merkerson,Tracy Camilla Johns,1,Undirected
Denzel Washington,RZA,1,Undirected
Denzel Washington,Ruby Dee,1,Undirected
Denzel Washington,Michael Rispoli,1,Undirected
Denzel Washington,Ethan Suplee,2,Undirected
Denzel Washington,Dorian Missick,1,Undirected
Denzel Washington,Jose Pablo Cantillo,1,Undirected
Denzel Washington,Mark Valley,1,Undirected
Denzel Washington,Fred Ward,1,Undirected
Denzel Washington,Patrick Fischler,1,Undirected
Denzel Washington,Radha Mitchell,1,Undirected
Denzel Washington,James Wilcox,1,Undirected
Denzel Washington,Ricky Schroder,1,Undirected
Denzel Washington,Viggo Mortensen,1,Undirected
Denzel Washington,James Ransone,1,Undirected
Denzel Washington,Peter Gerety,1,Undirected
Denzel Washington,John Billingsley,1,Undirected
Denzel Washington,Sanaa Lathan,1,Undirected
Denzel Washington,Leland Orser,1,Undirected
Denzel Washington,Tom Berenger,1,Undirected
Denzel Washington,Deborah Kara Unger,1,Undirected
Denzel Washington,Vincent Pastore,1,Undirected
Denzel Washington,Anne Heche,1,Undirected
Denzel Washington,Laura Harring,1,Undirected
Denzel Washington,Al Freeman Jr.,1,Undirected
Denzel Washington,Nadine Velazquez,1,Undirected
Denzel Washington,Ryan Gosling,1,Undirected
Denzel Washington,Costas Mandylor,1,Undirected
Denzel Washington,Traci Lords,1,Undirected
Denzel Washington,Kevin McNally,1,Undirected
Denzel Washington,Milla Jovovich,1,Undirected
Denzel Washington,Jason Robards,1,Undirected
Denzel Washington,John Heard,1,Undirected
Denzel Washington,Jurnee Smollett-Bell,1,Undirected
Denzel Washington,Derek Luke,1,Undirected
Denzel Washington,Kevin Connolly,1,Undirected
Denzel Washington,Charlie Murphy,1,Undirected
Denzel Washington,Nicholas Turturro,1,Undirected
RZA,Ruby Dee,1,Undirected
RZA,Adam Sandler,1,Undirected
RZA,Maude Apatow,1,Undirected
RZA,Matt Walsh,1,Undirected
RZA,Yvette Nicole Brown,1,Undirected
RZA,Robert Maillet,1,Undirected
RZA,Denis O'Hare,1,Undirected
RZA,Xzibit,1,Undirected
RZA,Daniel Wu,1,Undirected
Ruby Dee,Dom DeLuise,1,Undirected
Ruby Dee,Kathleen Turner,1,Undirected
Ruby Dee,John Heard,2,Undirected
Ruby Dee,Danny Aiello,1,Undirected
Ruby Dee,John Savage,1,Undirected
Ruby Dee,Bokeem Woodbine,1,Undirected
Ruby Dee,Quinton Aaron,1,Undirected
Jamie Lee Curtis,Tia Carrere,1,Undirected
Jamie Lee Curtis,Tom Arnold,1,Undirected
Jamie Lee Curtis,Cheech Marin,1,Undirected
Jamie Lee Curtis,Jake Busey,1,Undirected
Jamie Lee Curtis,Julie Gonzalo,1,Undirected
Jamie Lee Curtis,Willie Garson,1,Undirected
Jamie Lee Curtis,Ali Hillis,1,Undirected
Jamie Lee Curtis,Nick Zano,1,Undirected
Jamie Lee Curtis,Christine Lakin,1,Undirected
Jamie Lee Curtis,James Wolk,1,Undirected
Jamie Lee Curtis,Hal Holbrook,2,Undirected
Jamie Lee Curtis,Janet Leigh,2,Undirected
Jamie Lee Curtis,Mark Margolis,1,Undirected
Jamie Lee Curtis,Donald Pleasence,3,Undirected
Jamie Lee Curtis,P.J. Soles,3,Undirected
Jamie Lee Curtis,Griffin Dunne,1,Undirected
Jamie Lee Curtis,Macaulay Culkin,1,Undirected
Jamie Lee Curtis,Tracey Walter,1,Undirected
Jamie Lee Curtis,Bianca Kajlich,1,Undirected
Jamie Lee Curtis,Thomas Ian Nicholas,1,Undirected
Jamie Lee Curtis,Amy Madigan,1,Undirected
Jamie Lee Curtis,Sally Kirkland,1,Undirected
Tia Carrere,Tom Arnold,1,Undirected
Tia Carrere,David Ogden Stiers,1,Undirected
Tia Carrere,Jason Scott Lee,1,Undirected
Tia Carrere,Vanessa Williams,1,Undirected
Tia Carrere,Kurt Fuller,1,Undirected
Tia Carrere,Lara Flynn Boyle,1,Undirected
Tia Carrere,Vernee Watson,1,Undirected
Tia Carrere,Robert McKee,1,Undirected
Tia Carrere,Tom Ardavany,1,Undirected
Tom Arnold,DMX,1,Undirected
Tom Arnold,Beau Bridges,1,Undirected
Tom Arnold,John Amos,1,Undirected
Tom Arnold,Romeo Miller,1,Undirected
Tom Arnold,Mo'Nique,1,Undirected
Tom Arnold,Jon Heder,1,Undirected
Tom Arnold,Rebecca Black,1,Undirected
Tom Arnold,Amanda Troop,1,Undirected
Tom Arnold,Drake Bell,1,Undirected
Tom Arnold,Yaphet Kotto,1,Undirected
Tom Arnold,Bella Heathcote,1,Undirected
Tom Arnold,Kevin Zegers,1,Undirected
Michael Rispoli,Deborah Twiss,1,Undirected
Michael Rispoli,Elizabeth McGovern,1,Undirected
Michael Rispoli,Larry Hankin,1,Undirected
Michael Rispoli,Hope Davis,1,Undirected
Michael Rispoli,Jason Mewes,1,Undirected
Michael Rispoli,Stephanie Danielson,1,Undirected
Blythe Danner,Robert De Niro,3,Undirected
Blythe Danner,Teri Polo,3,Undirected
Blythe Danner,Mia Kirshner,1,Undirected
Blythe Danner,William Atherton,1,Undirected
Blythe Danner,George Carlin,1,Undirected
Blythe Danner,Melinda Dillon,1,Undirected
Blythe Danner,Michael Rady,1,Undirected
Blythe Danner,Jay R. Ferguson,1,Undirected
Blythe Danner,Riley Thomas Stewart,1,Undirected
Blythe Danner,Howard Caine,1,Undirected
Blythe Danner,Ken Howard,1,Undirected
Robert De Niro,Teri Polo,3,Undirected
Robert De Niro,Jonathan Winters,1,Undirected
Robert De Niro,Martin Scorsese,1,Undirected
Robert De Niro,Gary Farmer,1,Undirected
Robert De Niro,Cathy Moriarty,2,Undirected
Robert De Niro,Joe Viterelli,1,Undirected
Robert De Niro,50 Cent,1,Undirected
Robert De Niro,Al Pacino,2,Undirected
Robert De Niro,Michael Lonsdale,1,Undirected
Robert De Niro,Natascha McElhone,1,Undirected
Robert De Niro,Ellen Barkin,1,Undirected
Robert De Niro,Kurt Fuller,1,Undirected
Robert De Niro,Kevin Pollak,1,Undirected
Robert De Niro,Minnie Driver,1,Undirected
Robert De Niro,David Carradine,1,Undirected
Robert De Niro,David Proval,1,Undirected
Robert De Niro,John Doman,1,Undirected
Robert De Niro,Oscar Gale,1,Undirected
Robert De Niro,Sylvester Stallone,2,Undirected
Robert De Niro,Robert Mitchum,1,Undirected
Robert De Niro,Joshua Mikel,2,Undirected
Robert De Niro,Michael Rapaport,1,Undirected
Robert De Niro,Topher Grace,1,Undirected
Robert De Niro,Philip Baker Hall,1,Undirected
Robert De Niro,Yaphet Kotto,1,Undirected
Robert De Niro,Cameron Bright,1,Undirected
Robert De Niro,Munro Chambers,1,Undirected
Robert De Niro,Burt Young,1,Undirected
Robert De Niro,Treat Williams,1,Undirected
Robert De Niro,Romany Malco,1,Undirected
Robert De Niro,Seth Meyers,1,Undirected
Robert De Niro,Billy Drago,1,Undirected
Robert De Niro,Charles Martin Smith,1,Undirected
Robert De Niro,Dylan Baker,1,Undirected
Robert De Niro,Robert John Burke,1,Undirected
Robert De Niro,Mike Starr,1,Undirected
Robert De Niro,Paul Sorvino,1,Undirected
Robert De Niro,F. Murray Abraham,1,Undirected
Robert De Niro,Geraldine Chaplin,1,Undirected
Robert De Niro,Meryl Streep,2,Undirected
Robert De Niro,Milla Jovovich,1,Undirected
Robert De Niro,James Russo,1,Undirected
Robert De Niro,Brendan Sexton III,1,Undirected
Robert De Niro,Jurnee Smollett-Bell,1,Undirected
Robert De Niro,Frank Vincent,1,Undirected
Robert De Niro,Craig Roberts,1,Undirected
Robert De Niro,John Savage,1,Undirected
Robert De Niro,Bob Hoskins,1,Undirected
Robert De Niro,Liza Minnelli,1,Undirected
Robert De Niro,Cheech Marin,1,Undirected
Robert De Niro,Robert Forster,1,Undirected
Robert De Niro,Sid Haig,1,Undirected
Robert De Niro,Jason Mantzoukas,1,Undirected
Robert De Niro,Zoey Deutch,1,Undirected
Robert De Niro,Albert Brooks,1,Undirected
Robert De Niro,Peter Boyle,1,Undirected
Teri Polo,Matt O'Leary,1,Undirected
Teri Polo,Bruce Dern,1,Undirected
Teri Polo,Haley Bennett,1,Undirected
Teri Polo,Esai Morales,1,Undirected
Teri Polo,Nicholas Gonzalez,1,Undirected
Teri Polo,Jere Burns,1,Undirected
Teri Polo,Kevin Pollak,1,Undirected
Roma Maffia,Vanessa Williams,1,Undirected
Roma Maffia,Dylan Baker,1,Undirected
Roma Maffia,Michael Imperioli,1,Undirected
Roma Maffia,Tara Platt,1,Undirected
Vanessa Williams,Daniel von Bargen,1,Undirected
Vanessa Williams,Emily Osment,1,Undirected
Vanessa Williams,Caroll Spinney,1,Undirected
Vanessa Williams,Kevin Clash,1,Undirected
Vanessa Williams,Robert Ri'chard,1,Undirected
Vanessa Williams,Shad Moss,1,Undirected
Vanessa Williams,Shannon Elizabeth,1,Undirected
Vanessa Williams,Eartha Kitt,1,Undirected
Vanessa Williams,Mike Colter,1,Undirected
Bill Fagerbakke,Jason Alexander,1,Undirected
Bill Fagerbakke,Rodger Bumpass,1,Undirected
Jason Alexander,Bruce McGill,1,Undirected
Jason Alexander,Susan Ward,1,Undirected
Jason Alexander,Michael Angarano,1,Undirected
Jason Alexander,Hector Elizondo,1,Undirected
Eartha Kitt,John Fiedler,1,Undirected
Eartha Kitt,Wendie Malick,1,Undirected
Eartha Kitt,Geoffrey Holder,1,Undirected
Eartha Kitt,John Witherspoon,1,Undirected
Eartha Kitt,Charlotte Sullivan,1,Undirected
Eartha Kitt,Gregory Smith,1,Undirected
Eartha Kitt,Mike Colter,1,Undirected
John Fiedler,Wendie Malick,1,Undirected
John Fiedler,Kath Soucie,2,Undirected
John Fiedler,Ken Sansom,1,Undirected
John Fiedler,Brenda Blethyn,1,Undirected
John Fiedler,Jack Warden,1,Undirected
John Fiedler,Lee J. Cobb,1,Undirected
Wendie Malick,Samantha Mathis,1,Undirected
Wendie Malick,Shawna Waldron,1,Undirected
Wendie Malick,Aimee Garcia,1,Undirected
Wendie Malick,Jon Foo,1,Undirected
Wendie Malick,Martin Starr,1,Undirected
Sylvester Stallone,Amy Brenneman,1,Undirected
Sylvester Stallone,Viggo Mortensen,1,Undirected
Sylvester Stallone,Cristián de la Fuente,1,Undirected
Sylvester Stallone,50 Cent,1,Undirected
Sylvester Stallone,Matt Gerald,1,Undirected
Sylvester Stallone,Janine Turner,1,Undirected
Sylvester Stallone,Leon,1,Undirected
Sylvester Stallone,Anne Bancroft,1,Undirected
Sylvester Stallone,Woody Allen,1,Undirected
Sylvester Stallone,Kurtwood Smith,1,Undirected
Sylvester Stallone,Richard Crenna,1,Undirected
Sylvester Stallone,Brion James,1,Undirected
Sylvester Stallone,Jack Palance,1,Undirected
Sylvester Stallone,Charles S. Dutton,1,Undirected
Sylvester Stallone,Tom Berenger,1,Undirected
Sylvester Stallone,Jason Momoa,1,Undirected
Sylvester Stallone,Jon Seda,1,Undirected
Sylvester Stallone,Kelly Rowan,1,Undirected
Sylvester Stallone,Muse Watson,1,Undirected
Sylvester Stallone,Chris Mulkey,2,Undirected
Sylvester Stallone,Emilio Estefan Jr.,1,Undirected
Sylvester Stallone,Rod Steiger,2,Undirected
Sylvester Stallone,Julia Nickson,1,Undirected
Sylvester Stallone,Martin Kove,2,Undirected
Sylvester Stallone,Alexa PenaVega,1,Undirected
Sylvester Stallone,Lauren Lee Smith,1,Undirected
Sylvester Stallone,Miranda Richardson,1,Undirected
Sylvester Stallone,Oscar Gale,1,Undirected
Sylvester Stallone,Graham McTavish,1,Undirected
Sylvester Stallone,Phylicia Rashad,1,Undirected
Sylvester Stallone,Burt Young,1,Undirected
Sylvester Stallone,Mike Tyson,1,Undirected
Sylvester Stallone,Peter Boyle,1,Undirected
Sylvester Stallone,Lindsay Wagner,1,Undirected
Sylvester Stallone,Persis Khambatta,1,Undirected
Sylvester Stallone,Burgess Meredith,1,Undirected
Sylvester Stallone,Carl Weathers,1,Undirected
Sylvester Stallone,David Carradine,1,Undirected
Annie Parisse,Armando Riesco,1,Undirected
Annie Parisse,Frankie Valli,1,Undirected
Annie Parisse,Yaya DaCosta,1,Undirected
Armando Riesco,Jay Hernandez,1,Undirected
Armando Riesco,Lili Taylor,1,Undirected
Armando Riesco,Eduardo Verástegui,1,Undirected
Armando Riesco,Jill Flint,1,Undirected
Armando Riesco,Michael Weston,1,Undirected
Ed Speleers,Gary Lewis,1,Undirected
Ed Speleers,Eamonn Walker,1,Undirected
Gary Lewis,Dany Boon,1,Undirected
Gary Lewis,Ian Richardson,1,Undirected
Gary Lewis,Jamie Draven,1,Undirected
Catherine O'Hara,Max Records,1,Undirected
Catherine O'Hara,Ryan Corr,1,Undirected
Catherine O'Hara,Tom Selleck,1,Undirected
Catherine O'Hara,Jon Heder,1,Undirected
Catherine O'Hara,Isabella Rossellini,1,Undirected
Catherine O'Hara,Atticus Shaffer,1,Undirected
Catherine O'Hara,Martin Landau,1,Undirected
Catherine O'Hara,Carmen Ejogo,1,Undirected
Catherine O'Hara,Jim Gaffigan,1,Undirected
Catherine O'Hara,Devin Ratray,1,Undirected
Catherine O'Hara,Macaulay Culkin,1,Undirected
Catherine O'Hara,Glenn Shadix,1,Undirected
Catherine O'Hara,Jake Busey,1,Undirected
Catherine O'Hara,Shelley Duvall,1,Undirected
Catherine O'Hara,Michael McKean,1,Undirected
Catherine O'Hara,Larry Miller,1,Undirected
Max Records,Ryan Corr,1,Undirected
Ryan Corr,Cem Yilmaz,1,Undirected
Emma Kenney,Troy Evans,1,Undirected
Troy Evans,Austin O'Brien,1,Undirected
Troy Evans,Jeff Fahey,1,Undirected
Troy Evans,Donald Pleasence,1,Undirected
Troy Evans,Tamara Glynn,1,Undirected
Rufus Sewell,Ingrid Bolsø Berdal,2,Undirected
Rufus Sewell,Sarah Parish,1,Undirected
Rufus Sewell,Benjamin Walker,1,Undirected
Rufus Sewell,Bérénice Bejo,1,Undirected
Rufus Sewell,Angela Bettis,1,Undirected
Rufus Sewell,Jimmy Smits,1,Undirected
Rufus Sewell,Bridgette Wilson-Sampras,1,Undirected
Rufus Sewell,Rupert Graves,1,Undirected
Rufus Sewell,Jake Wood,2,Undirected
Rufus Sewell,Charlotte Rampling,1,Undirected
Mark Margolis,Udo Kier,1,Undirected
Mark Margolis,Clint Eastwood,1,Undirected
Mark Margolis,Denis Leary,1,Undirected
Mark Margolis,Faye Dunaway,1,Undirected
Mark Margolis,Ellen Burstyn,2,Undirected
Mark Margolis,Michael Jeter,1,Undirected
Mark Margolis,Carol Kane,1,Undirected
Mark Margolis,Michael Rapaport,1,Undirected
Mark Margolis,Ajay Naidu,1,Undirected
Mark Margolis,John D'Leo,1,Undirected
Mark Margolis,Louise Lasser,1,Undirected
Mark Margolis,Clint Mansell,1,Undirected
Mark Margolis,Stanley B. Herman,1,Undirected
Udo Kier,Sanaa Lathan,1,Undirected
Udo Kier,Traci Lords,1,Undirected
Udo Kier,Jeffrey Combs,1,Undirected
Udo Kier,Natascha McElhone,1,Undirected
Udo Kier,Bebe Neuwirth,1,Undirected
Udo Kier,Martin Landau,1,Undirected
Udo Kier,Meat Loaf,1,Undirected
Udo Kier,Michael Paré,1,Undirected
Udo Kier,Franco Nero,1,Undirected
Udo Kier,Michael Biehn,1,Undirected
Udo Kier,Edward Fox,1,Undirected
Udo Kier,Björk,1,Undirected
Udo Kier,Catherine Deneuve,1,Undirected
Udo Kier,David Margulies,1,Undirected
Udo Kier,Sean Young,1,Undirected
Udo Kier,Catherine McCormack,1,Undirected
Udo Kier,Birol Ünel,1,Undirected
Udo Kier,Moritz Bleibtreu,1,Undirected
Udo Kier,Flea,1,Undirected
Stephen Collins,Colin Ferguson,1,Undirected
Stephen Collins,Elizabeth Berkley,1,Undirected
Stephen Collins,Stockard Channing,1,Undirected
Stephen Collins,Keri Lynn Pratt,1,Undirected
Stephen Collins,Mark Webber,1,Undirected
Debi Mazar,Rene Auberjonois,1,Undirected
Debi Mazar,Christina Milian,1,Undirected
Debi Mazar,Al Pacino,1,Undirected
Debi Mazar,Ritchie Coster,1,Undirected
Debi Mazar,Romany Malco,1,Undirected
Debi Mazar,Kevin Connolly,1,Undirected
Debi Mazar,Kevin Dillon,1,Undirected
Debi Mazar,Debra Messing,1,Undirected
Debi Mazar,Gretchen Mol,1,Undirected
Debi Mazar,Michael Imperioli,1,Undirected
Debi Mazar,Carol Kane,1,Undirected
Jake Busey,Patrick Muldoon,1,Undirected
Jake Busey,Seth Gilliam,1,Undirected
Jake Busey,Lisa Bonet,1,Undirected
Jake Busey,Cheech Marin,1,Undirected
Jake Busey,Clea DuVall,1,Undirected
Jake Busey,Rebecca De Mornay,1,Undirected
Jake Busey,Shelley Duvall,1,Undirected
Jake Busey,David Ogden Stiers,1,Undirected
Jake Busey,Shannon Elizabeth,1,Undirected
Jake Busey,Barry Corbin,1,Undirected
Jake Busey,Nia Long,1,Undirected
Jake Busey,Alexa PenaVega,1,Undirected
Jake Busey,Lew Temple,1,Undirected
Jake Busey,Brighton Sharbino,1,Undirected
Jake Busey,Tim Guinee,1,Undirected
Patrick Muldoon,Seth Gilliam,1,Undirected
Patrick Muldoon,Sabrina Carmichael,1,Undirected
Patrick Muldoon,William McNamara,1,Undirected
Seth Gilliam,Nigel Whitmey,1,Undirected
Seth Gilliam,Todd Boyce,1,Undirected
Seth Gilliam,Hunter Parrish,1,Undirected
Jim Sturgess,Robert Clohessy,2,Undirected
Jim Sturgess,T.V. Carpio,2,Undirected
Jim Sturgess,Liya Kebede,1,Undirected
Jim Sturgess,Sean Buchanan,1,Undirected
Jim Sturgess,Kevin Zegers,1,Undirected
Jim Sturgess,Michael McElhatton,1,Undirected
Anthony LaPaglia,Brad Renfro,1,Undirected
Anthony LaPaglia,Bradley Whitford,1,Undirected
Anthony LaPaglia,Adam Goldberg,1,Undirected
Anthony LaPaglia,Meat Loaf,1,Undirected
Anthony LaPaglia,Elizabeth McGovern,1,Undirected
Anthony LaPaglia,Eric Stoltz,1,Undirected
Alex Borstein,Christopher Heyerdahl,1,Undirected
Alex Borstein,Tony Cox,1,Undirected
Alex Borstein,Timothée Chalamet,1,Undirected
Alex Borstein,Adam Lamberg,1,Undirected
Alex Borstein,Clayton Snyder,1,Undirected
Alex Borstein,Tate Donovan,1,Undirected
Christopher Heyerdahl,Conrad Dunn,1,Undirected
Christopher Heyerdahl,Gina Bellman,1,Undirected
Christopher Heyerdahl,Ellen Burstyn,2,Undirected
Christopher Heyerdahl,Topher Grace,2,Undirected
Ingrid Bolsø Berdal,Derek Mears,1,Undirected
Ingrid Bolsø Berdal,Jesse McCartney,1,Undirected
Michael Wincott,Gary Dourdan,1,Undirected
Michael Wincott,Raymond Cruz,1,Undirected
Michael Wincott,Kathleen Quinlan,1,Undirected
Michael Wincott,Kevin Dillon,1,Undirected
Michael Wincott,David Patrick Kelly,1,Undirected
Michael Wincott,Landon Liboiron,2,Undirected
Michael Wincott,Lena Olin,1,Undirected
Michael Wincott,Bill Johnson,1,Undirected
Michael Wincott,Zach Grenier,1,Undirected
Michael Wincott,Courtney Love,1,Undirected
Anna Friel,Bobb'e J. Thompson,1,Undirected
Anna Friel,Franco Nero,1,Undirected
Anna Friel,Hans Matheson,1,Undirected
Anna Friel,Catherine McCormack,1,Undirected
Anna Friel,Steven Mackintosh,1,Undirected
Anna Friel,Brían F. O'Byrne,1,Undirected
Anna Friel,Pauline McLynn,1,Undirected
Bobb'e J. Thompson,Al Roker,1,Undirected
Bobb'e J. Thompson,Will Forte,1,Undirected
Bobb'e J. Thompson,Ken Marino,1,Undirected
Bobb'e J. Thompson,Cicely Tyson,1,Undirected
Bobb'e J. Thompson,Faizon Love,1,Undirected
Ben Stein,Jamie Kennedy,1,Undirected
Ben Stein,Traylor Howard,1,Undirected
Jamie Kennedy,Traylor Howard,1,Undirected
Jamie Kennedy,Adam Alexi-Malle,1,Undirected
Jamie Kennedy,Mykelti Williamson,1,Undirected
Jamie Kennedy,Eddie Cibrian,1,Undirected
Jamie Kennedy,Phylicia Rashad,1,Undirected
Jamie Kennedy,Alanna Ubach,1,Undirected
Jamie Kennedy,Bob Balaban,1,Undirected
Jamie Kennedy,James Gunn,1,Undirected
Jamie Kennedy,Frances Bay,1,Undirected
Jamie Kennedy,Veronica Cartwright,1,Undirected
Traylor Howard,Jack Warden,1,Undirected
Benjamin Walker,Frank Dillane,1,Undirected
Burt Young,Randy Quaid,1,Undirected
Burt Young,Vincent Pastore,1,Undirected
Burt Young,Treat Williams,1,Undirected
Burt Young,Mike Tyson,1,Undirected
Burt Young,Ian Gomez,1,Undirected
Burt Young,Thomas Ian Griffith,1,Undirected
Randy Quaid,Minnie Driver,1,Undirected
Randy Quaid,Nick Cassavetes,1,Undirected
Randy Quaid,Beverly D'Angelo,1,Undirected
Randy Quaid,Jane Krakowski,1,Undirected
Randy Quaid,David Carradine,1,Undirected
Randy Quaid,Bernadette Peters,1,Undirected
Randy Quaid,Christopher Guest,1,Undirected
Igal Naor,Sean Huze,1,Undirected
Bill Melendez,Francesca Capaldi,1,Undirected
Bill Melendez,Venus Schultheis,1,Undirected
Bill Melendez,Christopher Shea,1,Undirected
Bill Melendez,Peter Robbins,1,Undirected
Francesca Capaldi,Venus Schultheis,1,Undirected
Ben Gazzara,Campbell Scott,1,Undirected
Ben Gazzara,Felicity Huffman,1,Undirected
Ben Gazzara,Jacqueline Bisset,1,Undirected
Ben Gazzara,Laurence Olivier,1,Undirected
Ben Gazzara,Nicholas Turturro,1,Undirected
Ben Gazzara,Sam Waterston,1,Undirected
Ben Gazzara,Kelly Lynch,1,Undirected
Ben Gazzara,Kevin Tighe,1,Undirected
Ben Gazzara,Beverly D'Angelo,1,Undirected
Ben Gazzara,George DiCenzo,1,Undirected
Campbell Scott,Felicity Huffman,1,Undirected
Campbell Scott,Estelle Parsons,2,Undirected
Campbell Scott,Jennifer Jason Leigh,2,Undirected
Campbell Scott,Eamonn Walker,1,Undirected
Campbell Scott,Hope Davis,1,Undirected
Campbell Scott,Adam Butcher,1,Undirected
Campbell Scott,Gordon Pinsent,1,Undirected
Campbell Scott,Dick Cheney,1,Undirected
Campbell Scott,Donald Rumsfeld,1,Undirected
Felicity Huffman,Amber Valletta,1,Undirected
Felicity Huffman,David Adam Flannery,1,Undirected
Felicity Huffman,Kevin Zegers,1,Undirected
Felicity Huffman,Paul Borghese,1,Undirected
Ni Ni,Shigeo Kobayashi,1,Undirected
Jon Heder,Zooey Deschanel,1,Undirected
Jon Heder,Willie Garson,1,Undirected
Jon Heder,Jon Lovitz,1,Undirected
Jon Heder,Tim Meadows,1,Undirected
Jon Heder,Jacinda Barrett,1,Undirected
Jon Heder,Rebecca Black,1,Undirected
Jon Heder,Cheryl Hines,1,Undirected
Jon Heder,Gary Cole,1,Undirected
Jon Heder,Jon Gries,1,Undirected
Zooey Deschanel,Alan Ruck,1,Undirected
Zooey Deschanel,Kristen Connolly,1,Undirected
Zooey Deschanel,Michael Angarano,1,Undirected
Zooey Deschanel,Danny Masterson,1,Undirected
Zooey Deschanel,Thomas Lennon,1,Undirected
Zooey Deschanel,Omar Epps,1,Undirected
Zooey Deschanel,Mary McDonnell,1,Undirected
Zooey Deschanel,Bailee Madison,1,Undirected
Zooey Deschanel,Eddie Griffin,1,Undirected
Zooey Deschanel,Gene Simmons,1,Undirected
Zooey Deschanel,Dallas Roberts,1,Undirected
Zooey Deschanel,Paul Schneider,1,Undirected
Zooey Deschanel,Shea Whigham,1,Undirected
Jon Lovitz,Roger Bart,1,Undirected
Jon Lovitz,Adam Sandler,4,Undirected
Jon Lovitz,Michael McKean,1,Undirected
Jon Lovitz,Bokeem Woodbine,1,Undirected
Jon Lovitz,Ice-T,1,Undirected
Jon Lovitz,Tim Meadows,1,Undirected
Jon Lovitz,John Heard,1,Undirected
Jon Lovitz,Michael Rapaport,1,Undirected
Jon Lovitz,Woody Allen,1,Undirected
Jon Lovitz,Alyson Hannigan,1,Undirected
Jon Lovitz,Tony Jay,1,Undirected
Jon Lovitz,Bill Nunn,1,Undirected
Jon Lovitz,Lin Shaye,1,Undirected
Jon Lovitz,Dylan Baker,1,Undirected
Jon Lovitz,Mindy Sterling,1,Undirected
Jon Lovitz,Phil Hartman,1,Undirected
Katherine LaNasa,Thomas Middleditch,1,Undirected
Katherine LaNasa,John Heard,1,Undirected
Katherine LaNasa,Mark L. Young,1,Undirected
Milla Jovovich,Boris Kodjoe,2,Undirected
Milla Jovovich,Shawn Roberts,1,Undirected
Milla Jovovich,Mike Epps,2,Undirected
Milla Jovovich,James Tumminia,1,Undirected
Milla Jovovich,Jaymes Butler,1,Undirected
Milla Jovovich,Cameron Bright,1,Undirected
Milla Jovovich,Nick Chinlund,1,Undirected
Milla Jovovich,Robert Forster,1,Undirected
Milla Jovovich,Roger Rees,1,Undirected
Milla Jovovich,Marley Shelton,1,Undirected
Milla Jovovich,Sarah Polley,2,Undirected
Milla Jovovich,Shirley Henderson,2,Undirected
Milla Jovovich,Lisa Pelikan,1,Undirected
Milla Jovovich,Wayne Pygram,1,Undirected
Milla Jovovich,Hakeem Kae-Kazim,1,Undirected
Milla Jovovich,Adam Goldberg,1,Undirected
Milla Jovovich,Cole Hauser,1,Undirected
Chris Noth,Kristin Davis,2,Undirected
Chris Noth,Liza Minnelli,1,Undirected
Chris Noth,Cynthia Nixon,1,Undirected
Chris Noth,Paul Sorvino,1,Undirected
Chris Noth,Bruce Dern,1,Undirected
Chris Noth,Trevor Morgan,1,Undirected
Chris Noth,Ben Feldman,1,Undirected
Chris Noth,Vanessa Lengies,1,Undirected
Chris Noth,James Brolin,1,Undirected
Chris Noth,Jared Gilman,1,Undirected
Kristin Davis,Liza Minnelli,1,Undirected
Kristin Davis,Tasha Smith,1,Undirected
Kristin Davis,Cynthia Nixon,1,Undirected
Kristin Davis,Taylor Dooley,1,Undirected
Liza Minnelli,Tim Russ,1,Undirected
Liza Minnelli,Winter Ave Zoli,1,Undirected
Elton John,Frank Welker,1,Undirected
Elton John,Rosie Perez,1,Undirected
Elton John,Bono,1,Undirected
Elton John,Slash,1,Undirected
Elton John,Harvey Weinstein,1,Undirected
Elton John,Richard Curtis,1,Undirected
Frank Welker,Rosie Perez,1,Undirected
Frank Welker,Irene Bedard,1,Undirected
Frank Welker,Alexander Gould,1,Undirected
Frank Welker,Eric Stoltz,1,Undirected
Frank Welker,Kari Wuhrer,1,Undirected
Frank Welker,Michael Jai White,1,Undirected
Frank Welker,Miko Hughes,1,Undirected
Frank Welker,George Kennedy,1,Undirected
Frank Welker,Hal Holbrook,1,Undirected
Frank Welker,Scott Weinger,1,Undirected
Frank Welker,Alice Playten,1,Undirected
Frank Welker,Constance Shulman,1,Undirected
Rosie Perez,Adam Garcia,1,Undirected
Rosie Perez,Alissa Dean,1,Undirected
Rosie Perez,Gary Cole,1,Undirected
Rosie Perez,Dante Brown,1,Undirected
Rosie Perez,Holly Hunter,1,Undirected
Rosie Perez,Cheyenne Haynes,1,Undirected
Rosie Perez,Martha Higareda,1,Undirected
Derek Jacobi,Paz Vega,1,Undirected
Derek Jacobi,Veronica Ferres,1,Undirected
Derek Jacobi,Danny Webb,1,Undirected
AJ Michalka,Michael Imperioli,2,Undirected
AJ Michalka,Joel Courtney,1,Undirected
AJ Michalka,Zach Mills,1,Undirected
Michael Imperioli,Tara Platt,1,Undirected
Michael Imperioli,Marsha Thomason,1,Undirected
Michael Imperioli,Gretchen Mol,1,Undirected
Alexander Gould,Ethan Embry,1,Undirected
Bernard Hill,Roger Rees,1,Undirected
Bernard Hill,Om Puri,1,Undirected
Bernard Hill,Gemma Jones,1,Undirected
Bernard Hill,Nicola Walker,1,Undirected
Bernard Hill,Charles S. Dutton,1,Undirected
Olivia Williams,Brian Anthony Wilson,1,Undirected
Olivia Williams,Larenz Tate,1,Undirected
Olivia Williams,Jim Belushi,1,Undirected
Olivia Williams,Timothy Hutton,1,Undirected
Olivia Williams,Haley Joel Osment,1,Undirected
Olivia Williams,Pip Torrens,1,Undirected
Olivia Williams,Romola Garai,1,Undirected
Olivia Williams,Tom Cullen,1,Undirected
Olivia Williams,Ellie Kendrick,1,Undirected
Olivia Williams,Eleanor Bron,1,Undirected
Olivia Williams,Luke Newberry,1,Undirected
Olivia Williams,Peter McNamara,1,Undirected
Olivia Williams,Jeremy Irvine,1,Undirected
Olivia Williams,Paddy Considine,1,Undirected
Alessandro Nivola,Michael Jeter,1,Undirected
Alessandro Nivola,Trevor Morgan,1,Undirected
Alessandro Nivola,Benoît Poelvoorde,1,Undirected
Alessandro Nivola,Marie Gillain,1,Undirected
Alessandro Nivola,Anna Silk,1,Undirected
Alessandro Nivola,Tom Hollander,1,Undirected
Alessandro Nivola,Obba Babatundé,1,Undirected
Michael Jeter,Trevor Morgan,1,Undirected
Michael Jeter,Jeffrey DeMunn,1,Undirected
Michael Jeter,Julian Richings,1,Undirected
Michael Jeter,Ellen Barkin,1,Undirected
Michael Jeter,Andy Davoli,1,Undirected
Michael Jeter,Isaiah Washington,1,Undirected
Michael Jeter,Bill Cobbs,1,Undirected
Michael Jeter,Kevin Zegers,1,Undirected
Trevor Morgan,Bruce Dern,1,Undirected
Trevor Morgan,Kyla Pratt,1,Undirected
Trevor Morgan,Shirley Douglas,1,Undirected
Trevor Morgan,Rory Culkin,1,Undirected
Trevor Morgan,Scott Mechlowicz,1,Undirected
David Oyelowo,Catherine McCormack,1,Undirected
David Oyelowo,Jemima Rooper,1,Undirected
David Oyelowo,Nate Parker,1,Undirected
David Oyelowo,Tristan Mack Wilds,1,Undirected
David Oyelowo,Alex Pettyfer,1,Undirected
David Oyelowo,Vanessa Redgrave,1,Undirected
David Oyelowo,Albert Brooks,1,Undirected
David Oyelowo,Ashley Williams,1,Undirected
David Oyelowo,Abby Mukiibi Nkaaga,1,Undirected
David Oyelowo,Simon McBurney,1,Undirected
David Oyelowo,Leonor Varela,1,Undirected
David Oyelowo,Sydelle Noel,1,Undirected
David Oyelowo,Lorraine Toussaint,1,Undirected
David Oyelowo,Omari Hardwick,1,Undirected
Joan Plowright,Tod Fennell,1,Undirected
Joan Plowright,F. Murray Abraham,1,Undirected
Joan Plowright,Tom Noonan,1,Undirected
Joan Plowright,Rollo Weeks,1,Undirected
Joan Plowright,Simon Callow,1,Undirected
Joan Plowright,Lily Tomlin,1,Undirected
Joan Plowright,Paolo Seganti,1,Undirected
Cole Hauser,Megalyn Echikunwoke,1,Undirected
Cole Hauser,Mo Gallini,1,Undirected
Cole Hauser,Tom Skerritt,1,Undirected
Cole Hauser,Rory Cochrane,1,Undirected
Cole Hauser,Eddie Cibrian,1,Undirected
Cole Hauser,Marcel Iures,1,Undirected
Cole Hauser,Radha Mitchell,1,Undirected
Cole Hauser,Derek Luke,1,Undirected
Cole Hauser,Sarah Carter,1,Undirected
Cole Hauser,Kelly Carlson,1,Undirected
Cole Hauser,Tom Hollander,1,Undirected
Cole Hauser,Marc Donato,1,Undirected
Cole Hauser,Patrick Fugit,1,Undirected
Cole Hauser,Adam Goldberg,1,Undirected
Cole Hauser,Drew Waters,1,Undirected
Cole Hauser,Sean Cook,1,Undirected
Megalyn Echikunwoke,Greta Gerwig,1,Undirected
Megalyn Echikunwoke,Colm Feore,1,Undirected
Megalyn Echikunwoke,Craig T. Nelson,1,Undirected
Craig T. Nelson,Holly Hunter,1,Undirected
Craig T. Nelson,Lou Romano,1,Undirected
Craig T. Nelson,Denis O'Hare,1,Undirected
Craig T. Nelson,Alison Brie,1,Undirected
Craig T. Nelson,Alexa PenaVega,1,Undirected
Craig T. Nelson,Virginia Madsen,1,Undirected
Craig T. Nelson,Heather O'Rourke,2,Undirected
Craig T. Nelson,Zelda Rubinstein,2,Undirected
Craig T. Nelson,Paul Schneider,1,Undirected
Craig T. Nelson,Tyrone Giordano,1,Undirected
Craig T. Nelson,Chris Brochu,1,Undirected
Craig T. Nelson,Kellie Martin,1,Undirected
Craig T. Nelson,Shelley Long,1,Undirected
Craig T. Nelson,Colm Feore,1,Undirected
Holly Hunter,Lou Romano,1,Undirected
Holly Hunter,Wilford Brimley,1,Undirected
Holly Hunter,Dave Annable,1,Undirected
Holly Hunter,Kevin Sussman,1,Undirected
Holly Hunter,Daniel von Bargen,1,Undirected
Holly Hunter,Bob Clendenin,1,Undirected
Holly Hunter,Harry Connick Jr.,1,Undirected
Holly Hunter,William McNamara,1,Undirected
Holly Hunter,Steve Guttenberg,1,Undirected
Holly Hunter,Dante Brown,1,Undirected
Holly Hunter,Eddie Cibrian,1,Undirected
Holly Hunter,Geneviève Lemon,1,Undirected
Holly Hunter,Ian Mune,1,Undirected
Holly Hunter,Bokeem Woodbine,2,Undirected
Holly Hunter,Dylan Minnette,2,Undirected
Holly Hunter,Kip Pardue,1,Undirected
Holly Hunter,Sarah Clarke,1,Undirected
Christopher Masterson,Matthew Modine,1,Undirected
Linda Fiorentino,Michael Biehn,1,Undirected
Ethan Suplee,Ryan Gosling,1,Undirected
Ethan Suplee,Paulo Costanzo,1,Undirected
Ethan Suplee,Rachel Blanchard,1,Undirected
Ethan Suplee,Beverly D'Angelo,1,Undirected
Ethan Suplee,Jason Mewes,2,Undirected
Ethan Suplee,Joey Lauren Adams,2,Undirected
Ethan Suplee,Brian O'Halloran,1,Undirected
Ethan Suplee,John Heard,1,Undirected
Ethan Suplee,Sara Gilbert,1,Undirected
Harris Yulin,John Lone,1,Undirected
Harris Yulin,Mei Melançon,1,Undirected
Harris Yulin,Gregory Smith,1,Undirected
John Lone,Mei Melançon,1,Undirected
Amber Valletta,Miranda Otto,1,Undirected
Amber Valletta,Harvey Fierstein,1,Undirected
Amber Valletta,George Lopez,1,Undirected
Amber Valletta,Madeline Carroll,1,Undirected
Amber Valletta,Marc Macaulay,1,Undirected
Amber Valletta,Nia Long,1,Undirected
Amber Valletta,Larry Miller,1,Undirected
Miranda Otto,Caitlin Stasey,1,Undirected
Miranda Otto,Kevin Grevioux,1,Undirected
Miranda Otto,Dash Mihok,1,Undirected
Miranda Otto,Barry Corbin,1,Undirected
Al Roker,Will Forte,1,Undirected
Will Forte,Melissa Sturm,1,Undirected
Will Forte,Adam Sandler,1,Undirected
Will Forte,Leighton Meester,1,Undirected
Will Forte,Nicholas Braun,2,Undirected
Will Forte,Rosemarie DeWitt,2,Undirected
Will Forte,Keegan-Michael Key,1,Undirected
Will Forte,Nia Long,1,Undirected
Will Forte,Bruce Dern,1,Undirected
Will Forte,Devin Ratray,1,Undirected
Will Forte,Jasper Cole,1,Undirected
Will Forte,Powers Boothe,1,Undirected
Will Forte,Jenna Fischer,1,Undirected
Will Forte,Lee Majors,1,Undirected
Denis Leary,Kelly Keaton,1,Undirected
Denis Leary,Maile Flanagan,1,Undirected
Denis Leary,Jay Leno,1,Undirected
Denis Leary,Ray Romano,1,Undirected
Denis Leary,Goran Visnjic,1,Undirected
Denis Leary,Faye Dunaway,1,Undirected
Denis Leary,Robert Picardo,1,Undirected
Kelly Keaton,Maile Flanagan,1,Undirected
Adrian Martinez,Joey Slotnick,1,Undirected
Adrian Martinez,Gerald McRaney,1,Undirected
Adrian Martinez,Aaron Yoo,1,Undirected
Adrian Martinez,Luis E. Carazo,1,Undirected
Adrian Martinez,Derek Luke,1,Undirected
Joey Slotnick,Greg Grunberg,1,Undirected
Joey Slotnick,Kim Dickens,1,Undirected
Joey Slotnick,Jessy Schram,1,Undirected
Kelly Lynch,LL Cool J,1,Undirected
Kelly Lynch,Jim Belushi,1,Undirected
Kelly Lynch,Ken Marino,1,Undirected
Kelly Lynch,Kevin Tighe,1,Undirected
LL Cool J,Josh Charles,1,Undirected
LL Cool J,Andrew Bryniarski,1,Undirected
LL Cool J,Chris Klein,1,Undirected
LL Cool J,Al Pacino,1,Undirected
LL Cool J,Michael Rapaport,1,Undirected
LL Cool J,Saffron Burrows,1,Undirected
LL Cool J,Alicia Witt,1,Undirected
LL Cool J,Timothy Hutton,1,Undirected
LL Cool J,Eion Bailey,1,Undirected
LL Cool J,Fisher Stevens,1,Undirected
LL Cool J,Dave Chappelle,1,Undirected
LL Cool J,Nia Long,1,Undirected
LL Cool J,Omar Epps,1,Undirected
Harvey Fierstein,June Foray,1,Undirected
Harvey Fierstein,Jerry Stiller,1,Undirected
Harvey Fierstein,Larry Miller,1,Undirected
Harvey Fierstein,Josh Pais,1,Undirected
Harvey Fierstein,Michael Lerner,1,Undirected
Brandon T. Jackson,Leven Rambin,1,Undirected
Brandon T. Jackson,Portia Doubleday,1,Undirected
Brandon T. Jackson,Loretta Devine,1,Undirected
Brandon T. Jackson,Shad Moss,2,Undirected
Brandon T. Jackson,Jurnee Smollett-Bell,1,Undirected
Goran Visnjic,Joely Richardson,1,Undirected
Goran Visnjic,Dianne Wiest,1,Undirected
Goran Visnjic,Stockard Channing,1,Undirected
Goran Visnjic,Lou Taylor Pucci,1,Undirected
Goran Visnjic,Mary Page Keller,1,Undirected
Joely Richardson,Kathleen Quinlan,1,Undirected
Joely Richardson,Sean Pertwee,1,Undirected
Joely Richardson,Vanessa Redgrave,1,Undirected
Joely Richardson,Beau Bridges,1,Undirected
Joely Richardson,Nastassja Kinski,1,Undirected
Joely Richardson,David A Cole,1,Undirected
Joely Richardson,J.D. Evermore,1,Undirected
Aldis Hodge,Kevin Chamberlin,1,Undirected
Aldis Hodge,Neil Brown Jr.,1,Undirected
Aldis Hodge,R. Marcos Taylor,1,Undirected
Kevin Chamberlin,Demetri Martin,1,Undirected
Kevin Chamberlin,Imelda Staunton,1,Undirected
Kevin Chamberlin,William Mapother,1,Undirected
Cree Summer,Jim Varney,1,Undirected
Cree Summer,Christine Cavanaugh,1,Undirected
Cree Summer,Elizabeth Daily,2,Undirected
Cree Summer,Flea,1,Undirected
Cree Summer,Nancy Cartwright,1,Undirected
Bella Thorne,Jesse McCartney,1,Undirected
Bella Thorne,Joshua Mikel,1,Undirected
Bella Thorne,Adam Sandler,1,Undirected
Bella Thorne,Joel McHale,1,Undirected
Bella Thorne,Romany Malco,1,Undirected
Bella Thorne,Skyler Samuels,1,Undirected
Bella Thorne,Chloe Bridges,1,Undirected
Bella Thorne,Christopher Atkins,1,Undirected
Jesse McCartney,Joshua Mikel,1,Undirected
Jesse McCartney,Lauren Gottlieb,1,Undirected
Jesse McCartney,Bridgit Mendler,1,Undirected
Jesse McCartney,Beth Riesgraf,1,Undirected
Jesse McCartney,Matthew Gray Gubler,1,Undirected
Adam Sandler,Kevin Nealon,3,Undirected
Adam Sandler,Sayed Badreya,1,Undirected
Adam Sandler,Cameron Monaghan,1,Undirected
Adam Sandler,Julie Kavner,1,Undirected
Adam Sandler,Dalip Singh,1,Undirected
Adam Sandler,Steve Reevis,1,Undirected
Adam Sandler,Carmen Electra,1,Undirected
Adam Sandler,Kathryn Joosten,1,Undirected
Adam Sandler,Bailee Madison,1,Undirected
Adam Sandler,Fran Drescher,1,Undirected
Adam Sandler,Michael McKean,1,Undirected
Adam Sandler,Al Pacino,1,Undirected
Adam Sandler,Tim Meadows,1,Undirected
Adam Sandler,Allen Covert,1,Undirected
Adam Sandler,Peter Dante,2,Undirected
Adam Sandler,Paz Vega,1,Undirected
Adam Sandler,Sarah Steele,1,Undirected
Adam Sandler,Maude Apatow,1,Undirected
Adam Sandler,Leighton Meester,1,Undirected
Adam Sandler,Peter Gallagher,1,Undirected
Adam Sandler,Joel McHale,1,Undirected
Adam Sandler,Joey Lauren Adams,1,Undirected
Adam Sandler,Don McManus,1,Undirected
Adam Sandler,Emily Watson,1,Undirected
Adam Sandler,John de Lancie,1,Undirected
Adam Sandler,Frances Bay,1,Undirected
Kevin Nealon,Sayed Badreya,1,Undirected
Kevin Nealon,Bailee Madison,1,Undirected
Kevin Nealon,Liam Aiken,1,Undirected
Kevin Nealon,Frances Bay,1,Undirected
Kevin Nealon,Nicholas Turturro,1,Undirected
Kevin Nealon,Alicia Witt,1,Undirected
Sayed Badreya,Horatio Sanz,1,Undirected
Haley Joel Osment,Kevin Sussman,1,Undirected
Haley Joel Osment,Angie Dickinson,1,Undirected
Haley Joel Osment,Andrea Martin,1,Undirected
Haley Joel Osment,Nancy Travis,1,Undirected
Haley Joel Osment,Emmanuelle Vaugier,1,Undirected
Haley Joel Osment,Phil Collins,1,Undirected
Haley Joel Osment,Tony Jay,1,Undirected
Haley Joel Osment,Alex Rocco,1,Undirected
Haley Joel Osment,Natasha Lyonne,1,Undirected
Haley Joel Osment,Michael Parks,1,Undirected
Kevin Sussman,Michael Rapaport,1,Undirected
Kevin Sussman,Beau Garrett,1,Undirected
Kevin Sussman,Busy Philipps,1,Undirected
Kevin Sussman,Dave Annable,1,Undirected
Kevin Sussman,Christine Lakin,1,Undirected
Kevin Sussman,Larry Miller,1,Undirected
Marc John Jefferies,Marsha Thomason,1,Undirected
Marc John Jefferies,Rachael Harris,1,Undirected
Marc John Jefferies,50 Cent,1,Undirected
Marc John Jefferies,Bill Duke,1,Undirected
Marc John Jefferies,Emily Meade,1,Undirected
Marc John Jefferies,Samira Wiley,1,Undirected
Marsha Thomason,Rachael Harris,1,Undirected
Marsha Thomason,Vincent Regan,1,Undirected
Rachael Harris,Zachary Gordon,3,Undirected
Rachael Harris,Fran Kranz,1,Undirected
Larry King,Tom Skerritt,1,Undirected
Larry King,Isaac C. Singleton Jr.,1,Undirected
Larry King,Jeanette Branch,1,Undirected
Tom Skerritt,Seth MacFarlane,1,Undirected
Tom Skerritt,Leonor Varela,1,Undirected
Tom Skerritt,Usher Raymond,1,Undirected
Tom Skerritt,Bashar Rahal,1,Undirected
Tom Skerritt,Shawn Doyle,1,Undirected
Tom Skerritt,Adrian Pasdar,1,Undirected
Tom Skerritt,Anthony Zerbe,1,Undirected
Tom Skerritt,Herbert Lom,1,Undirected
Tom Skerritt,Heather O'Rourke,1,Undirected
Tom Skerritt,Zelda Rubinstein,1,Undirected
Tom Skerritt,Bolaji Badejo,1,Undirected
Tom Skerritt,Yaphet Kotto,1,Undirected
Tom Skerritt,Cinda McCain,1,Undirected
Tom Skerritt,Luke Perry,1,Undirected
Greg Grunberg,Kim Dickens,1,Undirected
Greg Grunberg,Blair Underwood,1,Undirected
Greg Grunberg,Regina Hall,1,Undirected
Greg Grunberg,Dagmara Dominczyk,1,Undirected
Greg Grunberg,Donald Faison,1,Undirected
Greg Grunberg,Masi Oka,1,Undirected
Greg Grunberg,Sendhil Ramamurthy,1,Undirected
Kim Dickens,Catherine Dyer,1,Undirected
Kim Dickens,Quinton Aaron,1,Undirected
Kim Dickens,Frances Fisher,1,Undirected
Kim Dickens,Ron Eldard,1,Undirected
Kim Dickens,Angela Featherstone,1,Undirected
Kim Dickens,Ryan O'Neal,1,Undirected
Curtiss Cook,George Harris,1,Undirected
Curtiss Cook,Michael Wright,1,Undirected
Curtiss Cook,Nate Parker,1,Undirected
Curtiss Cook,Dominik García-Lorido,1,Undirected
Curtiss Cook,Ezra Miller,1,Undirected
Curtiss Cook,Peter Hermann,1,Undirected
Curtiss Cook,Sally Hawkins,1,Undirected
George Harris,Michael Wright,1,Undirected
George Harris,Carly Schroeder,1,Undirected
George Harris,Katharine Ross,1,Undirected
Leven Rambin,Abigail Spencer,1,Undirected
Leven Rambin,Justin Kirk,1,Undirected
Leven Rambin,Virginia Madsen,1,Undirected
Sanaa Lathan,Raoul Bova,1,Undirected
Sanaa Lathan,John Billingsley,1,Undirected
Sanaa Lathan,Traci Lords,1,Undirected
Sanaa Lathan,Eddie Cibrian,1,Undirected
Sanaa Lathan,Harold Perrineau,2,Undirected
Sanaa Lathan,Omar Epps,1,Undirected
Sanaa Lathan,Jarrod Bunch,1,Undirected
Sanaa Lathan,Boris Kodjoe,1,Undirected
Sanaa Lathan,Wendell Pierce,1,Undirected
Alun Armstrong,Michael Byrne,1,Undirected
Alun Armstrong,Velibor Topic,1,Undirected
Alun Armstrong,Michael Kitchen,1,Undirected
Alun Armstrong,Pamela Reed,1,Undirected
Alun Armstrong,Lysette Anthony,1,Undirected
Alun Armstrong,Alastair Duncan,1,Undirected
Alun Armstrong,Michael J. Pollard,1,Undirected
Michael Byrne,Velibor Topic,1,Undirected
Michael Byrne,John Topor,1,Undirected
Michael Byrne,Richard Tyson,1,Undirected
Catherine McCormack,Stephen Dillane,1,Undirected
Catherine McCormack,Jemima Rooper,1,Undirected
Catherine McCormack,Kevork Malikyan,1,Undirected
Catherine McCormack,Romola Garai,1,Undirected
Catherine McCormack,Harold Perrineau,1,Undirected
Catherine McCormack,Steven Mackintosh,1,Undirected
Stephen Dillane,Michael Brandon,1,Undirected
Stephen Dillane,Vanessa Redgrave,1,Undirected
Stephen Dillane,Kuno Becker,1,Undirected
Stephen Dillane,Sean Pertwee,1,Undirected
Stephen Dillane,Meryl Streep,1,Undirected
Stephen Dillane,Miranda Richardson,1,Undirected
Stephen Dillane,Amanda Tilson,1,Undirected
Stephen Dillane,Matthew Knight,1,Undirected
Stephen Dillane,Elena Anaya,1,Undirected
Wanda Sykes,Will.i.am,1,Undirected
Wanda Sykes,Rob Paulsen,1,Undirected
Wanda Sykes,J.B. Smoove,1,Undirected
Wanda Sykes,Robert Vaughn,1,Undirected
Anne Heche,Gaby Hoffmann,1,Undirected
Anne Heche,Laura Harring,1,Undirected
Anne Heche,Al Pacino,1,Undirected
Anne Heche,Cameron Bright,1,Undirected
Anne Heche,Danny Huston,1,Undirected
Anne Heche,Muse Watson,1,Undirected
Anne Heche,Sarah Michelle Gellar,1,Undirected
Anne Heche,Curtis Armstrong,1,Undirected
Anne Heche,Kevin Corrigan,1,Undirected
Anne Heche,Vincent Pastore,1,Undirected
Gaby Hoffmann,Jeff DeRocker,1,Undirected
Gaby Hoffmann,Natasha Lyonne,1,Undirected
Gaby Hoffmann,Michiel Huisman,1,Undirected
Gaby Hoffmann,Dave Chappelle,1,Undirected
Gaby Hoffmann,Rory Culkin,1,Undirected
Gaby Hoffmann,Jake Lacy,1,Undirected
Gaby Hoffmann,Jenny Slate,1,Undirected
Natascha McElhone,Peter Krause,1,Undirected
Natascha McElhone,Michael Lonsdale,1,Undirected
Natascha McElhone,Jeffrey Combs,1,Undirected
Christian Camargo,Lex Shrapnel,1,Undirected
Christian Camargo,Brian Geraghty,1,Undirected
Sandahl Bergman,William Smith,2,Undirected
Sandahl Bergman,Brigitte Nielsen,1,Undirected
Sandahl Bergman,Ernie Reyes Jr.,1,Undirected
William Smith,Jennifer Grey,1,Undirected
William Smith,Lea Thompson,1,Undirected
William Smith,Tom Waits,1,Undirected
William Smith,Brent David Fraser,1,Undirected
William Smith,Jason London,1,Undirected
Bruce McGill,Paddy Considine,1,Undirected
Bruce McGill,Rosemarie DeWitt,1,Undirected
Bruce McGill,Philip Baker Hall,1,Undirected
Bruce McGill,Hal Holbrook,1,Undirected
Bruce McGill,Nadine Velazquez,1,Undirected
Bruce McGill,Olivia Munn,1,Undirected
Bruce McGill,Susan Ward,1,Undirected
Bruce McGill,Bill Duke,1,Undirected
Bruce McGill,Michael Jai White,1,Undirected
Bruce McGill,Gloria Reuben,1,Undirected
Bruce McGill,Mia Sara,1,Undirected
Bruce McGill,Bryan Callen,1,Undirected
Bruce McGill,Tika Sumpter,1,Undirected
Bruce McGill,Bob Newhart,1,Undirected
Bruce McGill,Mary Lynn Rajskub,1,Undirected
Bruce McGill,Cheech Marin,1,Undirected
Bruce McGill,Fred Gwynne,1,Undirected
Bruce McGill,Lane Smith,1,Undirected
Bruce McGill,Cheryl Ladd,1,Undirected
Bruce McGill,Jack Warden,1,Undirected
Bruce McGill,Diana Scarwid,1,Undirected
Bruce McGill,Tom Bower,1,Undirected
Bruce McGill,Barry Corbin,1,Undirected
Bruce McGill,Ned Beatty,1,Undirected
Paddy Considine,Rosemarie DeWitt,1,Undirected
Paddy Considine,Caroline Dhavernas,1,Undirected
Paddy Considine,Charlotte Sullivan,1,Undirected
Paddy Considine,Bob Hoskins,1,Undirected
Paddy Considine,Shane Meadows,1,Undirected
Paddy Considine,Craig Roberts,1,Undirected
Paddy Considine,Sally Hawkins,1,Undirected
Paddy Considine,Dean Andrews,1,Undirected
Paddy Considine,Natalie Press,1,Undirected
Paddy Considine,Gary Stretch,1,Undirected
Paddy Considine,George Newton,1,Undirected
Paddy Considine,Jeremy Irvine,1,Undirected
Rosemarie DeWitt,Nicholas Braun,2,Undirected
Rosemarie DeWitt,Bill Irwin,1,Undirected
Rosemarie DeWitt,Debra Messing,1,Undirected
Rosemarie DeWitt,Peter Jacobson,1,Undirected
Richard E. Grant,Shirley Henderson,1,Undirected
Richard E. Grant,Geraldine Chaplin,1,Undirected
Richard E. Grant,Stuart Wilson,1,Undirected
Richard E. Grant,Alice Krige,1,Undirected
Richard E. Grant,Jim Carter,1,Undirected
Richard E. Grant,Julian Sands,1,Undirected
Richard E. Grant,Lori Singer,1,Undirected
Richard E. Grant,Mark Wingett,1,Undirected
Richard E. Grant,Richard Graham,1,Undirected
Shirley Henderson,Sarah Polley,2,Undirected
Shirley Henderson,Dylan Moran,1,Undirected
Shirley Henderson,Charlotte Rampling,1,Undirected
Shirley Henderson,Rich Pecci,1,Undirected
Shirley Henderson,Zoe Kazan,1,Undirected
Shirley Henderson,Joan Allen,1,Undirected
Shirley Henderson,Stephanie Leonidas,1,Undirected
Shirley Henderson,James Norton,1,Undirected
Shirley Henderson,Sarah Lancashire,1,Undirected
Michael Angarano,Thomas McDonell,1,Undirected
Michael Angarano,Nicholas Braun,1,Undirected
Michael Angarano,Rebecca De Mornay,1,Undirected
Michael Angarano,Héctor Jiménez,1,Undirected
Michael Angarano,Jizelle Jade,1,Undirected
Michael Angarano,Chris Owen,1,Undirected
Michael Angarano,William Hootkins,1,Undirected
Michael Angarano,Anna Gunn,1,Undirected
Michael Angarano,Blair Underwood,1,Undirected
Michael Angarano,Rita Wilson,1,Undirected
Michael Angarano,Connor Paolo,1,Undirected
Michael Angarano,Tom Noonan,1,Undirected
Michael Angarano,Alia Shawkat,1,Undirected
Alan Ruck,Jami Gertz,1,Undirected
Alan Ruck,Kristen Connolly,1,Undirected
Alan Ruck,Jonathan Frakes,1,Undirected
Alan Ruck,LeVar Burton,1,Undirected
Alan Ruck,Marie Avgeropoulos,1,Undirected
Alan Ruck,Shawn Roberts,1,Undirected
Alan Ruck,Megan Mullally,1,Undirected
Alan Ruck,Radha Mitchell,1,Undirected
Alan Ruck,Eliza Coupe,1,Undirected
Jami Gertz,Dianne Wiest,1,Undirected
Jami Gertz,Carter Jenkins,1,Undirected
Jami Gertz,Miranda Cosgrove,1,Undirected
Nick Searcy,Paul Sanchez,1,Undirected
Nick Searcy,Beth Broderick,1,Undirected
Nick Searcy,Brianna Brown,1,Undirected
Paul Sanchez,Mike Starr,1,Undirected
Elizabeth Daily,Adam Goldberg,1,Undirected
Elizabeth Daily,Glenne Headly,1,Undirected
Elizabeth Daily,Casey Kasem,1,Undirected
Elizabeth Daily,Debbie Reynolds,1,Undirected
Elizabeth Daily,Christine Cavanaugh,1,Undirected
Elizabeth Daily,Nancy Cartwright,1,Undirected
Elizabeth Daily,Jennifer Hale,1,Undirected
Elizabeth Daily,Tom Kane,1,Undirected
Joan Allen,Oksana Akinshina,1,Undirected
Joan Allen,Max Ryan,1,Undirected
Joan Allen,Bob Hoskins,1,Undirected
Joan Allen,Zach Gilford,1,Undirected
Joan Allen,Kathleen Turner,1,Undirected
Joan Allen,Henry Czerny,1,Undirected
Joan Allen,Kate Burton,1,Undirected
Joan Allen,Sarah Roemer,1,Undirected
Joan Allen,Cas Anvar,1,Undirected
Joan Allen,Alicia Witt,1,Undirected
Joan Allen,Erika Christensen,1,Undirected
Joan Allen,Stephanie Leonidas,1,Undirected
Oksana Akinshina,Artyom Bogucharskiy,1,Undirected
Oksana Akinshina,Lyubov Agapova,1,Undirected
Dean Stockwell,Virginia Madsen,1,Undirected
Dean Stockwell,Judge Reinhold,1,Undirected
Dean Stockwell,Leon,1,Undirected
Dean Stockwell,Celeste Holm,1,Undirected
Dean Stockwell,John Garfield,1,Undirected
Elliott Gould,Antonio Sabato Jr.,1,Undirected
Elliott Gould,Bokeem Woodbine,1,Undirected
Fred Tatasciore,Jeff Bennett,1,Undirected
Fred Tatasciore,Teala Dunn,1,Undirected
Jeff Bennett,Teala Dunn,1,Undirected
Caroline Dhavernas,Hettienne Park,1,Undirected
Caroline Dhavernas,Scott Thompson,1,Undirected
Caroline Dhavernas,Landon Liboiron,1,Undirected
Caroline Dhavernas,Michael Greyeyes,1,Undirected
Caroline Dhavernas,Kelli Barrett,1,Undirected
Caroline Dhavernas,Scott Elrod,1,Undirected
Caroline Dhavernas,Charlotte Sullivan,1,Undirected
Hettienne Park,Scott Thompson,1,Undirected
Jim Carter,Alice Krige,1,Undirected
Jim Carter,Danny Sapani,1,Undirected
Jim Carter,Leonor Watling,1,Undirected
Gabourey Sidibe,Mariah Carey,2,Undirected
Gabourey Sidibe,Mo'Nique,2,Undirected
Gabourey Sidibe,Malik Yoba,1,Undirected
Gabourey Sidibe,Ta'Rhonda Jones,1,Undirected
Lisa Bonet,Drake Bell,1,Undirected
Lisa Bonet,Lili Taylor,1,Undirected
Hunter Parrish,Meryl Streep,1,Undirected
Hunter Parrish,Zoe Kazan,1,Undirected
Hunter Parrish,Matthew Perry,1,Undirected
Hunter Parrish,Thomas Lennon,1,Undirected
Hunter Parrish,Imelda Staunton,1,Undirected
Hunter Parrish,Alexa PenaVega,1,Undirected
Hunter Parrish,Bruce Dern,1,Undirected
Hunter Parrish,Rory Culkin,1,Undirected
Meryl Streep,Zoe Kazan,1,Undirected
Meryl Streep,Isabella Rossellini,1,Undirected
Meryl Streep,Anna Kendrick,1,Undirected
Meryl Streep,William Lucking,1,Undirected
Meryl Streep,Mary Lynn Rajskub,1,Undirected
Meryl Streep,Vanessa Ferlito,1,Undirected
Meryl Streep,Rebecca Mader,1,Undirected
Meryl Streep,Michael Kitchen,1,Undirected
Meryl Streep,Jean Smart,1,Undirected
Meryl Streep,John Sessions,1,Undirected
Meryl Streep,Nina Arianda,1,Undirected
Meryl Streep,Miranda Richardson,1,Undirected
Meryl Streep,Clint Eastwood,1,Undirected
Meryl Streep,Debra Monk,1,Undirected
Meryl Streep,Carrie Preston,1,Undirected
Meryl Streep,John Savage,1,Undirected
Meryl Streep,Olivia Colman,1,Undirected
Meryl Streep,Lily Tomlin,1,Undirected
Meryl Streep,Virginia Madsen,1,Undirected
Meryl Streep,Jane Fonda,1,Undirected
Meryl Streep,Vanessa Redgrave,1,Undirected
Zoe Kazan,Dominic Flores,1,Undirected
Zoe Kazan,Scoot McNairy,1,Undirected
Zoe Kazan,Aidan McArdle,1,Undirected
Zoe Kazan,James Tupper,1,Undirected
Zoe Kazan,Jordan Scovel,1,Undirected
Zoe Kazan,Mark Rendall,1,Undirected
Al Pacino,Tim Meadows,1,Undirected
Al Pacino,50 Cent,1,Undirected
Al Pacino,Bridget Fonda,2,Undirected
Al Pacino,Crystal Lowe,1,Undirected
Al Pacino,Maura Tierney,1,Undirected
Al Pacino,Martin Landau,1,Undirected
Al Pacino,Alicia Witt,1,Undirected
Al Pacino,Deborah Kara Unger,1,Undirected
Al Pacino,Kris Marshall,1,Undirected
Al Pacino,F. Murray Abraham,1,Undirected
Al Pacino,Mark Webber,1,Undirected
Al Pacino,Richard Schiff,1,Undirected
Al Pacino,Ellen Barkin,1,Undirected
Al Pacino,Tracy Morgan,1,Undirected
Al Pacino,Jude Ciccolella,1,Undirected
Al Pacino,Glen Powell,1,Undirected
Al Pacino,Melissa Benoist,1,Undirected
Debra Messing,Jane Krakowski,1,Undirected
Debra Messing,Masi Oka,1,Undirected
Debra Messing,David Eigenberg,1,Undirected
Debra Messing,Treat Williams,1,Undirected
Debra Messing,Woody Allen,1,Undirected
Debra Messing,Holland Taylor,1,Undirected
Debra Messing,Peter Jacobson,1,Undirected
Jane Krakowski,Nia Long,1,Undirected
Jane Krakowski,Omar Epps,1,Undirected
Jane Krakowski,Cathryn de Prume,1,Undirected
Jane Krakowski,Damon Wayans,1,Undirected
Jane Krakowski,Paula Garcés,1,Undirected
Jane Krakowski,Beverly D'Angelo,1,Undirected
Bob Hoskins,Clemens Schick,1,Undirected
Bob Hoskins,Gabriel Thomson,1,Undirected
Bob Hoskins,Natasha Richardson,1,Undirected
Bob Hoskins,Fred Gwynne,1,Undirected
Bob Hoskins,Fisher Stevens,1,Undirected
Bob Hoskins,Brenda Blethyn,1,Undirected
Bob Hoskins,Christopher Guest,1,Undirected
Bob Hoskins,Sarah Solemani,1,Undirected
Bob Hoskins,Elaine Cassidy,1,Undirected
Bob Hoskins,Gerard McSorley,1,Undirected
Bob Hoskins,JJ Feild,1,Undirected
Bob Hoskins,Robbie Kay,1,Undirected
Bob Hoskins,Sally Hawkins,1,Undirected
Bob Hoskins,Jenny Agutter,1,Undirected
Bob Hoskins,Vincent Regan,1,Undirected
Bob Hoskins,Shane Meadows,1,Undirected
Bob Hoskins,Annette Badland,1,Undirected
Bob Hoskins,Karl Collins,1,Undirected
Clemens Schick,Gabriel Thomson,1,Undirected
Clemens Schick,Jesuíta Barbosa,1,Undirected
Clemens Schick,Wagner Moura,1,Undirected
F. Murray Abraham,Tom Noonan,1,Undirected
F. Murray Abraham,Michael Nouri,1,Undirected
F. Murray Abraham,Rob Brown,1,Undirected
F. Murray Abraham,David Arquette,1,Undirected
F. Murray Abraham,Josh Charles,1,Undirected
F. Murray Abraham,Geraldine Chaplin,1,Undirected
F. Murray Abraham,Embeth Davidtz,1,Undirected
F. Murray Abraham,Shannon Elizabeth,1,Undirected
F. Murray Abraham,Tom Hulce,1,Undirected
Tom Noonan,Amanda Schull,1,Undirected
Tom Noonan,Kirk Acevedo,1,Undirected
Tom Noonan,Kevin Gage,1,Undirected
Tom Noonan,David Thewlis,1,Undirected
Tom Noonan,Jennifer Jason Leigh,1,Undirected
Tom Noonan,Connor Paolo,1,Undirected
Karl Yune,Li Gong,1,Undirected
Li Gong,Aaron Kwok,1,Undirected
Li Gong,Eddie Peng,1,Undirected
Li Gong,Richard Brake,1,Undirected
Li Gong,Stephen Walters,1,Undirected
Li Gong,Man Li,1,Undirected
Li Gong,Ye Liu,1,Undirected
Li Gong,Maggie Cheung,1,Undirected
Li Gong,Tony Chiu Wai Leung,1,Undirected
Li Gong,Daoming Chen,1,Undirected
Li Gong,Ni Yan,1,Undirected
Amber Stevens West,Nikki Griffin,1,Undirected
Amber Stevens West,Zachery Ty Bryan,1,Undirected
Amber Stevens West,Craig Roberts,1,Undirected
Nikki Griffin,Zachery Ty Bryan,1,Undirected
Imelda Staunton,Michael Palin,1,Undirected
Imelda Staunton,Julia Sawalha,1,Undirected
Imelda Staunton,Miranda Richardson,1,Undirected
Imelda Staunton,Demetri Martin,1,Undirected
Imelda Staunton,Sally Hawkins,1,Undirected
Imelda Staunton,Phil Davis,1,Undirected
Imelda Staunton,Isaac Hempstead Wright,1,Undirected
Imelda Staunton,Joseph Mawle,1,Undirected
Michael Palin,Kenny Baker,1,Undirected
Michael Palin,Shelley Duvall,1,Undirected
Michael Palin,Terry Jones,1,Undirected
Jsu Garcia,Raymond Cruz,1,Undirected
Jsu Garcia,Rick Worthy,1,Undirected
Raymond Cruz,Rick Worthy,1,Undirected
Raymond Cruz,Dean Jones,1,Undirected
Raymond Cruz,Stockard Channing,1,Undirected
Raymond Cruz,Gary Dourdan,1,Undirected
Raymond Cruz,Jesse Borrego,1,Undirected
Ben Vereen,Max Wright,1,Undirected
Ben Vereen,Roy Scheider,1,Undirected
Ben Vereen,Ricardo Montalban,1,Undirected
Ben Vereen,Sammy Davis Jr.,1,Undirected
Max Wright,Roy Scheider,1,Undirected
Roy Scheider,Amidou,1,Undirected
Roy Scheider,Joe Spinell,1,Undirected
Roy Scheider,Joseph Mascolo,1,Undirected
Roy Scheider,Murray Hamilton,2,Undirected
Roy Scheider,Fernando Rey,2,Undirected
Roy Scheider,Tony Lo Bianco,2,Undirected
Roy Scheider,Robert Shaw,1,Undirected
Anna Kendrick,Ellen Wong,1,Undirected
Anna Kendrick,Kieran Culkin,1,Undirected
Anna Kendrick,Elaine Stritch,1,Undirected
Anna Kendrick,Thomas Lennon,1,Undirected
Anna Kendrick,Chris Lowell,1,Undirected
Anna Kendrick,Birgitte Hjort Sørensen,1,Undirected
Anna Kendrick,Hana Mae Lee,2,Undirected
Anna Kendrick,Ben Platt,1,Undirected
Anna Kendrick,Charly Bivona,1,Undirected
Anna Kendrick,Jeremy Jordan,1,Undirected
Anna Kendrick,Ti West,1,Undirected
Anna Kendrick,Lena Dunham,1,Undirected
Anna Kendrick,Mark Webber,1,Undirected
Ellen Wong,Kieran Culkin,1,Undirected
Kieran Culkin,Devin Ratray,1,Undirected
Kieran Culkin,Macaulay Culkin,1,Undirected
Kieran Culkin,Joss Ackland,1,Undirected
Kieran Culkin,Rosanna Arquette,1,Undirected
Kieran Culkin,John Gallagher Jr.,1,Undirected
Kieran Culkin,Jake Richardson,1,Undirected
Kieran Culkin,Michael Harding,1,Undirected
Kieran Culkin,Clea DuVall,1,Undirected
Kieran Culkin,Bill Irwin,1,Undirected
Kieran Culkin,Rory Culkin,1,Undirected
Kieran Culkin,Elden Henson,1,Undirected
Kieran Culkin,Gena Rowlands,1,Undirected
Rekha Sharma,Tchéky Karyo,1,Undirected
Tchéky Karyo,Izabella Scorupco,1,Undirected
Tchéky Karyo,Emir Kusturica,1,Undirected
Tchéky Karyo,Saïd Taghmaoui,1,Undirected
Tchéky Karyo,Theresa Randle,1,Undirected
Chris Elliott,Janet Jackson,1,Undirected
Chris Elliott,Larry Miller,1,Undirected
Chris Elliott,Essence Atkins,1,Undirected
Chris Elliott,Willie Garson,1,Undirected
Chris Elliott,Jean Smart,1,Undirected
Chris Elliott,Mark Webber,1,Undirected
Janet Jackson,Larry Miller,1,Undirected
Janet Jackson,Khandi Alexander,1,Undirected
Janet Jackson,Maya Angelou,1,Undirected
Larry Miller,Jerry Stiller,1,Undirected
Larry Miller,Richard Schiff,1,Undirected
Larry Miller,Christine Lakin,1,Undirected
Larry Miller,Corbin Bernsen,1,Undirected
Larry Miller,Drew Fuller,1,Undirected
Larry Miller,Drew Waters,1,Undirected
Larry Miller,Raquel Welch,1,Undirected
Larry Miller,Taylor Negron,1,Undirected
Larry Miller,Anupam Kher,1,Undirected
Larry Miller,Shriya Saran,1,Undirected
Linda Cardellini,Miguel A. Núñez Jr.,1,Undirected
Linda Cardellini,Sarah Michelle Gellar,2,Undirected
Linda Cardellini,Mark L. Young,1,Undirected
Linda Cardellini,Alanna Ubach,1,Undirected
Linda Cardellini,Raquel Welch,1,Undirected
Linda Cardellini,Alyson Hannigan,1,Undirected
Linda Cardellini,Poppy Montgomery,1,Undirected
Linda Cardellini,Shirley Jones,1,Undirected
Linda Cardellini,Paul T. Taylor,1,Undirected
Miguel A. Núñez Jr.,Sarah Michelle Gellar,1,Undirected
Sarah Michelle Gellar,George Carlin,1,Undirected
Sarah Michelle Gellar,Rob Paulsen,1,Undirected
Sarah Michelle Gellar,Matthew Knight,1,Undirected
Sarah Michelle Gellar,Sarah Roemer,1,Undirected
Sarah Michelle Gellar,Muse Watson,1,Undirected
Sarah Michelle Gellar,Eric Mabius,1,Undirected
Sarah Michelle Gellar,Sean Patrick Thomas,1,Undirected
Sarah Michelle Gellar,Clea DuVall,1,Undirected
Sarah Michelle Gellar,Ted Raimi,1,Undirected
Sarah Michelle Gellar,Erika Christensen,1,Undirected
Sarah Michelle Gellar,Jonathan Tucker,1,Undirected
Sarah Michelle Gellar,Alyson Hannigan,1,Undirected
Sarah Michelle Gellar,Emma Caulfield,1,Undirected
Sarah Michelle Gellar,Dylan Baker,1,Undirected
Sarah Michelle Gellar,Lawrence Gilliard Jr.,1,Undirected
Sarah Michelle Gellar,Eric Stoltz,1,Undirected
Sarah Michelle Gellar,Joey Lauren Adams,1,Undirected
Jason Cope,Rakie Ayola,2,Undirected
Jason Cope,Wood Harris,2,Undirected
Jason Cope,Jeremy Crutchley,1,Undirected
Jason Cope,Ryan Kruger,1,Undirected
Jason Cope,Jed Brophy,1,Undirected
Rakie Ayola,Wood Harris,2,Undirected
Wood Harris,Eddie Cibrian,1,Undirected
Cameron Monaghan,Julie Kavner,1,Undirected
Cameron Monaghan,Aimee Teegarden,1,Undirected
Cameron Monaghan,Thomas McDonell,1,Undirected
Julie Kavner,Don Pardo,1,Undirected
Julie Kavner,Mike Starr,1,Undirected
Julie Kavner,Tovah Feldshuh,1,Undirected
Julie Kavner,Viggo Mortensen,1,Undirected
Adrienne Barbeau,Hal Holbrook,2,Undirected
Adrienne Barbeau,Ted Danson,2,Undirected
Adrienne Barbeau,John Amos,1,Undirected
Adrienne Barbeau,Sally Kirkland,1,Undirected
Adrienne Barbeau,Donald Pleasence,1,Undirected
Adrienne Barbeau,Tom Atkins,1,Undirected
Hal Holbrook,Ted Danson,2,Undirected
Hal Holbrook,Jeffrey DeMunn,1,Undirected
Hal Holbrook,Martin Landau,1,Undirected
Hal Holbrook,George Kennedy,1,Undirected
Hal Holbrook,Janet Leigh,2,Undirected
Hal Holbrook,James Karen,1,Undirected
Hal Holbrook,Tamara Tunie,1,Undirected
Hal Holbrook,Terry Kinney,1,Undirected
Hal Holbrook,David Huddleston,1,Undirected
Hal Holbrook,Sam Waterston,1,Undirected
Ted Danson,Andrew Daly,1,Undirected
Ted Danson,Roger Cross,1,Undirected
Ted Danson,Steve Guttenberg,1,Undirected
Ted Danson,Tom Selleck,1,Undirected
Katt Williams,John Witherspoon,1,Undirected
Katt Williams,Mike Epps,1,Undirected
Brian Steele,Iván Kamarás,1,Undirected
Brian Steele,Seth MacFarlane,1,Undirected
Brian Steele,James Babson,1,Undirected
Brian Steele,Rupert Evans,1,Undirected
Iván Kamarás,Seth MacFarlane,1,Undirected
Anthony Edwards,Minnie Driver,1,Undirected
Anthony Edwards,Jon Gries,1,Undirected
Anthony Edwards,Peter Coyote,1,Undirected
Michael Rapaport,Michael Moore,1,Undirected
Michael Rapaport,Richard Schiff,1,Undirected
Michael Rapaport,Saffron Burrows,1,Undirected
Michael Rapaport,Demián Bichir,1,Undirected
Michael Rapaport,William Xifaras,1,Undirected
Michael Rapaport,Philip Baker Hall,1,Undirected
Michael Rapaport,Woody Allen,1,Undirected
Michael Rapaport,Gillian White,1,Undirected
Michael Rapaport,Carol Kane,1,Undirected
Michael Rapaport,Costas Mandylor,1,Undirected
Michael Rapaport,Natasha Henstridge,1,Undirected
Michael Rapaport,Talia Shire,1,Undirected
Michael Rapaport,Taylor Negron,1,Undirected
Michael Rapaport,Paul Sorvino,1,Undirected
Michael Rapaport,Ian Bohen,1,Undirected
Michael Rapaport,Paul Blackthorne,1,Undirected
Vanessa Redgrave,Michael Brandon,1,Undirected
Vanessa Redgrave,Emily Watson,1,Undirected
Vanessa Redgrave,Alex Pettyfer,1,Undirected
Vanessa Redgrave,Luisa Ranieri,1,Undirected
Vanessa Redgrave,Marcia DeBonis,1,Undirected
Vanessa Redgrave,Clea DuVall,1,Undirected
Vanessa Redgrave,Lynn Redgrave,1,Undirected
Vanessa Redgrave,Natasha Richardson,1,Undirected
Vanessa Redgrave,Samuel West,1,Undirected
Vanessa Redgrave,Jane Fonda,1,Undirected
Anthony Reynolds,Michael Welch,1,Undirected
Anthony Reynolds,Shawnee Smith,1,Undirected
Mason Lee,Mike Tyson,1,Undirected
Mike Tyson,Kwok-Kwan Chan,1,Undirected
Mike Tyson,Lynn Hung,1,Undirected
Andrew Bryniarski,Chris Klein,1,Undirected
David Ogden Stiers,Jason Scott Lee,1,Undirected
David Ogden Stiers,Chris Bruno,1,Undirected
David Ogden Stiers,Nicole de Boer,1,Undirected
David Ogden Stiers,Shannon Elizabeth,1,Undirected
David Ogden Stiers,Jamie Farr,1,Undirected
David Ogden Stiers,Mike Farrell,1,Undirected
Jason Scott Lee,Sean Pertwee,1,Undirected
Jason Scott Lee,Jay Hernandez,1,Undirected
Jason Scott Lee,Kuno Becker,1,Undirected
Jason Scott Lee,Esai Morales,1,Undirected
Jason Scott Lee,Sandrine Holt,1,Undirected
Dalip Singh,Steve Reevis,1,Undirected
Lauren Gottlieb,Prabhudheva,1,Undirected
Lauren Gottlieb,Remo,1,Undirected
Paul Michael Glaser,Rosalind Harris,1,Undirected
Paul Michael Glaser,Topol,1,Undirected
Joseph Sikora,Nellie Sciutto,1,Undirected
Joseph Sikora,Chris Ellis,1,Undirected
Katy Mixon,Billy Burke,1,Undirected
Katy Mixon,Beth Grant,1,Undirected
Katy Mixon,Robert Longstreet,1,Undirected
Katy Mixon,Shea Whigham,1,Undirected
Katy Mixon,David Gallagher,1,Undirected
Katy Mixon,Edie Falco,1,Undirected
Drew Carey,Paula Abdul,1,Undirected
Carmen Electra,Kathryn Joosten,1,Undirected
Carmen Electra,Fred Williamson,1,Undirected
Carmen Electra,Beau Mirchoff,1,Undirected
Carmen Electra,Regina Hall,1,Undirected
Carmen Electra,Method Man,1,Undirected
Carmen Electra,Alyson Hannigan,1,Undirected
Carmen Electra,David Carradine,1,Undirected
Carmen Electra,Tony Cox,1,Undirected
Jennifer Jason Leigh,Liam Aiken,1,Undirected
Jennifer Jason Leigh,Craig Stark,1,Undirected
Jennifer Jason Leigh,Bill Cobbs,1,Undirected
Jennifer Jason Leigh,John Mahoney,1,Undirected
Jennifer Jason Leigh,Angel Coulby,1,Undirected
Jennifer Jason Leigh,Jason Lewis,1,Undirected
Jennifer Jason Leigh,Sarah Polley,1,Undirected
Jennifer Jason Leigh,Miranda Richardson,1,Undirected
Jennifer Jason Leigh,Estelle Parsons,2,Undirected
Jennifer Jason Leigh,Nick Damici,1,Undirected
Jennifer Jason Leigh,Susan Gardner,1,Undirected
Jennifer Jason Leigh,Paul Sorvino,1,Undirected
Jennifer Jason Leigh,David Thewlis,1,Undirected
Jennifer Jason Leigh,Judge Reinhold,1,Undirected
Jennifer Jason Leigh,Dayo Okeniyi,1,Undirected
Jennifer Jason Leigh,Shailene Woodley,1,Undirected
Liam Aiken,Herbert Russell,1,Undirected
Liam Aiken,Eva Marie Saint,1,Undirected
Liam Aiken,Vincent Perez,1,Undirected
Liam Aiken,Kali Rocha,1,Undirected
Liam Aiken,Tim Daly,1,Undirected
Liam Aiken,Jay R. Ferguson,1,Undirected
Liam Aiken,Ned Beatty,1,Undirected
Bailee Madison,Gedde Watanabe,1,Undirected
Bailee Madison,Alan Dale,1,Undirected
Bailee Madison,Jack Thompson,1,Undirected
Charlie Cox,Elden Henson,1,Undirected
Charlie Cox,Royce Johnson,1,Undirected
Elden Henson,Royce Johnson,1,Undirected
Elden Henson,Cheri Oteri,1,Undirected
Elden Henson,Mimi Rogers,1,Undirected
Elden Henson,Lane Smith,1,Undirected
Elden Henson,Shaun Weiss,1,Undirected
Elden Henson,Michael Bower,1,Undirected
Elden Henson,Kathleen Quinlan,1,Undirected
Elden Henson,Shiri Appleby,1,Undirected
Elden Henson,Gena Rowlands,1,Undirected
Dave Chappelle,Monica Potter,1,Undirected
Dave Chappelle,Jean Stapleton,1,Undirected
Dave Chappelle,Peter Greene,1,Undirected
Dave Chappelle,Tamala Jones,1,Undirected
Dave Chappelle,Eddie Griffin,1,Undirected
Dave Chappelle,Sherman Hemsley,1,Undirected
Dave Chappelle,Clarence Williams III,1,Undirected
Dave Chappelle,Harland Williams,1,Undirected
Dave Chappelle,Lauryn Hill,1,Undirected
Monica Potter,Billy Burke,2,Undirected
Monica Potter,Martha MacIsaac,2,Undirected
Monica Potter,China Chow,1,Undirected
Monica Potter,Michael Emerson,1,Undirected
Monica Potter,Shawnee Smith,1,Undirected
Cameron Boyce,Ethan Embry,1,Undirected
Ethan Embry,Courtney Gains,1,Undirected
Ethan Embry,Mary Lynn Rajskub,1,Undirected
Ethan Embry,Jason Marsden,1,Undirected
Ethan Embry,Katharine Isabelle,1,Undirected
Ethan Embry,Charlie Korsmo,1,Undirected
Ethan Embry,Lauren Ambrose,1,Undirected
Ethan Embry,Paula Garcés,1,Undirected
Ethan Embry,Alexandra Holden,1,Undirected
Ethan Embry,Brighton Sharbino,1,Undirected
Ethan Embry,Elissa Dowling,1,Undirected
Jodi Benson,Sam Lloyd,1,Undirected
Lili Taylor,Virginia Madsen,1,Undirected
Lili Taylor,Ki Hong Lee,1,Undirected
Lili Taylor,Rosa Salazar,1,Undirected
Lili Taylor,Hayley McFarland,1,Undirected
Lili Taylor,Drake Bell,1,Undirected
Lili Taylor,Conchata Ferrell,1,Undirected
Lili Taylor,Alicia Witt,1,Undirected
Virginia Madsen,José Ferrer,1,Undirected
Virginia Madsen,Billy Burke,1,Undirected
Virginia Madsen,Alexa PenaVega,1,Undirected
Virginia Madsen,Ed Lauter,1,Undirected
Virginia Madsen,Patrick Gallagher,1,Undirected
Virginia Madsen,Bruce Dern,1,Undirected
Virginia Madsen,Lily Tomlin,1,Undirected
Virginia Madsen,Aaron Ashmore,1,Undirected
Virginia Madsen,Lindsey Haun,1,Undirected
Virginia Madsen,Justin Kirk,1,Undirected
Virginia Madsen,Adam Goldberg,1,Undirected
Virginia Madsen,Viggo Mortensen,1,Undirected
Michael Jordan,Bob Costas,1,Undirected
Henry Czerny,Roger Rees,1,Undirected
Henry Czerny,William Abadie,1,Undirected
Henry Czerny,Kate Burton,1,Undirected
Henry Czerny,Alexia Fast,1,Undirected
Henry Czerny,Kesun Loder,1,Undirected
Roger Rees,William Abadie,1,Undirected
Roger Rees,Jeremy Northam,1,Undirected
Roger Rees,Veronica Cartwright,1,Undirected
Roger Rees,Ben Falcone,1,Undirected
Roger Rees,Rob Paulsen,1,Undirected
Roger Rees,Robert Forster,1,Undirected
Roger Rees,Valeria Golino,1,Undirected
Alex McArthur,Michael Potts,1,Undirected
Josh Robert Thompson,Tom Cavanagh,1,Undirected
Tom Cavanagh,Cas Anvar,1,Undirected
Tom Cavanagh,George Newbern,1,Undirected
Charles Napier,Zahn McClarnon,1,Undirected
Charles Napier,Robert Wagner,1,Undirected
Charles Napier,Annabeth Gish,1,Undirected
Charles Napier,Hill Harper,1,Undirected
Charles Napier,Noureen DeWulf,1,Undirected
Charles Napier,Rob Riggle,1,Undirected
Charles Napier,Cynthia Myers,1,Undirected
Charles Napier,Harrison Page,1,Undirected
Leslie Bibb,Nicholas Turturro,1,Undirected
Leslie Bibb,Gary Cole,1,Undirected
Leslie Bibb,Michael Kelly,1,Undirected
Leslie Bibb,Angus T. Jones,1,Undirected
Leslie Bibb,Paul Sorvino,1,Undirected
Leslie Bibb,William Petersen,1,Undirected
Leslie Bibb,Brooke Shields,1,Undirected
Leslie Bibb,Henry Simmons,1,Undirected
Leslie Bibb,Kate del Castillo,1,Undirected
Leslie Bibb,Chase Ellison,1,Undirected
Leslie Bibb,Patrick Fugit,1,Undirected
Leslie Bibb,Arly Jover,1,Undirected
Leslie Bibb,Eion Bailey,1,Undirected
Nicholas Turturro,Sam Waterston,1,Undirected
Nicholas Turturro,Charlie Murphy,1,Undirected
June Lockhart,Stuart Whitman,1,Undirected
Dorian Missick,Jose Pablo Cantillo,1,Undirected
Dorian Missick,David Zayas,1,Undirected
Dorian Missick,Quvenzhané Wallis,1,Undirected
Dorian Missick,Alicia Witt,1,Undirected
Dorian Missick,Peter Greene,1,Undirected
Dorian Missick,Olivia Munn,1,Undirected
Dorian Missick,Daniella Alonso,1,Undirected
Dorian Missick,Ellen Barkin,1,Undirected
Dorian Missick,Evan Ross,1,Undirected
Dorian Missick,Nia Long,1,Undirected
Jose Pablo Cantillo,Aaron Yoo,2,Undirected
Jose Pablo Cantillo,Sarah Roemer,2,Undirected
Jose Pablo Cantillo,Edi Gathegi,1,Undirected
Jose Pablo Cantillo,Randy Couture,1,Undirected
Fran Drescher,Gedde Watanabe,1,Undirected
Fran Drescher,Michael Richards,1,Undirected
Agnes Moorehead,Dick York,1,Undirected
Agnes Moorehead,Elizabeth Montgomery,1,Undirected
Agnes Moorehead,Ava Gardner,1,Undirected
Agnes Moorehead,Howard Keel,1,Undirected
Dick York,Elizabeth Montgomery,1,Undirected
Penn Jillette,Quincy Jones,1,Undirected
Penn Jillette,Russi Taylor,1,Undirected
Quincy Jones,Russi Taylor,1,Undirected
Alan Young,Josh Stamberg,1,Undirected
David Paymer,Mika Boorem,1,Undirected
David Paymer,Hudson Leick,1,Undirected
David Paymer,Kevin J. O'Connor,1,Undirected
David Paymer,Alison Brie,1,Undirected
David Paymer,Jacki Weaver,1,Undirected
David Paymer,Lobo Sebastian,1,Undirected
David Paymer,Robert Costanzo,1,Undirected
Mika Boorem,Hope Davis,1,Undirected
Mika Boorem,Faizon Love,1,Undirected
Mika Boorem,Sanoe Lake,1,Undirected
Adrian Alonso,Michael Emerson,1,Undirected
Adrian Alonso,Nick Chinlund,1,Undirected
Michael Emerson,Nick Chinlund,1,Undirected
Michael Emerson,Grey Griffin,1,Undirected
Michael Emerson,Mark Valley,1,Undirected
Michael Emerson,Shawnee Smith,1,Undirected
Nick Chinlund,Stuart Wilson,1,Undirected
Nick Chinlund,Cameron Bright,1,Undirected
Nick Chinlund,Anthony L. Fernandez,1,Undirected
Nick Chinlund,Scott Evans,1,Undirected
Annabella Sciorra,Rosalind Chao,1,Undirected
Annabella Sciorra,Stark Sands,2,Undirected
Annabella Sciorra,Terence Maynard,2,Undirected
Annabella Sciorra,John Brodsky,1,Undirected
Annabella Sciorra,Paula Garcés,1,Undirected
Michael McKean,Patricia Heaton,1,Undirected
Michael McKean,Richard Epcar,1,Undirected
Michael McKean,Rebecca Gayheart,1,Undirected
Michael McKean,Conleth Hill,1,Undirected
Michael McKean,Larry David,1,Undirected
Michael McKean,Dash Mihok,1,Undirected
Michael McKean,Jimi Mistry,1,Undirected
Michael McKean,Kurt Fuller,1,Undirected
Michael McKean,Christopher Guest,1,Undirected
Michael McKean,Laura Harris,1,Undirected
Michael McKean,Bill Duke,1,Undirected
Julie-Marie Parmentier,Nissim Renard,1,Undirected
Julie-Marie Parmentier,Roxane Duran,1,Undirected
Nissim Renard,Roxane Duran,1,Undirected
Bart the Bear,Harold Perrineau,1,Undirected
Harold Perrineau,Charles Halford,1,Undirected
Harold Perrineau,Matt Ryan,1,Undirected
Harold Perrineau,Parker Sawyers,1,Undirected
Harold Perrineau,Judy Davis,1,Undirected
Harold Perrineau,Mike Starr,1,Undirected
Harold Perrineau,Eddie Cibrian,1,Undirected
Harold Perrineau,Nadine Velazquez,2,Undirected
Harold Perrineau,Jarrod Bunch,1,Undirected
Harold Perrineau,John de Lancie,1,Undirected
Harold Perrineau,Mark Feuerstein,1,Undirected
Boris Kodjoe,Devin Ratray,1,Undirected
Boris Kodjoe,Shawn Roberts,1,Undirected
Boris Kodjoe,Blair Underwood,1,Undirected
Boris Kodjoe,Cicely Tyson,1,Undirected
Boris Kodjoe,Kathleen Turner,1,Undirected
Boris Kodjoe,Katrina Bowden,1,Undirected
Boris Kodjoe,Christina Milian,1,Undirected
Boris Kodjoe,Wendell Pierce,1,Undirected
Boris Kodjoe,Cameron Mills,1,Undirected
Boris Kodjoe,Sharon Leal,1,Undirected
Devin Ratray,Luke Mably,1,Undirected
Devin Ratray,Miranda Richardson,1,Undirected
Devin Ratray,Macaulay Culkin,2,Undirected
Devin Ratray,Bruce Dern,1,Undirected
Devin Ratray,Amy Hargreaves,1,Undirected
Devin Ratray,Eve Plumb,1,Undirected
Bruce Thomas,Jon Foster,1,Undirected
Amy Brenneman,Viggo Mortensen,1,Undirected
Viggo Mortensen,Ricky Schroder,1,Undirected
Viggo Mortensen,Raza Jaffrey,1,Undirected
Viggo Mortensen,Elizabeth Perkins,1,Undirected
Viggo Mortensen,Kyle Schmid,1,Undirected
Viggo Mortensen,Eduardo Noriega,1,Undirected
Viggo Mortensen,Elena Anaya,1,Undirected
Viggo Mortensen,James Gammon,1,Undirected
Viggo Mortensen,Tom Bower,1,Undirected
Viggo Mortensen,Sarah Gadon,1,Undirected
Viggo Mortensen,Jodie Whittaker,1,Undirected
Viggo Mortensen,Steven Mackintosh,1,Undirected
Viggo Mortensen,Tovah Feldshuh,1,Undirected
Viggo Mortensen,Reda Kateb,1,Undirected
Viggo Mortensen,Ángela Molina,1,Undirected
Viggo Mortensen,Faye Dunaway,1,Undirected
Viggo Mortensen,Hal Landon Jr.,1,Undirected
Viggo Mortensen,Lane Smith,1,Undirected
Viggo Mortensen,Adam Goldberg,1,Undirected
Charlie Rowe,Madison Rothschild,1,Undirected
Charlie Rowe,Tiya Sircar,1,Undirected
Charlie Rowe,Tom Sturridge,1,Undirected
Charlie Rowe,Charlotte Rampling,1,Undirected
Madison Rothschild,Tiya Sircar,1,Undirected
Tiya Sircar,Alex Kendrick,1,Undirected
Tiya Sircar,Jansen Panettiere,1,Undirected
John Topor,Richard Tyson,1,Undirected
Richard Tyson,Cathy Moriarty,1,Undirected
Richard Tyson,Penelope Ann Miller,1,Undirected
Richard Tyson,Lin Shaye,2,Undirected
Richard Tyson,Corlandos Scott,1,Undirected
Richard Tyson,Jeremy Sande,1,Undirected
Heather Locklear,Jenna Elfman,1,Undirected
Heather Locklear,Faizon Love,1,Undirected
Heather Locklear,Paul Sorvino,1,Undirected
Heather Locklear,David Keith,1,Undirected
Heather Locklear,George C. Scott,1,Undirected
Heather Locklear,Katie Leclerc,1,Undirected
Heather Locklear,Patricia Neal,1,Undirected
Andrea Di Stefano,Elio Germano,1,Undirected
Andrea Di Stefano,Fergie,1,Undirected
Elio Germano,Fergie,1,Undirected
Brian Anthony Wilson,Larenz Tate,1,Undirected
Larenz Tate,Jeff Kober,1,Undirected
Larenz Tate,Leonard Roberts,1,Undirected
Larenz Tate,Nia Long,1,Undirected
Larenz Tate,Khandi Alexander,1,Undirected
Adam Goldberg,Glenne Headly,1,Undirected
Adam Goldberg,Austin Pendleton,1,Undirected
Adam Goldberg,Thomas Lennon,1,Undirected
Adam Goldberg,Bob Balaban,1,Undirected
Adam Goldberg,François Cluzet,1,Undirected
Adam Goldberg,Frankie Muniz,1,Undirected
Adam Goldberg,Samaire Armstrong,1,Undirected
Adam Goldberg,Meat Loaf,1,Undirected
Adam Goldberg,Tony Cox,1,Undirected
Glenne Headly,Adam Garcia,1,Undirected
Glenne Headly,Carol Kane,1,Undirected
Joseph Gilgun,Lotte Verbeek,1,Undirected
Joseph Gilgun,Amy Ryan,1,Undirected
Joseph Gilgun,Olympia Dukakis,1,Undirected
Joseph Gilgun,Jacky Ido,1,Undirected
Joseph Gilgun,Vincent Regan,1,Undirected
Joseph Gilgun,Jack O'Connell,2,Undirected
Bob Neill,Tom Sizemore,1,Undirected
Bob Neill,Val Kilmer,1,Undirected
Tom Sizemore,Val Kilmer,1,Undirected
Adam LeFevre,Mia Farrow,1,Undirected
Adam LeFevre,Penny Balfour,1,Undirected
Adam LeFevre,Bruce Altman,1,Undirected
Adam LeFevre,Walter Masterson,1,Undirected
Adam LeFevre,Desmond Askew,1,Undirected
Adam LeFevre,R. Brandon Johnson,1,Undirected
Mia Farrow,Penny Balfour,1,Undirected
Mia Farrow,Melonie Diaz,1,Undirected
Mia Farrow,Quinton Aaron,1,Undirected
Mia Farrow,Larry David,1,Undirected
Mia Farrow,Woody Allen,1,Undirected
Mia Farrow,Charles Grodin,1,Undirected
Mia Farrow,John Cassavetes,1,Undirected
Mia Farrow,Bruce Gooch,1,Undirected
Mia Farrow,Jordan Bridges,1,Undirected
Jacques Perrin,Pedro Armendáriz Jr.,1,Undirected
Jacques Perrin,Rie Miyazawa,1,Undirected
Jacques Perrin,Philippe Labro,1,Undirected
Pedro Armendáriz Jr.,Rie Miyazawa,1,Undirected
Pedro Armendáriz Jr.,Ana Claudia Talancón,1,Undirected
Currie Graham,Dylan Schombing,1,Undirected
Currie Graham,Sasha Roiz,1,Undirected
Dylan Schombing,Sasha Roiz,1,Undirected
Sasha Roiz,David Zayas,1,Undirected
Ben Diskin,David Hoffman,1,Undirected
Ben Diskin,Sariann Monaco,1,Undirected
David Hoffman,Sariann Monaco,1,Undirected
Austin Pendleton,John Buffalo Mailer,1,Undirected
Austin Pendleton,Mimi Rogers,1,Undirected
Austin Pendleton,Max Casella,1,Undirected
Austin Pendleton,Phil Hartman,1,Undirected
Austin Pendleton,David Wayne,1,Undirected
Austin Pendleton,Harold Gould,1,Undirected
Emily Watson,Bill Paterson,1,Undirected
Emily Watson,Lucy Boynton,1,Undirected
Emily Watson,Don McManus,1,Undirected
Emily Watson,Devon Murray,1,Undirected
Emily Watson,Pauline McLynn,1,Undirected
Emily Watson,Sean Pertwee,1,Undirected
Emily Watson,Roger Allam,1,Undirected
Emily Watson,Sophie Nélisse,1,Undirected
Emily Watson,Simon McBurney,1,Undirected
Emily Watson,Miranda Richardson,1,Undirected
Tim Meadows,Carter Jenkins,1,Undirected
Tim Meadows,Malese Jow,1,Undirected
Tim Meadows,Matt Price,1,Undirected
Tim Meadows,Nat Faxon,1,Undirected
Tim Meadows,John Witherspoon,1,Undirected
Jeremy Northam,Veronica Cartwright,1,Undirected
Jeremy Northam,Ken Howard,1,Undirected
Jeremy Northam,Ray McKinnon,1,Undirected
Jeremy Northam,Aidan Quinn,1,Undirected
Jeremy Northam,Paul Freeman,1,Undirected
Jeremy Northam,David Hewlett,1,Undirected
Jeremy Northam,Kari Matchett,1,Undirected
Jeremy Northam,Minnie Driver,1,Undirected
Jeremy Northam,Ally Walker,1,Undirected
Jeremy Northam,Illeana Douglas,1,Undirected
Veronica Cartwright,Natasha Lyonne,1,Undirected
Veronica Cartwright,Frances Bay,1,Undirected
Jonathan Winters,Elizabeth Perkins,1,Undirected
Jonathan Winters,Harvey Korman,1,Undirected
Jonathan Winters,John Kapelos,1,Undirected
Jonathan Winters,Peter Boyle,1,Undirected
Jonathan Winters,Sid Caesar,1,Undirected
Jonathan Winters,Spencer Tracy,1,Undirected
Albert Brooks,Eric Stonestreet,1,Undirected
Albert Brooks,Marcia Wallace,1,Undirected
Albert Brooks,Yeardley Smith,1,Undirected
Albert Brooks,Keith Hudson,1,Undirected
Albert Brooks,Ashley Williams,1,Undirected
Albert Brooks,Alan Oppenheimer,1,Undirected
Albert Brooks,Eileen Brennan,1,Undirected
Albert Brooks,Russ Tamblyn,1,Undirected
Albert Brooks,Ryan Gosling,1,Undirected
Albert Brooks,Bradley Whitford,1,Undirected
Albert Brooks,Anne Bancroft,1,Undirected
Albert Brooks,Kyra Sedgwick,1,Undirected
Albert Brooks,Al Leong,1,Undirected
Albert Brooks,Vic Morrow,1,Undirected
Albert Brooks,Peter Boyle,1,Undirected
Max Ryan,Bridget Fonda,1,Undirected
Max Ryan,Jon Osbeck,1,Undirected
Max Ryan,Michael Jai White,1,Undirected
Max Ryan,Justine Waddell,1,Undirected
Miranda Cosgrove,Mike White,1,Undirected
Miranda Cosgrove,Carter Jenkins,1,Undirected
Mary McDonnell,Maury Chaykin,1,Undirected
Mary McDonnell,Michael Spears,1,Undirected
Mary McDonnell,James Duval,1,Undirected
Ariana Richards,Richard Schiff,1,Undirected
Ariana Richards,Vanessa Lee Chester,1,Undirected
Ariana Richards,Bob Peck,1,Undirected
Ariana Richards,Michael Gross,1,Undirected
Ariana Richards,Reba McEntire,1,Undirected
Ariana Richards,Royal Dano,1,Undirected
Ariana Richards,Tonya Lee Williams,1,Undirected
Richard Schiff,Vanessa Lee Chester,1,Undirected
Richard Schiff,Michael Moore,1,Undirected
Richard Schiff,Sophie Okonedo,1,Undirected
Richard Schiff,Dianne Wiest,1,Undirected
Richard Schiff,Loretta Devine,1,Undirected
Richard Schiff,Mark Webber,1,Undirected
Richard Schiff,David Costabile,1,Undirected
Richard Schiff,Jenna Fischer,1,Undirected
Vanessa Lee Chester,Denise Boutte,1,Undirected
Vanessa Lee Chester,Rich Ceraulo,1,Undirected
Danny Huston,Rita Davies,1,Undirected
Danny Huston,Mark Rendall,1,Undirected
Danny Huston,Megan Franich,1,Undirected
Danny Huston,Donald Sumpter,1,Undirected
Danny Huston,Cameron Bright,1,Undirected
Danny Huston,Jon Polito,1,Undirected
Tyler Mane,Margot Kidder,2,Undirected
Tyler Mane,Scout Taylor-Compton,2,Undirected
Tyler Mane,Dustin Milligan,1,Undirected
Bokeem Woodbine,Michael Biehn,1,Undirected
Bokeem Woodbine,Ice-T,1,Undirected
Bokeem Woodbine,Curtis Armstrong,1,Undirected
Bokeem Woodbine,Nolan Gerard Funk,1,Undirected
Bokeem Woodbine,Antonio Sabato Jr.,1,Undirected
Bokeem Woodbine,Bojana Novakovic,1,Undirected
Bokeem Woodbine,Geoffrey Arend,1,Undirected
Bokeem Woodbine,Dylan Minnette,2,Undirected
Bokeem Woodbine,Dan Hedaya,1,Undirected
Bokeem Woodbine,Robert Peters,1,Undirected
Bokeem Woodbine,Brett Wagner,1,Undirected
Bokeem Woodbine,Brooke Newton,1,Undirected
Bokeem Woodbine,Quinton Aaron,1,Undirected
Michael Biehn,Todd Graff,1,Undirected
Michael Biehn,Anne Archer,1,Undirected
Michael Biehn,Jason George,1,Undirected
Michael Biehn,Paula Garcés,1,Undirected
Michael Biehn,Dana Delany,1,Undirected
Michael Biehn,Powers Boothe,1,Undirected
Michael Biehn,Franco Nero,1,Undirected
Michael Biehn,Topher Grace,1,Undirected
Michael Biehn,Carrie Henn,1,Undirected
Michael Biehn,Brian Thompson,1,Undirected
Michael Biehn,Paul Winfield,1,Undirected
Michael Biehn,Lauren German,1,Undirected
Michael Biehn,Rosanna Arquette,1,Undirected
Michael Biehn,Lorraine Ziff,1,Undirected
Michael Biehn,Matthew Ziff,1,Undirected
Jay Leno,Ray Romano,1,Undirected
Ray Romano,Maura Tierney,1,Undirected
Allen Covert,Peter Dante,1,Undirected
Allen Covert,Adhir Kalyan,1,Undirected
Elijah Kelley,Jerry Stiller,1,Undirected
Elijah Kelley,Paul Dooley,1,Undirected
Jerry Stiller,Paul Dooley,1,Undirected
Jerry Stiller,Matthew Perry,1,Undirected
Jerry Stiller,Vincent Pastore,1,Undirected
Jerry Stiller,Dave Foley,1,Undirected
Jerry Stiller,Tamala Jones,1,Undirected
Paul Dooley,Mary Lynn Rajskub,1,Undirected
Alan Ford,Izabella Scorupco,1,Undirected
Michael Kelly,Martin Henderson,1,Undirected
Michael Kelly,Tom Goodman-Hill,1,Undirected
Michael Kelly,Kevin Brown,1,Undirected
Michael Kelly,Kim Shaw,1,Undirected
Michael Kelly,Colm Feore,1,Undirected
Michael Kelly,Jon Stewart,1,Undirected
Michael Kelly,Joe Cole,1,Undirected
Michael Kelly,Alex Russell,1,Undirected
Michael Kelly,Ashley Hinshaw,1,Undirected
Michael Kelly,Charlotte Sullivan,1,Undirected
Michael Kelly,Tony Nappo,1,Undirected
Barry Shabaka Henley,James Pickens Jr.,1,Undirected
Barry Shabaka Henley,Richard Lawson,1,Undirected
Charles Halford,Matt Ryan,1,Undirected
Kevin Dillon,Yvette Nicole Brown,1,Undirected
Kevin Dillon,Kathleen Quinlan,1,Undirected
Kevin Dillon,Kevin Connolly,1,Undirected
Kevin Dillon,Tom Berenger,1,Undirected
Jennifer Hudson,Loretta Devine,1,Undirected
Jennifer Hudson,Mary J. Blige,1,Undirected
Jennifer Hudson,Vondie Curtis-Hall,1,Undirected
Jennifer Hudson,Aubrey Poo,1,Undirected
Jennifer Hudson,Wendy Crewson,1,Undirected
Jennifer Hudson,Alicia Keys,1,Undirected
Jennifer Hudson,Nate Parker,1,Undirected
Loretta Devine,Lisa Edelstein,1,Undirected
Loretta Devine,Donald Faison,1,Undirected
Loretta Devine,Regina Hall,1,Undirected
Loretta Devine,Dianne Wiest,1,Undirected
Loretta Devine,Kimberly Elise,2,Undirected
Loretta Devine,Omari Hardwick,1,Undirected
Loretta Devine,Shad Moss,1,Undirected
Loretta Devine,Jacinda Barrett,1,Undirected
Loretta Devine,Joey Lawrence,1,Undirected
Loretta Devine,Alicia Witt,1,Undirected
Loretta Devine,Julian Richings,1,Undirected
Loretta Devine,Chris Brown,1,Undirected
Loretta Devine,Jennifer Esposito,2,Undirected
Loretta Devine,Gary Dourdan,1,Undirected
Loretta Devine,Laz Alonso,1,Undirected
Loretta Devine,Clifton Powell,1,Undirected
Adam Arkin,Brent Sexton,1,Undirected
Adam Arkin,Damian Lewis,1,Undirected
Adam Arkin,Jesse James,1,Undirected
Adam Arkin,Billy Barty,1,Undirected
Adam Arkin,Rhea Perlman,1,Undirected
Adam Arkin,W. Earl Brown,1,Undirected
Brent Sexton,Damian Lewis,1,Undirected
Christina Milian,Vanessa Ferlito,1,Undirected
Christina Milian,Dane Cook,1,Undirected
Christina Milian,Jay Hernandez,1,Undirected
Christina Milian,Ian Somerhalder,1,Undirected
Moritz Bleibtreu,Alexandra Maria Lara,1,Undirected
Moritz Bleibtreu,Martina Gedeck,1,Undirected
Moritz Bleibtreu,Birol Ünel,1,Undirected
Moritz Bleibtreu,Armin Rohde,1,Undirected
Moritz Bleibtreu,Ludger Pistor,1,Undirected
Tom Selleck,Lauren Ambrose,1,Undirected
Tom Selleck,Wilford Brimley,1,Undirected
Tom Selleck,Steve Guttenberg,1,Undirected
Christian Berkel,Michiel Huisman,1,Undirected
Christian Berkel,Sebastian Koch,1,Undirected
Christian Berkel,Lars Mikkelsen,1,Undirected
Christian Berkel,Thure Lindhardt,1,Undirected
Paz Vega,Sarah Steele,1,Undirected
Paz Vega,Robert Pralgo,1,Undirected
Azura Skye,Brían F. O'Byrne,1,Undirected
Brían F. O'Byrne,Pauline McLynn,1,Undirected
Ben Cross,John Gielgud,2,Undirected
Ben Cross,Alice Krige,1,Undirected
John Gielgud,Rod Steiger,1,Undirected
John Gielgud,Eric Cantona,1,Undirected
John Gielgud,Fanny Ardant,1,Undirected
John Gielgud,Amrish Puri,1,Undirected
John Gielgud,Candice Bergen,1,Undirected
John Gielgud,William Hootkins,1,Undirected
John Gielgud,Faye Dunaway,1,Undirected
John Gielgud,Marina Sirtis,1,Undirected
John Gielgud,Alice Krige,1,Undirected
Geoffrey Palmer,Randall Duk Kim,1,Undirected
Randall Duk Kim,Ian Whyte,1,Undirected
Randall Duk Kim,Texas Battle,1,Undirected
Daniel Sharman,Steve Byers,1,Undirected
Daniel Sharman,Johanna Braddy,1,Undirected
Daniel Sharman,Lee Tergesen,1,Undirected
Lena Olin,Aaliyah,1,Undirected
Lena Olin,Hugh O'Conor,1,Undirected
Lena Olin,Leslie Caron,1,Undirected
Lena Olin,Ruby Jerins,1,Undirected
Lena Olin,Francesc Pagès,1,Undirected
Sean Pertwee,Kathleen Quinlan,1,Undirected
Sean Pertwee,Kuno Becker,1,Undirected
Sean Pertwee,Donald Sumpter,1,Undirected
Sean Pertwee,Steven Waddington,1,Undirected
Sean Pertwee,Frank Finlay,1,Undirected
Sean Pertwee,Samuel West,1,Undirected
Sean Pertwee,Bianca Brigitte VanDamme,1,Undirected
Kiernan Shipka,Lou Taylor Pucci,1,Undirected
Lou Taylor Pucci,Austin Nichols,1,Undirected
Lou Taylor Pucci,Brad Renfro,1,Undirected
Lou Taylor Pucci,Elizabeth Blackmore,1,Undirected
Lou Taylor Pucci,Ellen Sandweiss,1,Undirected
Lou Taylor Pucci,Mary Page Keller,1,Undirected
Bridget Fonda,Megan Mullally,1,Undirected
Bridget Fonda,Martin Landau,1,Undirected
Bridget Fonda,Ty Olsson,1,Undirected
Bridget Fonda,Chelcie Ross,1,Undirected
Bridget Fonda,Gary Cole,1,Undirected
Bridget Fonda,Embeth Davidtz,1,Undirected
Bridget Fonda,Patricia Tallman,1,Undirected
Megan Mullally,Chris Penn,2,Undirected
Megan Mullally,Martin Starr,2,Undirected
Megan Mullally,Kay Panabaker,1,Undirected
Megan Mullally,Lambert Wilson,1,Undirected
Megan Mullally,Radha Mitchell,1,Undirected
John Heard,Mike Starr,1,Undirected
John Heard,Thomas Ian Nicholas,1,Undirected
John Heard,David Costabile,1,Undirected
John Heard,Jurnee Smollett-Bell,1,Undirected
John Heard,Mark L. Young,1,Undirected
John Heard,Andrew Keegan,2,Undirected
John Heard,Rory Culkin,1,Undirected
John Heard,Tim DeKay,1,Undirected
John Heard,Amy Madigan,1,Undirected
John Heard,Bud Cort,1,Undirected
John Heard,David Dastmalchian,1,Undirected
John Heard,Kim Shaw,1,Undirected
John Heard,Sara Gilbert,1,Undirected
John Heard,Cassandra Scerbo,1,Undirected
John Heard,Ian Ziering,1,Undirected
John Heard,Daniel Stern,1,Undirected
John Heard,Sam McMurray,1,Undirected
Mike Starr,Mia Kirshner,1,Undirected
Mike Starr,Joan Chen,1,Undirected
Mike Starr,Sven-Ole Thorsen,1,Undirected
Mike Starr,George Carlin,1,Undirected
Mike Starr,Judy Davis,1,Undirected
Mike Starr,Bill Cobbs,1,Undirected
Mike Starr,DeVaughn Nixon,1,Undirected
Mike Starr,Paul Sorvino,1,Undirected
Mike Starr,Jennifer Esposito,1,Undirected
Mike Starr,Mira Sorvino,1,Undirected
Mike Starr,Lauren Holly,1,Undirected
Mike Starr,Teri Garr,1,Undirected
Mike Starr,Don Pardo,1,Undirected
Mike Starr,Keshia Knight Pulliam,1,Undirected
Mike Starr,Vanity,1,Undirected
Mike Starr,Frank Vincent,1,Undirected
Huey Lewis,James Pickens Jr.,1,Undirected
Huey Lewis,Peter Coyote,1,Undirected
Huey Lewis,Lochlyn Munro,1,Undirected
Huey Lewis,Marian Seldes,1,Undirected
James Pickens Jr.,Peter Coyote,1,Undirected
James Pickens Jr.,Richard Lawson,1,Undirected
Peter Coyote,Gregg Henry,1,Undirected
Peter Coyote,Rie Rasmussen,1,Undirected
Peter Coyote,Isabelle Adjani,1,Undirected
Peter Coyote,Virginie Ledoyen,1,Undirected
Peter Coyote,Kathryn Morris,1,Undirected
Peter Coyote,Lauren German,1,Undirected
Peter Coyote,Paz de la Huerta,1,Undirected
Peter Coyote,Dee Wallace,1,Undirected
Peter Coyote,Henry Thomas,1,Undirected
Peter Coyote,Jon Gries,1,Undirected
Peter Coyote,Eric Dane,1,Undirected
Keegan-Michael Key,Nia Long,1,Undirected
Alexis Dziena,Aaron Yoo,1,Undirected
Alexis Dziena,Ari Graynor,1,Undirected
Alexis Dziena,Franky G,1,Undirected
Alexis Dziena,Louis Lombardi,1,Undirected
Maude Apatow,Charlyne Yi,1,Undirected
Maude Apatow,Mackenzie Aladjem,1,Undirected
Frances Fisher,Tim McGraw,1,Undirected
Frances Fisher,Margarita Levieva,1,Undirected
Frances Fisher,Mike Doyle,1,Undirected
Frances Fisher,Nora Dunn,1,Undirected
Frances Fisher,Ron Eldard,1,Undirected
Frances Fisher,Danneel Ackles,1,Undirected
Frances Fisher,Leighton Meester,1,Undirected
Frances Fisher,Clint Eastwood,1,Undirected
Frances Fisher,Elizabeth McGovern,1,Undirected
Frances Fisher,Mary McCormack,1,Undirected
Frances Fisher,James Kyson,1,Undirected
Frances Fisher,Marlene Forte,1,Undirected
Frances Fisher,Agnes Bruckner,1,Undirected
Tim McGraw,Alison Lohman,1,Undirected
Tim McGraw,Danny Pino,1,Undirected
Tim McGraw,Cinda McCain,1,Undirected
Tim McGraw,Leighton Meester,1,Undirected
Gary Cole,Phill Lewis,1,Undirected
Gary Cole,Tate Taylor,1,Undirected
Gary Cole,Chelsea Handler,1,Undirected
Gary Cole,Elizabeth Perkins,1,Undirected
Gary Cole,Sissy Spacek,1,Undirected
Gary Cole,Topher Grace,1,Undirected
Gary Cole,Ben Falcone,1,Undirected
Gary Cole,Mark Duplass,1,Undirected
Gary Cole,Chelcie Ross,1,Undirected
Gary Cole,Robert Pralgo,1,Undirected
Gary Cole,Cheryl Hines,1,Undirected
Gary Cole,Julian Morris,1,Undirected
Gary Cole,Lindy Booth,1,Undirected
Kevin Pollak,Raven-Symoné,1,Undirected
Kevin Pollak,JoBeth Williams,1,Undirected
Kevin Pollak,Joel McHale,1,Undirected
Kevin Pollak,Tracy Morgan,1,Undirected
Kevin Pollak,Jere Burns,1,Undirected
Kevin Pollak,Erick Elias,1,Undirected
Kevin Pollak,Héctor Jiménez,1,Undirected
Kevin Pollak,Kathryn Morris,1,Undirected
Kevin Pollak,Timothy Hutton,1,Undirected
Raven-Symoné,Peter Boyle,1,Undirected
Raven-Symoné,Hector Elizondo,1,Undirected
James Robinson,Mhairi Calvey,1,Undirected
James Robinson,Patrick McGoohan,1,Undirected
Mhairi Calvey,Patrick McGoohan,1,Undirected
Patrick McGoohan,Clint Eastwood,1,Undirected
Patrick McGoohan,Fred Ward,1,Undirected
Brian Geraghty,James Morrison,1,Undirected
Brian Geraghty,Kimberly Williams-Paisley,1,Undirected
Brian Geraghty,Madeline Carroll,1,Undirected
Brian Geraghty,Tessa Thompson,1,Undirected
Brian Geraghty,Nick Cannon,1,Undirected
James Morrison,Kristen Cloke,1,Undirected
James Morrison,Tucker Smallwood,1,Undirected
Marcia Wallace,Yeardley Smith,1,Undirected
Yeardley Smith,Lupe Ontiveros,1,Undirected
Yeardley Smith,Shirley Knight,1,Undirected
Jeffrey DeMunn,Martin Landau,2,Undirected
Jeffrey DeMunn,Mitch Pileggi,1,Undirected
Jeffrey DeMunn,Hector Elizondo,1,Undirected
Jeffrey DeMunn,Lauren Holly,1,Undirected
Martin Landau,Mitch Pileggi,1,Undirected
Martin Landau,Richard Burton,1,Undirected
Martin Landau,Roddy McDowall,1,Undirected
Martin Landau,Atticus Shaffer,1,Undirected
Martin Landau,Alan Oppenheimer,1,Undirected
Martin Landau,Tom Kane,1,Undirected
Martin Landau,Bebe Neuwirth,1,Undirected
Martin Landau,Ellen Albertini Dow,1,Undirected
Martin Landau,Carroll Baker,1,Undirected
Martin Landau,José Ferrer,1,Undirected
Martin Landau,Brian Keith,1,Undirected
Martin Landau,Karl Malden,1,Undirected
Martin Landau,Gretchen Mol,1,Undirected
Martin Landau,Ellen Burstyn,1,Undirected
Martin Landau,Diane Baker,1,Undirected
Martin Landau,Melora Walters,1,Undirected
David Gant,Jean-Claude Dreyfus,1,Undirected
David Gant,Oanh Nguyen,1,Undirected
Jean-Claude Dreyfus,Oanh Nguyen,1,Undirected
Peter Boyle,John Kapelos,1,Undirected
Peter Boyle,Eric Lloyd,1,Undirected
Peter Boyle,Judge Reinhold,1,Undirected
Peter Boyle,Rod Steiger,1,Undirected
Peter Boyle,Marcus Lyle Brown,1,Undirected
Peter Boyle,Madeline Kahn,1,Undirected
Peter Boyle,Teri Garr,1,Undirected
Cherry Jones,Merritt Wever,1,Undirected
Cherry Jones,Rory Culkin,1,Undirected
Cherry Jones,Riley Thomas Stewart,1,Undirected
Merritt Wever,Rory Culkin,1,Undirected
Merritt Wever,Amy Ryan,1,Undirected
Merritt Wever,Paul Adelstein,1,Undirected
Merritt Wever,Jemima Kirke,1,Undirected
Merritt Wever,Lena Dunham,1,Undirected
Rory Culkin,Bill Irwin,1,Undirected
Rory Culkin,Bruce Dern,1,Undirected
Rory Culkin,Tim DeKay,1,Undirected
Rory Culkin,Scott Mechlowicz,1,Undirected
Conrad Vernon,Jennifer Saunders,1,Undirected
Jennifer Saunders,Dawn French,1,Undirected
Jennifer Saunders,John Hodgman,1,Undirected
Cheech Marin,George Carlin,1,Undirected
Cheech Marin,Alexa PenaVega,1,Undirected
Cheech Marin,Phil LaMarr,1,Undirected
Cheech Marin,Kaylee DeFer,1,Undirected
Cheech Marin,Nick Cannon,1,Undirected
Cheech Marin,Quentin Tarantino,1,Undirected
Cheech Marin,Bruce Dern,1,Undirected
Cheech Marin,Lupe Ontiveros,1,Undirected
Cheech Marin,Robert Beltran,1,Undirected
George Carlin,Rob Paulsen,1,Undirected
George Carlin,Melinda Dillon,1,Undirected
George Carlin,Alex Winter,1,Undirected
George Carlin,Al Leong,1,Undirected
Hector Elizondo,Kaitlyn Dever,1,Undirected
Hector Elizondo,Nancy Travis,1,Undirected
Hector Elizondo,Lauren Holly,1,Undirected
Hector Elizondo,Ana de la Reguera,1,Undirected
Hector Elizondo,Heather Matarazzo,1,Undirected
Hector Elizondo,Jane Fonda,1,Undirected
Hector Elizondo,Zachary Gordon,1,Undirected
Eve,Leila Arcieri,1,Undirected
Billy West,Tim Conway,1,Undirected
Billy West,Al Gore,1,Undirected
Tim Conway,Bob Hastings,1,Undirected
Tim Conway,Gavin MacLeod,1,Undirected
Franco Nero,John Amos,1,Undirected
Franco Nero,Hans Matheson,1,Undirected
Franco Nero,Carl Weathers,1,Undirected
John Amos,Romeo Miller,1,Undirected
John Amos,Sally Kirkland,1,Undirected
John Amos,Vanna Bonta,1,Undirected
John Amos,Mario Van Peebles,1,Undirected
John Amos,Melvin Van Peebles,1,Undirected
Josh Charles,Fionnula Flanagan,1,Undirected
Josh Charles,Tony Nappo,1,Undirected
Josh Charles,David Arquette,1,Undirected
Josh Charles,Kurtwood Smith,1,Undirected
Josh Charles,Luke Grimes,1,Undirected
Josh Charles,Chandler Canterbury,1,Undirected
Katia Winter,Lyndie Greenwood,1,Undirected
Katia Winter,Nicole Beharie,1,Undirected
Katia Winter,Michael McMillian,1,Undirected
Katia Winter,Monique Candelaria,1,Undirected
Lyndie Greenwood,Nicole Beharie,1,Undirected
Nicole Beharie,Charles S. Dutton,1,Undirected
Nicole Beharie,James Badge Dale,1,Undirected
Nicole Beharie,Marlene Forte,1,Undirected
Bob Balaban,Freddy Rodríguez,1,Undirected
Bob Balaban,François Cluzet,1,Undirected
Bob Balaban,Lily Rabe,1,Undirected
Bob Balaban,Melinda Dillon,1,Undirected
Bob Balaban,Teri Garr,1,Undirected
Bob Balaban,Tom Hollander,1,Undirected
Bob Balaban,Bob Newhart,1,Undirected
Bob Balaban,Martin Balsam,1,Undirected
Bob Balaban,Alanna Ubach,1,Undirected
Freddy Rodríguez,Holmes Osborne,1,Undirected
Freddy Rodríguez,Ken Howard,1,Undirected
Freddy Rodríguez,Carlos Ponce,1,Undirected
Freddy Rodríguez,Maria Conchita Alonso,1,Undirected
Freddy Rodríguez,Greg Collins,1,Undirected
Raoul Bova,Lindsay Duncan,1,Undirected
Raoul Bova,Mario Monicelli,1,Undirected
Chris Klein,Josie Ho,1,Undirected
Chris Klein,Robin Shou,1,Undirected
Chris Klein,Eddie Cibrian,1,Undirected
Chris Klein,Jack Plotnick,1,Undirected
Chris Klein,Elaine Hendrix,1,Undirected
Chris Klein,Molly Hagan,1,Undirected
Radha Mitchell,Julian Kostov,1,Undirected
Radha Mitchell,Alice Krige,1,Undirected
Radha Mitchell,Deborah Kara Unger,2,Undirected
Radha Mitchell,Martin Donovan,1,Undirected
Radha Mitchell,Guang Li,1,Undirected
Radha Mitchell,Matthew Walker,1,Undirected
Radha Mitchell,Jodi Lyn O'Keefe,1,Undirected
Radha Mitchell,John Aylward,1,Undirected
Radha Mitchell,John Enos III,1,Undirected
Radha Mitchell,Richard T. Jones,1,Undirected
Radha Mitchell,Frances O'Connor,1,Undirected
Radha Mitchell,Matt Day,1,Undirected
Jonathan Frakes,LeVar Burton,4,Undirected
Jonathan Frakes,Michael Dorn,1,Undirected
LeVar Burton,Michael Dorn,1,Undirected
LeVar Burton,Eric McCormack,1,Undirected
LeVar Burton,Scott Wolf,1,Undirected
Alison Lohman,Bojana Novakovic,1,Undirected
Alison Lohman,Reggie Lee,1,Undirected
Alison Lohman,Rachel Blanchard,1,Undirected
Alison Lohman,Robin Weigert,1,Undirected
Alison Lohman,Danny Pino,1,Undirected
David Hyde Pierce,Peter Gerety,1,Undirected
David Hyde Pierce,Ron Rifkin,1,Undirected
David Hyde Pierce,Brandy Norwood,1,Undirected
David Hyde Pierce,Ron Howard,1,Undirected
David Hyde Pierce,Harry Shearer,1,Undirected
David Hyde Pierce,Clayne Crawford,1,Undirected
David Hyde Pierce,Nathaniel Parker,1,Undirected
Peter Gerety,Ron Rifkin,1,Undirected
Peter Gerety,James Ransone,1,Undirected
Peter Gerety,Elizabeth Berkley,1,Undirected
Peter Gerety,Woody Allen,1,Undirected
Peter Gerety,Isabella Rossellini,1,Undirected
Peter Gerety,Lynn Redgrave,1,Undirected
Ron Rifkin,Bruce Dern,1,Undirected
Ron Rifkin,Jesse Vint,1,Undirected
Ron Rifkin,Bebe Neuwirth,1,Undirected
Jeremy Irvine,Sam Reid,1,Undirected
Jeremy Irvine,Caleb Landry Jones,1,Undirected
Sarah Gadon,Zach McGowan,1,Undirected
Sarah Gadon,Gregory Smith,1,Undirected
Sarah Gadon,Tracy Letts,1,Undirected
Sarah Gadon,Caleb Landry Jones,1,Undirected
Sarah Gadon,Douglas Smith,1,Undirected
Mark Valley,Sami Gayle,1,Undirected
Mark Valley,Illeana Douglas,1,Undirected
Mark Valley,Grey Griffin,1,Undirected
Nathaniel Parker,Clayne Crawford,1,Undirected
Victor Wong,Joan Chen,1,Undirected
Victor Wong,Kate Burton,1,Undirected
Victor Wong,Peter Kwong,1,Undirected
Victor Wong,Don Stark,1,Undirected
Victor Wong,Dustin Nguyen,1,Undirected
Victor Wong,Clyde Kusatsu,1,Undirected
Victor Wong,Paul Freeman,1,Undirected
Victor Wong,Charlotte Lewis,1,Undirected
Victor Wong,Randall 'Tex' Cobb,1,Undirected
Chelcie Ross,Lynne Thigpen,1,Undirected
Chelcie Ross,Polly Noonan,1,Undirected
Brooke Smith,Garcelle Beauvais,1,Undirected
Brooke Smith,Jacinda Barrett,1,Undirected
Garcelle Beauvais,Daniel Roebuck,1,Undirected
Garcelle Beauvais,Eddie Griffin,1,Undirected
Ben Daniels,Dexter Fletcher,1,Undirected
Dexter Fletcher,Lesley Manville,1,Undirected
Dexter Fletcher,Linus Roache,1,Undirected
Dexter Fletcher,Anne Bancroft,1,Undirected
Phill Lewis,Tate Taylor,1,Undirected
Tate Taylor,Jennifer Esposito,1,Undirected
Tate Taylor,Patrick Cranshaw,1,Undirected
Sandrine Holt,Stephen Rea,1,Undirected
Sandrine Holt,Gregg Henry,1,Undirected
Sandrine Holt,Talisa Soto,1,Undirected
Sandrine Holt,Esai Morales,1,Undirected
Stephen Rea,Catherine Deneuve,1,Undirected
Stephen Rea,Justin Chambers,1,Undirected
Stephen Rea,Andrea Frankle,1,Undirected
Stephen Rea,William Ragsdale,1,Undirected
Stephen Rea,Ian Hart,1,Undirected
Stephen Rea,James Bolam,1,Undirected
Stephen Rea,Alicja Bachleda,1,Undirected
Stephen Rea,Sarah Polley,1,Undirected
Stephen Rea,Dominique McElligott,1,Undirected
Stephen Rea,Miranda Richardson,1,Undirected
Stephen Rea,Alejandro Furth,1,Undirected
Stephen Rea,Pixie Davies,1,Undirected
Celina Beach,James Martin Kelly,1,Undirected
Celina Beach,Shane Hartline,1,Undirected
James Martin Kelly,Shane Hartline,1,Undirected
Rory Cochrane,Garrett Ryan,1,Undirected
Rory Cochrane,James Lafferty,1,Undirected
Gregg Henry,Talisa Soto,1,Undirected
Gregg Henry,Rie Rasmussen,1,Undirected
Gregg Henry,Dustin Milligan,1,Undirected
Gregg Henry,Tania Saulnier,1,Undirected
Gregg Henry,Gabrielle Carteris,1,Undirected
Gregg Henry,Steven Bauer,1,Undirected
Gregg Henry,Dennis Franz,1,Undirected
Talisa Soto,Anthony Zerbe,1,Undirected
Talisa Soto,Robert Davi,1,Undirected
Talisa Soto,Brian Thompson,1,Undirected
Talisa Soto,Robin Shou,1,Undirected
Minnie Driver,Miranda Richardson,1,Undirected
Minnie Driver,Bonnie Hunt,1,Undirected
Minnie Driver,Jim Belushi,1,Undirected
Minnie Driver,Trey Parker,1,Undirected
Minnie Driver,Michael Cudlitz,1,Undirected
Minnie Driver,Mitchell Ryan,1,Undirected
Minnie Driver,Maury Chaykin,1,Undirected
Minnie Driver,Danny Dyer,1,Undirected
Minnie Driver,Mary McCormack,1,Undirected
Minnie Driver,Darryl Stephens,1,Undirected
Minnie Driver,Nate Parker,1,Undirected
Brandy Norwood,Ron Howard,1,Undirected
Brandy Norwood,Donald Faison,1,Undirected
Brandy Norwood,Lauren London,1,Undirected
Ron Howard,Mackenzie Phillips,1,Undirected
Jim Belushi,Lea Michele,1,Undirected
Jim Belushi,Harvey Korman,1,Undirected
Jim Belushi,Jake Lloyd,1,Undirected
Jim Belushi,Timothy Hutton,1,Undirected
Jim Belushi,Ken Marino,1,Undirected
Jim Belushi,Tisha Campbell-Martin,1,Undirected
Jim Belushi,Bonnie Hunt,1,Undirected
Jim Belushi,Alyson Hannigan,1,Undirected
Jim Belushi,John Stamos,1,Undirected
Jim Belushi,John Savage,1,Undirected
Jim Belushi,Juan Fernández,1,Undirected
Lea Michele,Heather Morris,1,Undirected
Lea Michele,Kevin McHale,1,Undirected
Archie Kao,Brandon Molale,1,Undirected
Brandon Molale,Ryan Gosling,1,Undirected
Brandon Molale,Wade Williams,1,Undirected
Laurence Olivier,Jacqueline Bisset,1,Undirected
Laurence Olivier,Anne Meara,1,Undirected
Laurence Olivier,Steve Guttenberg,1,Undirected
Laurence Olivier,George Sanders,1,Undirected
Laurence Olivier,Joan Fontaine,1,Undirected
Charlotte Rampling,Indira Varma,1,Undirected
Charlotte Rampling,Neil Maskell,1,Undirected
Charlotte Rampling,David Belle,1,Undirected
Charlotte Rampling,John Neville,1,Undirected
Charlotte Rampling,Jack Warden,1,Undirected
Charlotte Rampling,James Mason,1,Undirected
Charlotte Rampling,Jean-Claude Lecas,1,Undirected
Charlotte Rampling,Ludivine Sagnier,1,Undirected
Charlotte Rampling,Sara-Marie Maltha,1,Undirected
Charlotte Rampling,Stellan Skarsgård,1,Undirected
Charlotte Rampling,Daryl Hannah,1,Undirected
Charlotte Rampling,Rich Pecci,1,Undirected
Indira Varma,Neil Maskell,1,Undirected
Indira Varma,Warren Brown,1,Undirected
Indira Varma,Anupam Kher,1,Undirected
Indira Varma,Martin Henderson,1,Undirected
Indira Varma,Rekha,1,Undirected
Indira Varma,Sarita Choudhury,1,Undirected
Neil Maskell,Kate Magowan,1,Undirected
Neil Maskell,Paul Kaye,1,Undirected
Neil Maskell,Ben Crompton,1,Undirected
Neil Maskell,MyAnna Buring,1,Undirected
50 Cent,Matt Gerald,1,Undirected
50 Cent,Bill Duke,1,Undirected
50 Cent,Oona Laurence,1,Undirected
50 Cent,Jessica Lowndes,1,Undirected
Matt Gerald,Anjelica Huston,1,Undirected
Matt Gerald,Jonah Bobo,1,Undirected
Gaia Weiss,Luke Newberry,1,Undirected
Gaia Weiss,Roxanne McKee,1,Undirected
Luke Newberry,Roxanne McKee,1,Undirected
Luke Newberry,Pauline Collins,1,Undirected
Luke Newberry,Sheridan Smith,1,Undirected
Luke Newberry,Eleanor Bron,1,Undirected
Philip Baker Hall,Madeline Carroll,1,Undirected
Philip Baker Hall,Ophelia Lovibond,1,Undirected
Philip Baker Hall,Yaphet Kotto,1,Undirected
Philip Baker Hall,Ben Chaplin,1,Undirected
Philip Baker Hall,Bob Clendenin,1,Undirected
Philip Baker Hall,Beverly D'Angelo,1,Undirected
Philip Baker Hall,Hope Davis,1,Undirected
Philip Baker Hall,Beth Grant,1,Undirected
Philip Baker Hall,Patricia Belcher,1,Undirected
Philip Baker Hall,Aaron Hughes,1,Undirected
Philip Baker Hall,Jayne Eastwood,1,Undirected
Gary Farmer,Keith Carradine,1,Undirected
Gary Farmer,Irene Bedard,1,Undirected
Gary Farmer,Michael Greyeyes,1,Undirected
Gary Farmer,Jon Gries,1,Undirected
Aida Turturro,Robert Blake,1,Undirected
Aida Turturro,Vincent Pastore,1,Undirected
Robert Blake,Vincent Pastore,1,Undirected
Robert Blake,John Forsythe,1,Undirected
Robert Blake,Will Geer,1,Undirected
Vincent Pastore,Deborah Kara Unger,1,Undirected
Vincent Pastore,Matthew Perry,1,Undirected
Vincent Pastore,Farrah Fawcett,1,Undirected
Vincent Pastore,Peter Berg,1,Undirected
Vincent Pastore,Vinessa Shaw,1,Undirected
Vincent Pastore,Peter Appel,1,Undirected
Vincent Pastore,William Hickey,1,Undirected
Vincent Pastore,Chuck Zito,1,Undirected
Vincent Pastore,Frank Vincent,1,Undirected
Vincent Pastore,Kevin Corrigan,1,Undirected
Ashraf Barhom,Max Minghella,1,Undirected
Ashraf Barhom,Rupert Evans,1,Undirected
Ashraf Barhom,Lubna Azabal,1,Undirected
Max Minghella,Rupert Evans,1,Undirected
Max Minghella,Dato Bakhtadze,1,Undirected
Max Minghella,Veronika Vernadskaya,1,Undirected
Rupert Evans,James Babson,1,Undirected
Rupert Evans,Stephanie Lemelin,1,Undirected
Rupert Evans,Blake Ritson,1,Undirected
Rupert Evans,Romola Garai,1,Undirected
Jenna Fischer,Stephen Merchant,1,Undirected
Jenna Fischer,David Costabile,1,Undirected
Jenna Fischer,Lee Majors,1,Undirected
Graham McTavish,Michael Raymond-James,1,Undirected
Graham McTavish,Stephen Walters,1,Undirected
Graham McTavish,Phylicia Rashad,1,Undirected
Michael Gaston,Simon McBurney,1,Undirected
Simon McBurney,Abby Mukiibi Nkaaga,1,Undirected
Kevin McNally,Maury Chaykin,1,Undirected
Kevin McNally,Ben Miller,1,Undirected
Kevin McNally,Natalie Imbruglia,1,Undirected
Kevin McNally,Pam Ferris,1,Undirected
Kevin McNally,Keith Allen,1,Undirected
Kevin McNally,Sandra Nelson,1,Undirected
Kevin McNally,Jack O'Connell,1,Undirected
Kevin McNally,John Lynch,1,Undirected
Kevin McNally,Geoff Bell,1,Undirected
Maury Chaykin,Michael Spears,1,Undirected
Maury Chaykin,Danny Webb,1,Undirected
Maury Chaykin,Jason Priestley,1,Undirected
Maury Chaykin,Lenore Zann,1,Undirected
Maury Chaykin,Tim Choate,1,Undirected
Kaitlyn Dever,Nancy Travis,1,Undirected
Nancy Travis,Andrea Martin,1,Undirected
Mitch Pileggi,Nicki Aycox,1,Undirected
Lisa Edelstein,Anjelica Huston,1,Undirected
Lisa Edelstein,Anne Bancroft,1,Undirected
Lisa Edelstein,Milos Forman,1,Undirected
Gloria Foster,Marcus Chong,1,Undirected
Gloria Foster,Ivan Dixon,1,Undirected
Gloria Foster,Yaphet Kotto,1,Undirected
Kathleen Quinlan,Miko Hughes,1,Undirected
Kathleen Quinlan,Sydney Pollack,1,Undirected
Kathleen Quinlan,J.T. Walsh,1,Undirected
Kathleen Quinlan,Shiri Appleby,1,Undirected
Miko Hughes,Carrie Preston,2,Undirected
Miko Hughes,Michael Jai White,1,Undirected
Miko Hughes,Denise Crosby,1,Undirected
Miko Hughes,Fred Gwynne,1,Undirected
Miko Hughes,Heather Langenkamp,1,Undirected
Miko Hughes,Tracy Middendorf,1,Undirected
Aisha Tyler,Eric Lloyd,1,Undirected
Aisha Tyler,Judge Reinhold,1,Undirected
Aisha Tyler,Beverly D'Angelo,1,Undirected
Aisha Tyler,Bill Cobbs,1,Undirected
Aisha Tyler,Edi Gathegi,1,Undirected
Eric Lloyd,Judge Reinhold,2,Undirected
Eric Lloyd,Bruno Campos,1,Undirected
Eric Lloyd,David DeLuise,1,Undirected
Judge Reinhold,Madeline Carroll,1,Undirected
Judge Reinhold,James Russo,1,Undirected
Judge Reinhold,Harold Ramis,1,Undirected
Stuart Wilson,Tony Amendola,1,Undirected
Stuart Wilson,Geraldine Chaplin,1,Undirected
Matt Walsh,Maura Tierney,1,Undirected
Matt Walsh,Alycia Debnam-Carey,1,Undirected
Matt Walsh,Scott Lawrence,1,Undirected
Matt Walsh,Shaun Weiss,1,Undirected
Matt Walsh,Katie Aselton,1,Undirected
Matt Walsh,Tim Guinee,1,Undirected
Matt Walsh,Jason Ritter,1,Undirected
Alex Russell,Finn Wittrock,2,Undirected
Alex Russell,Jack O'Connell,2,Undirected
Alex Russell,Cariba Heine,1,Undirected
Alex Russell,Richard Brancatisano,1,Undirected
Alex Russell,Ashley Hinshaw,1,Undirected
Finn Wittrock,Jack O'Connell,2,Undirected
Finn Wittrock,Brent Anderson,1,Undirected
Finn Wittrock,Donny Boaz,1,Undirected
Jack O'Connell,Lorraine Stanley,1,Undirected
Clint Eastwood,Courtney B. Vance,1,Undirected
Clint Eastwood,William Devane,1,Undirected
Clint Eastwood,Ed Lauter,1,Undirected
Clint Eastwood,Anjelica Huston,1,Undirected
Clint Eastwood,Rick Hoffman,1,Undirected
Clint Eastwood,Mike Colter,1,Undirected
Clint Eastwood,Ahney Her,1,Undirected
Clint Eastwood,Dreama Walker,1,Undirected
Clint Eastwood,Debra Monk,1,Undirected
Clint Eastwood,Kenneth Colley,1,Undirected
Clint Eastwood,Warren Clarke,1,Undirected
Clint Eastwood,Lee Marvin,1,Undirected
Clint Eastwood,Ray Walston,1,Undirected
Clint Eastwood,Fred Ward,1,Undirected
Clint Eastwood,Chris Penn,1,Undirected
Clint Eastwood,Sydney Penny,1,Undirected
Clint Eastwood,John Hillerman,1,Undirected
Clint Eastwood,Richard Bull,1,Undirected
Clint Eastwood,Alan Hale Jr.,1,Undirected
Clint Eastwood,Bruce Dern,1,Undirected
Clint Eastwood,Enzo Petito,1,Undirected
Clint Eastwood,Luigi Pistilli,1,Undirected
Clint Eastwood,Aldo Sambrell,1,Undirected
Clint Eastwood,Gian Maria Volontè,1,Undirected
Courtney B. Vance,William Devane,1,Undirected
Courtney B. Vance,Emma Bell,1,Undirected
Courtney B. Vance,Jacqueline MacInnes Wood,1,Undirected
William Devane,Bill Duke,1,Undirected
William Devane,Deborah Kara Unger,1,Undirected
William Devane,Bruce Dern,1,Undirected
William Devane,Ed Lauter,1,Undirected
Janine Turner,Leon,1,Undirected
Leon,Doug E. Doug,1,Undirected
Leon,Malik Yoba,1,Undirected
Leon,Ned Bellamy,1,Undirected
Samantha Mathis,Shawna Waldron,1,Undirected
Samantha Mathis,Erik Palladino,1,Undirected
Daniel von Bargen,Lily Tomlin,1,Undirected
Daniel von Bargen,Clarence Williams III,1,Undirected
Daniel von Bargen,Timothy Hutton,1,Undirected
Daniel von Bargen,Michael Jai White,1,Undirected
Daniel von Bargen,Xander Berkeley,1,Undirected
Daniel von Bargen,Reeve Carney,1,Undirected
Daniel von Bargen,Geoffrey Arend,1,Undirected
Daniel von Bargen,Jay Chandrasekhar,1,Undirected
Lily Tomlin,Isabelle Huppert,1,Undirected
Lily Tomlin,Paolo Seganti,1,Undirected
Lily Tomlin,David Patrick Kelly,1,Undirected
Lily Tomlin,Mary Tyler Moore,1,Undirected
Jay Hernandez,Billy Burke,1,Undirected
Jay Hernandez,Jacinda Barrett,1,Undirected
Jay Hernandez,Dane Cook,1,Undirected
Jay Hernandez,Kuno Becker,1,Undirected
Jay Hernandez,Angus T. Jones,1,Undirected
Jay Hernandez,Edgar Arreola,1,Undirected
Jay Hernandez,Joseph Julian Soria,1,Undirected
Jay Hernandez,Justin Chambers,1,Undirected
Jay Hernandez,Robert Pine,1,Undirected
Jay Hernandez,Rolando Molina,1,Undirected
Jay Hernandez,Andrew Fiscella,1,Undirected
Jay Hernandez,Dania Ramirez,1,Undirected
Jay Hernandez,Lauren German,1,Undirected
Jay Hernandez,Stanislav Ianevski,1,Undirected
Jay Hernandez,Rick Hoffman,1,Undirected
Jay Hernandez,Takashi Miike,1,Undirected
Marian Seldes,Aaron Staton,1,Undirected
Marian Seldes,Lochlyn Munro,1,Undirected
Marian Seldes,Dan Hedaya,1,Undirected
Marian Seldes,Lynn Cohen,1,Undirected
Sydney Pollack,Vinessa Shaw,1,Undirected
Sydney Pollack,Bruce Altman,1,Undirected
Sydney Pollack,Matt Malloy,1,Undirected
Sydney Pollack,Denis O'Hare,1,Undirected
Sydney Pollack,Teri Garr,1,Undirected
Vinessa Shaw,Larry Bagby,1,Undirected
Vinessa Shaw,Omri Katz,1,Undirected
Vinessa Shaw,Emmanuelle Vaugier,1,Undirected
Vinessa Shaw,Paulo Costanzo,1,Undirected
Vinessa Shaw,Dan Byrd,1,Undirected
Vinessa Shaw,Greg Nicotero,1,Undirected
Vinessa Shaw,Isabella Rossellini,1,Undirected
Vinessa Shaw,Samantha Ivers,1,Undirected
Vinessa Shaw,Peter Berg,1,Undirected
David Zayas,Quvenzhané Wallis,1,Undirected
David Zayas,Brittany Daniel,1,Undirected
David Zayas,Donald Faison,1,Undirected
David Zayas,Gbenga Akinnagbe,1,Undirected
Quvenzhané Wallis,Scoot McNairy,1,Undirected
Quvenzhané Wallis,Taran Killam,1,Undirected
Quvenzhané Wallis,Dwight Henry,1,Undirected
Quvenzhané Wallis,Gina Montana,1,Undirected
Gerald McRaney,Alan Oppenheimer,1,Undirected
Gerald McRaney,Barret Oliver,1,Undirected
Gerald McRaney,Clarke Peters,1,Undirected
Gerald McRaney,Luke Bracey,1,Undirected
Abigail Spencer,Warren Christie,1,Undirected
Abigail Spencer,Jane Fonda,1,Undirected
Abigail Spencer,Tina Fey,1,Undirected
Abigail Spencer,Brad James,1,Undirected
Abigail Spencer,Cicely Tyson,1,Undirected
Warren Christie,Andrew Airlie,1,Undirected
Warren Christie,Ryan Robbins,1,Undirected
Natasha Lyonne,Alyson Hannigan,3,Undirected
Natasha Lyonne,Dania Ramirez,1,Undirected
Natasha Lyonne,Bradley Whitford,1,Undirected
Natasha Lyonne,Shannon Elizabeth,2,Undirected
Natasha Lyonne,Jeff DeRocker,1,Undirected
Natasha Lyonne,Lin Shaye,1,Undirected
Natasha Lyonne,Shannon Tweed,1,Undirected
Natasha Lyonne,Jessica Walter,1,Undirected
Natasha Lyonne,Kevin Corrigan,1,Undirected
Natasha Lyonne,Emmanuel Kabongo,1,Undirected
Natasha Lyonne,Mark Webber,1,Undirected
Natasha Lyonne,Clea DuVall,1,Undirected
Natasha Lyonne,Eddie Cibrian,1,Undirected
Jennifer Grey,Lea Thompson,1,Undirected
Lea Thompson,Jeffrey Weissman,2,Undirected
Lea Thompson,Thomas F. Wilson,3,Undirected
Lea Thompson,Jordan Prentice,1,Undirected
Lea Thompson,J.J. Cohen,1,Undirected
Lea Thompson,Quinton Aaron,2,Undirected
Lea Thompson,Christina Moore,1,Undirected
Lea Thompson,Cullen Douglas,1,Undirected
Adrian Lester,Maura Tierney,1,Undirected
Adrian Lester,Paul Guilfoyle,1,Undirected
Maura Tierney,Paul Guilfoyle,1,Undirected
Maura Tierney,John Ashton,1,Undirected
Maura Tierney,Crystal Lowe,1,Undirected
Maura Tierney,Randall 'Tex' Cobb,1,Undirected
Maura Tierney,Swoosie Kurtz,1,Undirected
Paul Guilfoyle,Rumer Willis,1,Undirected
Paul Guilfoyle,Bill Nunn,1,Undirected
Paul Guilfoyle,Matt McCoy,1,Undirected
Paul Guilfoyle,Frank Whaley,1,Undirected
Paul Guilfoyle,J.T. Walsh,1,Undirected
Paul Guilfoyle,Aidan Quinn,1,Undirected
Paul Guilfoyle,Brendan Sexton III,1,Undirected
Paul Guilfoyle,Larry Fessenden,1,Undirected
Craig Bierko,Melina Kanakaredes,1,Undirected
Craig Bierko,Yvonne Zima,1,Undirected
Craig Bierko,Brad William Henke,1,Undirected
Craig Bierko,Gretchen Mol,1,Undirected
Melina Kanakaredes,Yvonne Zima,1,Undirected
Michael Kitchen,Pamela Reed,1,Undirected
Pamela Reed,Curtis Armstrong,1,Undirected
Pamela Reed,Mike Muscat,1,Undirected
Jonah Bobo,Anjelica Huston,1,Undirected
Eugenie Bondurant,Meat Loaf,1,Undirected
Meat Loaf,Junix Inocian,1,Undirected
Meat Loaf,Paul Barber,1,Undirected
Meat Loaf,Michael Paré,1,Undirected
Meat Loaf,Elizabeth Perkins,1,Undirected
Kimberly Williams-Paisley,Cathryn de Prume,1,Undirected
Kimberly Williams-Paisley,Gia Mantegna,1,Undirected
Frances O'Connor,Brian Doyle-Murray,1,Undirected
Frances O'Connor,Javier Botet,1,Undirected
Frances O'Connor,Matt Day,1,Undirected
Michael Moore,Bernie Sanders,1,Undirected
Michael Moore,Ronald Reagan,1,Undirected
Michael Moore,Bill Clinton,2,Undirected
Michael Moore,Tucker Albrizzi,1,Undirected
Michael Moore,Dick Clark,1,Undirected
Michael Moore,Eddie Vedder,1,Undirected
Michael Moore,Steve Earle,1,Undirected
Michael Moore,Bob Eubanks,1,Undirected
Michael Moore,Pat Boone,1,Undirected
Caitlin Stasey,Kevin Grevioux,1,Undirected
Kevin Grevioux,Craig Parker,1,Undirected
Kevin Grevioux,Steven Mackintosh,1,Undirected
Kevin Grevioux,Shane Brolly,1,Undirected
Kevin Grevioux,Jenna Boyd,1,Undirected
Kevin Grevioux,Mary McCormack,1,Undirected
Barney Clark,Ian McNeice,1,Undirected
Barney Clark,Tony Noble,1,Undirected
Ian McNeice,Tony Noble,1,Undirected
Ian McNeice,Lee Evans,1,Undirected
Bill Cobbs,Eric Jacobson,1,Undirected
Bill Cobbs,Steve Whitmire,1,Undirected
Bill Cobbs,John Mahoney,1,Undirected
Bill Cobbs,Billy Campbell,1,Undirected
Bill Cobbs,Jeff Kober,1,Undirected
Bill Cobbs,Beverly D'Angelo,1,Undirected
Bill Cobbs,Gena Rowlands,1,Undirected
Bill Cobbs,Harry Connick Jr.,1,Undirected
Bill Cobbs,DeVaughn Nixon,1,Undirected
Bill Cobbs,Muse Watson,1,Undirected
Bill Cobbs,Treat Williams,1,Undirected
Bill Cobbs,Drew Fuller,1,Undirected
Bill Cobbs,Mircea Monroe,1,Undirected
Bill Cobbs,Kevin Zegers,1,Undirected
Martin Henderson,Tom Goodman-Hill,1,Undirected
Martin Henderson,Brighton Sharbino,1,Undirected
Martin Henderson,Anupam Kher,1,Undirected
David Calder,Michael Smiley,1,Undirected
David Calder,Simon Chandler,1,Undirected
Michael Smiley,Simon Chandler,1,Undirected
Michael Smiley,Jasper Levine,1,Undirected
Michael Smiley,Thomas Law,1,Undirected
Michael Smiley,David Schaal,1,Undirected
Michael Smiley,Tony Way,1,Undirected
Josh Zuckerman,Robert Wagner,1,Undirected
Robert Wagner,Muse Watson,1,Undirected
Robert Wagner,Lolita Davidovich,1,Undirected
Robert Wagner,Willie Garson,1,Undirected
Robert Wagner,Jeff Perry,1,Undirected
Robert Wagner,Janet Leigh,1,Undirected
Robert Wagner,Shelley Winters,1,Undirected
Dee Bradley Baker,Isaac Hempstead Wright,1,Undirected
Dee Bradley Baker,Tracy Morgan,1,Undirected
Dee Bradley Baker,James Arnold Taylor,1,Undirected
Dee Bradley Baker,Tom Kane,1,Undirected
Isabella Rossellini,Hope Davis,1,Undirected
Isabella Rossellini,Gretchen Mol,1,Undirected
Isabella Rossellini,Vincent Gallo,1,Undirected
Isabella Rossellini,Samantha Ivers,1,Undirected
Isabella Rossellini,Lynn Redgrave,1,Undirected
Peng Lin,Si Won Choi,1,Undirected
Peng Lin,Sung-jun Yoo,1,Undirected
Si Won Choi,Sung-jun Yoo,1,Undirected
Brittany Daniel,John Witherspoon,1,Undirected
Brittany Daniel,Busy Philipps,1,Undirected
Brittany Daniel,Erik Per Sullivan,1,Undirected
Brittany Daniel,Fred Ward,1,Undirected
Brittany Daniel,Donald Faison,1,Undirected
Brittany Daniel,Jay Chandrasekhar,1,Undirected
Brittany Daniel,Lindsay Price,1,Undirected
John Witherspoon,Geoffrey Holder,1,Undirected
John Witherspoon,Allen Payne,1,Undirected
John Witherspoon,W. Earl Brown,1,Undirected
John Witherspoon,Mike Epps,2,Undirected
John Witherspoon,Rolando Molina,1,Undirected
John Witherspoon,Nia Long,1,Undirected
John Witherspoon,Tony Cox,1,Undirected
David Keith,Vincent Kartheiser,1,Undirected
David Keith,Joaquim de Almeida,1,Undirected
David Keith,Sam Jaeger,1,Undirected
David Keith,George C. Scott,1,Undirected
David Keith,Alan Bates,1,Undirected
David Keith,Frederic Forrest,1,Undirected
David Keith,Jesse Hutch,1,Undirected
David Keith,Mariel Hemingway,1,Undirected
Romany Malco,Ritchie Coster,1,Undirected
Romany Malco,Tina Fey,1,Undirected
Romany Malco,Gerry Bednob,1,Undirected
Romany Malco,David Walton,1,Undirected
Romany Malco,Regina Hall,2,Undirected
Romany Malco,Chris Brown,1,Undirected
Romany Malco,J.B. Smoove,1,Undirected
Romany Malco,Skyler Samuels,1,Undirected
Chelsea Handler,Elizabeth Perkins,1,Undirected
Elizabeth Perkins,Carol Ann Susi,1,Undirected
Elizabeth Perkins,Miriam Margolyes,1,Undirected
Elizabeth Perkins,Harvey Korman,1,Undirected
Elizabeth Perkins,Stockard Channing,1,Undirected
Elizabeth Perkins,Victor Webster,1,Undirected
Vincent Regan,Jacky Ido,1,Undirected
Vincent Regan,Jenny Agutter,1,Undirected
Eric Dane,Haley Bennett,1,Undirected
Eric Dane,Kathleen Turner,1,Undirected
Eric Dane,David Walton,1,Undirected
Eric Dane,Peter Gallagher,1,Undirected
Eric Dane,Krista Allen,1,Undirected
Haley Bennett,Kathleen Turner,1,Undirected
Haley Bennett,Bruce Dern,1,Undirected
Haley Bennett,Alona Tal,1,Undirected
Haley Bennett,Drake Bell,1,Undirected
Haley Bennett,Jessica Lowndes,1,Undirected
Haley Bennett,Randy Wayne,1,Undirected
Kathleen Turner,Rob Riggle,1,Undirected
Kathleen Turner,Francis Capra,1,Undirected
Kathleen Turner,Mara Wilson,1,Undirected
Kathleen Turner,Dom DeLuise,1,Undirected
Kathleen Turner,Sam Waterston,1,Undirected
Kathleen Turner,Traci Lords,1,Undirected
Kathleen Turner,Katrina Bowden,1,Undirected
Drew Sidora,Jill Hennessy,1,Undirected
Drew Sidora,Tichina Arnold,1,Undirected
Drew Sidora,Aimee Garcia,1,Undirected
Drew Sidora,Wesley Jonathan,1,Undirected
Jill Hennessy,Tichina Arnold,1,Undirected
Jill Hennessy,Elaine Hendrix,1,Undirected
Jill Hennessy,Sarah Wynter,1,Undirected
Tichina Arnold,Nia Long,1,Undirected
Emily Ratajkowski,Patrick Fugit,1,Undirected
Emily Ratajkowski,Jonny Weston,1,Undirected
Emily Ratajkowski,Vanessa Lengies,1,Undirected
Patrick Fugit,Marc Donato,1,Undirected
Patrick Fugit,Eva Amurri Martino,1,Undirected
Patrick Fugit,Macaulay Culkin,1,Undirected
Patrick Fugit,Debbie Harry,1,Undirected
Patrick Fugit,Nicholas Gonzalez,1,Undirected
Patrick Fugit,Chase Ellison,1,Undirected
Josh Hamilton,Nicky Naudé,1,Undirected
Josh Hamilton,Dan Futterman,1,Undirected
Josh Hamilton,Matt Keeslar,1,Undirected
Clarence Williams III,Timothy Hutton,1,Undirected
Clarence Williams III,Khandi Alexander,1,Undirected
Clarence Williams III,Steve Harris,1,Undirected
Clarence Williams III,Harland Williams,1,Undirected
Clarence Williams III,Corbin Bernsen,1,Undirected
Clarence Williams III,David Alan Grier,1,Undirected
Timothy Hutton,Alicia Witt,1,Undirected
Timothy Hutton,Charles S. Dutton,1,Undirected
Timothy Hutton,Edie Falco,1,Undirected
Timothy Hutton,Balthazar Getty,1,Undirected
Timothy Hutton,Lydia Hearst,1,Undirected
Timothy Hutton,Kathryn Morris,1,Undirected
Aria Noelle Curzon,Eden Riegel,1,Undirected
Anjelica Huston,Rick Hoffman,1,Undirected
Anjelica Huston,Matthew Gray Gubler,1,Undirected
Anjelica Huston,Carel Struycken,1,Undirected
Anjelica Huston,Raul Julia,1,Undirected
Anjelica Huston,Seymour Cassel,1,Undirected
Anjelica Huston,Jeanne Moreau,1,Undirected
Anjelica Huston,John Colicos,1,Undirected
Anjelica Huston,Michael Lerner,1,Undirected
Anjelica Huston,Vincent Gallo,2,Undirected
Anjelica Huston,John Carradine,1,Undirected
Anjelica Huston,Robert Urich,1,Undirected
Anjelica Huston,Jan-Michael Vincent,1,Undirected
Fred Ward,Patrick Fischler,1,Undirected
Fred Ward,George Kennedy,1,Undirected
Fred Ward,Priscilla Presley,1,Undirected
Fred Ward,Bianca Kajlich,1,Undirected
Fred Ward,Dilshad Vadsaria,1,Undirected
Fred Ward,Andrew Fiscella,1,Undirected
Fred Ward,Lorna Raver,1,Undirected
Fred Ward,Erik Per Sullivan,1,Undirected
Patrick Fischler,Debbie Reynolds,1,Undirected
Patrick Fischler,Fisher Stevens,1,Undirected
Patrick Fischler,Leah Remini,1,Undirected
Patrick Fischler,Anthony 'Citric' Campos,1,Undirected
Carol Ann Susi,Miriam Margolyes,1,Undirected
Miriam Margolyes,Julene Renee,1,Undirected
Miriam Margolyes,Tom Virtue,1,Undirected
Miriam Margolyes,Christine Cavanaugh,1,Undirected
Miriam Margolyes,Roscoe Lee Browne,1,Undirected
Miriam Margolyes,Juliet Stevenson,1,Undirected
Miriam Margolyes,Shaun Evans,1,Undirected
Miriam Margolyes,Amy Irving,1,Undirected
Miriam Margolyes,Steven Hill,1,Undirected
Miriam Margolyes,Rupert Graves,1,Undirected
Alicia Witt,Jean Louisa Kelly,1,Undirected
Alicia Witt,Olympia Dukakis,1,Undirected
Alicia Witt,Deborah Kara Unger,1,Undirected
Alicia Witt,Larry the Cable Guy,1,Undirected
Alicia Witt,Tika Sumpter,1,Undirected
Alicia Witt,Julian Richings,1,Undirected
Alicia Witt,Erika Christensen,1,Undirected
Anne Bancroft,Woody Allen,1,Undirected
Anne Bancroft,Kelly Ripa,1,Undirected
Anne Bancroft,Milos Forman,1,Undirected
Anne Bancroft,Kyra Sedgwick,1,Undirected
Woody Allen,Elizabeth Berkley,1,Undirected
Woody Allen,Judy Davis,1,Undirected
Woody Allen,Lynn Cohen,1,Undirected
Woody Allen,Fisher Stevens,1,Undirected
Woody Allen,Stockard Channing,1,Undirected
Woody Allen,Treat Williams,1,Undirected
Woody Allen,Larry David,1,Undirected
Woody Allen,Carol Kane,1,Undirected
Woody Allen,Shelley Duvall,1,Undirected
Woody Allen,John Beck,1,Undirected
Woody Allen,Mews Small,1,Undirected
Woody Allen,John Carradine,1,Undirected
Woody Allen,Lynn Redgrave,1,Undirected
Woody Allen,Charlotte Rae,1,Undirected
Woody Allen,Louise Lasser,1,Undirected
Tasha Smith,Dash Mihok,1,Undirected
Tasha Smith,Garrett Morris,1,Undirected
Tasha Smith,Cicely Tyson,1,Undirected
Tasha Smith,Michael Jai White,2,Undirected
Tasha Smith,Lamman Rucker,1,Undirected
Alyson Stoner,Tom Welling,2,Undirected
Alyson Stoner,Bonnie Hunt,1,Undirected
Alyson Stoner,Facundo Lombard,1,Undirected
Alyson Stoner,Stephen Boss,1,Undirected
Alyson Stoner,Josh Henderson,1,Undirected
Tom Welling,Bonnie Hunt,1,Undirected
Ki Hong Lee,Rosa Salazar,1,Undirected
Ki Hong Lee,Aml Ameen,1,Undirected
Ki Hong Lee,Jacob Latimore,1,Undirected
Billy Burke,Jacinda Barrett,1,Undirected
Billy Burke,Jesse Tyler Ferguson,1,Undirected
Billy Burke,Joseph Cross,1,Undirected
Billy Burke,Bill Duke,1,Undirected
Billy Burke,Michael Jai White,1,Undirected
Billy Burke,Amiah Miller,1,Undirected
Billy Burke,Gabriel Bateman,1,Undirected
Billy Burke,David Lyons,1,Undirected
Billy Burke,Tracy Spiridakos,1,Undirected
Jacinda Barrett,Joey Lawrence,1,Undirected
Saffron Burrows,Daniel Mays,1,Undirected
Saffron Burrows,Julian Sands,1,Undirected
Saffron Burrows,Matt Lucas,1,Undirected
Saffron Burrows,Noel Gugliemi,1,Undirected
Judith Hill,Mekia Cox,1,Undirected
Judith Hill,Misha Gabriel Hamilton,1,Undirected
Mekia Cox,Misha Gabriel Hamilton,1,Undirected
Misha Gabriel Hamilton,Ryan Guzman,1,Undirected
Misha Gabriel Hamilton,Stephen Boss,1,Undirected
Griffin Kane,Monique Gabriela Curnen,1,Undirected
Monique Gabriela Curnen,Jake Sandvig,1,Undirected
Monique Gabriela Curnen,Joe McQueen,1,Undirected
Bill Hunter,Dyan Cannon,1,Undirected
Dyan Cannon,George Hamilton,1,Undirected
Dyan Cannon,Kristy Swanson,1,Undirected
Dyan Cannon,Brenda Vaccaro,1,Undirected
Dyan Cannon,Michael Nouri,1,Undirected
Dawn French,John Hodgman,1,Undirected
Kristen Connolly,Bradley Whitford,1,Undirected
Harvey Korman,Jake Lloyd,1,Undirected
Harvey Korman,Dick Van Patten,1,Undirected
Harvey Korman,Madeline Kahn,2,Undirected
Harvey Korman,David Huddleston,1,Undirected
Jake Lloyd,Bruce Dern,1,Undirected
Jake Lloyd,William Shockley,1,Undirected
Elaine Stritch,Jane Fonda,1,Undirected
Elaine Stritch,Sam Trammell,1,Undirected
Sophie Okonedo,Paterson Joseph,1,Undirected
Sophie Okonedo,Alex Pettyfer,1,Undirected
Sophie Okonedo,Ashley Walters,1,Undirected
Sophie Okonedo,Hakeem Kae-Kazim,1,Undirected
Sophie Okonedo,Sergi López,1,Undirected
Stockard Channing,Dianne Wiest,1,Undirected
Stockard Channing,James Gammon,1,Undirected
Stockard Channing,John Larroquette,1,Undirected
Stockard Channing,Victor Webster,1,Undirected
Stockard Channing,Elizabeth Berkley,1,Undirected
Stockard Channing,Fisher Stevens,1,Undirected
Stockard Channing,Olivia Newton-John,1,Undirected
Stockard Channing,Sid Caesar,1,Undirected
Stockard Channing,Frederick Weller,1,Undirected
Stockard Channing,Tony Devon,1,Undirected
Adhir Kalyan,Bianca Kajlich,1,Undirected
Adhir Kalyan,Oliver Hudson,1,Undirected
Bianca Kajlich,Oliver Hudson,1,Undirected
Bianca Kajlich,Dilshad Vadsaria,1,Undirected
Bianca Kajlich,Thomas Ian Nicholas,1,Undirected
Oliver Hudson,Carlease Burke,1,Undirected
Oliver Hudson,Valerie Perri,1,Undirected
Oliver Hudson,Andrea Martin,1,Undirected
Oliver Hudson,Crystal Lowe,1,Undirected
Brenda Bakke,Patrick Kilpatrick,1,Undirected
Brenda Bakke,Peter Greene,1,Undirected
Patrick Kilpatrick,Peter Greene,1,Undirected
Patrick Kilpatrick,Mira Sorvino,1,Undirected
Patrick Kilpatrick,Mark Torgl,1,Undirected
Patrick Kilpatrick,Pat Ryan,1,Undirected
Peter Greene,Tamala Jones,1,Undirected
Peter Greene,Amy Yasbeck,1,Undirected
Peter Greene,James Noble,1,Undirected
Peter Greene,Stanley B. Herman,1,Undirected
Colm Feore,Gemma Chan,1,Undirected
Colm Feore,Chita Rivera,1,Undirected
Colm Feore,Jayne Eastwood,1,Undirected
Colm Feore,Mara Wilson,1,Undirected
Colm Feore,JR Bourne,1,Undirected
Colm Feore,Aunjanue Ellis,1,Undirected
Colm Feore,Tamara Tunie,1,Undirected
Colm Feore,Richard Howland,1,Undirected
Colm Feore,Sarain Boylan,1,Undirected
Gary Dourdan,Tim Guinee,1,Undirected
Gary Dourdan,Laz Alonso,1,Undirected
Louis Ferreira,Ned Beatty,1,Undirected
Louis Ferreira,Tate Donovan,1,Undirected
Ned Beatty,Tate Donovan,1,Undirected
Ned Beatty,Margot Kidder,2,Undirected
Ned Beatty,Jackie Cooper,1,Undirected
Ned Beatty,Linda Blair,1,Undirected
Ned Beatty,Richard Burton,1,Undirected
Ned Beatty,Jay R. Ferguson,1,Undirected
Ned Beatty,Barry Corbin,1,Undirected
Tate Donovan,Clea DuVall,1,Undirected
Tate Donovan,Scoot McNairy,1,Undirected
Tate Donovan,Kay Panabaker,1,Undirected
Tate Donovan,Laura Harring,1,Undirected
Tate Donovan,Melinda Clarke,1,Undirected
Tate Donovan,Peter Gallagher,1,Undirected
Isaac Hempstead Wright,Tracy Morgan,1,Undirected
Isaac Hempstead Wright,Joseph Mawle,1,Undirected
Tracy Morgan,Dylan Baker,1,Undirected
Tracy Morgan,Drake Bell,1,Undirected
Tracy Morgan,Marion Ross,1,Undirected
Tracy Morgan,Jay Mohr,1,Undirected
Tracy Morgan,Nia Long,1,Undirected
Dianne Wiest,Phoebe Cates,1,Undirected
Dianne Wiest,Swoosie Kurtz,1,Undirected
Dianne Wiest,Chris Penn,2,Undirected
Dianne Wiest,Lori Singer,2,Undirected
Dianne Wiest,Conchata Ferrell,1,Undirected
Dianne Wiest,Mark Duplass,1,Undirected
Dianne Wiest,Jon Tenney,1,Undirected
Dianne Wiest,Tammy Blanchard,1,Undirected
Alison Brie,Aimee Teegarden,1,Undirected
Alison Brie,Shenae Grimes-Beech,1,Undirected
Alison Brie,Nicholas Braun,1,Undirected
Alison Brie,Jacki Weaver,1,Undirected
Eileen Brennan,Treat Williams,1,Undirected
Eileen Brennan,Alan Oppenheimer,1,Undirected
Eileen Brennan,Jonathan Breck,1,Undirected
Eileen Brennan,Patricia Belcher,1,Undirected
Eileen Brennan,Ray Walston,1,Undirected
Eileen Brennan,Robert Shaw,1,Undirected
Treat Williams,Kristy Swanson,1,Undirected
Treat Williams,Alexa PenaVega,1,Undirected
Treat Williams,Jonathan Jackson,1,Undirected
Treat Williams,John Belushi,1,Undirected
Treat Williams,Kate Burton,1,Undirected
Treat Williams,Paul Gleason,1,Undirected
Treat Williams,Andrew Daly,1,Undirected
Treat Williams,Michelle Krusiec,1,Undirected
Ryan Gosling,Wade Williams,1,Undirected
Ryan Gosling,Agnes Bruckner,2,Undirected
Ryan Gosling,Chris Penn,2,Undirected
Ryan Gosling,Gena Rowlands,1,Undirected
Ryan Gosling,Kevin Connolly,1,Undirected
Ryan Gosling,Charlie Talbert,1,Undirected
Ryan Gosling,Russ Tamblyn,1,Undirected
Ryan Gosling,Angelo Anthony Pizza,1,Undirected
Ryan Gosling,Paul Schneider,1,Undirected
Ryan Gosling,Yayaying Rhatha Phongam,1,Undirected
Ryan Gosling,Summer Phoenix,1,Undirected
Ryan Gosling,Theresa Russell,1,Undirected
Ryan Gosling,John Doman,1,Undirected
Ryan Gosling,Jeff Lima,1,Undirected
Ryan Gosling,Tristan Mack Wilds,1,Undirected
Ryan Gosling,Clea DuVall,1,Undirected
Ryan Gosling,Eddie Spears,1,Undirected
Xander Berkeley,Jason Connery,1,Undirected
Xander Berkeley,Kate Luyben,1,Undirected
Xander Berkeley,Michael Jai White,1,Undirected
Xander Berkeley,Blair Underwood,1,Undirected
Xander Berkeley,Mason Gamble,1,Undirected
Xander Berkeley,Holly Valance,1,Undirected
Xander Berkeley,Melinda Clarke,1,Undirected
Xander Berkeley,Diana Scarwid,1,Undirected
Xander Berkeley,Faye Dunaway,1,Undirected
Michael Weston,Alice Greczyn,1,Undirected
Michael Weston,Jessica Simpson,1,Undirected
Michael Weston,Jill Flint,1,Undirected
Denis O'Hare,Bojana Novakovic,1,Undirected
Denis O'Hare,Xzibit,1,Undirected
Denis O'Hare,Lucas Grabeel,1,Undirected
Denis O'Hare,Fisher Stevens,1,Undirected
Michael Lerner,Ray Walston,1,Undirected
Michael Lerner,Steven Anthony Lawrence,1,Undirected
Michael Lerner,John Colicos,1,Undirected
Michael Lerner,Josh Pais,1,Undirected
Ray Walston,Steven Anthony Lawrence,1,Undirected
Ray Walston,Lee Marvin,1,Undirected
Ray Walston,Robert Shaw,1,Undirected
Ray Walston,David White,1,Undirected
Ray Walston,Fred MacMurray,1,Undirected
Blair Brown,David Rasche,1,Undirected
Blair Brown,Martin Donovan,1,Undirected
David Rasche,Martin Donovan,1,Undirected
David Rasche,Bart Shatto,1,Undirected
David Rasche,Sharon Leal,1,Undirected
Martin Donovan,Maurice Compte,2,Undirected
Martin Donovan,Deborah Kara Unger,1,Undirected
Julia Duffy,Paul Adelstein,1,Undirected
Paul Adelstein,Amy Ryan,1,Undirected
Ed Lauter,Beth Grant,1,Undirected
Ed Lauter,Bérénice Bejo,1,Undirected
Ed Lauter,Bruce Dern,1,Undirected
Bojana Novakovic,Reggie Lee,1,Undirected
Bojana Novakovic,Geoffrey Arend,1,Undirected
Chi Muoi Lo,John Kapelos,1,Undirected
Chi Muoi Lo,Penelope Ann Miller,1,Undirected
John Kapelos,Penelope Ann Miller,1,Undirected
Penelope Ann Miller,Cathy Moriarty,1,Undirected
Cathy Moriarty,Joe Viterelli,1,Undirected
Cathy Moriarty,Fred Rogers,1,Undirected
Cathy Moriarty,Frank Vincent,1,Undirected
Cathy Moriarty,David Arquette,1,Undirected
Cathy Moriarty,Kathryn Erbe,1,Undirected
Ben Falcone,Mark Duplass,1,Undirected
Ben Falcone,Christopher Nicholas Smith,1,Undirected
Ben Falcone,Michaela Watkins,1,Undirected
Sunny Mabrey,Xzibit,1,Undirected
Alan Dale,Jacob Hopkins,1,Undirected
Alan Dale,Josh Wingate,1,Undirected
Alan Dale,Jack Thompson,1,Undirected
Jacob Hopkins,Josh Wingate,1,Undirected
Adriano Giannini,Timothy West,1,Undirected
Susanna Thompson,Beau Bridges,1,Undirected
Susanna Thompson,Ryan McDonald,1,Undirected
Mia Kirshner,William Atherton,1,Undirected
Mia Kirshner,JoAnna Garcia Swisher,1,Undirected
Mia Kirshner,Macaulay Culkin,1,Undirected
Mia Kirshner,Marilyn Manson,1,Undirected
Mia Kirshner,Sarah Polley,1,Undirected
Philip Winchester,Brady Corbet,1,Undirected
Philip Winchester,Jeff Marlow,1,Undirected
Philip Winchester,Nick Wechsler,1,Undirected
Michael Irby,Erika Christensen,1,Undirected
Michael Irby,Haley Ramm,1,Undirected
Robert Forster,Vanessa Marshall,1,Undirected
Robert Forster,Wilson Cruz,1,Undirected
Robert Forster,Rob Moran,1,Undirected
Robert Forster,Tony Cox,1,Undirected
Robert Forster,Aimee Garcia,1,Undirected
Robert Forster,Chris Mulkey,1,Undirected
Robert Forster,Anne Meara,1,Undirected
Robert Forster,Brenda Song,1,Undirected
Robert Forster,Maximilian Schell,1,Undirected
Robert Forster,Yvette Mimieux,1,Undirected
Robert Forster,Laura Harring,1,Undirected
Robert Forster,Birgitte Hjort Sørensen,1,Undirected
Robert Forster,Sid Haig,1,Undirected
Vanessa Marshall,Wilson Cruz,1,Undirected
Kevin Corrigan,Matt Bomer,1,Undirected
Kevin Corrigan,Jessica Walter,1,Undirected
Kevin Corrigan,Seymour Cassel,1,Undirected
Kevin Corrigan,Ahmed Best,1,Undirected
Kevin Corrigan,Barry Bostwick,1,Undirected
Kevin Corrigan,Alex Karpovsky,1,Undirected
Kevin Corrigan,Lena Dunham,1,Undirected
Matt Bomer,Lew Temple,1,Undirected
Matt Bomer,Kevin Nash,1,Undirected
Kevin Zegers,Thomas F. Wilson,1,Undirected
Kevin Zegers,Julian Richings,1,Undirected
Kevin Zegers,Lindy Booth,1,Undirected
Kevin Zegers,Michael McElhatton,1,Undirected
Kevin Zegers,Bella Heathcote,1,Undirected
Kevin Zegers,Paul Borghese,1,Undirected
Mike O'Malley,Shawn Christian,1,Undirected
Ariel Gade,Camryn Manheim,1,Undirected
Ariel Gade,Sam Lerner,1,Undirected
Camryn Manheim,Lynda Boyd,1,Undirected
Camryn Manheim,Kate del Castillo,1,Undirected
Camryn Manheim,Maria Conchita Alonso,1,Undirected
Jamie Foreman,Sally Hawkins,1,Undirected
Louis Lombardi,Gilbert R. Hill,1,Undirected
Louis Lombardi,Jon Tenney,1,Undirected
Louis Lombardi,Colleen Haskell,1,Undirected
Louis Lombardi,Michael Papajohn,1,Undirected
Louis Lombardi,Brian Van Holt,1,Undirected
Louis Lombardi,Leland Orser,1,Undirected
Louis Lombardi,Franky G,1,Undirected
Olivia Munn,Ulrich Thomsen,1,Undirected
Olivia Munn,Nadine Velazquez,1,Undirected
Olivia Munn,Busy Philipps,1,Undirected
Olivia Munn,Jessica Szohr,1,Undirected
Ulrich Thomsen,Henry Ian Cusick,1,Undirected
Ulrich Thomsen,Paprika Steen,1,Undirected
Ulrich Thomsen,Trine Dyrholm,1,Undirected
Mike Dopud,Tania Saulnier,1,Undirected
Mike Dopud,Deborah Kara Unger,1,Undirected
Mike Dopud,Keegan Connor Tracy,1,Undirected
Mike Dopud,Celina Jade,1,Undirected
Mike Dopud,Michael Jai White,1,Undirected
Tania Saulnier,Dustin Milligan,1,Undirected
Aaron Kwok,Eddie Peng,1,Undirected
Clayne Crawford,Paolo Montalban,1,Undirected
Ed Skrein,Stefan Kapicic,1,Undirected
Ed Skrein,Radivoje Bukvic,1,Undirected
Eric McCormack,Morgan Fairchild,1,Undirected
Eric McCormack,Scott Wolf,1,Undirected
Keir O'Donnell,Leonard Roberts,1,Undirected
Leonard Roberts,Jason Weaver,1,Undirected
Leonard Roberts,Nick Cannon,1,Undirected
Leonard Roberts,Nia Long,1,Undirected
Dylan Minnette,Ken Marino,2,Undirected
Dylan Minnette,Odeya Rush,2,Undirected
Ken Marino,Odeya Rush,2,Undirected
Ken Marino,Ron Silver,1,Undirected
Caroline Rhea,Nate Richert,1,Undirected
Caroline Rhea,Soleil Moon Frye,1,Undirected
Nate Richert,Soleil Moon Frye,1,Undirected
Willie Garson,Julie Gonzalo,1,Undirected
Willie Garson,Lolita Davidovich,1,Undirected
Willie Garson,Orson Bean,1,Undirected
Taylor Negron,Ivan Sergei,1,Undirected
Taylor Negron,Justin Kirk,1,Undirected
Taylor Negron,Raquel Welch,1,Undirected
Taylor Negron,Talia Shire,1,Undirected
Kurtwood Smith,Richard Crenna,1,Undirected
Kurtwood Smith,Nichelle Nichols,1,Undirected
Kurtwood Smith,Holland Taylor,1,Undirected
Kurtwood Smith,Christopher Lambert,1,Undirected
Kurtwood Smith,Alia Shawkat,1,Undirected
Kurtwood Smith,Amy Locane,1,Undirected
Kurtwood Smith,Laurel Holloman,1,Undirected
Malcolm Goodwin,Matt Bushell,1,Undirected
Malcolm Goodwin,Robert Baker,1,Undirected
Matt Bushell,Robert Baker,1,Undirected
Kevin Brown,Kim Shaw,1,Undirected
Kim Shaw,Geoff Stults,1,Undirected
Kim Shaw,David Dastmalchian,1,Undirected
Jessica Szohr,Rob Riggle,1,Undirected
Jessica Szohr,Busy Philipps,1,Undirected
Jessica Szohr,Kelly Brook,1,Undirected
Jessica Szohr,Angela Jones,1,Undirected
Jessica Szohr,Jonathan Mangum,1,Undirected
Rob Riggle,Dax Flame,1,Undirected
Rob Riggle,Mike Epps,1,Undirected
Rob Riggle,Jim Gaffigan,1,Undirected
Rob Riggle,Randall Park,1,Undirected
Rob Riggle,Tyler James Williams,1,Undirected
Rob Riggle,Noureen DeWulf,1,Undirected
Shawn Roberts,Pedro Miguel Arce,1,Undirected
Shawn Roberts,Tony Nappo,1,Undirected
Shawn Roberts,Marie Avgeropoulos,1,Undirected
Shawn Roberts,Julian Richings,1,Undirected
Shawn Roberts,Kathleen Munroe,1,Undirected
Shawn Roberts,Joe Dinicol,1,Undirected
Shawn Roberts,Megan Park,1,Undirected
Nate Parker,Tristan Mack Wilds,1,Undirected
Nate Parker,Scoot McNairy,1,Undirected
Nate Parker,Alicia Keys,1,Undirected
Nate Parker,Lee Norris,1,Undirected
Nate Parker,Ricky Schroder,1,Undirected
Nate Parker,Darryl Stephens,1,Undirected
Nate Parker,Aunjanue Ellis,1,Undirected
Nate Parker,Jason Stuart,1,Undirected
Tristan Mack Wilds,Jeff Lima,1,Undirected
Cynthia Nixon,Lara Flynn Boyle,1,Undirected
Leighton Meester,Brett Cullen,1,Undirected
Leighton Meester,Luke Bracey,1,Undirected
Leighton Meester,Danneel Ackles,1,Undirected
Leighton Meester,Cinda McCain,1,Undirected
Brian Thompson,Terry O'Neill,1,Undirected
Brian Thompson,Robin Shou,1,Undirected
Brian Thompson,Paul Winfield,1,Undirected
Chris Penn,Agnes Bruckner,2,Undirected
Chris Penn,Martin Starr,2,Undirected
Chris Penn,Lori Singer,2,Undirected
Chris Penn,Sydney Penny,1,Undirected
Chris Penn,Quentin Tarantino,1,Undirected
Christopher Lambert,Spencer Wilding,1,Undirected
Christopher Lambert,Mario Van Peebles,1,Undirected
Christopher Lambert,Bridgette Wilson-Sampras,1,Undirected
Christopher Lambert,Celia Imrie,1,Undirected
Christopher Lambert,Jon Polito,1,Undirected
Christopher Lambert,Adam Copeland,1,Undirected
Christopher Lambert,Adrian Paul,1,Undirected
Christopher Lambert,Alexandra Callas,1,Undirected
Christopher Lambert,Kelly LeBrock,1,Undirected
Christopher Lambert,Isabelle Adjani,1,Undirected
Christopher Lambert,Jean-Hugues Anglade,1,Undirected
Spencer Wilding,Daniel Mays,3,Undirected
Spencer Wilding,Tuppence Middleton,2,Undirected
Spencer Wilding,Kacey Clarke,1,Undirected
Spencer Wilding,Mark Wingett,1,Undirected
Irene Papas,Mihalis Giannatos,1,Undirected
Barry Corbin,Brian Austin Green,1,Undirected
Barry Corbin,Noureen DeWulf,1,Undirected
Barry Corbin,Dolly Parton,1,Undirected
Barry Corbin,Dom DeLuise,1,Undirected
Barry Corbin,Ally Sheedy,1,Undirected
Barry Corbin,Nia Long,1,Undirected
Barry Corbin,Johnny Walter,1,Undirected
Barry Corbin,Shiree Nelson,1,Undirected
Brian Austin Green,Noureen DeWulf,1,Undirected
Brian Austin Green,Kayla Ewell,1,Undirected
Brian Austin Green,Linden Ashby,1,Undirected
Noureen DeWulf,Danneel Ackles,1,Undirected
Noureen DeWulf,Tom Bosley,1,Undirected
Noureen DeWulf,Phil LaMarr,1,Undirected
Noureen DeWulf,Bryan Callen,1,Undirected
Noureen DeWulf,Matt Crabtree,1,Undirected
Ashley Scott,Michael Bowen,1,Undirected
Ashley Scott,Nick Gomez,1,Undirected
Ashley Scott,Taylor Cole,1,Undirected
Ashley Scott,Kevin Alejandro,1,Undirected
Ashley Scott,Jensen Ackles,1,Undirected
Ashley Scott,John Savage,1,Undirected
Ashley Scott,Lochlyn Munro,1,Undirected
Michael Bowen,Michael Parks,1,Undirected
Sam Anderson,Siobhan Fallon Hogan,1,Undirected
Siobhan Fallon Hogan,Michael Cudlitz,1,Undirected
Siobhan Fallon Hogan,Brady Corbet,1,Undirected
Siobhan Fallon Hogan,Ashley Gerasimovich,1,Undirected
Siobhan Fallon Hogan,Ezra Miller,1,Undirected
Beth Riesgraf,Matthew Gray Gubler,1,Undirected
Irene Bedard,Michael Greyeyes,1,Undirected
Irene Bedard,Akima,1,Undirected
Irene Bedard,Max Gail,1,Undirected
Margot Kidder,Jackie Cooper,2,Undirected
Margot Kidder,Robert Vaughn,1,Undirected
Margot Kidder,William Hootkins,1,Undirected
Margot Kidder,Scout Taylor-Compton,2,Undirected
Holland Taylor,Callie Thorne,1,Undirected
Alyson Hannigan,Thomas Ian Nicholas,1,Undirected
Alyson Hannigan,Dania Ramirez,1,Undirected
Alyson Hannigan,Shannon Elizabeth,2,Undirected
Alyson Hannigan,Amanda Detmer,1,Undirected
Alyson Hannigan,Tsianina Joelson,1,Undirected
Alyson Hannigan,Tony Jay,1,Undirected
Alyson Hannigan,Poppy Montgomery,1,Undirected
Alyson Hannigan,Emma Caulfield,1,Undirected
Alyson Hannigan,John Stamos,1,Undirected
Thomas Ian Nicholas,Ann Morgan Guilbert,1,Undirected
Chris Mulkey,Michael Chernus,1,Undirected
Chris Mulkey,Aimee Garcia,1,Undirected
Chris Mulkey,Melissa Benoist,1,Undirected
Chris Mulkey,Adelaide Kane,1,Undirected
Chris Mulkey,Rhys Wakefield,1,Undirected
Michael Chernus,Bill Irwin,1,Undirected
James Wilcox,Nat Faxon,1,Undirected
James Wilcox,Randall Park,1,Undirected
Natasha Richardson,Lynn Redgrave,1,Undirected
Ricky Schroder,Kelli Williams,1,Undirected
Ricky Schroder,Seymour Cassel,1,Undirected
Ricky Schroder,Lee Norris,1,Undirected
Ricky Schroder,Ernie Reyes Jr.,1,Undirected
Ricky Schroder,Jon Polito,1,Undirected
Ricky Schroder,Tatyana Ali,1,Undirected
James Karen,Kurt Fuller,1,Undirected
James Karen,Tamara Tunie,1,Undirected
Kurt Fuller,Ellen Barkin,1,Undirected
Kurt Fuller,Audrey Fleurot,1,Undirected
Kurt Fuller,Nina Arianda,1,Undirected
Kurt Fuller,Lara Flynn Boyle,1,Undirected
Erika Christensen,Haley Ramm,1,Undirected
Erika Christensen,Eva Amurri Martino,1,Undirected
Erika Christensen,Sal Lopez,1,Undirected
Erika Christensen,Jason Ritter,1,Undirected
Erika Christensen,Shiri Appleby,1,Undirected
Erika Christensen,Jonathan Tucker,1,Undirected
Haley Ramm,Cecelia Antoinette,1,Undirected
Haley Ramm,Jack Plotnick,1,Undirected
Dylan Baker,James Gammon,1,Undirected
Dylan Baker,Robert John Burke,1,Undirected
Dylan Baker,Alexandra Holden,1,Undirected
Dylan Baker,Trent Ford,1,Undirected
Dylan Baker,Lawrence Gilliard Jr.,1,Undirected
Dylan Baker,Amy Hill,1,Undirected
Dylan Baker,Emma Caulfield,1,Undirected
Dylan Baker,Mike Colter,1,Undirected
Chiaki Kuriyama,David Carradine,1,Undirected
David Carradine,David Proval,1,Undirected
David Carradine,Robert Beltran,1,Undirected
David Carradine,William Sanderson,1,Undirected
David Carradine,Martin Kove,1,Undirected
Christopher Judge,Don S. Davis,1,Undirected
Christopher Judge,Gary Jones,1,Undirected
Christopher Judge,Ben Browder,1,Undirected
Christopher Judge,Julian Sands,1,Undirected
Christopher Judge,David Hewlett,2,Undirected
Christopher Judge,Paul McGillion,2,Undirected
Don S. Davis,Gary Jones,1,Undirected
Brion James,Jack Palance,1,Undirected
Jack Palance,William Hootkins,1,Undirected
Jack Palance,Brian Keith,1,Undirected
Jack Palance,Patrick Wayne,1,Undirected
Jason Connery,Kate Luyben,1,Undirected
J.T. Walsh,Frank Whaley,1,Undirected
J.T. Walsh,Bruno Kirby,1,Undirected
J.T. Walsh,Dwight Yoakam,1,Undirected
Madeline Carroll,Ophelia Lovibond,1,Undirected
Madeline Carroll,Kathy Baker,1,Undirected
Madeline Carroll,George Lopez,1,Undirected
Madeline Carroll,Tessa Thompson,1,Undirected
Madeline Carroll,Aidan Quinn,1,Undirected
Madeline Carroll,Rebecca De Mornay,1,Undirected
Ophelia Lovibond,Anne-Marie Duff,1,Undirected
Thomas McDonell,Jackson Nicoll,1,Undirected
Thomas McDonell,Osric Chau,1,Undirected
Thomas McDonell,Aimee Teegarden,1,Undirected
Carlos Ponce,Faizon Love,1,Undirected
Carlos Ponce,Samaire Armstrong,1,Undirected
Carlos Ponce,Charles Keating,1,Undirected
Carlos Ponce,Eddie Griffin,1,Undirected
Carlos Ponce,Maria Conchita Alonso,1,Undirected
Charles S. Dutton,Holt McCallany,1,Undirected
Charles S. Dutton,Paul McGann,1,Undirected
Charles S. Dutton,Tom Berenger,1,Undirected
Charles S. Dutton,Omar Epps,1,Undirected
Charles S. Dutton,Tim Daly,1,Undirected
Charles S. Dutton,Kate Walsh,1,Undirected
Charles S. Dutton,Salli Richardson-Whitfield,1,Undirected
Holt McCallany,Paul McGann,1,Undirected
Holt McCallany,Marcel Iures,1,Undirected
Holt McCallany,Dorothy Lamour,1,Undirected
Holt McCallany,George Kennedy,1,Undirected
Andrea Corr,Jimmy Nail,1,Undirected
Andrea Corr,Peter Polycarpou,1,Undirected
Jimmy Nail,Peter Polycarpou,1,Undirected
Michael Lonsdale,Lambert Wilson,1,Undirected
Michael Lonsdale,Olivier Rabourdin,1,Undirected
Om Puri,Natalie Mendoza,1,Undirected
Om Puri,Jimi Mistry,1,Undirected
Matt Lucas,Sally Hawkins,1,Undirected
Matt Lucas,Steve Bannos,1,Undirected
Matt Lucas,Wendi McLendon-Covey,1,Undirected
Matt Lucas,Noel Gugliemi,1,Undirected
Sally Hawkins,Alan David,1,Undirected
Sally Hawkins,Andrew Dice Clay,1,Undirected
Sally Hawkins,Charlie Tahan,1,Undirected
Sally Hawkins,Robbie Kay,1,Undirected
Sally Hawkins,Peter Hermann,1,Undirected
Sally Hawkins,Craig Roberts,1,Undirected
Jenna Boyd,Rex Linn,1,Undirected
Jenna Boyd,Mary McCormack,1,Undirected
Seymour Cassel,Terence Bernie Hines,1,Undirected
Seymour Cassel,Charlie Korsmo,1,Undirected
Seymour Cassel,Dan Hedaya,1,Undirected
Seymour Cassel,Lainie Kazan,1,Undirected
Seymour Cassel,Klaus Maria Brandauer,1,Undirected
Seymour Cassel,Susan Hogan,1,Undirected
Seymour Cassel,Kelli Williams,1,Undirected
Seymour Cassel,Laurie Metcalf,1,Undirected
Russell Tovey,Bronagh Gallagher,1,Undirected
Ellen Barkin,Catherine Dent,1,Undirected
Ellen Barkin,Kirstie Alley,1,Undirected
Ellen Barkin,Daniel Stern,1,Undirected
Ellen Barkin,Steve Guttenberg,1,Undirected
Ellen Barkin,Daniella Alonso,1,Undirected
Miranda Richardson,Julia Sawalha,1,Undirected
Miranda Richardson,Lauren Lee Smith,1,Undirected
Miranda Richardson,Luke Mably,1,Undirected
Miranda Richardson,Catalina Sandino Moreno,1,Undirected
Miranda Richardson,John Neville,1,Undirected
Miranda Richardson,Lynn Redgrave,1,Undirected
Billy Campbell,Bruce Boxleitner,1,Undirected
Billy Campbell,John Castle,1,Undirected
Billy Campbell,Jeff Kober,1,Undirected
Bruce Boxleitner,John Castle,1,Undirected
Lauren Holly,David Patrick Kelly,1,Undirected
Lauren Holly,Gilbert Gottfried,1,Undirected
Lauren Holly,Teri Garr,1,Undirected
Hugh Bonneville,Tina Fey,1,Undirected
Tina Fey,Jane Fonda,1,Undirected
Tina Fey,Martin Starr,1,Undirected
Tina Fey,Neil Flynn,1,Undirected
Tina Fey,Christopher Evan Welch,1,Undirected
Tina Fey,Sarita Choudhury,1,Undirected
Tina Fey,Chris Kattan,1,Undirected
Tina Fey,Fred Armisen,1,Undirected
Brady Corbet,Carlos Bardem,1,Undirected
Brady Corbet,Christopher Abbott,2,Undirected
Brady Corbet,Gitte Witt,1,Undirected
Brady Corbet,Julia Garner,1,Undirected
David Walton,Peter Gallagher,1,Undirected
David Walton,Regina Hall,1,Undirected
Peter Gallagher,Joanne Whalley,1,Undirected
Peter Gallagher,Bridgette Wilson-Sampras,1,Undirected
Peter Gallagher,Jeffrey Combs,1,Undirected
Peter Gallagher,Melinda Clarke,1,Undirected
Peter Gallagher,Ara Celi,1,Undirected
Peter Gallagher,Amy Irving,1,Undirected
Peter Gallagher,Terry Walters,1,Undirected
Peter Gallagher,Laura San Giacomo,1,Undirected
Peter Gallagher,Steven Brill,1,Undirected
Albert Dupontel,André Dussollier,1,Undirected
Albert Dupontel,Denis Lavant,1,Undirected
Albert Dupontel,Jo Prestia,1,Undirected
Albert Dupontel,Philippe Nahon,1,Undirected
André Dussollier,Denis Lavant,1,Undirected
André Dussollier,Dany Boon,1,Undirected
Denis Lavant,Emmanuelle Bercot,1,Undirected
Denis Lavant,Isild Le Besco,1,Undirected
Denis Lavant,Kylie Minogue,1,Undirected
Denis Lavant,Leos Carax,1,Undirected
James Mason,Lois Maxwell,2,Undirected
James Mason,Shelley Winters,2,Undirected
James Mason,Mel Ferrer,1,Undirected
James Mason,Stephen Boyd,1,Undirected
James Mason,Jack Warden,1,Undirected
James Mason,Paul Lukas,2,Undirected
James Mason,Robert J. Wilke,2,Undirected
Lois Maxwell,Shelley Winters,2,Undirected
Lois Maxwell,Earl Cameron,1,Undirected
Lois Maxwell,Jill St. John,1,Undirected
Lois Maxwell,Gert Fröbe,1,Undirected
Lois Maxwell,Honor Blackman,1,Undirected
Lois Maxwell,Daniela Bianchi,1,Undirected
Lois Maxwell,Robert Shaw,1,Undirected
Lois Maxwell,Jack Lord,1,Undirected
Lois Maxwell,Ursula Andress,1,Undirected
Shelley Winters,Janet Leigh,1,Undirected
Tom Berenger,James Patrick Stuart,1,Undirected
Tom Berenger,William Morgan Sheppard,1,Undirected
Tom Berenger,Mike Epps,1,Undirected
Tom Berenger,Joaquim de Almeida,1,Undirected
Tom Berenger,Mark Moses,1,Undirected
Tom Berenger,Stephen Baldwin,1,Undirected
Tom Berenger,Corbin Bernsen,1,Undirected
Tom Berenger,Randy Jay Burrell,1,Undirected
Tom Berenger,William McNamara,1,Undirected
Norman Reedus,Eddie Rouse,1,Undirected
Norman Reedus,Beverly D'Angelo,1,Undirected
Norman Reedus,Noam Jenkins,1,Undirected
Norman Reedus,Sharon Lawrence,1,Undirected
Norman Reedus,Frankie Muniz,1,Undirected
Norman Reedus,Julie Benz,1,Undirected
Norman Reedus,Bob Marley,1,Undirected
Norman Reedus,David Della Rocco,1,Undirected
Madison Pettis,Kyra Sedgwick,1,Undirected
Madison Pettis,Corbin Bleu,1,Undirected
Madison Pettis,Sandra Echeverría,1,Undirected
Madison Pettis,Alexa PenaVega,1,Undirected
Jason Momoa,Jon Seda,1,Undirected
Jason Momoa,Jennifer Hale,1,Undirected
Jon Seda,Jacob Vargas,1,Undirected
Jon Seda,Fisher Stevens,1,Undirected
Amanda Detmer,Billy Gardell,1,Undirected
Amanda Detmer,Todd Stashwick,1,Undirected
Amanda Detmer,Kyle Gass,1,Undirected
Amanda Detmer,Neil Diamond,1,Undirected
Amanda Detmer,Tsianina Joelson,1,Undirected
Billy Gardell,Todd Stashwick,1,Undirected
Jackie Cooper,Robert Vaughn,1,Undirected
David Backus,Lenny Venito,1,Undirected
David Backus,Todd Giebenhain,1,Undirected
Lenny Venito,Todd Giebenhain,1,Undirected
Bernadette Peters,Christopher Guest,1,Undirected
Bernadette Peters,Dom DeLuise,1,Undirected
Bernadette Peters,Sid Caesar,1,Undirected
Kylie Minogue,Raul Julia,1,Undirected
Kylie Minogue,Jimmy Fallon,1,Undirected
Kylie Minogue,Jon Stewart,1,Undirected
Kylie Minogue,Leos Carax,1,Undirected
Matt O'Leary,Powers Boothe,1,Undirected
Quentin Tarantino,Donald Trump,1,Undirected
Quentin Tarantino,J.J. Abrams,1,Undirected
Hill Harper,Kimberly Elise,1,Undirected
Hill Harper,Annabeth Gish,1,Undirected
Hill Harper,Adam Hicks,1,Undirected
Hill Harper,Ryan Guzman,1,Undirected
Hill Harper,Chenoa Maxwell,1,Undirected
Hill Harper,Robinne Lee,1,Undirected
Kimberly Elise,Jodi Lyn O'Keefe,1,Undirected
Kimberly Elise,Logan Browning,1,Undirected
Kimberly Elise,Omari Hardwick,1,Undirected
Kimberly Elise,Kiersey Clemons,1,Undirected
Kimberly Elise,Rick Fox,1,Undirected
Kimberly Elise,Cicely Tyson,1,Undirected
Kimberly Elise,Tamara Taylor,1,Undirected
Kimberly Elise,Clifton Powell,1,Undirected
Ann-Margret,Glenn Ford,1,Undirected
Ann-Margret,Thomas Mitchell,1,Undirected
Alice Greczyn,Jessica Simpson,1,Undirected
Alice Greczyn,Dania Ramirez,1,Undirected
Alice Greczyn,Nick Zano,1,Undirected
Alice Greczyn,Katrina Bowden,1,Undirected
Alice Greczyn,Michael Cudlitz,1,Undirected
Jessica Simpson,Dane Cook,1,Undirected
Dash Mihok,Garrett Morris,1,Undirected
Dash Mihok,Debbie Reynolds,1,Undirected
Dash Mihok,Nia Vardalos,1,Undirected
Dash Mihok,Khandi Alexander,1,Undirected
Dash Mihok,Michael Michele,1,Undirected
Dash Mihok,Jimi Mistry,1,Undirected
Dash Mihok,Brad Renfro,1,Undirected
Mircea Monroe,Drew Fuller,1,Undirected
Mircea Monroe,Lew Temple,1,Undirected
Mircea Monroe,Robert Pine,1,Undirected
Gerry Becker,Matt Price,1,Undirected
Gerry Becker,Tom Dreesen,1,Undirected
Matt Price,Tom Dreesen,1,Undirected
Matt Price,Nat Faxon,1,Undirected
Amber Rose Revah,Kasia Smutniak,1,Undirected
Amber Rose Revah,Rebecca Dayan,1,Undirected
Amber Rose Revah,Darwin Shaw,1,Undirected
Amber Rose Revah,Roma Downey,1,Undirected
Kasia Smutniak,Rebecca Dayan,1,Undirected
Rebecca Dayan,Paul Hickert,1,Undirected
Rebecca Dayan,Robin Bartlett,1,Undirected
Rob Moran,Tony Cox,1,Undirected
Rob Moran,Connor Corum,1,Undirected
Rob Moran,Jacob Vargas,1,Undirected
Tony Cox,Dong-gun Jang,1,Undirected
Tony Cox,Jed Brophy,1,Undirected
Tony Cox,Nia Long,1,Undirected
Rob Paulsen,Andrea Martin,1,Undirected
Rob Paulsen,Mary Mouser,1,Undirected
Alia Shawkat,Jorge Garcia,1,Undirected
Alia Shawkat,Daniel Stern,1,Undirected
Alia Shawkat,Jimmy Fallon,1,Undirected
Alia Shawkat,Joe Cole,1,Undirected
Alia Shawkat,Mark Webber,1,Undirected
Bobby Block,Chris Miller,1,Undirected
Bobby Block,Kathleen Freeman,1,Undirected
Chris Miller,Kathleen Freeman,1,Undirected
Jon Stewart,Jimmy Fallon,1,Undirected
Bonnie Hunt,Aidan Quinn,1,Undirected
Lupe Ontiveros,Shirley Knight,1,Undirected
Lupe Ontiveros,Lance Gross,1,Undirected
Lupe Ontiveros,George Lopez,1,Undirected
Lupe Ontiveros,Robert Beltran,1,Undirected
Lupe Ontiveros,Chris Weitz,1,Undirected
Lupe Ontiveros,Mike White,1,Undirected
Shirley Knight,Kari Matchett,1,Undirected
Shirley Knight,Sonia Braga,1,Undirected
Joel Courtney,Zach Mills,1,Undirected
Joel Courtney,Jessika Van,1,Undirected
Joel Courtney,Riley Smith,1,Undirected
Conchata Ferrell,Allison Tolman,1,Undirected
Thomas Lennon,Cheryl Hines,1,Undirected
Thomas Lennon,Scoot McNairy,1,Undirected
Thomas Lennon,Matthew Perry,1,Undirected
Thomas Lennon,Laura-Leigh,1,Undirected
Thomas Lennon,Molly C. Quinn,1,Undirected
Thomas Lennon,Patton Oswalt,1,Undirected
Thomas Lennon,Paula Garcés,1,Undirected
Thomas Lennon,James Brolin,1,Undirected
Thomas Lennon,Lochlyn Munro,1,Undirected
Thomas Lennon,Jason London,1,Undirected
Thomas Lennon,Lee Majors,1,Undirected
Thomas Lennon,Carlos Alazraqui,1,Undirected
Thomas Lennon,Wendi McLendon-Covey,1,Undirected
Thomas Lennon,Jorja Fox,1,Undirected
Thomas Lennon,Nora Zehetner,1,Undirected
Craig Roberts,Carla Gallo,1,Undirected
Danny Masterson,Jeri Ryan,1,Undirected
Megan Park,Hope Davis,1,Undirected
Megan Park,Joe Dinicol,1,Undirected
Herbert Russell,Nia Long,1,Undirected
James Ransone,Alona Tal,1,Undirected
James Ransone,Michael Beach,1,Undirected
James Ransone,Jaden Klein,1,Undirected
James Ransone,Laila Haley,1,Undirected
James Ransone,Danielle Kotch,1,Undirected
James Ransone,Victoria Leigh,1,Undirected
James Ransone,Greg Crowe,1,Undirected
James Ransone,Tempestt Bledsoe,1,Undirected
James Ransone,Maria Doyle Kennedy,1,Undirected
James Ransone,Shaun O'Hagan,1,Undirected
Bill Duke,Deborah Kara Unger,1,Undirected
Bill Duke,Michael Jai White,2,Undirected
Bill Duke,Carl Weathers,2,Undirected
Bill Duke,Shane Black,1,Undirected
Bill Duke,Rae Dawn Chong,1,Undirected
Bill Duke,Vernon Wells,1,Undirected
Bill Duke,Vanity,1,Undirected
Deborah Kara Unger,Charles Martinet,1,Undirected
Deborah Kara Unger,Alice Krige,1,Undirected
Deborah Kara Unger,Keegan Connor Tracy,1,Undirected
Dylan Walsh,Ebon Moss-Bachrach,1,Undirected
Dylan Walsh,Kevin Connolly,1,Undirected
Dylan Walsh,Dallas Roberts,1,Undirected
Dylan Walsh,Poppy Montgomery,1,Undirected
Chandler Canterbury,J.D. Evermore,1,Undirected
Chandler Canterbury,Rachel Roberts,1,Undirected
Sissy Spacek,Douglas Smith,1,Undirected
Sissy Spacek,Chris Parnell,1,Undirected
Sissy Spacek,Jorma Taccone,1,Undirected
Sissy Spacek,Beverly D'Angelo,1,Undirected
Sissy Spacek,Levon Helm,1,Undirected
Sissy Spacek,Jonathan Jackson,1,Undirected
Sissy Spacek,Vernon Dobtcheff,1,Undirected
Sissy Spacek,Everett McGill,1,Undirected
Sissy Spacek,Richard Farnsworth,1,Undirected
Mark Christopher Lawrence,Michael Monks,1,Undirected
Scoot McNairy,Cheryl Hines,1,Undirected
Scoot McNairy,Clea DuVall,1,Undirected
Scoot McNairy,Dominic Flores,1,Undirected
Scoot McNairy,Taran Killam,1,Undirected
Scoot McNairy,Geoff Stults,1,Undirected
Scoot McNairy,Ricky Catter,1,Undirected
Scoot McNairy,Whitney Able,1,Undirected
Rupert Graves,Bridgette Wilson-Sampras,1,Undirected
Rupert Graves,Denholm Elliott,2,Undirected
Rupert Graves,Julian Sands,1,Undirected
Rupert Graves,Simon Callow,1,Undirected
Anna-Louise Plowman,Fann Wong,1,Undirected
Anna-Louise Plowman,Georgina Chapman,1,Undirected
Fann Wong,Georgina Chapman,1,Undirected
Gemma Jones,Nicola Walker,1,Undirected
Cheryl Hines,Kenan Thompson,1,Undirected
Cheryl Hines,Omid Abtahi,1,Undirected
Cheryl Hines,Eddie Jemison,1,Undirected
Cheryl Hines,Lew Temple,1,Undirected
Conrad Goode,Jennifer Esposito,1,Undirected
Jennifer Esposito,Mira Sorvino,1,Undirected
Jennifer Esposito,James Brolin,1,Undirected
Jennifer Esposito,Kenan Thompson,1,Undirected
Jennifer Esposito,Patrick Cranshaw,1,Undirected
Derek Mears,Topher Grace,1,Undirected
Derek Mears,Portia de Rossi,1,Undirected
Derek Mears,Shannon Elizabeth,1,Undirected
Chad Lowe,Erik Per Sullivan,1,Undirected
Chad Lowe,Olivier Martinez,1,Undirected
Erik Per Sullivan,Olivier Martinez,1,Undirected
Olivier Martinez,François Cluzet,1,Undirected
Olivier Martinez,Isabelle Carré,1,Undirected
Olivier Martinez,Agnes Bruckner,1,Undirected
Olivier Martinez,Chris Geere,1,Undirected
Olivier Martinez,Aitana Sánchez-Gijón,1,Undirected
Olivier Martinez,Romane Bohringer,1,Undirected
Alex Pettyfer,Emily Wickersham,1,Undirected
Alex Pettyfer,Reuben Langdon,1,Undirected
Alex Pettyfer,Ashley Walters,1,Undirected
Alex Pettyfer,Rhys Wakefield,1,Undirected
Alex Pettyfer,Erik Knudsen,1,Undirected
Alex Pettyfer,Mary-Kate Olsen,1,Undirected
Emily Wickersham,Reuben Langdon,1,Undirected
Amr Waked,Kayvan Novak,2,Undirected
Kayvan Novak,Alex Macqueen,1,Undirected
David Costabile,James Badge Dale,1,Undirected
David Costabile,Katie Lowes,2,Undirected
Ana de la Reguera,Héctor Jiménez,1,Undirected
Mary Lynn Rajskub,Vanessa Ferlito,1,Undirected
Mary Lynn Rajskub,Courtney Gains,1,Undirected
Mary Lynn Rajskub,Bob Newhart,1,Undirected
Mary Lynn Rajskub,Marla Sokoloff,1,Undirected
Mary Lynn Rajskub,Paul Sparks,1,Undirected
Mary Lynn Rajskub,Riley Keough,1,Undirected
Mary Lynn Rajskub,Mark Duplass,1,Undirected
Alice Krige,Blaine Anderson,1,Undirected
Alice Krige,Christian Campbell,1,Undirected
Faizon Love,Sanoe Lake,1,Undirected
Faizon Love,Samaire Armstrong,1,Undirected
Faizon Love,Paul Sorvino,1,Undirected
Faizon Love,Cicely Tyson,1,Undirected
Faizon Love,Lynn Whitfield,1,Undirected
Faizon Love,Lil' Wayne,1,Undirected
Faizon Love,Jonathan Silverman,1,Undirected
Faizon Love,Mike Epps,1,Undirected
Faizon Love,Mo'Nique,1,Undirected
Faizon Love,Adam Ratcliffe,1,Undirected
Faizon Love,Logan Browning,1,Undirected
Dania Ramirez,Nick Zano,1,Undirected
Dania Ramirez,Andrew Fiscella,1,Undirected
Michael Cudlitz,Katrina Bowden,1,Undirected
Michael Cudlitz,Mitchell Ryan,1,Undirected
Alycia Debnam-Carey,Scott Lawrence,1,Undirected
Gilbert R. Hill,Jon Tenney,1,Undirected
Jon Tenney,Tammy Blanchard,1,Undirected
Jon Tenney,Debrah Farentino,1,Undirected
Phoebe Cates,Robert Picardo,1,Undirected
Phoebe Cates,Swoosie Kurtz,1,Undirected
Phoebe Cates,Harry Carey Jr.,1,Undirected
Phoebe Cates,Zach Galligan,1,Undirected
Robert Picardo,Esai Morales,1,Undirected
Robert Picardo,Dee Wallace,1,Undirected
Robert Picardo,Patrick Macnee,1,Undirected
Marcel Iures,Eddie Cibrian,1,Undirected
Mike Epps,James Tumminia,1,Undirected
Mike Epps,Mo'Nique,2,Undirected
Mike Epps,Gino Salvano,1,Undirected
Mike Epps,Roger Guenveur Smith,1,Undirected
Mike Epps,Curtis Armstrong,1,Undirected
Mike Epps,Omari Hardwick,2,Undirected
Mike Epps,Glenn Plummer,1,Undirected
Mike Epps,Tamala Jones,1,Undirected
Mike Epps,Rolando Molina,1,Undirected
Mike Epps,Russell Peters,1,Undirected
Mike Epps,Donald Faison,1,Undirected
Celia Imrie,Jon Polito,1,Undirected
Celia Imrie,Ronald Pickup,1,Undirected
Celia Imrie,Tina Desai,1,Undirected
Celia Imrie,Ben Miles,1,Undirected
Celia Imrie,Darren Boyd,1,Undirected
John Billingsley,Mira Sorvino,1,Undirected
John Billingsley,Trieu Tran,1,Undirected
John Billingsley,David Lee Smith,1,Undirected
John Billingsley,William Katt,1,Undirected
Joan Chen,Sven-Ole Thorsen,1,Undirected
Joan Chen,Jaycee Chan,1,Undirected
Joan Chen,Anna Katarina,1,Undirected
Joan Chen,Jessica Hecht,1,Undirected
Peter Youngblood Hills,Virginie Ledoyen,1,Undirected
Virginie Ledoyen,Isabelle Adjani,1,Undirected
Ben Miles,Rain,1,Undirected
Ben Miles,Shô Kosugi,1,Undirected
Ben Miles,Darren Boyd,1,Undirected
Rain,Shô Kosugi,1,Undirected
Bruce Alexander,David Jason,1,Undirected
Bruce Alexander,John Lyons,1,Undirected
David Jason,John Lyons,1,Undirected
Rumer Willis,Julian Morris,1,Undirected
Rumer Willis,Margo Harshman,1,Undirected
Jay Mohr,Nia Long,1,Undirected
Jay Mohr,Sarah Polley,1,Undirected
Jay Mohr,Scott Wolf,1,Undirected
Jay Mohr,David Alan Grier,1,Undirected
Jay Mohr,Jim O'Heir,1,Undirected
Agnes Bruckner,Chris Geere,1,Undirected
Agnes Bruckner,Scott Mechlowicz,1,Undirected
Agnes Bruckner,Tim DeKay,1,Undirected
Kelly Rowan,Muse Watson,1,Undirected
Muse Watson,Ashley Bell,1,Undirected
Muse Watson,Spencer Treat Clark,1,Undirected
Richard Brake,Stephen Walters,1,Undirected
Rita Wilson,Tim Matheson,1,Undirected
Rita Wilson,Blair Underwood,1,Undirected
Rita Wilson,Chris Brochu,1,Undirected
Rita Wilson,Jeff Fahey,1,Undirected
Tim Matheson,Lucille Ball,1,Undirected
Tim Matheson,Tom Bosley,1,Undirected
Tim Matheson,John Belushi,1,Undirected
J.D. Evermore,Rachel Roberts,1,Undirected
J.D. Evermore,David A Cole,1,Undirected
Harry Connick Jr.,Tim Daly,1,Undirected
Harry Connick Jr.,M. Emmet Walsh,1,Undirected
Harry Connick Jr.,Michael Roark,1,Undirected
Harry Connick Jr.,Taylor Blackwell,1,Undirected
Harry Connick Jr.,Gena Rowlands,1,Undirected
Harry Connick Jr.,Nellie McKay,1,Undirected
Harry Connick Jr.,William McNamara,1,Undirected
Tim Daly,Omar Epps,1,Undirected
Tim Daly,Kali Rocha,1,Undirected
Tim Daly,Amy Yasbeck,1,Undirected
Tim Daly,Steven Weber,1,Undirected
Rick Hoffman,Takashi Miike,1,Undirected
Michelle Forbes,Valeria Golino,1,Undirected
Valeria Golino,Beth Grant,1,Undirected
Valeria Golino,Julian Sands,1,Undirected
Aaron Hill,Brittany Curran,1,Undirected
Aaron Hill,Grey Damon,1,Undirected
Brittany Curran,Grey Damon,1,Undirected
Brittany Curran,Ashley Tramonte,1,Undirected
Brittany Curran,Lindsay MacDonald,1,Undirected
M. Emmet Walsh,Anne Archer,1,Undirected
M. Emmet Walsh,Jason Robards,1,Undirected
M. Emmet Walsh,Paul Sorvino,1,Undirected
M. Emmet Walsh,Nichelle Nichols,1,Undirected
M. Emmet Walsh,Frankie Muniz,1,Undirected
M. Emmet Walsh,Sean Young,1,Undirected
M. Emmet Walsh,Pruitt Taylor Vince,1,Undirected
M. Emmet Walsh,Robert Wahlberg,1,Undirected
M. Emmet Walsh,Roddy McDowall,1,Undirected
M. Emmet Walsh,Sal Mineo,1,Undirected
Donald Watkins,Jessica Collins,1,Undirected
Vanessa Ferlito,Derek Luke,1,Undirected
Vanessa Ferlito,Keshia Knight Pulliam,1,Undirected
David Bailie,Paul Brooke,1,Undirected
David Bailie,Rab Affleck,1,Undirected
Paul Brooke,Rab Affleck,1,Undirected
Gregory Smith,Charlotte Sullivan,1,Undirected
Gregory Smith,Molly Dunsworth,1,Undirected
Gregory Smith,Robb Wells,1,Undirected
William Atherton,Bob Ross,1,Undirected
William Atherton,Michael Gross,1,Undirected
Lara Flynn Boyle,Lochlyn Munro,1,Undirected
Lara Flynn Boyle,Molly C. Quinn,1,Undirected
Grant Bowler,Julie Benz,1,Undirected
Grant Bowler,Josh Henderson,1,Undirected
Grant Bowler,Rachel Ann Mullins,1,Undirected
Julie Benz,Costas Mandylor,1,Undirected
Julie Benz,Scott Patterson,1,Undirected
Julie Benz,Tatyana Ali,1,Undirected
Julie Benz,Jeff Conaway,1,Undirected
Ian Ziering,Mo'Nique,1,Undirected
Ian Ziering,Cassandra Scerbo,1,Undirected
Mo'Nique,Mariah Carey,2,Undirected
Mo'Nique,Angell Conwell,1,Undirected
Mo'Nique,Tamala Jones,1,Undirected
Mo'Nique,Jimmy Jean-Louis,1,Undirected
Mo'Nique,Joyful Drake,1,Undirected
Alden Ehrenreich,Pruitt Taylor Vince,1,Undirected
Alden Ehrenreich,Zoey Deutch,1,Undirected
Alden Ehrenreich,Harmony Korine,1,Undirected
Alden Ehrenreich,Mia Wasikowska,1,Undirected
Alden Ehrenreich,Bruce Dern,1,Undirected
Alden Ehrenreich,Joanne Whalley,1,Undirected
Pruitt Taylor Vince,Zoey Deutch,1,Undirected
Pruitt Taylor Vince,Kathleen Wilhoite,1,Undirected
Pruitt Taylor Vince,Robert Wahlberg,1,Undirected
Pruitt Taylor Vince,Bruce Dern,1,Undirected
Zoey Deutch,Jason Mantzoukas,1,Undirected
Andrew Wilson,Willie Nelson,1,Undirected
Andrew Wilson,Darryl Cox,1,Undirected
Andrew Wilson,Lumi Cavazos,1,Undirected
Josie Ho,Robin Shou,1,Undirected
Josie Ho,Anthony Chau-Sang Wong,1,Undirected
Josie Ho,Simon Yam,1,Undirected
David Patrick Kelly,Gilbert Gottfried,1,Undirected
David Patrick Kelly,Mary Tyler Moore,1,Undirected
David Patrick Kelly,Aidan Quinn,1,Undirected
David Patrick Kelly,Jane Adams,1,Undirected
Gilbert Gottfried,Lark Voorhies,1,Undirected
Jacob Vargas,James Lew,1,Undirected
Jacob Vargas,James Brolin,1,Undirected
Jacob Vargas,Marco Treviño,1,Undirected
Jacob Vargas,Mario Van Peebles,1,Undirected
Jacob Vargas,Martin Kove,1,Undirected
Jacob Vargas,Daniella Alonso,1,Undirected
Jacob Vargas,Jeff Kober,1,Undirected
Jacob Vargas,Connor Corum,1,Undirected
Jacob Vargas,Eddie Griffin,1,Undirected
Jacob Vargas,Leonor Varela,1,Undirected
Jacob Vargas,Tenoch Huerta,1,Undirected
Jacob Vargas,Alanna Ubach,1,Undirected
Jacob Vargas,Brittney Powell,1,Undirected
Alison Doody,Patrick Macnee,1,Undirected
Alison Doody,Tanya Roberts,1,Undirected
Guro Nagelhus Schia,Matthew Macfadyen,1,Undirected
Leland Orser,Beau Bridges,1,Undirected
Leland Orser,Brian Van Holt,1,Undirected
Dwight Yoakam,Mel Rodriguez,1,Undirected
Dwight Yoakam,Lew Temple,1,Undirected
Dwight Yoakam,Guillermo Arriaga,1,Undirected
Dwight Yoakam,Levon Helm,1,Undirected
Lochlyn Munro,P.J. Soles,1,Undirected
Lochlyn Munro,Steve Bacic,1,Undirected
Lochlyn Munro,James Brolin,1,Undirected
Lochlyn Munro,Brian Doyle-Murray,1,Undirected
Lochlyn Munro,Tamala Jones,1,Undirected
Lochlyn Munro,Molly C. Quinn,1,Undirected
P.J. Soles,Steve Bacic,1,Undirected
P.J. Soles,Donald Pleasence,3,Undirected
Mykelti Williamson,Joseph Julian Soria,1,Undirected
Fares Fares,Michael Nardone,1,Undirected
Fares Fares,Fabian Bolin,1,Undirected
Fares Fares,Matias Varela,1,Undirected
Corinna Harney,Douglas Haase,1,Undirected
Corinna Harney,Vince Vieluf,1,Undirected
Douglas Haase,Vince Vieluf,1,Undirected
Vince Vieluf,Kevin Rahm,1,Undirected
Bradley Whitford,Brad Renfro,1,Undirected
Bradley Whitford,Wilford Brimley,1,Undirected
Brian Doyle-Murray,John de Lancie,1,Undirected
Brian Doyle-Murray,Obba Babatundé,1,Undirected
Brian Doyle-Murray,Dabney Coleman,1,Undirected
Brian Doyle-Murray,Rodney Dangerfield,1,Undirected
Brian Doyle-Murray,Tamala Jones,1,Undirected
Fred Gwynne,Anne Archer,1,Undirected
Fred Gwynne,Lois Smith,1,Undirected
Fred Gwynne,Denise Crosby,1,Undirected
Fred Gwynne,Lane Smith,1,Undirected
Gretchen Mol,Brad William Henke,1,Undirected
Gretchen Mol,Vincent Gallo,1,Undirected
Gretchen Mol,Marg Helgenberger,1,Undirected
Gretchen Mol,Patti LuPone,1,Undirected
Gretchen Mol,Peter Onorati,1,Undirected
Jon Gries,Taylor Handley,1,Undirected
Jon Gries,Trent Ford,1,Undirected
Jon Gries,Elaine Hendrix,1,Undirected
Jon Gries,Luke Perry,1,Undirected
Jon Gries,Sasha Alexander,1,Undirected
Jon Gries,William Katt,1,Undirected
Jon Gries,Katrina Bowden,1,Undirected
Jon Gries,Kelen Coleman,1,Undirected
Andy Dick,Robert Miano,1,Undirected
Andy Dick,Zak Orth,1,Undirected
Eric Peterson,Gulshan Grover,1,Undirected
Eric Peterson,Nandita Das,1,Undirected
Gulshan Grover,Nandita Das,1,Undirected
Charlie Korsmo,Lauren Ambrose,1,Undirected
Faye Dunaway,Ellen Burstyn,1,Undirected
Faye Dunaway,Marina Sirtis,1,Undirected
Faye Dunaway,Diana Scarwid,1,Undirected
Faye Dunaway,Ian Somerhalder,1,Undirected
Faye Dunaway,William Holden,1,Undirected
Adam Garcia,Alissa Dean,1,Undirected
Adam Garcia,Izabella Miko,1,Undirected
Adam Garcia,Tyra Banks,1,Undirected
Adam Garcia,Carol Kane,1,Undirected
Adam Garcia,Alice Evans,1,Undirected
Adam Garcia,Jacqueline Bisset,1,Undirected
Anatoliy Solonitsyn,Donatas Banionis,1,Undirected
Anatoliy Solonitsyn,Natalya Bondarchuk,1,Undirected
Donatas Banionis,Natalya Bondarchuk,1,Undirected
Bronagh Gallagher,George Cole,1,Undirected
Crystal Lowe,Charlie McDermott,1,Undirected
Crystal Lowe,Collette Wolfe,1,Undirected
Crystal Lowe,Chelan Simmons,1,Undirected
Crystal Lowe,Gina Holden,1,Undirected
Crystal Lowe,Andrea Martin,1,Undirected
Crystal Lowe,Daphne Zuniga,1,Undirected
Crystal Lowe,Eric Mabius,1,Undirected
Billy Blair,Julia Jones,1,Undirected
Randall 'Tex' Cobb,Swoosie Kurtz,1,Undirected
Randall 'Tex' Cobb,Charlotte Lewis,1,Undirected
Amy Ryan,Olympia Dukakis,1,Undirected
Olympia Dukakis,Jean Louisa Kelly,1,Undirected
Jacqueline Bisset,Alice Evans,1,Undirected
Jacqueline Bisset,Rob McElhenney,1,Undirected
Luke Grimes,Michael Welch,1,Undirected
Luke Grimes,Whitney Able,1,Undirected
Jenny McCarthy,Pamela Anderson,1,Undirected
Jenny McCarthy,Regina Hall,1,Undirected
Jenny McCarthy,Richard Bull,1,Undirected
Pamela Anderson,Regina Hall,1,Undirected
Regina Hall,Beau Mirchoff,1,Undirected
Regina Hall,Donald Faison,1,Undirected
Regina Hall,Blair Underwood,1,Undirected
Regina Hall,Bryan Callen,1,Undirected
Regina Hall,Chris Brown,1,Undirected
Candice Bergen,Heather Burns,1,Undirected
Candice Bergen,Wendy Raquel Robinson,1,Undirected
Candice Bergen,Steve Howey,1,Undirected
Candice Bergen,Amrish Puri,1,Undirected
Heather Burns,Wendy Raquel Robinson,1,Undirected
Heather Burns,Ebon Moss-Bachrach,1,Undirected
Heather Burns,Zoe Lister-Jones,1,Undirected
Anita Briem,Laura Spencer,1,Undirected
Anita Briem,Marco St. John,1,Undirected
Brad Renfro,Austin Nichols,1,Undirected
Noel Gugliemi,Roberta Valderrama,1,Undirected
Noel Gugliemi,Zach Gilford,1,Undirected
Noel Gugliemi,David Bianchi,1,Undirected
Noel Gugliemi,Jason Priestley,1,Undirected
Noel Gugliemi,Jenni Rivera,1,Undirected
Noel Gugliemi,Jorge Diaz,1,Undirected
Patrick Bergin,Geneviève Bujold,1,Undirected
Patrick Bergin,Jason Priestley,1,Undirected
Jane Fonda,Zachary Gordon,1,Undirected
Jane Fonda,David Hemmings,1,Undirected
Jane Fonda,Milo O'Shea,1,Undirected
Enrico Colantoni,Robin Sachs,1,Undirected
Enrico Colantoni,Nia Long,1,Undirected
Enrico Colantoni,Portia de Rossi,1,Undirected
Enrico Colantoni,Francis Capra,1,Undirected
Enrico Colantoni,Jason Dohring,1,Undirected
Enrico Colantoni,Blair Underwood,1,Undirected
Eric Jacobson,Steve Whitmire,1,Undirected
Steve Whitmire,Jerry Nelson,1,Undirected
Steve Whitmire,Steven Mackintosh,1,Undirected
Traci Lords,Costas Mandylor,1,Undirected
Traci Lords,Sam Waterston,1,Undirected
Robert Ri'chard,Brian Van Holt,2,Undirected
Robert Ri'chard,Paris Hilton,2,Undirected
Bruce Altman,Matt Malloy,1,Undirected
Bruce Altman,Walter Masterson,1,Undirected
Matt Malloy,Jason Dixie,1,Undirected
Matt Malloy,Stacy Edwards,1,Undirected
Eric Stoltz,Kari Wuhrer,1,Undirected
Eric Stoltz,Cameron Bright,1,Undirected
Eric Stoltz,Elizabeth McGovern,1,Undirected
Eric Stoltz,Phil LaMarr,1,Undirected
Eric Stoltz,Joey Lauren Adams,1,Undirected
Eric Stoltz,Brendan Fehr,1,Undirected
Eric Stoltz,Johnny Pacar,1,Undirected
Eric Stoltz,Jean-Hugues Anglade,1,Undirected
Eric Stoltz,Salvator Xuereb,1,Undirected
Kari Wuhrer,Bethany Joy Lenz,1,Undirected
Kari Wuhrer,Marc Singer,1,Undirected
Kari Wuhrer,Michael Berryman,1,Undirected
Izabella Miko,Tyra Banks,1,Undirected
Izabella Miko,Brendan Fehr,1,Undirected
Izabella Miko,Kerr Smith,1,Undirected
Tyra Banks,Bridgette Wilson-Sampras,1,Undirected
Madeline Kahn,Dom DeLuise,3,Undirected
Madeline Kahn,Sid Caesar,2,Undirected
Madeline Kahn,Jim Henson,1,Undirected
Madeline Kahn,Dick Van Patten,1,Undirected
Madeline Kahn,Teri Garr,1,Undirected
Madeline Kahn,David Huddleston,1,Undirected
Ian Richardson,Dany Boon,1,Undirected
Emilio Estefan Jr.,Rod Steiger,1,Undirected
Rod Steiger,Dan O'Herlihy,1,Undirected
Rod Steiger,Jack Hawkins,1,Undirected
Rod Steiger,Karl Malden,1,Undirected
Lucille Ball,Tom Bosley,1,Undirected
Tom Bosley,Danneel Ackles,1,Undirected
Nick Zano,Ali Hillis,1,Undirected
Joel McHale,JoBeth Williams,1,Undirected
Joel McHale,Alexa PenaVega,1,Undirected
Joel McHale,Thomas F. Wilson,1,Undirected
William Lucking,Lesley Ann Warren,1,Undirected
Demián Bichir,Gary Stretch,1,Undirected
Demián Bichir,Shea Whigham,1,Undirected
Demián Bichir,William Xifaras,1,Undirected
Demián Bichir,Alexa PenaVega,1,Undirected
Demián Bichir,Marko Zaror,1,Undirected
Demián Bichir,Eddie 'Piolin' Sotelo,1,Undirected
Demián Bichir,Robert Peters,1,Undirected
Gary Stretch,Shea Whigham,1,Undirected
Gary Stretch,George Newton,1,Undirected
Shea Whigham,Shawn Hatosy,1,Undirected
Shea Whigham,Robert Longstreet,1,Undirected
Shea Whigham,Cybill Shepherd,1,Undirected
Shea Whigham,Paul Schneider,1,Undirected
Valerie Cruz,Will Beinbrink,1,Undirected
Ben Miller,Natalie Imbruglia,1,Undirected
José Ferrer,Carroll Baker,1,Undirected
José Ferrer,Claude Rains,1,Undirected
José Ferrer,Jack Hawkins,1,Undirected
Robert Clohessy,T.V. Carpio,2,Undirected
Robert Clohessy,J. Smith-Cameron,1,Undirected
Robert Clohessy,Mandy Gonzalez,1,Undirected
David Belle,Dany Verissimo-Petit,1,Undirected
Alexa PenaVega,Keenen Ivory Wayans,1,Undirected
Alexa PenaVega,Jonathan Jackson,1,Undirected
Alexa PenaVega,Emily Osment,1,Undirected
Alexa PenaVega,Marko Zaror,1,Undirected
Alexa PenaVega,Paris Hilton,1,Undirected
Alexa PenaVega,Paul Sorvino,1,Undirected
Alexa PenaVega,Lew Temple,1,Undirected
Keenen Ivory Wayans,Helen Martin,1,Undirected
Keenen Ivory Wayans,Robert Townsend,1,Undirected
John de Lancie,Obba Babatundé,1,Undirected
John de Lancie,Mark Feuerstein,1,Undirected
John de Lancie,Johnny Whitworth,1,Undirected
John de Lancie,Larry Drake,1,Undirected
Carter Jenkins,Malese Jow,1,Undirected
Malese Jow,Alfie Allen,1,Undirected
Malese Jow,Mem Ferda,1,Undirected
Adrien Dorval,Costas Mandylor,1,Undirected
Adrien Dorval,Nels Lennarson,1,Undirected
Costas Mandylor,Nels Lennarson,1,Undirected
Costas Mandylor,Jimmy Jean-Louis,1,Undirected
Costas Mandylor,Betsy Russell,1,Undirected
Costas Mandylor,Gina Holden,1,Undirected
Costas Mandylor,George Newbern,1,Undirected
Costas Mandylor,Shawnee Smith,3,Undirected
Costas Mandylor,Scott Patterson,1,Undirected
Costas Mandylor,Leigh Whannell,1,Undirected
Costas Mandylor,Angus Macfadyen,1,Undirected
Costas Mandylor,Natasha Henstridge,1,Undirected
Kristy Swanson,George Hamilton,1,Undirected
Henry Thomas,Dee Wallace,1,Undirected
Henry Thomas,Barbara Hershey,1,Undirected
Henry Thomas,Shawn Hatosy,1,Undirected
Henry Thomas,Louise Fletcher,1,Undirected
Laz Alonso,Omari Hardwick,1,Undirected
Laz Alonso,Rhys Coiro,1,Undirected
Laz Alonso,Caity Lotz,1,Undirected
Laz Alonso,Chris Brown,2,Undirected
Laz Alonso,Mehcad Brooks,1,Undirected
Laz Alonso,Nicholas Gonzalez,1,Undirected
Omari Hardwick,Curtis Armstrong,1,Undirected
Omari Hardwick,Donald Faison,1,Undirected
Omari Hardwick,Lorraine Toussaint,1,Undirected
Man Li,Ye Liu,1,Undirected
Ye Liu,Ryu Kohata,1,Undirected
Ye Liu,Yuanyuan Gao,1,Undirected
Charlie Yeung,James With,1,Undirected
Charlie Yeung,Siu-Wong Fan,1,Undirected
Charlie Yeung,Wai-Keung Lau,1,Undirected
Omar Epps,Nia Long,2,Undirected
Omar Epps,Kevin Williamson,1,Undirected
Omar Epps,James Shigeta,1,Undirected
Omar Epps,Tatyana Ali,1,Undirected
Omar Epps,Richard T. Jones,1,Undirected
Omar Epps,Tamala Jones,1,Undirected
Giovanna Mezzogiorno,Marcela Mar,1,Undirected
Giovanna Mezzogiorno,Unax Ugalde,1,Undirected
Marcela Mar,Unax Ugalde,1,Undirected
Clotilde Hesme,Céline Sallette,1,Undirected
Clotilde Hesme,Pierre Perrier,1,Undirected
Céline Sallette,Pierre Perrier,1,Undirected
Pierre Perrier,Karl E. Landler,1,Undirected
Pierre Perrier,Lizzie Brocheré,1,Undirected
Sam Waterston,Isabelle Huppert,1,Undirected
Sam Waterston,David Huddleston,1,Undirected
Daniel Kaluuya,Tim McInnerny,1,Undirected
Daniel Kaluuya,Togo Igawa,1,Undirected
Daniel Kaluuya,Bernardo Saracino,1,Undirected
Daniel Kaluuya,Edgar Arreola,1,Undirected
Tim McInnerny,Togo Igawa,1,Undirected
Tim McInnerny,Taron Egerton,2,Undirected
Clea DuVall,Rebecca De Mornay,1,Undirected
Clea DuVall,Natasha Henstridge,1,Undirected
Clea DuVall,Ted Raimi,1,Undirected
Clea DuVall,Eddie Cibrian,1,Undirected
Clea DuVall,Eddie Spears,1,Undirected
Daniel Roebuck,Frankie Muniz,2,Undirected
Daniel Roebuck,Chris Gauthier,1,Undirected
Daniel Roebuck,Eddie Griffin,1,Undirected
Daniel Roebuck,Brendan Fehr,1,Undirected
Daniel Roebuck,Kerr Smith,1,Undirected
Daniel Roebuck,Ione Skye,1,Undirected
Daniel Roebuck,Ella Joyce,1,Undirected
Daniel Roebuck,Ossie Davis,1,Undirected
Julia Nickson,Martin Kove,1,Undirected
Martin Kove,William Bassett,2,Undirected
Martin Kove,William Zabka,2,Undirected
Martin Kove,Mario Van Peebles,1,Undirected
Martin Kove,Cody Howard,1,Undirected
Martin Kove,David Raizor,1,Undirected
Cliff Edwards,Dickie Jones,1,Undirected
Cliff Edwards,Mel Blanc,1,Undirected
Dickie Jones,Mel Blanc,1,Undirected
Isabelle Huppert,James Biberi,1,Undirected
Isabelle Huppert,François Cluzet,1,Undirected
Isabelle Huppert,Michel Serrault,1,Undirected
Isabelle Huppert,Emmanuelle Riva,1,Undirected
Isabelle Huppert,Jean-Louis Trintignant,1,Undirected
Isabelle Huppert,Catherine Deneuve,1,Undirected
Isabelle Huppert,Emmanuelle Béart,1,Undirected
Daniel Mays,Bill Bailey,1,Undirected
Daniel Mays,Eros Vlahos,1,Undirected
Michael Nouri,Rob Brown,1,Undirected
Michael Nouri,Cynthia Rhodes,1,Undirected
Michael Nouri,Lee Ving,1,Undirected
Michael Nouri,Brenda Vaccaro,1,Undirected
Chelsea Bond,Judith Chapman,1,Undirected
Chelsea Bond,Lillian Adams,1,Undirected
Judith Chapman,Lillian Adams,1,Undirected
Wilford Brimley,David Clennon,1,Undirected
Wilford Brimley,Richard Masur,1,Undirected
Wilford Brimley,Lauren Ambrose,1,Undirected
Wilford Brimley,Frank Gerrish,1,Undirected
Wilford Brimley,Rick Macy,1,Undirected
Augustus Prew,Charlie Tahan,1,Undirected
Augustus Prew,Valerie Tian,1,Undirected
Augustus Prew,Donald Faison,1,Undirected
Charlie Tahan,Valerie Tian,1,Undirected
Charlie Tahan,Andrew Dice Clay,1,Undirected
Dax Flame,Kirby Bliss Blanton,1,Undirected
Dax Flame,Oliver Cooper,1,Undirected
Clarke Peters,Dylan Moran,1,Undirected
Clarke Peters,Luke Bracey,1,Undirected
Dylan Moran,Iddo Goldberg,1,Undirected
Dylan Moran,India de Beaufort,1,Undirected
Dylan Moran,Peter Serafinowicz,1,Undirected
Masi Oka,Sendhil Ramamurthy,1,Undirected
Geoffrey Holder,Clifton James,1,Undirected
Geoffrey Holder,Yaphet Kotto,1,Undirected
Richard Burton,Roddy McDowall,1,Undirected
Richard Burton,Linda Blair,1,Undirected
Richard Burton,Eddie Albert,1,Undirected
Richard Burton,Richard Beymer,1,Undirected
Richard Burton,Victor Mature,1,Undirected
Roddy McDowall,Perry King,1,Undirected
Roddy McDowall,Timothy Van Patten,1,Undirected
Roddy McDowall,Sal Mineo,1,Undirected
Roddy McDowall,Claude Akins,1,Undirected
Roddy McDowall,Paul Williams,1,Undirected
Roddy McDowall,Gordon Jump,1,Undirected
Roddy McDowall,John Randolph,1,Undirected
Roddy McDowall,Barry Fitzgerald,1,Undirected
Roddy McDowall,Walter Pidgeon,1,Undirected
Charice,Reggie Lee,1,Undirected
Reggie Lee,Robert John Burke,1,Undirected
Mimi Rogers,Cheri Oteri,1,Undirected
Bono,Slash,1,Undirected
Bono,Larry Mullen Jr.,1,Undirected
Bono,The Edge,1,Undirected
Anthony Zerbe,Robert Davi,1,Undirected
Anthony Zerbe,Frank Finlay,1,Undirected
Anthony Zerbe,Samantha Eggar,1,Undirected
Anthony Zerbe,Herbert Lom,1,Undirected
Robert Davi,Bobbie Phillips,1,Undirected
Robert Davi,Elizabeth Berkley,1,Undirected
Robert Davi,Kevin Peter Hall,1,Undirected
Robert Davi,Elaine Hendrix,1,Undirected
Robert Davi,Esai Morales,1,Undirected
Fisher Stevens,Debbie Reynolds,1,Undirected
Fisher Stevens,Lorraine Bracco,1,Undirected
Fisher Stevens,Jemima West,1,Undirected
Fisher Stevens,Kip Pardue,1,Undirected
Fisher Stevens,Perrey Reeves,1,Undirected
Fisher Stevens,Elizabeth Berkley,1,Undirected
Fisher Stevens,Robert Townsend,1,Undirected
Fisher Stevens,Melissa Gilbert,1,Undirected
Fisher Stevens,Mira Sorvino,1,Undirected
Jared Burke,Jeremy Crutchley,1,Undirected
Jeremy Crutchley,Ryan Kruger,1,Undirected
Maggie Cheung,Tony Chiu Wai Leung,3,Undirected
Maggie Cheung,Béatrice Dalle,1,Undirected
Maggie Cheung,Don McKellar,1,Undirected
Tony Chiu Wai Leung,Takeshi Kaneshiro,1,Undirected
Tony Chiu Wai Leung,Wei Zhao,1,Undirected
Tony Chiu Wai Leung,Elvis Tsui,1,Undirected
Tony Chiu Wai Leung,Hye-kyo Song,1,Undirected
Debbie Reynolds,Casey Kasem,1,Undirected
Debbie Reynolds,Nia Vardalos,1,Undirected
Debbie Reynolds,Cyd Charisse,1,Undirected
Debbie Reynolds,Rita Moreno,1,Undirected
Anders Holm,Randall Park,1,Undirected
Randall Park,Nat Faxon,1,Undirected
Randall Park,Amy Schumer,1,Undirected
Randall Park,Josh Segarra,1,Undirected
Dong-gun Jang,Jed Brophy,1,Undirected
Dong-gun Jang,Nicholas Tse,1,Undirected
Dong-gun Jang,Toby Leonard Moore,1,Undirected
Dong-gun Jang,Bin Won,1,Undirected
Dong-gun Jang,Min-sik Choi,1,Undirected
Jed Brophy,Liz Mullane,1,Undirected
Bob Hastings,Gavin MacLeod,1,Undirected
Gavin MacLeod,D. David Morin,1,Undirected
Gavin MacLeod,Hal Linden,1,Undirected
Dany Boon,Alice Pol,1,Undirected
Dany Boon,Malonn Lévana,1,Undirected
Dany Boon,Kad Merad,1,Undirected
Dany Boon,Michel Galabru,1,Undirected
Jamel Debbouze,Mélissa Theuriau,1,Undirected
Jamel Debbouze,Youssef Hajdi,1,Undirected
Jamel Debbouze,Isabelle Nanty,1,Undirected
Jamel Debbouze,Mathieu Kassovitz,1,Undirected
Mélissa Theuriau,Youssef Hajdi,1,Undirected
Bérénice Bejo,Beth Grant,1,Undirected
Anthony Chau-Sang Wong,Julian Sands,1,Undirected
Anthony Chau-Sang Wong,Lee Evans,1,Undirected
Anthony Chau-Sang Wong,Simon Yam,1,Undirected
Julian Sands,Lee Evans,1,Undirected
Julian Sands,Brian McNamara,1,Undirected
Julian Sands,Peter Jason,1,Undirected
Julian Sands,Lori Singer,1,Undirected
Julian Sands,Ben Browder,1,Undirected
Julian Sands,Denholm Elliott,1,Undirected
Julian Sands,Paula Marshall,1,Undirected
Julian Sands,Zach Galligan,1,Undirected
J. Smith-Cameron,Mandy Gonzalez,1,Undirected
William Bassett,William Zabka,2,Undirected
William Bassett,Bud Cort,1,Undirected
William Bassett,Louise Fletcher,1,Undirected
Annabeth Gish,Bruce Campbell,1,Undirected
Jeffrey Weissman,Thomas F. Wilson,2,Undirected
Thomas F. Wilson,J.J. Cohen,1,Undirected
Thomas F. Wilson,Larry the Cable Guy,1,Undirected
Thomas F. Wilson,Megyn Price,1,Undirected
Thomas F. Wilson,Clayton Rohner,1,Undirected
Thomas F. Wilson,Deborah Foreman,1,Undirected
Dan Bilzerian,Jerry Ferrara,1,Undirected
Dan Bilzerian,Scott Elrod,1,Undirected
Jerry Ferrara,Scott Elrod,1,Undirected
Jerry Ferrara,Alexa Havins,1,Undirected
Jerry Ferrara,Tony Devon,1,Undirected
Scott Elrod,Kelli Barrett,1,Undirected
Scott Elrod,Drew Waters,1,Undirected
Lori Petty,Rosie O'Donnell,1,Undirected
Lori Petty,Jeff Kober,1,Undirected
Javier Botet,Isabelle Nélisse,1,Undirected
Javier Botet,Megan Charpentier,1,Undirected
Javier Botet,Brian Dorton,1,Undirected
Javier Botet,Jan Cornet,1,Undirected
Dustin Fitzsimons,Marcella Lentz-Pope,1,Undirected
Dustin Fitzsimons,Debra Lynn Hull,1,Undirected
Dustin Fitzsimons,Mark Hengst,1,Undirected
Carmen Perez,Sabrina Revelle,1,Undirected
Carmen Perez,Sachiko Ishida,1,Undirected
Sabrina Revelle,Sachiko Ishida,1,Undirected
Kelly Rutherford,Roger Jackson,1,Undirected
Roger Jackson,David Arquette,1,Undirected
Roger Jackson,W. Earl Brown,1,Undirected
Wendy Crewson,Aubrey Poo,1,Undirected
Eric Schweig,Terry Kinney,1,Undirected
Eric Schweig,Christian Campbell,1,Undirected
Terry Kinney,Fredro Starr,1,Undirected
Terry Kinney,Sean Patrick Thomas,1,Undirected
Curtis Armstrong,Chris Andrew Ciulla,1,Undirected
Curtis Armstrong,Mike Muscat,1,Undirected
Curtis Armstrong,Sean Michael Afable,1,Undirected
Curtis Armstrong,Erik Estrada,1,Undirected
Jason Douglas,Powers Boothe,1,Undirected
Powers Boothe,Dana Delany,1,Undirected
Powers Boothe,Jasper Cole,1,Undirected
Powers Boothe,Jon Mack,1,Undirected
Powers Boothe,Josh Meyers,1,Undirected
Susan Ward,Matthew Settle,1,Undirected
Cheryl Penland,Jay O. Sanders,1,Undirected
Cheryl Penland,Sally Kirkland,1,Undirected
Jay O. Sanders,Sally Kirkland,1,Undirected
Sally Kirkland,Amy Madigan,1,Undirected
Sally Kirkland,Alex Emanuel,1,Undirected
Sally Kirkland,Elaine Bromka,1,Undirected
Marisol Nichols,Nia Long,1,Undirected
Nia Long,Portia de Rossi,1,Undirected
Nia Long,Marc Macaulay,1,Undirected
Nia Long,Evan Ross,1,Undirected
Nia Long,Mary McCormack,1,Undirected
Matthew Perry,Natasha Henstridge,2,Undirected
Matthew Perry,David Ramsey,1,Undirected
David Thornton,Kate Upton,1,Undirected
Kate Upton,Larry David,1,Undirected
Andrew Fiscella,Krista Allen,1,Undirected
Andrew Fiscella,Shantel VanSanten,1,Undirected
Andrew Fiscella,Lorna Raver,1,Undirected
Krista Allen,Shantel VanSanten,1,Undirected
Shantel VanSanten,John Robinson,1,Undirected
Shantel VanSanten,Julian Morris,1,Undirected
Joaquim de Almeida,Sam Jaeger,1,Undirected
Joaquim de Almeida,Mark Moses,1,Undirected
Joaquim de Almeida,Greg Germann,1,Undirected
Joaquim de Almeida,Kristoffer Polaha,1,Undirected
Lino Facioli,Mario Lopez,1,Undirected
Lino Facioli,Pink,1,Undirected
Mario Lopez,Pink,1,Undirected
Nick Cannon,Kaylee DeFer,1,Undirected
Nick Cannon,Jason Weaver,1,Undirected
Michael Jai White,Cicely Tyson,1,Undirected
Michael Jai White,Lamman Rucker,1,Undirected
Michael Jai White,Celina Jade,1,Undirected
Michael Jai White,Lateef Crowder,1,Undirected
Michael Jai White,Michael J. Morris,1,Undirected
Michael Jai White,Jon Osbeck,1,Undirected
Michael Jai White,Alex Meraz,1,Undirected
Michael Jai White,Jillian Murray,1,Undirected
Aidan Quinn,Paul Freeman,1,Undirected
Aidan Quinn,Arben Bajraktaraj,1,Undirected
Aidan Quinn,Rebecca De Mornay,1,Undirected
Aidan Quinn,Kendrick Cross,1,Undirected
Aidan Quinn,Sammy Nagi Njuguna,1,Undirected
Aidan Quinn,John Bell,1,Undirected
Aidan Quinn,Iben Hjejle,1,Undirected
Aidan Quinn,Jim Norton,1,Undirected
Aidan Quinn,Jane Adams,1,Undirected
Aidan Quinn,Janet Hubert,1,Undirected
Aidan Quinn,Ossie Davis,1,Undirected
Lindsay Sloane,Reginald Ballard,1,Undirected
Lindsay Sloane,Clare Kramer,1,Undirected
Jonathan Morgan Heit,Paul Scheer,1,Undirected
Dalia Hernández,Jonathan Brewer,1,Undirected
Dalia Hernández,Rudy Youngblood,1,Undirected
Jonathan Brewer,Rudy Youngblood,1,Undirected
Rudy Youngblood,Glen Powell,1,Undirected
Rudy Youngblood,Kiowa Gordon,1,Undirected
Topher Grace,Ellen Burstyn,2,Undirected
Debra Winger,Roscoe Lee Browne,1,Undirected
Debra Winger,Riley Smith,1,Undirected
Roscoe Lee Browne,Christine Cavanaugh,1,Undirected
Roscoe Lee Browne,John Vernon,1,Undirected
Roscoe Lee Browne,Philippe Noiret,1,Undirected
Ebon Moss-Bachrach,Zoe Lister-Jones,1,Undirected
Deneen Tyler,Gena Rowlands,1,Undirected
Deneen Tyler,Joy Bryant,1,Undirected
Gena Rowlands,Joy Bryant,1,Undirected
Gena Rowlands,Kevin Connolly,1,Undirected
Gena Rowlands,Britt Ekland,1,Undirected
Gena Rowlands,John Cassavetes,1,Undirected
Gena Rowlands,Catherine Deneuve,1,Undirected
Gena Rowlands,Danielle Darrieux,1,Undirected
Beau Garrett,Busy Philipps,1,Undirected
Busy Philipps,Allison Tolman,2,Undirected
Busy Philipps,Wendell Pierce,2,Undirected
Johnny Cannizzaro,Scott Vance,1,Undirected
Johnny Cannizzaro,Steve Schirripa,1,Undirected
Scott Vance,Steve Schirripa,1,Undirected
José Wilker,Lorraine Bracco,1,Undirected
José Wilker,Sean Connery,1,Undirected
Lorraine Bracco,Sean Connery,1,Undirected
Ian Whyte,Johnny Lewis,1,Undirected
Ian Whyte,Sam Trammell,1,Undirected
Ian Whyte,Texas Battle,1,Undirected
Johnny Lewis,Sam Trammell,1,Undirected
Johnny Lewis,Jason Beghe,1,Undirected
Johnny Lewis,Margaret Cho,1,Undirected
Johnny Lewis,Scout Taylor-Compton,1,Undirected
Sam Trammell,Amanda Schull,1,Undirected
Sam Trammell,Rebecca De Mornay,1,Undirected
Sam Trammell,Nat Wolff,1,Undirected
Sam Trammell,Shailene Woodley,1,Undirected
John Larroquette,Jonathan Hyde,1,Undirected
John Larroquette,Macaulay Culkin,1,Undirected
Jonathan Hyde,Macaulay Culkin,1,Undirected
Macaulay Culkin,Griffin Dunne,1,Undirected
Macaulay Culkin,Eva Amurri Martino,1,Undirected
Macaulay Culkin,Marilyn Manson,1,Undirected
Bobby Lee,Jeremy Owen,1,Undirected
Bobby Lee,Nelson Ascencio,1,Undirected
Jeremy Owen,Nelson Ascencio,1,Undirected
Julene Renee,Tom Virtue,1,Undirected
Aimee Teegarden,Shenae Grimes-Beech,1,Undirected
Aimee Teegarden,Zach Gilford,1,Undirected
Shenae Grimes-Beech,Callum Blue,1,Undirected
Shenae Grimes-Beech,Henry Ian Cusick,1,Undirected
Emma Bell,Jacqueline MacInnes Wood,1,Undirected
Emma Bell,Carly Schroeder,1,Undirected
Emma Bell,John Doman,1,Undirected
Angie Dickinson,David Margulies,1,Undirected
Angie Dickinson,Nancy Allen,1,Undirected
Angie Dickinson,Carroll O'Connor,1,Undirected
Angie Dickinson,Lee Marvin,1,Undirected
Ione Skye,Jimmy Fallon,1,Undirected
Ione Skye,KaDee Strickland,1,Undirected
Jimmy Fallon,KaDee Strickland,1,Undirected
Jimmy Fallon,Daniel Stern,1,Undirected
Jimmy Fallon,Beth Grant,1,Undirected
KaDee Strickland,Indiana Evans,1,Undirected
Bruce Dinsmore,Daniel Brochu,1,Undirected
Bruce Dinsmore,Melissa Altro,1,Undirected
Daniel Brochu,Melissa Altro,1,Undirected
Shaun Weiss,Lane Smith,1,Undirected
Stephen Henderson,Thomas Horn,1,Undirected
Stephen Henderson,Alice Olivia Clarke,1,Undirected
Stephen Henderson,Susan Blommaert,1,Undirected
Noah Bean,Patti D'Arbanville,1,Undirected
Noah Bean,Vanessa Aspillaga,1,Undirected
Patti D'Arbanville,Vanessa Aspillaga,1,Undirected
Anne Archer,Jason Robards,1,Undirected
Anne Archer,Lois Smith,1,Undirected
Anne Archer,Amir Talai,1,Undirected
Anne Archer,Nora Dunn,1,Undirected
David Fine,Jesse L. Martin,1,Undirected
David Fine,Austin Lyon,1,Undirected
Jesse L. Martin,Dolly Parton,1,Undirected
Jesse L. Martin,Jeremy Jordan,1,Undirected
Angela Bettis,Jimmy Smits,1,Undirected
Jimmy Smits,Carla Gallo,1,Undirected
Carlease Burke,Valerie Perri,1,Undirected
Catherine Deneuve,Justin Chambers,1,Undirected
Catherine Deneuve,Björk,1,Undirected
Catherine Deneuve,Ronit Elkabetz,1,Undirected
Catherine Deneuve,Émilie Dequenne,1,Undirected
Catherine Deneuve,Emmanuelle Béart,1,Undirected
Catherine Deneuve,Danielle Darrieux,1,Undirected
Catherine Deneuve,Jack O'Halloran,1,Undirected
Catherine Deneuve,Terence Hill,1,Undirected
Catherine Deneuve,Jean-Paul Belmondo,1,Undirected
Catherine Deneuve,Michel Bouquet,1,Undirected
Justin Chambers,Robert Pine,1,Undirected
Andrea Frankle,William Ragsdale,1,Undirected
David Proval,Carmen Argenziano,1,Undirected
David Proval,Travis Myers,1,Undirected
Cliff Robertson,Lillo Brancato,1,Undirected
Cliff Robertson,Dennis Burkley,1,Undirected
Cliff Robertson,Tracey Walter,1,Undirected
Cliff Robertson,Claire Bloom,1,Undirected
Cliff Robertson,Dick Van Patten,1,Undirected
Callum Blue,Jesse Borrego,1,Undirected
Callum Blue,Henry Ian Cusick,1,Undirected
John Doman,Spencer Treat Clark,1,Undirected
John Doman,Tom Guiry,1,Undirected
John Doman,Carly Schroeder,1,Undirected
Mira Sorvino,Steven Weber,1,Undirected
Mira Sorvino,Trieu Tran,1,Undirected
Mira Sorvino,Melissa Gilbert,1,Undirected
Steven Weber,Amy Yasbeck,1,Undirected
Dane Cook,Chelan Simmons,1,Undirected
Dane Cook,Riki Lindhome,1,Undirected
Dane Cook,Taran Killam,1,Undirected
Dane Cook,Vanessa Lengies,1,Undirected
Bobbie Phillips,Elizabeth Berkley,1,Undirected
Elizabeth Berkley,Robert Townsend,1,Undirected
Geraldine Chaplin,Oaklee Pendergast,1,Undirected
Geraldine Chaplin,Julie Christie,1,Undirected
Geraldine Chaplin,Klaus Kinski,1,Undirected
Geraldine Chaplin,Belén Rueda,1,Undirected
Geraldine Chaplin,Fernando Cayo,1,Undirected
Carol Kane,Isabelle Adjani,1,Undirected
Carol Kane,André the Giant,1,Undirected
Carol Kane,Shelley Duvall,1,Undirected
Isabelle Adjani,Jean-Hugues Anglade,1,Undirected
James Gammon,Tom Bower,1,Undirected
Patricia Heaton,Richard Epcar,1,Undirected
Patricia Heaton,Alex Kendrick,1,Undirected
Patricia Heaton,Sarah Drew,1,Undirected
Isabelle Nanty,Mathieu Kassovitz,1,Undirected
Isabelle Nanty,Christian Clavier,1,Undirected
Isabelle Nanty,Valérie Lemercier,1,Undirected
Mathieu Kassovitz,Sebastian Koch,1,Undirected
Mathieu Kassovitz,Ulrich Mühe,1,Undirected
Mathieu Kassovitz,Ben Chaplin,1,Undirected
Mathieu Kassovitz,Mark Gatiss,1,Undirected
Bob Saget,Mary-Kate Olsen,1,Undirected
Bob Saget,Riley Smith,1,Undirected
Mary-Kate Olsen,Riley Smith,1,Undirected
Mary-Kate Olsen,Erik Knudsen,1,Undirected
Mary-Kate Olsen,Aaron Yoo,1,Undirected
Mary-Kate Olsen,Method Man,1,Undirected
Riley Smith,Doug E. Doug,1,Undirected
Riley Smith,Jessika Van,1,Undirected
Andrew Daly,Michelle Krusiec,1,Undirected
Jeffrey Combs,Bridgette Wilson-Sampras,1,Undirected
Jeffrey Combs,Dulé Hill,1,Undirected
Jason Robards,Michael Horse,1,Undirected
Jason Robards,Richard Farnsworth,1,Undirected
Jason Robards,Bob Dylan,1,Undirected
Jason Robards,L.Q. Jones,1,Undirected
Jason Robards,Slim Pickens,1,Undirected
Eddie Rouse,Damian Jewan Lee,1,Undirected
Eddie Rouse,Paul Schneider,1,Undirected
Tim Guinee,Katie Aselton,1,Undirected
Tim Guinee,Catherine Bell,1,Undirected
Tim Guinee,Kevin Tighe,1,Undirected
Tim Guinee,Brighton Sharbino,1,Undirected
Bridgette Wilson-Sampras,John Aylward,1,Undirected
Bridgette Wilson-Sampras,Matt Ross,1,Undirected
Bridgette Wilson-Sampras,Clyde Kusatsu,1,Undirected
John Aylward,Matt Ross,1,Undirected
John Aylward,Matt Hill,1,Undirected
John Aylward,Paige Turco,1,Undirected
Matt Ross,Chris Young,1,Undirected
Greg Collins,John Gatins,1,Undirected
Greg Collins,Lou Saliba,1,Undirected
John Gatins,Lou Saliba,1,Undirected
Aaron Yoo,Sarah Roemer,2,Undirected
Aaron Yoo,Ari Graynor,1,Undirected
Aaron Yoo,Method Man,1,Undirected
Aaron Yoo,Scott Mechlowicz,1,Undirected
Sarah Roemer,Matthew Knight,1,Undirected
James Brolin,Ljubomir Kerekes,1,Undirected
James Brolin,Zan Marolt,1,Undirected
James Brolin,Marco Treviño,1,Undirected
James Brolin,Kenan Thompson,1,Undirected
James Brolin,Jared Gilman,1,Undirected
Ljubomir Kerekes,Zan Marolt,1,Undirected
John Mahoney,Frank Vincent,1,Undirected
John Mahoney,Michael McGlone,1,Undirected
Andy Lau,Takeshi Kaneshiro,2,Undirected
Andy Lau,Andy On,1,Undirected
Andy Lau,Sammo Kam-Bo Hung,1,Undirected
Andy Lau,Michael Wong,1,Undirected
Andy Lau,Terence Yin,1,Undirected
Andy Lau,Zhengyong Zhang,1,Undirected
Andy Lau,Anita Mui,1,Undirected
Andy Lau,Ho-Sung Pak,1,Undirected
Takeshi Kaneshiro,Wei Zhao,1,Undirected
Takeshi Kaneshiro,Zhengyong Zhang,1,Undirected
Kang-ho Song,Ah-sung Ko,1,Undirected
Kang-ho Song,Doona Bae,1,Undirected
Kang-ho Song,Dal-su Oh,1,Undirected
Kang-ho Song,Woo-sung Jung,1,Undirected
François Cluzet,Isabelle Carré,1,Undirected
François Cluzet,Benoît Magimel,1,Undirected
François Cluzet,Gilles Lellouche,1,Undirected
François Cluzet,Michel Serrault,1,Undirected
François Cluzet,Félix Moati,1,Undirected
François Cluzet,Marianne Denicourt,1,Undirected
Anushka Shetty,Prabhas,1,Undirected
Anushka Shetty,Tamannaah Bhatia,1,Undirected
Prabhas,Tamannaah Bhatia,1,Undirected
Arliss Howard,Brooklynn Proulx,1,Undirected
Arliss Howard,Michelle Nolden,1,Undirected
Brooklynn Proulx,Michelle Nolden,1,Undirected
Michelle Nolden,Gabriel Hogan,1,Undirected
Michelle Nolden,Katharine Isabelle,1,Undirected
Colin Ferguson,Salli Richardson-Whitfield,1,Undirected
Atticus Shaffer,Rachel Brosnahan,2,Undirected
Michael Hitchcock,Sean Maher,1,Undirected
Robert Vaughn,J.B. Smoove,1,Undirected
Wei Zhao,Karen Mok,1,Undirected
Wei Zhao,Kwok-Kwan Chan,1,Undirected
Eric Winter,Beverly D'Angelo,1,Undirected
Eric Winter,Danneel Ackles,1,Undirected
Max Casella,Phil Hartman,1,Undirected
Max Casella,Alex Karpovsky,1,Undirected
Phil Hartman,Mindy Sterling,1,Undirected
Elvis Tsui,Hye-kyo Song,1,Undirected
Kristen Johnston,Geoff Stults,1,Undirected
Kristen Johnston,Justin Kirk,1,Undirected
Bianca Collins,Blythe Auffarth,1,Undirected
Bianca Collins,Jiao Xu,1,Undirected
Blythe Auffarth,Jiao Xu,1,Undirected
Jiao Xu,Chi Chung Lam,1,Undirected
Jiao Xu,Yuqi Zhang,1,Undirected
Jeff Kober,Daniella Alonso,1,Undirected
D.B. Woodside,Daniella Alonso,1,Undirected
D.B. Woodside,Eduardo Verástegui,1,Undirected
Daniella Alonso,Eduardo Verástegui,1,Undirected
Daniella Alonso,Jesse Garcia,1,Undirected
Daniella Alonso,Roger Cross,1,Undirected
Eduardo Verástegui,Catalina Sandino Moreno,1,Undirected
Eduardo Verástegui,Santiago Cabrera,1,Undirected
Kari Matchett,Sonia Braga,1,Undirected
Kari Matchett,David Hewlett,1,Undirected
Kari Matchett,Molly Parker,1,Undirected
Kari Matchett,Paul Gross,1,Undirected
Sonia Braga,Joffre Soares,1,Undirected
Sonia Braga,Marcello Mastroianni,1,Undirected
Bill Nunn,Lin Shaye,1,Undirected
Bill Nunn,Ossie Davis,1,Undirected
Bill Nunn,Tisha Campbell-Martin,1,Undirected
Beth Grant,Dagmara Dominczyk,1,Undirected
Beth Grant,Matthew Glave,1,Undirected
Beth Grant,Greg Germann,1,Undirected
Beth Grant,Jenny Agutter,1,Undirected
Beth Grant,Patricia Belcher,1,Undirected
Beth Grant,Debrianna Mansini,1,Undirected
Dagmara Dominczyk,Matthew Glave,1,Undirected
Dagmara Dominczyk,Angela Sarafyan,1,Undirected
Dagmara Dominczyk,Jill Clayburgh,1,Undirected
Dagmara Dominczyk,Joseph Cross,1,Undirected
Dagmara Dominczyk,Donald Faison,1,Undirected
Mariah Carey,Max Beesley,1,Undirected
Mariah Carey,Valarie Pettiford,1,Undirected
Jason Marsden,Eric Lange,1,Undirected
Jason Marsden,Marshall Allman,1,Undirected
David Clennon,Richard Masur,1,Undirected
David Clennon,Dana Delany,1,Undirected
David Clennon,Jane Adams,1,Undirected
Nolan Gerard Funk,Gil Bellows,1,Undirected
Nolan Gerard Funk,Gus Van Sant,1,Undirected
Nolan Gerard Funk,James Deen,1,Undirected
Claudia Stedelin,Gregory Scott Cummins,1,Undirected
Claudia Stedelin,Ted Markland,1,Undirected
Gregory Scott Cummins,Ted Markland,1,Undirected
Leonor Varela,Usher Raymond,1,Undirected
Leonor Varela,Tenoch Huerta,1,Undirected
Leonor Varela,Sydelle Noel,1,Undirected
Leonor Varela,Justin Baldoni,1,Undirected
Leonor Varela,Luke Perry,1,Undirected
Usher Raymond,Boys II Men,1,Undirected
Usher Raymond,Sean Kingston,1,Undirected
Harry Treadaway,Jason Maza,1,Undirected
Bruce Goodchild,Jeffrey W. Jenkins,1,Undirected
Bruce Goodchild,Mike Howard,1,Undirected
Jeffrey W. Jenkins,Mike Howard,1,Undirected
David Walliams,Ryan Cartwright,1,Undirected
Maggie Siff,Nick Robinson,1,Undirected
Phylicia Rashad,Eddie Cibrian,1,Undirected
Anthony Simcoe,Christopher James Baker,1,Undirected
Alexandra Maria Lara,Martina Gedeck,1,Undirected
Alexandra Maria Lara,Bruno Ganz,1,Undirected
Alexandra Maria Lara,Diego Velazquez,1,Undirected
Alexandra Maria Lara,Omar Metwally,1,Undirected
Jim Meskimen,Neil Flynn,1,Undirected
Jim Meskimen,Patton Oswalt,1,Undirected
Jim Meskimen,Kevin Breznahan,1,Undirected
Jim Meskimen,Paul F. Tompkins,1,Undirected
Neil Flynn,Patton Oswalt,1,Undirected
Patton Oswalt,Paula Garcés,1,Undirected
Patton Oswalt,Collette Wolfe,1,Undirected
Laura Harring,Eddie Jemison,1,Undirected
Laura Harring,Marco St. John,1,Undirected
Laura Harring,Kay Panabaker,1,Undirected
Laura Harring,Jackie Burroughs,1,Undirected
Laura Harring,Ty Olsson,1,Undirected
Tamala Jones,Dave Foley,1,Undirected
Tamala Jones,Glenn Plummer,1,Undirected
Tamala Jones,Richard T. Jones,1,Undirected
Laura-Leigh,Molly C. Quinn,1,Undirected
Aleksey Serebryakov,Fedor Bondarchuk,1,Undirected
Aleksey Serebryakov,Yuliya Snigir,1,Undirected
Fedor Bondarchuk,Yuliya Snigir,1,Undirected
Fedor Bondarchuk,Konstantin Khabenskiy,1,Undirected
Fedor Bondarchuk,Sergey Garmash,1,Undirected
Barbara Carrera,Bernie Casey,1,Undirected
Barbara Carrera,Klaus Maria Brandauer,1,Undirected
Bernie Casey,Klaus Maria Brandauer,1,Undirected
Klaus Maria Brandauer,Susan Hogan,1,Undirected
Charlie McDermott,Collette Wolfe,1,Undirected
Charlie McDermott,Michael O'Keefe,1,Undirected
Charlie McDermott,Misty Upham,1,Undirected
Collette Wolfe,Dan Bakkedahl,1,Undirected
Collette Wolfe,Gillian Jacobs,1,Undirected
Reeve Carney,Tom Conti,1,Undirected
Blair Underwood,Mason Gamble,1,Undirected
Blair Underwood,Cicely Tyson,1,Undirected
Blair Underwood,Bobby Brown,1,Undirected
Blair Underwood,LisaGay Hamilton,1,Undirected
Kenan Thompson,Omid Abtahi,1,Undirected
Kenan Thompson,Lin Shaye,2,Undirected
Kenan Thompson,Rachel Blanchard,2,Undirected
Kenan Thompson,Sean Patrick Thomas,1,Undirected
Kenan Thompson,Diora Baird,1,Undirected
Kenan Thompson,Steve Howey,1,Undirected
Kenan Thompson,Geoff Stults,1,Undirected
Kenan Thompson,Josh Hopkins,1,Undirected
Kwok-Kwan Chan,Lynn Hung,1,Undirected
Kwok-Kwan Chan,Karen Mok,1,Undirected
William Hootkins,Sam J. Jones,1,Undirected
William Hootkins,Rosalind Ayres,1,Undirected
William Hootkins,Chris Owen,1,Undirected
William Hootkins,Ayla Kell,1,Undirected
William Hootkins,George Coe,1,Undirected
Catherine Dyer,Quinton Aaron,1,Undirected
Quinton Aaron,Melonie Diaz,1,Undirected
Aimee Garcia,Jon Foo,1,Undirected
Aimee Garcia,James Read,1,Undirected
Aimee Garcia,Tyrone Giordano,1,Undirected
Aimee Garcia,Jossara Jinaro,1,Undirected
Aimee Garcia,Rene Rosado,1,Undirected
Aimee Garcia,Wesley Jonathan,1,Undirected
Jon Foo,Johnny Nguyen,1,Undirected
Jon Foo,Nathan Jones,1,Undirected
Nichelle Nichols,Walter Koenig,4,Undirected
Nichelle Nichols,Kirstie Alley,1,Undirected
Walter Koenig,DeForest Kelley,1,Undirected
Walter Koenig,James Doohan,1,Undirected
Amy Schumer,Josh Segarra,1,Undirected
Nicole Sullivan,Sherri Shepherd,1,Undirected
Lauren Ambrose,Beth Broderick,1,Undirected
Lauren Ambrose,Kathleen Robertson,1,Undirected
Jordan Lund,Marg Helgenberger,1,Undirected
Jordan Lund,Natasha Henstridge,1,Undirected
Marg Helgenberger,Natasha Henstridge,1,Undirected
Natasha Henstridge,Paul Ben-Victor,1,Undirected
Natasha Henstridge,Zach Grenier,1,Undirected
Natasha Henstridge,CJ Adams,1,Undirected
Natasha Henstridge,Erin Pitt,1,Undirected
Amanda Wyss,Lin Shaye,2,Undirected
Lin Shaye,Rachel Blanchard,2,Undirected
Lin Shaye,Dan Byrd,1,Undirected
Lin Shaye,Julie Gonzalo,1,Undirected
Lin Shaye,Shannon Tweed,1,Undirected
Lin Shaye,Hayley Kiyoko,1,Undirected
Lin Shaye,Leigh Whannell,2,Undirected
Lin Shaye,Barbara Hershey,2,Undirected
Lin Shaye,Daren Kagasoff,1,Undirected
Lin Shaye,Shelley Hennig,1,Undirected
Lin Shaye,Philip Friedman,1,Undirected
Lin Shaye,Beau Knapp,1,Undirected
Lin Shaye,Olivia Cooke,1,Undirected
Anne Parillaud,Judith Godrèche,1,Undirected
Kevin Connolly,Derek Luke,1,Undirected
Kiersey Clemons,Rick Fox,1,Undirected
Charlyne Yi,Mackenzie Aladjem,1,Undirected
Charlyne Yi,Harold Ramis,1,Undirected
Charlyne Yi,Martin Starr,1,Undirected
Craig Parker,Steven Mackintosh,1,Undirected
Steven Mackintosh,Jodie Whittaker,1,Undirected
Steven Mackintosh,Jerry Nelson,1,Undirected
Steven Mackintosh,Anupam Kher,1,Undirected
Steven Mackintosh,Madhavan,1,Undirected
Christine Taylor,Brenda Strong,1,Undirected
Christine Taylor,Rachel True,1,Undirected
Heather O'Rourke,Zelda Rubinstein,3,Undirected
Beau Bridges,Jamie Hector,1,Undirected
Beau Bridges,Nick Krause,1,Undirected
Beau Bridges,Shailene Woodley,1,Undirected
Beau Bridges,Nastassja Kinski,1,Undirected
Beau Bridges,Ryan McDonald,1,Undirected
Danneel Ackles,Beverly D'Angelo,1,Undirected
Ashley Williams,Kirsten Day,1,Undirected
Ashley Williams,Steve Howey,1,Undirected
Kirsten Day,Steve Howey,1,Undirected
Steve Howey,Holly Valance,1,Undirected
Steve Howey,Sarah Carter,1,Undirected
Steve Howey,Diora Baird,1,Undirected
Jodi Lyn O'Keefe,Logan Browning,1,Undirected
Jodi Lyn O'Keefe,Marla Sokoloff,1,Undirected
Logan Browning,Adam Ratcliffe,1,Undirected
Joyce Van Patten,Tatum O'Neal,1,Undirected
Joyce Van Patten,Vic Morrow,1,Undirected
Tatum O'Neal,Vic Morrow,1,Undirected
Vic Morrow,Al Leong,1,Undirected
Raul Julia,Carel Struycken,1,Undirected
Ed Stoppard,Emilia Fox,1,Undirected
Ed Stoppard,Frank Finlay,1,Undirected
Emilia Fox,Frank Finlay,1,Undirected
Frank Finlay,Peter Firth,1,Undirected
Frank Finlay,Steve Railsback,1,Undirected
Frank Finlay,Samantha Eggar,1,Undirected
Frank Finlay,Samuel West,1,Undirected
Hiam Abbass,Keisha Castle-Hughes,1,Undirected
Hiam Abbass,Shaun Toub,1,Undirected
Keisha Castle-Hughes,Shaun Toub,1,Undirected
Keisha Castle-Hughes,Luke Ford,1,Undirected
Keisha Castle-Hughes,Rawiri Paratene,1,Undirected
Keisha Castle-Hughes,Tammy Davis,1,Undirected
Shaun Toub,Khalid Abdalla,1,Undirected
Shaun Toub,Mustafa Haidari,1,Undirected
Brian Van Holt,Paris Hilton,2,Undirected
Brian Van Holt,Callie Thorne,1,Undirected
Brian Van Holt,David Heyman,1,Undirected
Paris Hilton,Paul Sorvino,1,Undirected
Jesse Tyler Ferguson,Joseph Cross,1,Undirected
Joseph Cross,Jill Clayburgh,1,Undirected
Douglas Smith,Kim Ly,1,Undirected
Douglas Smith,Caleb Landry Jones,1,Undirected
Carmen Ejogo,Cicely Tyson,1,Undirected
Carmen Ejogo,Jim Gaffigan,1,Undirected
Cicely Tyson,Eva Marie Saint,1,Undirected
Cicely Tyson,Luke Benward,1,Undirected
Cicely Tyson,Brad James,1,Undirected
Cicely Tyson,Tamara Taylor,1,Undirected
Bill Bailey,Eros Vlahos,1,Undirected
Bill Bailey,Billie Whitelaw,1,Undirected
Bill Bailey,Joe Cornish,1,Undirected
Frank Whaley,Heather Bucha,1,Undirected
Frank Whaley,Lynn Cohen,1,Undirected
Nicki Aycox,Billy Aaron Brown,1,Undirected
Nicki Aycox,Jonathan Breck,1,Undirected
Benjamin J. Cain Jr.,Ken Arnold,1,Undirected
Benjamin J. Cain Jr.,Richard Cetrone,1,Undirected
Ken Arnold,Richard Cetrone,1,Undirected
Drake Bell,Marion Ross,1,Undirected
Drake Bell,Amanda Troop,1,Undirected
Drake Bell,Alona Tal,1,Undirected
Alona Tal,Michael Beach,1,Undirected
Portia de Rossi,Shannon Elizabeth,1,Undirected
Shannon Elizabeth,Jason Mewes,1,Undirected
Shannon Elizabeth,Embeth Davidtz,1,Undirected
Shannon Elizabeth,Shad Moss,1,Undirected
Jim Gaffigan,Michael Mosley,1,Undirected
Jim Gaffigan,Richard T. Jones,1,Undirected
Jim Gaffigan,Jeremy Davies,1,Undirected
Jim Gaffigan,Cree Kelly,1,Undirected
Jim Gaffigan,Mike Eshaq,1,Undirected
Jim Gaffigan,Ann Dowd,1,Undirected
Jim Gaffigan,Matthew Cowles,1,Undirected
Michael Mosley,Richard T. Jones,1,Undirected
Richard T. Jones,John Enos III,1,Undirected
Alex Jennings,Lucy Gordon,1,Undirected
Alex Jennings,Roger Allam,1,Undirected
Alex Jennings,Sylvia Syms,1,Undirected
Wendell Pierce,Eliza Coupe,1,Undirected
Wendell Pierce,Allison Tolman,2,Undirected
Austin Nichols,Derek Luke,1,Undirected
Austin Nichols,Mehcad Brooks,1,Undirected
Brooke Shields,Matt Prokop,1,Undirected
Brooke Shields,Christopher Atkins,1,Undirected
Brooke Shields,Leo McKern,1,Undirected
Matt Prokop,Corbin Bleu,1,Undirected
Matt Prokop,Lucas Grabeel,1,Undirected
Cariba Heine,Richard Brancatisano,1,Undirected
Christopher Rich,Dann Florek,1,Undirected
Christopher Rich,Rosanna Arquette,1,Undirected
Dann Florek,Rosanna Arquette,1,Undirected
Rosanna Arquette,Joss Ackland,1,Undirected
Rosanna Arquette,Lauren German,1,Undirected
Rosanna Arquette,Ally Sheedy,1,Undirected
Rosanna Arquette,John Doe,1,Undirected
Michiel Huisman,Ellen Burstyn,1,Undirected
Michiel Huisman,Sebastian Koch,1,Undirected
Bashar Rahal,Shawn Doyle,1,Undirected
Bashar Rahal,Ned Bellamy,1,Undirected
Bashar Rahal,Sergej Trifunovic,1,Undirected
Bashar Rahal,Ralitsa Paskaleva,1,Undirected
Bashar Rahal,Shelly Varod,1,Undirected
Lela Rochon,Paul Sorvino,1,Undirected
Lela Rochon,Ray Nicholas,1,Undirected
Paul Sorvino,Ray Nicholas,1,Undirected
Paul Sorvino,Angus T. Jones,1,Undirected
Paul Sorvino,Claudia Ferri,1,Undirected
Paul Sorvino,Luke Kirby,1,Undirected
Paul Sorvino,Shawn Hatosy,1,Undirected
Paul Sorvino,Barry Bostwick,1,Undirected
Paul Sorvino,Terrance Zdunich,1,Undirected
Benno Fürmann,Rüdiger Vogler,1,Undirected
Benno Fürmann,Sebastian Blomberg,1,Undirected
Jade Kindar-Martin,Soleyman Pierini,1,Undirected
Angus Macfadyen,Lee Arenberg,1,Undirected
Angus Macfadyen,Marley Shelton,1,Undirected
Angus Macfadyen,Shawnee Smith,1,Undirected
Lee Arenberg,Marley Shelton,1,Undirected
Marley Shelton,Geoffrey Arend,1,Undirected
Marley Shelton,Johnny Whitworth,1,Undirected
Marley Shelton,Ellen Burstyn,1,Undirected
Marley Shelton,Jennifer Butler,1,Undirected
Marley Shelton,Jim Cody Williams,1,Undirected
Marley Shelton,Scott Adsit,1,Undirected
Jeffrey Dover,Jeremy W. Auman,1,Undirected
Jeffrey Dover,Tobey Maguire,1,Undirected
Jeremy W. Auman,Tobey Maguire,1,Undirected
Eduard Fernández,Hanaa Bouchaib,1,Undirected
Eduard Fernández,Maricel Álvarez,1,Undirected
Hanaa Bouchaib,Maricel Álvarez,1,Undirected
Beverly D'Angelo,Kirstie Alley,1,Undirected
Beverly D'Angelo,Katharine McPhee,1,Undirected
Beverly D'Angelo,Levon Helm,1,Undirected
Beverly D'Angelo,George DiCenzo,1,Undirected
Aml Ameen,Jacob Latimore,1,Undirected
June Diane Raphael,Melissa McMeekin,1,Undirected
Melissa McMeekin,Jack McGee,1,Undirected
Ellen Burstyn,Fionnula Flanagan,1,Undirected
Ellen Burstyn,Matthew Settle,1,Undirected
Ellen Burstyn,Lee J. Cobb,1,Undirected
Ellen Burstyn,Linda Blair,1,Undirected
Ellen Burstyn,Jennifer Butler,1,Undirected
Ellen Burstyn,Louise Lasser,1,Undirected
Hudson Leick,Kevin J. O'Connor,1,Undirected
Kevin J. O'Connor,Lynn Redgrave,1,Undirected
Rumi Hiiragi,Yuria Nara,1,Undirected
Rumi Hiiragi,Yûki Amami,1,Undirected
Yuria Nara,Yûki Amami,1,Undirected
Hayley Lovitt,Melissa Benoist,1,Undirected
Hayley Lovitt,Tiago Riani,1,Undirected
Melissa Benoist,Tiago Riani,1,Undirected
Eva Marie Saint,Vincent Perez,1,Undirected
Eva Marie Saint,Luke Benward,1,Undirected
Vincent Perez,Gustaf Skarsgård,1,Undirected
Fana Mokoena,Terry Pheto,1,Undirected
Fana Mokoena,Tony Kgoroge,1,Undirected
Terry Pheto,Tony Kgoroge,1,Undirected
Terry Pheto,Patrick Lyster,1,Undirected
Terry Pheto,Tyrone Keogh,1,Undirected
Terry Pheto,Bonnie Henna,1,Undirected
Terry Pheto,Derek Luke,1,Undirected
Terry Pheto,Nambitha Mpumlwana,1,Undirected
Terry Pheto,Rapulana Seiphemo,1,Undirected
Brianne Brozey,Joe Ochman,1,Undirected
Brianne Brozey,Kyle Hebert,1,Undirected
Joe Ochman,Kyle Hebert,1,Undirected
Dato Bakhtadze,Veronika Vernadskaya,1,Undirected
Ryan Guzman,Stephen Boss,1,Undirected
Ryan Guzman,Adam Hicks,1,Undirected
Ryan Guzman,James Wolk,1,Undirected
Ryan Guzman,Jason Ritter,1,Undirected
Stephen Boss,Facundo Lombard,1,Undirected
Rachel Blanchard,Eddie Kaye Thomas,1,Undirected
Rachel Blanchard,Jason London,1,Undirected
Rachel Blanchard,Paulo Costanzo,1,Undirected
Eddie Jemison,Marco St. John,1,Undirected
Eddie Jemison,Lew Temple,1,Undirected
Marco St. John,Laura Spencer,1,Undirected
Robert John Burke,Eli Marienthal,1,Undirected
Robert John Burke,Natasha Gregson Wagner,1,Undirected
Kenny Baker,Anthony Daniels,1,Undirected
Kenny Baker,Shelley Duvall,1,Undirected
Kenny Baker,Peter Cushing,1,Undirected
David Kross,Susanne Lothar,1,Undirected
David Gallagher,Kyra Sedgwick,1,Undirected
David Gallagher,Edie Falco,1,Undirected
Kyra Sedgwick,Madison Davenport,2,Undirected
Kyra Sedgwick,Natasha Calis,2,Undirected
Héctor Jiménez,Jizelle Jade,1,Undirected
Héctor Jiménez,Erick Elias,1,Undirected
Steve Bannos,Wendi McLendon-Covey,1,Undirected
Wendi McLendon-Covey,Carlos Alazraqui,1,Undirected
Wendi McLendon-Covey,William Morgan Sheppard,1,Undirected
Cas Anvar,Russell Peters,1,Undirected
Cas Anvar,George Newbern,1,Undirected
Danny Nucci,Illeana Douglas,1,Undirected
Danny Nucci,Michael DeLorenzo,1,Undirected
Illeana Douglas,Michael DeLorenzo,1,Undirected
Illeana Douglas,Kathryn Erbe,1,Undirected
Illeana Douglas,Lusia Strus,1,Undirected
Illeana Douglas,Ally Walker,1,Undirected
Illeana Douglas,Joanne Whalley,1,Undirected
Illeana Douglas,Keith Carradine,1,Undirected
Judy Davis,Julian Richings,1,Undirected
Judy Davis,Richard Wilson,1,Undirected
Judy Davis,Alessandra Mastronardi,1,Undirected
Judy Davis,Ornella Muti,1,Undirected
Judy Davis,Lynn Cohen,1,Undirected
Julian Richings,Aaron Ashmore,1,Undirected
Julian Richings,Lindy Booth,1,Undirected
Julian Richings,Kathleen Munroe,1,Undirected
Julian Richings,Kate Dickie,1,Undirected
Julian Richings,Amanda Plummer,1,Undirected
Julian Richings,Sarah Polley,1,Undirected
Julian Richings,David Hewlett,1,Undirected
Julian Richings,Nicole de Boer,1,Undirected
John Belushi,Aretha Franklin,1,Undirected
John Belushi,Ray Charles,1,Undirected
Holmes Osborne,Ken Howard,1,Undirected
Ken Howard,Ray McKinnon,1,Undirected
Ken Howard,Howard Caine,1,Undirected
Kyle Schmid,Laura Ramsey,1,Undirected
Kyle Schmid,Toby Hemingway,1,Undirected
Pat Hingle,Roberts Blossom,1,Undirected
Roberts Blossom,Barbara Hershey,1,Undirected
Roberts Blossom,Irvin Kershner,1,Undirected
Mike Doyle,Nora Dunn,1,Undirected
Nora Dunn,Alix Freihage,1,Undirected
Nora Dunn,Lina Esco,1,Undirected
Nora Dunn,Amir Talai,1,Undirected
Marc Anthony,Sonja Sohn,1,Undirected
Sonja Sohn,Bonz Malone,1,Undirected
Sonja Sohn,Saul Williams,1,Undirected
Andrea Martin,Joe Flaherty,1,Undirected
Andrea Martin,John Cameron Mitchell,1,Undirected
Andrea Martin,Miriam Shor,1,Undirected
George Kennedy,Priscilla Presley,2,Undirected
George Kennedy,Cjon Saulsberry,2,Undirected
George Kennedy,Griffin Cleveland,2,Undirected
George Kennedy,O.J. Simpson,1,Undirected
George Kennedy,Ezra Miller,1,Undirected
George Kennedy,Dorothy Lamour,1,Undirected
Rollo Weeks,Simon Callow,1,Undirected
Simon Callow,Martin Clunes,1,Undirected
Simon Callow,James Fleet,1,Undirected
Simon Callow,Denholm Elliott,1,Undirected
Hope Davis,Howard Hesseman,1,Undirected
Hope Davis,June Squibb,1,Undirected
Hope Davis,Christopher Evan Welch,1,Undirected
Hope Davis,James Biberi,1,Undirected
Hope Davis,Spencer Treat Clark,1,Undirected
Hope Davis,Eamonn Walker,1,Undirected
Brian McNamara,Peter Jason,1,Undirected
Peter Jason,George 'Buck' Flower,1,Undirected
Peter Jason,Meg Foster,1,Undirected
Chita Rivera,Jayne Eastwood,1,Undirected
Jayne Eastwood,Aaron Hughes,1,Undirected
Joey Lauren Adams,Jason Mewes,1,Undirected
Joey Lauren Adams,Matthew Lawrence,1,Undirected
Dillon Casey,Lucas Bryant,1,Undirected
Heather Matarazzo,Barry Watson,1,Undirected
Heather Matarazzo,Harland Williams,1,Undirected
Heather Matarazzo,Christina Vidal,1,Undirected
Heather Matarazzo,Ken Leung,1,Undirected
Heather Matarazzo,Edie Falco,1,Undirected
Heather Matarazzo,Lynn Cohen,1,Undirected
Spencer Treat Clark,Tom Guiry,1,Undirected
Spencer Treat Clark,Ashley Bell,1,Undirected
Tom Guiry,Ryan Donowho,1,Undirected
Tom Guiry,Zachary Knighton,1,Undirected
Mike Colter,Emma Caulfield,1,Undirected
Bern Cohen,Yetta Gottesman,1,Undirected
Melinda Dillon,Teri Garr,1,Undirected
Howard Hesseman,June Squibb,1,Undirected
Cory Hardrict,Daniel Rindress-Kay,1,Undirected
Cory Hardrict,Vincent Leclerc,1,Undirected
Daniel Rindress-Kay,Vincent Leclerc,1,Undirected
Jean Smart,Mark Webber,1,Undirected
Zach Gilford,Christiana Leucas,1,Undirected
Zach Gilford,James Burnett,1,Undirected
Zach Gilford,Bobby Coleman,1,Undirected
Zach Gilford,Roberta Valderrama,1,Undirected
Zach Gilford,Allison Miller,1,Undirected
Zach Gilford,Vanessa Ray,1,Undirected
Fionnula Flanagan,Tony Nappo,1,Undirected
Fionnula Flanagan,Matthew Settle,1,Undirected
Fionnula Flanagan,Elaine Cassidy,1,Undirected
Fionnula Flanagan,Eric Sykes,1,Undirected
Fionnula Flanagan,Wale Ojo,1,Undirected
Tony Nappo,Pedro Miguel Arce,1,Undirected
Tony Nappo,Emmanuelle Vaugier,1,Undirected
Tony Nappo,Shawnee Smith,1,Undirected
Tony Nappo,Charlotte Sullivan,1,Undirected
Antony Starr,Bonnie Somerville,1,Undirected
Antony Starr,Scott Adsit,1,Undirected
Antony Starr,Craig Hall,1,Undirected
Bonnie Somerville,Scott Adsit,1,Undirected
Scott Adsit,Jim Cody Williams,1,Undirected
Christa B. Allen,Justin Chon,1,Undirected
Christa B. Allen,Max Adler,1,Undirected
Audrey Fleurot,Nina Arianda,1,Undirected
Nina Arianda,John Sessions,1,Undirected
John Savage,Raphael Sbarge,1,Undirected
John Savage,Jensen Ackles,1,Undirected
John Savage,Danny Aiello,1,Undirected
John Savage,Juan Fernández,1,Undirected
John Savage,Emily Nelson,1,Undirected
John Savage,Kristi Clainos,1,Undirected
Anne Meara,Brenda Song,1,Undirected
Anne Meara,Steve Guttenberg,1,Undirected
Priscilla Presley,O.J. Simpson,1,Undirected
Patrick Macnee,Tanya Roberts,1,Undirected
Patrick Macnee,Dee Wallace,1,Undirected
Tanya Roberts,Donovan Scott,1,Undirected
Tanya Roberts,Ted Wass,1,Undirected
Geraldine McEwan,Mark Gatiss,1,Undirected
Geraldine McEwan,Peter Sallis,1,Undirected
Mark Gatiss,Peter Sallis,1,Undirected
Mark Gatiss,Ben Chaplin,1,Undirected
Frankie Muniz,Chris Gauthier,1,Undirected
Frankie Muniz,Samaire Armstrong,1,Undirected
Frankie Muniz,Donald Faison,2,Undirected
Frankie Muniz,Lee Majors,2,Undirected
Frankie Muniz,Cody Linley,1,Undirected
Alfie Allen,Brenda Blethyn,1,Undirected
Alfie Allen,Mem Ferda,1,Undirected
Brenda Blethyn,Simon Woods,1,Undirected
Brenda Blethyn,Talulah Riley,1,Undirected
Brenda Blethyn,Kath Soucie,1,Undirected
Brenda Blethyn,Annette Badland,1,Undirected
Brenda Blethyn,Aunjanue Ellis,1,Undirected
Brenda Blethyn,Raven Goodwin,1,Undirected
Luisa Ranieri,Marcia DeBonis,1,Undirected
Kate Capshaw,Ken Takakura,1,Undirected
Kate Capshaw,Amrish Puri,1,Undirected
Larry David,Conleth Hill,1,Undirected
Larry David,George W. Bush,1,Undirected
Larry David,Sheryl Crow,1,Undirected
Derek Luke,Mehcad Brooks,1,Undirected
Derek Luke,Sarah Carter,1,Undirected
Derek Luke,Keshia Knight Pulliam,1,Undirected
Derek Luke,Bonnie Henna,1,Undirected
Mehcad Brooks,Danielle Savre,1,Undirected
Mehcad Brooks,Steffinnie Phrommany,1,Undirected
Bernardo Saracino,Edgar Arreola,1,Undirected
Edgar Arreola,Joseph Julian Soria,1,Undirected
Oona Laurence,Isiah Whitlock Jr.,1,Undirected
Emmanuelle Vaugier,Paulo Costanzo,1,Undirected
Emmanuelle Vaugier,Shawnee Smith,1,Undirected
Christian Stolte,Danny Rhodes,1,Undirected
Mark Rendall,Megan Franich,1,Undirected
Mark Rendall,Jordan Scovel,1,Undirected
Yaphet Kotto,Maria Conchita Alonso,1,Undirected
Yaphet Kotto,Richard Dawson,1,Undirected
Yaphet Kotto,Bolaji Badejo,1,Undirected
Yaphet Kotto,Clifton James,1,Undirected
Yaphet Kotto,Ivan Dixon,1,Undirected
Maria Conchita Alonso,Richard Dawson,1,Undirected
Maria Conchita Alonso,Kate del Castillo,1,Undirected
Tisha Campbell-Martin,Ossie Davis,1,Undirected
Tisha Campbell-Martin,Helen Martin,1,Undirected
Tisha Campbell-Martin,William Schallert,1,Undirected
Jessica Barden,John Macmillan,1,Undirected
Jessica Barden,Vicky Krieps,1,Undirected
John Macmillan,Vicky Krieps,1,Undirected
Jasika Nicole,Yaya DaCosta,1,Undirected
Yaya DaCosta,Frankie Valli,1,Undirected
Yaya DaCosta,Eamonn Walker,1,Undirected
Yaya DaCosta,Mia Wasikowska,1,Undirected
Jurnee Smollett-Bell,Shad Moss,1,Undirected
Jurnee Smollett-Bell,Diahann Carroll,1,Undirected
Jurnee Smollett-Bell,Lynn Whitfield,1,Undirected
Alan Oppenheimer,Tom Kane,1,Undirected
Alan Oppenheimer,Barret Oliver,1,Undirected
Tom Kane,Jennifer Hale,1,Undirected
Tom Kane,James Arnold Taylor,1,Undirected
Luke Mably,Pollyanna McIntosh,1,Undirected
Huell Howser,Robert Lopez,1,Undirected
Graham Beckel,Kirk Baltz,1,Undirected
Aunjanue Ellis,Josh Hopkins,1,Undirected
Aunjanue Ellis,Tika Sumpter,1,Undirected
Aunjanue Ellis,Tamara Tunie,1,Undirected
Aunjanue Ellis,Raven Goodwin,1,Undirected
Aunjanue Ellis,Jason Stuart,1,Undirected
Josh Hopkins,Tika Sumpter,1,Undirected
Josh Hopkins,Geoff Stults,1,Undirected
Tika Sumpter,Bryan Callen,1,Undirected
Tika Sumpter,Larry the Cable Guy,1,Undirected
Rhys Wakefield,Adelaide Kane,1,Undirected
Aisha Hinds,Daniel Stern,1,Undirected
Daniel Stern,Steve Guttenberg,1,Undirected
Daniel Stern,Sam McMurray,1,Undirected
Cameron Bright,Munro Chambers,1,Undirected
Cameron Bright,Todd Louiso,1,Undirected
Drea de Matteo,Hugh Dillon,1,Undirected
Doug E. Doug,Malik Yoba,1,Undirected
David Hewlett,Delphine Chanéac,1,Undirected
David Hewlett,Sarah Polley,1,Undirected
David Hewlett,Angelo Tsarouchas,1,Undirected
David Hewlett,Marie-Josée Croze,1,Undirected
David Hewlett,Nicole de Boer,1,Undirected
David Hewlett,Paul McGillion,2,Undirected
Delphine Chanéac,Sarah Polley,1,Undirected
Sarah Polley,Scott Wolf,1,Undirected
Sarah Polley,Simon Baker,1,Undirected
Sarah Polley,Amanda Plummer,1,Undirected
Eddie Cibrian,Jack Plotnick,1,Undirected
Lobo Sebastian,Robert Costanzo,1,Undirected
Christopher Cousins,Jessica Paré,2,Undirected
Christopher Cousins,Mark Camacho,2,Undirected
Jessica Paré,Mark Camacho,2,Undirected
Grace Phipps,Reid Ewing,1,Undirected
Grace Phipps,Sandra Vergara,1,Undirected
Reid Ewing,Sandra Vergara,1,Undirected
Michael Greyeyes,Landon Liboiron,1,Undirected
Christiana Leucas,James Burnett,1,Undirected
Stark Sands,Terence Maynard,2,Undirected
Atom Egoyan,Paul Gross,1,Undirected
Paul Gross,Molly Parker,1,Undirected
Björn Hlynur Haraldsson,Ingvar Eggert Sigurðsson,1,Undirected
Björn Hlynur Haraldsson,Ólafur Darri Ólafsson,1,Undirected
Ingvar Eggert Sigurðsson,Ólafur Darri Ólafsson,1,Undirected
Ingvar Eggert Sigurðsson,Charlotte Bøving,1,Undirected
Ingvar Eggert Sigurðsson,Sigríður María Egilsdóttir,1,Undirected
Ned Bellamy,Richard Roundtree,1,Undirected
Ned Bellamy,Sergej Trifunovic,1,Undirected
James Biberi,Christopher Evan Welch,1,Undirected
Emir Kusturica,Saïd Taghmaoui,1,Undirected
Emir Kusturica,Daniel Auteuil,1,Undirected
Emir Kusturica,Yves Jacques,1,Undirected
Bill Paterson,Lucy Boynton,1,Undirected
Nicholas Tse,Toby Leonard Moore,1,Undirected
Nicholas Tse,Bingbing Fan,1,Undirected
Nicholas Tse,Simon Yam,1,Undirected
Holly Valance,Sarah Carter,1,Undirected
Sarah Carter,Keegan Connor Tracy,1,Undirected
Sarah Carter,Michael Landes,1,Undirected
Kad Merad,Louise Bourgoin,1,Undirected
Kad Merad,Sandrine Kiberlain,1,Undirected
Kad Merad,Michel Galabru,1,Undirected
Louise Bourgoin,Sandrine Kiberlain,1,Undirected
Sandrine Kiberlain,Edouard Baer,1,Undirected
Sandrine Kiberlain,Roschdy Zem,1,Undirected
Patrick Lyster,Tyrone Keogh,1,Undirected
Konstantin Khabenskiy,Sergey Garmash,1,Undirected
Konstantin Khabenskiy,Aleksey Chadov,1,Undirected
Konstantin Khabenskiy,Zhanna Friske,1,Undirected
Konstantin Khabenskiy,Elena Lyadova,1,Undirected
Konstantin Khabenskiy,Eugenia Khirivskaya,1,Undirected
Sergey Garmash,Aleksandr Bashirov,1,Undirected
Sergey Garmash,Evgeniy Mironov,1,Undirected
Birgitte Hjort Sørensen,Hana Mae Lee,1,Undirected
Hana Mae Lee,Ben Platt,1,Undirected
Dallas Roberts,Tyler Hilton,1,Undirected
Dallas Roberts,Poppy Montgomery,1,Undirected
Amanda Schull,Kirk Acevedo,1,Undirected
Amanda Schull,Ethan Stiefel,1,Undirected
Amanda Schull,Susan May Pratt,1,Undirected
Amanda Schull,Rebecca De Mornay,1,Undirected
Bradley Pierce,Mark Williams,1,Undirected
Mark Williams,Mia Wasikowska,1,Undirected
Mark Williams,Michael McElhatton,1,Undirected
David Julian Hirsh,Dick Clark,1,Undirected
David Julian Hirsh,Jennifer Hall,1,Undirected
Dick Clark,Jennifer Hall,1,Undirected
Dick Clark,Bill Clinton,1,Undirected
Angel Coulby,Jason Lewis,1,Undirected
Neil Brown Jr.,R. Marcos Taylor,1,Undirected
Neil Brown Jr.,Leslie Hope,1,Undirected
Eddie Cahill,Kenneth Mitchell,1,Undirected
Alex Rocco,Katherine Helmond,1,Undirected
Haruma Miura,Shun Oguri,1,Undirected
Haruma Miura,Yû Aoi,1,Undirected
Shun Oguri,Yû Aoi,1,Undirected
Rebecca De Mornay,Jason Ritter,1,Undirected
Rebecca De Mornay,Oliver James,1,Undirected
Topol,Rosalind Harris,1,Undirected
Ann Talman,David Sparrow,1,Undirected
Ann Talman,Lilli Lavine,1,Undirected
David Sparrow,Lilli Lavine,1,Undirected
Gloria Reuben,Mia Sara,1,Undirected
David Lyons,Mimi Kirkland,1,Undirected
David Lyons,Noah Lomax,1,Undirected
David Lyons,Tracy Spiridakos,1,Undirected
Mimi Kirkland,Noah Lomax,1,Undirected
Larry Bagby,Omri Katz,1,Undirected
Larry Bagby,Corbin Allred,1,Undirected
Larry Bagby,Kirby Heyborne,1,Undirected
Lily Rabe,Kira McLean,1,Undirected
Lily Rabe,Shannon Woodward,1,Undirected
Deborah Twiss,Elizabeth McGovern,1,Undirected
Simon Woods,Talulah Riley,1,Undirected
Sean Young,David Margulies,1,Undirected
Richard Sammel,Tómas Lemarquis,1,Undirected
Antoni Corone,Oleg Taktarov,1,Undirected
Antoni Corone,Ryan Bollman,1,Undirected
Antoni Corone,Todd Susman,1,Undirected
Ben Chaplin,Bob Clendenin,1,Undirected
Ben Chaplin,Peter Vaughan,1,Undirected
Samaire Armstrong,Matt Cohen,1,Undirected
Samaire Armstrong,Tommy O'Reilly,1,Undirected
Mary McCormack,Ron Eldard,1,Undirected
Mary McCormack,Danny Dyer,1,Undirected
Ron Eldard,Francesca Rettondini,1,Undirected
Ron Eldard,Isaiah Washington,1,Undirected
Francis Capra,Mara Wilson,1,Undirected
Francis Capra,Jason Dohring,1,Undirected
Mara Wilson,Matthew Lawrence,1,Undirected
Bella Heathcote,Charles Baker,1,Undirected
Tencho Gyalpo,Tenzin Thuthob Tsarong,1,Undirected
Tencho Gyalpo,Tulku Jamyang Kunga Tenzin,1,Undirected
Tenzin Thuthob Tsarong,Tulku Jamyang Kunga Tenzin,1,Undirected
Fenella Woolgar,Katherine Parkinson,1,Undirected
Donald Faison,Lee Majors,2,Undirected
Donald Faison,Dan Hedaya,1,Undirected
Donald Faison,Elisa Donovan,1,Undirected
Donald Faison,Lauren London,1,Undirected
Donald Faison,Countess Vaughn,1,Undirected
Donald Faison,Deon Richmond,1,Undirected
Eduardo Noriega,Elena Anaya,1,Undirected
Eduardo Noriega,Mac McDonald,1,Undirected
Elena Anaya,Dustin Milligan,1,Undirected
Kabir Bedi,Louis Jourdan,1,Undirected
Kabir Bedi,Steven Berkoff,1,Undirected
Kabir Bedi,Bárbara Mori,1,Undirected
Kabir Bedi,Steven Michael Quezada,1,Undirected
Louis Jourdan,Steven Berkoff,1,Undirected
Steven Berkoff,Hardy Krüger,1,Undirected
Steven Berkoff,Ryan O'Neal,1,Undirected
Harold Ramis,Martin Starr,1,Undirected
Martin Starr,Jason Ritter,1,Undirected
Jeffrey Markle,Sofia Vassilieva,1,Undirected
Andrew Simpson,Phil Davis,1,Undirected
Andrew Simpson,Shaun Parkes,1,Undirected
Phil Davis,Shaun Parkes,1,Undirected
Shaun Parkes,Danny Dyer,1,Undirected
Shaun Parkes,John Simm,1,Undirected
Tatyana Ali,James Shigeta,1,Undirected
Tatyana Ali,Christian Keyes,1,Undirected
Tatyana Ali,Essence Atkins,1,Undirected
Tatyana Ali,Jon Polito,1,Undirected
Aretha Franklin,Ray Charles,1,Undirected
Dolly Parton,Jeremy Jordan,1,Undirected
Dolly Parton,Dom DeLuise,1,Undirected
Jeremy Jordan,Charly Bivona,1,Undirected
Christopher Webster,Peter McNicholl,1,Undirected
Christopher Webster,Sharon Small,1,Undirected
Peter McNicholl,Sharon Small,1,Undirected
Sharon Small,Jack McElhone,1,Undirected
Ty Olsson,Jackie Burroughs,1,Undirected
Art Carney,Jackie Gleason,1,Undirected
Art Carney,Joyce Randolph,1,Undirected
Jackie Gleason,Joyce Randolph,1,Undirected
Jackie Gleason,George C. Scott,1,Undirected
Jackie Gleason,Murray Hamilton,1,Undirected
Jean Marsh,Piper Laurie,1,Undirected
Jean Marsh,Tim Rose,1,Undirected
Jean Marsh,Bernard Cribbins,1,Undirected
Jean Marsh,Clive Swift,1,Undirected
Piper Laurie,Tim Rose,1,Undirected
Lew Temple,Ken Foree,1,Undirected
Lew Temple,Sid Haig,1,Undirected
Lew Temple,Robert Pine,1,Undirected
William Mapother,Flint Beverage,1,Undirected
William Mapother,Robin Lord Taylor,1,Undirected
Junix Inocian,Paul Barber,1,Undirected
Eion Bailey,Arly Jover,1,Undirected
John Neville,Lynn Redgrave,1,Undirected
Amy Carson,Joseph Kaiser,1,Undirected
Amy Carson,Kim-Marie Woodhouse,1,Undirected
Joseph Kaiser,Kim-Marie Woodhouse,1,Undirected
Julie Gonzalo,Dan Byrd,1,Undirected
Gerry Bednob,Jeff Anderson,1,Undirected
Gerry Bednob,Jennifer Schwalbach Smith,1,Undirected
Boyd Holbrook,David Harbour,1,Undirected
Boyd Holbrook,Kathleen Rose Perkins,1,Undirected
Jeanne Moreau,Michel Simon,1,Undirected
Jeanne Moreau,Paul Scofield,1,Undirected
Glenn Howerton,Kaitlin Olson,1,Undirected
Glenn Howerton,Rob McElhenney,1,Undirected
Glenn Howerton,Sunil Narkar,1,Undirected
Kaitlin Olson,Rob McElhenney,1,Undirected
Kaitlin Olson,Dominique McElligott,1,Undirected
Rob McElhenney,Amy Irving,1,Undirected
Dirk Bogarde,Ryan O'Neal,1,Undirected
Dirk Bogarde,Wolfgang Preiss,1,Undirected
Ryan O'Neal,Wolfgang Preiss,1,Undirected
Ryan O'Neal,Paul Mazursky,1,Undirected
Ryan O'Neal,Hardy Krüger,1,Undirected
Ryan O'Neal,Harvey Weinstein,1,Undirected
Ryan O'Neal,Angela Featherstone,1,Undirected
Carl Gilliard,Robert Pine,1,Undirected
Carl Gilliard,Suzie Plakson,1,Undirected
Robert Pine,Suzie Plakson,1,Undirected
Keegan Connor Tracy,Michael Landes,1,Undirected
Kate Walsh,Ezra Miller,1,Undirected
Jason George,Paula Garcés,1,Undirected
Jason George,Sean Patrick Thomas,1,Undirected
Paula Garcés,Damon Wayans,1,Undirected
Paula Garcés,John Brodsky,1,Undirected
Brad Leland,Todd Allen,1,Undirected
Todd Allen,John Beasley,1,Undirected
Todd Allen,June Carter Cash,1,Undirected
Gregory Itzin,Jack Thompson,1,Undirected
Jack Thompson,Tom Burlinson,1,Undirected
Jack Thompson,Tony Bonner,1,Undirected
Mario Van Peebles,Judith Barsi,1,Undirected
Mario Van Peebles,Lynn Whitfield,1,Undirected
Mario Van Peebles,Melvin Van Peebles,1,Undirected
David Conrad,Monica Keena,1,Undirected
Chelsea Field,Jessica Wesson,1,Undirected
Chelsea Field,Paul Hogan,1,Undirected
Jessica Wesson,Paul Hogan,1,Undirected
Paul Hogan,Jere Burns,1,Undirected
Paul Hogan,Linda Kozlowski,3,Undirected
Paul Hogan,John Meillon,1,Undirected
Paul Hogan,David Gulpilil,1,Undirected
Donald Sumpter,Steven Waddington,1,Undirected
Christo Jivkov,Hristo Shopov,1,Undirected
Christo Jivkov,Maia Morgenstern,1,Undirected
Hristo Shopov,Maia Morgenstern,1,Undirected
Ahney Her,Dreama Walker,1,Undirected
Dreama Walker,James McCaffrey,1,Undirected
Dreama Walker,Matt Servitto,1,Undirected
Luke Bracey,Brett Cullen,1,Undirected
Luke Bracey,Akie Kotabe,1,Undirected
Caroline Goodall,Embeth Davidtz,1,Undirected
Embeth Davidtz,Gabriel Millman,1,Undirected
Embeth Davidtz,Rob Morrow,1,Undirected
Embeth Davidtz,Patricia Tallman,1,Undirected
Embeth Davidtz,Edie Falco,1,Undirected
Embeth Davidtz,Kathryn Erbe,1,Undirected
Agnia Ditkovskite,Igor Jijikine,1,Undirected
Jason Ritter,Katharine Isabelle,1,Undirected
Jason Ritter,Oliver James,1,Undirected
Jason Ritter,Shiri Appleby,1,Undirected
Jason Ritter,James Wolk,1,Undirected
Katharine Isabelle,Gabriel Hogan,1,Undirected
Katharine Isabelle,Michael Paré,1,Undirected
Ava Acres,Sara Stewart,1,Undirected
Ben Feldman,Liza Lapira,1,Undirected
Ben Feldman,Vanessa Lengies,1,Undirected
Ben Feldman,Edwin Hodge,1,Undirected
Ben Feldman,Perdita Weeks,1,Undirected
Ernie Reyes Jr.,Kevin Nash,1,Undirected
Ernie Reyes Jr.,Paige Turco,1,Undirected
Ernie Reyes Jr.,Brigitte Nielsen,1,Undirected
Kevin Nash,Paige Turco,1,Undirected
Paige Turco,Matt Hill,1,Undirected
Paige Turco,Skyler Samuels,1,Undirected
Billy Drago,Charles Martin Smith,1,Undirected
Billy Drago,Eddie Jones,1,Undirected
Billy Drago,Richard Lynch,1,Undirected
Bryan Callen,Matt Crabtree,1,Undirected
Hugh O'Conor,Leslie Caron,1,Undirected
Bob Newhart,Martin Balsam,1,Undirected
Gedde Watanabe,Jim Rash,1,Undirected
Gedde Watanabe,Michael Richards,1,Undirected
Greta Gerwig,Grace Gummer,1,Undirected
Greta Gerwig,Vanessa Ray,1,Undirected
Greta Gerwig,Dee Wallace,1,Undirected
Greta Gerwig,Lena Dunham,1,Undirected
Greta Gerwig,Elise Muller,1,Undirected
Greta Gerwig,Jennifer Lafleur,1,Undirected
Dana Delany,Jane Adams,1,Undirected
Billie Whitelaw,Lee Remick,2,Undirected
Billie Whitelaw,Patrick Troughton,2,Undirected
Billie Whitelaw,Joe Cornish,1,Undirected
Lee Remick,Patrick Troughton,2,Undirected
Chelan Simmons,Gina Holden,1,Undirected
Chelan Simmons,Katrina Bowden,1,Undirected
Gina Holden,Betsy Russell,1,Undirected
Gina Holden,Brooke D'Orsay,1,Undirected
Gina Holden,Eric Mabius,1,Undirected
Jay R. Ferguson,Riley Thomas Stewart,1,Undirected
Larry the Cable Guy,Megyn Price,1,Undirected
Chris Gauthier,Eva Bourne,1,Undirected
Chris Gauthier,Marilyn Norry,1,Undirected
Kevin Breznahan,Paul F. Tompkins,1,Undirected
Eddie Griffin,Charles Keating,1,Undirected
Eddie Griffin,Bree Turner,1,Undirected
Eddie Griffin,Gene Simmons,1,Undirected
Eddie Griffin,Joe Howard,1,Undirected
Eddie Griffin,Robert Noble,1,Undirected
Eddie Griffin,Clifton Powell,1,Undirected
Eddie Griffin,Marla Gibbs,1,Undirected
Eddie Griffin,Christopher Berry,1,Undirected
Eddie Griffin,Michelle Tabora,1,Undirected
Keshia Knight Pulliam,LisaRaye McCoy,1,Undirected
Keshia Knight Pulliam,Vanity,1,Undirected
LisaRaye McCoy,Clifton Powell,1,Undirected
LisaRaye McCoy,Monica Calhoun,1,Undirected
Billy Aaron Brown,Jonathan Breck,1,Undirected
Jonathan Breck,Patricia Belcher,1,Undirected
Alexandra Breckenridge,Laura Ramsey,1,Undirected
Alexandra Breckenridge,Elena Satine,1,Undirected
Laura Ramsey,Jonathan Tucker,1,Undirected
Laura Ramsey,Sergio Calderón,1,Undirected
Laura Ramsey,Toby Hemingway,1,Undirected
Laura Ramsey,Alan Taylor,1,Undirected
Laura Ramsey,Benjamin Fletcher,1,Undirected
Emma de Caunes,Lily Atkinson,1,Undirected
Emma de Caunes,Steve Pemberton,1,Undirected
Lily Atkinson,Steve Pemberton,1,Undirected
Johnny Messner,Nicholas Gonzalez,1,Undirected
Johnny Messner,Salli Richardson-Whitfield,1,Undirected
Johnny Messner,Katrina Law,1,Undirected
Johnny Messner,Michael Paré,1,Undirected
Nicholas Gonzalez,Salli Richardson-Whitfield,1,Undirected
Nicholas Gonzalez,Esai Morales,1,Undirected
Nicholas Gonzalez,Debbie Harry,1,Undirected
Nicholas Gonzalez,Mario Cimarro,1,Undirected
Nicholas Gonzalez,Ricardo Chavira,1,Undirected
Nicholas Gonzalez,Angela Nordeng,1,Undirected
Nicholas Gonzalez,Exie Booker,1,Undirected
Eric Cantona,Fanny Ardant,1,Undirected
Alexis Arquette,Park Bench,1,Undirected
Alexis Arquette,Vince Corazza,1,Undirected
Park Bench,Vince Corazza,1,Undirected
James Whitmore,Joseph Cotten,1,Undirected
James Whitmore,Richard Anderson,1,Undirected
Joseph Cotten,Richard Anderson,1,Undirected
Joseph Cotten,Behrouz Vossoughi,1,Undirected
Joseph Cotten,Jennifer Jones,1,Undirected
Joseph Cotten,Lillian Gish,1,Undirected
Joseph Cotten,Jean Peters,1,Undirected
Joseph Cotten,Will Wright,1,Undirected
Richard Briers,Victoria Beckham,1,Undirected
Richard Briers,Julie Christie,2,Undirected
Ari Graynor,J.B. Smoove,1,Undirected
Ari Graynor,Kylie Bunbury,1,Undirected
Ari Graynor,James Wolk,1,Undirected
Ari Graynor,Nia Vardalos,1,Undirected
Ari Graynor,Janel Parrish,1,Undirected
Ari Graynor,Rob Huebel,1,Undirected
J.B. Smoove,Kylie Bunbury,1,Undirected
J.B. Smoove,Alanna Ubach,1,Undirected
J.B. Smoove,Essence Atkins,1,Undirected
Essence Atkins,Ashley Rickards,1,Undirected
Essence Atkins,Gabriel Iglesias,1,Undirected
Essence Atkins,Alanna Ubach,1,Undirected
Essence Atkins,Christian Keyes,1,Undirected
Essence Atkins,Lamman Rucker,1,Undirected
Essence Atkins,Tempestt Bledsoe,1,Undirected
Jere Burns,Linda Kozlowski,1,Undirected
Linda Kozlowski,John Meillon,1,Undirected
Linda Kozlowski,David Gulpilil,1,Undirected
Cjon Saulsberry,Griffin Cleveland,2,Undirected
Amy Stewart,Connie Ray,1,Undirected
Amy Stewart,Trevor Blumas,1,Undirected
Connie Ray,Trevor Blumas,1,Undirected
James Read,Tyrone Giordano,1,Undirected
Tyrone Giordano,Paul Schneider,1,Undirected
John Sparkes,Justin Fletcher,1,Undirected
John Sparkes,Kate Harbour,1,Undirected
Justin Fletcher,Kate Harbour,1,Undirected
Óscar Jaenada,Brett Cullen,1,Undirected
Óscar Jaenada,Sedona Legge,1,Undirected
Jacob Pitts,Scott Mechlowicz,1,Undirected
Scott Mechlowicz,Tim DeKay,1,Undirected
Claudia Christian,Nia Peeples,1,Undirected
Claudia Christian,Tony Plana,1,Undirected
Nia Peeples,Tony Plana,1,Undirected
Tyler James Williams,Diahann Carroll,1,Undirected
Amanda Tilson,Matthew Knight,1,Undirected
Gillian Jacobs,Jillian Estell,1,Undirected
Jonathan Tucker,Sergio Calderón,1,Undirected
Emily Meade,Zena Grey,2,Undirected
Emily Meade,Samira Wiley,1,Undirected
Chris Marquette,Jacob Young,1,Undirected
Chris Marquette,Timothy Bottoms,1,Undirected
Chris Marquette,Chad Bishop,1,Undirected
Jacob Young,Timothy Bottoms,1,Undirected
Paul Ben-Victor,Zach Grenier,1,Undirected
Paul Ben-Victor,Byron Mann,1,Undirected
Paul Ben-Victor,Kim Chan,1,Undirected
Zach Grenier,Bill Johnson,1,Undirected
Zach Grenier,Danny Pino,1,Undirected
Zach Grenier,Megan Hilty,1,Undirected
Chris Parnell,Jorma Taccone,1,Undirected
Devon Murray,Pauline McLynn,1,Undirected
Peter Firth,Steve Railsback,1,Undirected
Peter Firth,Jan Cornet,1,Undirected
Peter Firth,María Botto,1,Undirected
Jennifer Hale,Randy Jay Burrell,1,Undirected
Jennifer Hale,Vincent De Paul,1,Undirected
Kate Burton,Peter Kwong,1,Undirected
Kate Burton,Brad William Henke,1,Undirected
Kate Burton,Michelle Hurst,1,Undirected
Alice Pol,Malonn Lévana,1,Undirected
James Patrick Stuart,William Morgan Sheppard,1,Undirected
William Morgan Sheppard,Brianna Brown,1,Undirected
William Morgan Sheppard,Kevin Gage,1,Undirected
Daniel Lapaine,John Doe,1,Undirected
Daniel Lapaine,Tom Amandes,1,Undirected
John Doe,Tom Amandes,1,Undirected
John Doe,Ally Sheedy,1,Undirected
Madison Davenport,Natasha Calis,2,Undirected
Cathryn de Prume,Gia Mantegna,1,Undirected
Christopher Evan Welch,Sarita Choudhury,1,Undirected
Brian Bosworth,Richard Gant,1,Undirected
Brian Bosworth,Sam McMurray,1,Undirected
Richard Gant,Sam McMurray,1,Undirected
Donovan Scott,Ted Wass,1,Undirected
Jack Plotnick,Cecelia Antoinette,1,Undirected
Don McKellar,Joe Pingue,1,Undirected
Don McKellar,Yûsuke Iseya,1,Undirected
Don McKellar,Béatrice Dalle,1,Undirected
Joe Pingue,Yûsuke Iseya,1,Undirected
Michael Paré,Katrina Law,1,Undirected
Dallas Barnett,Erica Linz,1,Undirected
Dallas Barnett,Igor Zaripov,1,Undirected
Erica Linz,Igor Zaripov,1,Undirected
Aidan McArdle,James Tupper,1,Undirected
Liya Kebede,Sean Buchanan,1,Undirected
Shawn Hatosy,Eva Amurri Martino,1,Undirected
Shawn Hatosy,Lauren German,1,Undirected
Shawn Hatosy,George Wendt,1,Undirected
Shawn Hatosy,Jonathan Brandis,1,Undirected
Shawn Hatosy,Barbara Hershey,1,Undirected
Benoît Magimel,Gilles Lellouche,1,Undirected
Benoît Magimel,Mélanie Doutey,1,Undirected
Benoît Magimel,Nathalie Baye,1,Undirected
Gil Birmingham,Scout Taylor-Compton,1,Undirected
André Wilms,Jérôme Deschamps,1,Undirected
André Wilms,Yolande Moreau,1,Undirected
Jérôme Deschamps,Yolande Moreau,1,Undirected
Aleksandr Bashirov,Evgeniy Mironov,1,Undirected
Dan O'Herlihy,Jack Hawkins,1,Undirected
Dan O'Herlihy,Nancy Kyes,1,Undirected
Dan O'Herlihy,Tom Atkins,1,Undirected
Jack Hawkins,Claude Rains,1,Undirected
Jack Hawkins,Sessue Hayakawa,1,Undirected
Jack Hawkins,William Holden,1,Undirected
Siu-Wong Fan,Wai-Keung Lau,1,Undirected
Leah Remini,Mark Feuerstein,1,Undirected
Leah Remini,Sharon Lawrence,1,Undirected
Jeff Anderson,Jennifer Schwalbach Smith,1,Undirected
Jeff Anderson,Brian O'Halloran,1,Undirected
Jeff Anderson,Jason Mewes,1,Undirected
Kathleen Wilhoite,Rose Marie,1,Undirected
Kathleen Wilhoite,Tawny Kitaen,1,Undirected
David Arquette,W. Earl Brown,1,Undirected
David Arquette,Jeremy Davies,1,Undirected
David Arquette,Kathryn Erbe,1,Undirected
Diana Ross,Lena Horne,1,Undirected
Diana Ross,Theresa Merritt,1,Undirected
Lena Horne,Theresa Merritt,1,Undirected
Clive Revill,Donald Pleasence,1,Undirected
Clive Revill,Kenneth Williams,1,Undirected
Donald Pleasence,Kenneth Williams,1,Undirected
Donald Pleasence,Burt Kwouk,1,Undirected
Donald Pleasence,Tom Atkins,1,Undirected
Donald Pleasence,Tamara Glynn,1,Undirected
Donald Pleasence,Kim Darby,1,Undirected
Donald Pleasence,Mitchell Ryan,1,Undirected
Donald Pleasence,Ellie Cornell,1,Undirected
Donald Pleasence,Kathleen Kinmont,1,Undirected
Donald Pleasence,Gordon Jackson,1,Undirected
Brendan Fehr,Kerr Smith,2,Undirected
Brendan Fehr,Johnny Pacar,1,Undirected
Brian Johnson,Matt Letscher,1,Undirected
Brian Johnson,Claudiu Trandafir,1,Undirected
Brian Johnson,Fernanda Andrade,1,Undirected
Dell Yount,Jessica Bowman,1,Undirected
Keeley Hawes,Oliver Stark,1,Undirected
Eva Amurri Martino,Brett Cullen,1,Undirected
Eva Amurri Martino,Lynn Cohen,1,Undirected
Eva Amurri Martino,Sal Lopez,1,Undirected
Dan Hedaya,Lainie Kazan,1,Undirected
Dan Hedaya,Chris Kattan,1,Undirected
Dan Hedaya,Elisa Donovan,1,Undirected
Dan Hedaya,Lynn Cohen,1,Undirected
Dan Hedaya,Robert Peters,1,Undirected
Lainie Kazan,Louis Mandylor,1,Undirected
Lainie Kazan,Nia Vardalos,1,Undirected
Judith Barsi,Lynn Whitfield,1,Undirected
Judith Barsi,Bill Erwin,1,Undirected
Judith Barsi,Gabriel Damon,1,Undirected
Lynn Whitfield,Diahann Carroll,1,Undirected
Garrett Morris,Monica Calhoun,1,Undirected
Ian Hart,James Bolam,1,Undirected
Benoît Poelvoorde,Marie Gillain,1,Undirected
Gaye Brown,Iben Hjejle,1,Undirected
Gaye Brown,Tom Burke,1,Undirected
Iben Hjejle,Tom Burke,1,Undirected
Iben Hjejle,Jim Norton,1,Undirected
Iben Hjejle,Casper Christensen,1,Undirected
Iben Hjejle,Frank Hvam,1,Undirected
Tom Burke,Julian Morris,1,Undirected
Tom Burke,Nichola Burley,1,Undirected
Lillete Dubey,Roger Lloyd Pack,1,Undirected
Lillete Dubey,Romola Garai,1,Undirected
Lillete Dubey,Nawazuddin Siddiqui,1,Undirected
Lillete Dubey,Nimrat Kaur,1,Undirected
Lillete Dubey,Naseeruddin Shah,1,Undirected
Lillete Dubey,Randeep Hooda,1,Undirected
Roger Lloyd Pack,Romola Garai,1,Undirected
Romola Garai,Kevork Malikyan,1,Undirected
Romola Garai,Tom Cullen,1,Undirected
Romola Garai,Blake Ritson,1,Undirected
Bingbing Fan,Simon Yam,1,Undirected
Bingbing Fan,Daniel Wu,1,Undirected
Bingbing Fan,Yasuaki Kurata,1,Undirected
Alexandra Silber,Drew Powell,1,Undirected
Alexandra Silber,Kim Thomson,1,Undirected
Drew Powell,Kim Thomson,1,Undirected
Drew Powell,Firass Dirani,1,Undirected
Drew Powell,Kelly Carlson,1,Undirected
Dick Van Patten,Joan Rivers,1,Undirected
Dick Van Patten,Michael Winslow,1,Undirected
Dick Van Patten,Claire Bloom,1,Undirected
Joan Rivers,Michael Winslow,1,Undirected
Michael Winslow,Bubba Smith,1,Undirected
Michael Winslow,Steve Guttenberg,1,Undirected
Angus T. Jones,Kimberly J. Brown,1,Undirected
Angus T. Jones,Steve Harris,1,Undirected
Colleen Haskell,Michael Papajohn,1,Undirected
Michael Papajohn,James Huang,1,Undirected
Charlotte Le Bon,Juhi Chawla,1,Undirected
Charlotte Le Bon,Manish Dayal,1,Undirected
Juhi Chawla,Manish Dayal,1,Undirected
Darwin Shaw,Roma Downey,1,Undirected
Bobby Moynihan,Jack Reynor,1,Undirected
Bobby Moynihan,Matthew Daddario,1,Undirected
Jack Reynor,Matthew Daddario,1,Undirected
Matthew Daddario,Jessie T. Usher,1,Undirected
Matthew Daddario,Ser'Darius Blain,1,Undirected
Grigoriy Dobrygin,Pawel Szajda,1,Undirected
Grigoriy Dobrygin,Radivoje Bukvic,1,Undirected
Pawel Szajda,Radivoje Bukvic,1,Undirected
Kyle Gass,Neil Diamond,1,Undirected
Zachary Gordon,Maximilian Schell,1,Undirected
Zachary Gordon,Nora Zehetner,1,Undirected
Zachary Gordon,Fran Kranz,1,Undirected
Jason Mewes,Stephanie Danielson,1,Undirected
Jason Mewes,Brian O'Halloran,2,Undirected
Bruce Dern,William Shockley,1,Undirected
Bruce Dern,Joanne Whalley,1,Undirected
Bruce Dern,Alan Hale Jr.,1,Undirected
Bruce Dern,Jesse Vint,1,Undirected
Aries Spears,Paulo Costanzo,1,Undirected
Jeremy Kemp,Rock Hudson,1,Undirected
Jeremy Kemp,Vernon Dobtcheff,1,Undirected
Rock Hudson,Vernon Dobtcheff,1,Undirected
Vernon Dobtcheff,Albert Delpy,1,Undirected
Vernon Dobtcheff,Marie Pillet,1,Undirected
Sebastian Koch,Ulrich Mühe,2,Undirected
Sebastian Koch,Martina Gedeck,1,Undirected
Roger Cross,Jesse Garcia,1,Undirected
Anne-Marie Duff,Ben Crompton,1,Undirected
Anne-Marie Duff,David Masterson,1,Undirected
Anne-Marie Duff,Kerry Condon,1,Undirected
Ben Crompton,MyAnna Buring,1,Undirected
Amidou,Joe Spinell,1,Undirected
Fabrice Luchini,Ludivine Sagnier,1,Undirected
Fabrice Luchini,Romain Duris,1,Undirected
Ludivine Sagnier,Romain Duris,1,Undirected
Ludivine Sagnier,Mem Ferda,1,Undirected
Ludivine Sagnier,Jean-Claude Lecas,1,Undirected
Romain Duris,Iddo Goldberg,1,Undirected
Diego Ramos,Gabriel Almirón,1,Undirected
Diego Ramos,Pablo Rago,1,Undirected
Gabriel Almirón,Pablo Rago,1,Undirected
Alessandra Mastronardi,Ornella Muti,1,Undirected
Kenneth Colley,Warren Clarke,1,Undirected
Warren Clarke,John Henshaw,1,Undirected
Trey Parker,Jeremy Shada,1,Undirected
Trey Parker,Dian Bachar,1,Undirected
Trey Parker,Matt Stone,1,Undirected
Matt Schulze,Qi Shu,1,Undirected
Qi Shu,Chen Chang,1,Undirected
Qi Shu,Satoshi Tsumabuki,1,Undirected
Eddie Kaye Thomas,Jason London,1,Undirected
Eddie Kaye Thomas,Harland Williams,1,Undirected
Jason London,Lee Majors,1,Undirected
Jason London,Brent David Fraser,1,Undirected
Elaine Hendrix,Sarah Wynter,1,Undirected
Elaine Hendrix,Luke Perry,1,Undirected
Elaine Hendrix,Armin Shimerman,1,Undirected
Elaine Hendrix,Marlee Matlin,1,Undirected
Elaine Hendrix,Esai Morales,1,Undirected
Dom DeLuise,Sid Caesar,3,Undirected
Dom DeLuise,Jim Henson,1,Undirected
Teri Garr,Hoyt Axton,1,Undirected
Teri Garr,Kelly Reno,1,Undirected
Teri Garr,Cindy Williams,1,Undirected
Kimberly J. Brown,Steve Harris,1,Undirected
Kimberly J. Brown,Janet McTeer,1,Undirected
Kimberly J. Brown,Lois Smith,1,Undirected
Steve Harris,Khandi Alexander,1,Undirected
Bam Margera,Chris Pontius,3,Undirected
Bam Margera,Steve-O,3,Undirected
Chris Pontius,Steve-O,3,Undirected
Chris Pontius,Erin Wasson,1,Undirected
Chris Pontius,Nathalie Fay,1,Undirected
Joseph Mascolo,Murray Hamilton,1,Undirected
Murray Hamilton,Robert Shaw,1,Undirected
Murray Hamilton,George C. Scott,1,Undirected
Mark Duplass,Mel Eslyn,1,Undirected
Mark Duplass,Mike Birbiglia,1,Undirected
Mark Duplass,Bari Hyman,1,Undirected
Mark Duplass,Katie Aselton,1,Undirected
Mike White,Chris Weitz,1,Undirected
Nick Krause,Shailene Woodley,1,Undirected
Shailene Woodley,Nat Wolff,1,Undirected
Shailene Woodley,Dayo Okeniyi,1,Undirected
Ski Carr,Zane Holtz,1,Undirected
Bobby Coleman,Melissa Ordway,1,Undirected
Taran Killam,Riki Lindhome,1,Undirected
Taran Killam,David Agranov,1,Undirected
Taran Killam,David Moscow,1,Undirected
Taran Killam,Joanna Cassidy,1,Undirected
Taran Killam,Ryan Carnes,1,Undirected
Brendan Coyle,Michael McElhatton,1,Undirected
Romeo Miller,Christian Monzon,1,Undirected
Fernando Rey,Tony Lo Bianco,2,Undirected
Phil Collins,Tony Jay,1,Undirected
Tony Jay,Hugh O'Brian,1,Undirected
Barry Watson,Charles Mesure,1,Undirected
Barry Watson,Skye McCole Bartusiak,1,Undirected
Barry Watson,Harland Williams,1,Undirected
Charles Mesure,Skye McCole Bartusiak,1,Undirected
Marc Macaulay,Daniel Baldwin,1,Undirected
Marc Macaulay,William Lee Scott,1,Undirected
Kath Soucie,Ken Sansom,1,Undirected
David Mann,Denise Boutte,1,Undirected
David Mann,Lamman Rucker,1,Undirected
Denise Boutte,Lamman Rucker,1,Undirected
Denise Boutte,Rich Ceraulo,1,Undirected
Lamman Rucker,Tempestt Bledsoe,1,Undirected
Brian d'Arcy James,Jamey Sheridan,1,Undirected
Maximilian Schell,Yvette Mimieux,1,Undirected
Maximilian Schell,Sheryl Lee,1,Undirected
Maximilian Schell,Nora Zehetner,1,Undirected
Maximilian Schell,Montgomery Clift,1,Undirected
Maximilian Schell,Spencer Tracy,1,Undirected
Filippo Timi,Thekla Reuten,1,Undirected
Filippo Timi,Violante Placido,1,Undirected
Thekla Reuten,Violante Placido,1,Undirected
Anneliese van der Pol,Dave Foley,1,Undirected
Dermot Crowley,Harriet Walter,1,Undirected
Gunnar Hansen,Keram Malicki-Sánchez,1,Undirected
Gunnar Hansen,Shaun Sipos,1,Undirected
Gunnar Hansen,Edwin Neal,2,Undirected
Gunnar Hansen,Marilyn Burns,2,Undirected
Keram Malicki-Sánchez,Shaun Sipos,1,Undirected
Shaun Sipos,Christopher Denham,1,Undirected
Shaun Sipos,Katherine Waterston,1,Undirected
William McNamara,Kevin Alejandro,1,Undirected
William McNamara,Sabrina Carmichael,1,Undirected
William McNamara,Randy Jay Burrell,1,Undirected
Lee Marvin,Vera Miles,1,Undirected
Lee Marvin,Woody Strode,1,Undirected
Lee Marvin,Carroll O'Connor,1,Undirected
Lee Marvin,Cesar Romero,1,Undirected
Lee Marvin,Jack Warden,1,Undirected
Lucas Grabeel,Corbin Bleu,3,Undirected
Lucas Grabeel,Olesya Rulin,2,Undirected
Jan Cornet,María Botto,1,Undirected
Jan Cornet,Brian Dorton,1,Undirected
Francesca Rettondini,Isaiah Washington,1,Undirected
Isaiah Washington,Andy Davoli,1,Undirected
Jesper Christensen,Romi Aboulafia,1,Undirected
Jason Beghe,Margaret Cho,1,Undirected
Christine Lakin,James Wolk,1,Undirected
James Wolk,Nia Vardalos,1,Undirected
Jasper Levine,Thomas Law,1,Undirected
Damien Garvey,Jay Laga'aia,1,Undirected
Damien Garvey,Tiffany Lamb,1,Undirected
Damien Garvey,Christopher Sommers,1,Undirected
Damien Garvey,Zoe Ventoura,1,Undirected
Jay Laga'aia,Tiffany Lamb,1,Undirected
Geoff Stults,Derek Wayne Johnson,1,Undirected
Geoff Stults,Susie Abromeit,1,Undirected
Geoff Stults,Justin Kirk,1,Undirected
Brett Cullen,Sedona Legge,1,Undirected
Brett Cullen,Lynn Cohen,1,Undirected
John Patrick Amedori,Vanessa Lengies,1,Undirected
Vanessa Lengies,Jonny Weston,1,Undirected
Tom Bower,Diana Scarwid,1,Undirected
Janet Leigh,John Gavin,1,Undirected
Janet Leigh,Vera Miles,1,Undirected
John Gavin,Vera Miles,1,Undirected
Vera Miles,Woody Strode,1,Undirected
John Wood,Leo McKern,1,Undirected
Leo McKern,Christopher Atkins,1,Undirected
Steve Guttenberg,Caitlyn Jenner,1,Undirected
Steve Guttenberg,Randy Jones,1,Undirected
Steve Guttenberg,Bubba Smith,1,Undirected
Chi Ling Chiu,Qiu Yuen,1,Undirected
Chi Ling Chiu,Shengyi Huang,1,Undirected
Qiu Yuen,Shengyi Huang,1,Undirected
Mark Feuerstein,Sharon Lawrence,1,Undirected
Sharon Lawrence,Noam Jenkins,1,Undirected
Khalid Abdalla,Mustafa Haidari,1,Undirected
Khalid Abdalla,Ahmed Hassan,1,Undirected
Khalid Abdalla,Aida Elkashef,1,Undirected
Kelly Carlson,Tom Hollander,1,Undirected
Kelly Carlson,Firass Dirani,1,Undirected
Tom Hollander,Anna Silk,1,Undirected
Tom Hollander,Lindsay Duncan,1,Undirected
Tom Hollander,Tom Hughes,1,Undirected
Robert Miano,Zak Orth,1,Undirected
Robert Miano,Hector Echavarria,1,Undirected
Robert Miano,Ron Roggé,1,Undirected
Bernie Sanders,Ronald Reagan,1,Undirected
Joe Cole,Mark Webber,1,Undirected
Joanne Whalley,Keith Carradine,1,Undirected
James Callis,Nimrat Kaur,1,Undirected
James Callis,Tiffany Dupont,1,Undirected
Nimrat Kaur,Tiffany Dupont,1,Undirected
Nimrat Kaur,Purab Kohli,1,Undirected
Nimrat Kaur,Sameer Ali Khan,1,Undirected
Nimrat Kaur,Nawazuddin Siddiqui,1,Undirected
Tiffany Dupont,Brenda Strong,1,Undirected
Tiffany Dupont,Eric Johnson,1,Undirected
Dequina Moore,Jordan Carlos,1,Undirected
Nick Gomez,Taylor Cole,1,Undirected
Don Stark,Dustin Nguyen,1,Undirected
Melonie Diaz,Ahna O'Reilly,1,Undirected
Melonie Diaz,Ariana Neal,1,Undirected
Melonie Diaz,Judy Marte,1,Undirected
Melonie Diaz,Victor Rasuk,1,Undirected
Christopher Guest,Sarah Solemani,1,Undirected
Christopher Guest,Laura Harris,1,Undirected
Lynn Cohen,Heather Bucha,1,Undirected
Lynn Cohen,Edie Falco,1,Undirected
Riccardo Scamarcio,Alessandro Preziosi,1,Undirected
Riccardo Scamarcio,Lunetta Savino,1,Undirected
Riccardo Scamarcio,Karin Viard,1,Undirected
Riccardo Scamarcio,Maïwenn,1,Undirected
Edi Gathegi,Jensen Ackles,1,Undirected
Edi Gathegi,Rex Baker,1,Undirected
Edi Gathegi,Travis Aaron Wade,1,Undirected
Brendan Sexton III,Alicia Goranson,1,Undirected
Brendan Sexton III,Jeannetta Arnette,1,Undirected
Brendan Sexton III,Larry Fessenden,1,Undirected
Peter Wingfield,Scott Baio,1,Undirected
Peter Wingfield,Vanessa Angel,1,Undirected
Scott Baio,Vanessa Angel,1,Undirected
Gigi Rice,Susie Essman,1,Undirected
Nia Vardalos,Joey Fatone,1,Undirected
Nia Vardalos,Louis Mandylor,2,Undirected
Nia Vardalos,Harland Williams,1,Undirected
Nia Vardalos,Rachel Dratch,1,Undirected
Ricardo Montalban,Sammy Davis Jr.,1,Undirected
Katherine Waterston,Martin Dew,1,Undirected
Katherine Waterston,Serena Scott Thomas,1,Undirected
Katherine Waterston,Christopher Denham,1,Undirected
Martin Dew,Serena Scott Thomas,1,Undirected
Caity Lotz,Chris Brown,1,Undirected
Chriss Anglin,Gary Coleman,1,Undirected
Chriss Anglin,Geoffrey Arend,1,Undirected
Gary Coleman,Geoffrey Arend,1,Undirected
Gary Coleman,James Cagney,1,Undirected
Gary Coleman,Todd Bridges,1,Undirected
Geoffrey Arend,Jay Chandrasekhar,1,Undirected
Lesley Manville,Karl Johnson,1,Undirected
Lesley Manville,Ruth Sheen,2,Undirected
Lesley Manville,Gary McDonald,1,Undirected
Lesley Manville,Hans Matheson,1,Undirected
Lesley Manville,Samantha Barks,1,Undirected
Catherine Lough Haggquist,Darren Shahlavi,1,Undirected
Catherine Lough Haggquist,Karin Konoval,1,Undirected
Darren Shahlavi,Karin Konoval,1,Undirected
Darren Shahlavi,Aki Aleong,1,Undirected
Darren Shahlavi,Brahim Achabbakhe,1,Undirected
Charlie Saxton,Ryan Donowho,1,Undirected
Ryan Donowho,Kip Pardue,1,Undirected
Ryan Donowho,Larry Fessenden,1,Undirected
Ryan Donowho,Zachary Knighton,1,Undirected
Bill Lake,Dylan Authors,1,Undirected
Bill Lake,Victoria Learn,1,Undirected
Dylan Authors,Victoria Learn,1,Undirected
Nora Zehetner,James Duval,1,Undirected
Nora Zehetner,Will Estes,1,Undirected
Nora Zehetner,Alexia Rasmussen,1,Undirected
Nora Zehetner,Meredith Hagner,1,Undirected
Caitlyn Jenner,Randy Jones,1,Undirected
Brent Anderson,Donny Boaz,1,Undirected
Guang Li,Matthew Walker,1,Undirected
Garrett Clayton,Toni Braxton,1,Undirected
Jimmy Jean-Louis,Joyful Drake,1,Undirected
Esai Morales,Danielle von Zerneck,1,Undirected
Esai Morales,Rosanna DeSoto,1,Undirected
Chi Chung Lam,Yuqi Zhang,1,Undirected
Christian Clavier,Marie-Anne Chazel,1,Undirected
Christian Clavier,Philippe Nahon,1,Undirected
Christian Clavier,Valérie Lemercier,1,Undirected
Marie-Anne Chazel,Philippe Nahon,1,Undirected
Philippe Nahon,Jo Prestia,1,Undirected
Mark Webber,Keri Lynn Pratt,1,Undirected
Mark Webber,Emmanuel Kabongo,1,Undirected
Mark Webber,Lena Dunham,1,Undirected
Ewen Solon,George Coulouris,1,Undirected
Ewen Solon,Peter Vaughan,1,Undirected
George Coulouris,Peter Vaughan,1,Undirected
Aaron Ashmore,Lindsey Haun,1,Undirected
Elea Oberon,Necar Zadegan,1,Undirected
Elea Oberon,Traci Dinwiddie,1,Undirected
Necar Zadegan,Traci Dinwiddie,1,Undirected
Andy On,Sammo Kam-Bo Hung,1,Undirected
Sammo Kam-Bo Hung,Rachel Blakely,1,Undirected
Sammo Kam-Bo Hung,Richard Norton,1,Undirected
Kevin McGowan,Mani Bharathi,1,Undirected
Kevin McGowan,Michael Lieber,1,Undirected
Mani Bharathi,Michael Lieber,1,Undirected
Jacqueline Lovell,Joey D. Vieira,1,Undirected
Jacqueline Lovell,Maggie Wheeler,1,Undirected
Joey D. Vieira,Maggie Wheeler,1,Undirected
Martina Gedeck,Ulrich Mühe,1,Undirected
Dan Byrd,Greg Nicotero,1,Undirected
Dan Byrd,Fred Armisen,1,Undirected
W. Earl Brown,Allen Payne,1,Undirected
W. Earl Brown,Rhea Perlman,1,Undirected
Joe Turkel,Scatman Crothers,1,Undirected
Joe Turkel,Shelley Duvall,1,Undirected
Scatman Crothers,Shelley Duvall,1,Undirected
Scatman Crothers,Louise Fletcher,1,Undirected
Scatman Crothers,Michael Berryman,1,Undirected
Eric Mendenhall,Hope Olaide Wilson,1,Undirected
Eric Mendenhall,Mary J. Blige,1,Undirected
Hope Olaide Wilson,Mary J. Blige,1,Undirected
Mary J. Blige,Vondie Curtis-Hall,1,Undirected
Cabrina Collesides,Erin O'Brien,1,Undirected
Cabrina Collesides,Kari J. Kramer,1,Undirected
Erin O'Brien,Kari J. Kramer,1,Undirected
David Agranov,David Moscow,1,Undirected
Jenni 'Jwoww' Farley,Nicole 'Snooki' Polizzi,1,Undirected
Jenni 'Jwoww' Farley,Paul 'Pauly D' DelVecchio,1,Undirected
Nicole 'Snooki' Polizzi,Paul 'Pauly D' DelVecchio,1,Undirected
Bunta Sugawara,Miyu Irino,1,Undirected
Bunta Sugawara,Ryûnosuke Kamiki,1,Undirected
Miyu Irino,Ryûnosuke Kamiki,1,Undirected
Michael Wong,Terence Yin,1,Undirected
Michael Wong,Louis Koo,1,Undirected
Michael Wong,Stephen Au,1,Undirected
Roger Allam,Sophie Nélisse,1,Undirected
Roger Allam,Sylvia Syms,1,Undirected
Roger Allam,Jessica Raine,1,Undirected
Katrina Bowden,Kelen Coleman,1,Undirected
Mel Ferrer,Stephen Boyd,1,Undirected
Darci Kistler,Kyra Nichols,1,Undirected
Darci Kistler,Margaret Tracey,1,Undirected
Kyra Nichols,Margaret Tracey,1,Undirected
Angelica Lee,Ching Wan Lau,1,Undirected
Angelica Lee,Louis Koo,1,Undirected
Ching Wan Lau,Louis Koo,1,Undirected
Ching Wan Lau,Hailu Qin,1,Undirected
Ching Wan Lau,Wei Tang,1,Undirected
Louis Koo,Stephen Au,1,Undirected
Chester,Ken Davitian,1,Undirected
Chester,Luenell,1,Undirected
Ken Davitian,Luenell,1,Undirected
Alanna Ubach,Raquel Welch,1,Undirected
Alanna Ubach,Brittney Powell,1,Undirected
Paul Schneider,Samuel Roukin,1,Undirected
Paul Schneider,Damian Jewan Lee,1,Undirected
Sean Patrick Thomas,Fredro Starr,1,Undirected
Sean Patrick Thomas,Eric Mabius,1,Undirected
Joey Fatone,Louis Mandylor,1,Undirected
Carl Weathers,Shane Black,1,Undirected
Carl Weathers,Vanity,1,Undirected
Carl Weathers,Burgess Meredith,1,Undirected
Lindsay Duncan,Mario Monicelli,1,Undirected
Lindsay Duncan,Tom Hughes,1,Undirected
Melinda Clarke,Kent McCord,1,Undirected
Melinda Clarke,Sarah Douglas,1,Undirected
Christian Clemenson,David Alan Basche,1,Undirected
Christian Clemenson,Susan Blommaert,1,Undirected
David Alan Basche,Susan Blommaert,1,Undirected
Susan Blommaert,Alice Olivia Clarke,1,Undirected
Barry Bostwick,Hulk Hogan,1,Undirected
Barry Bostwick,Nicollette Sheridan,1,Undirected
Barry Bostwick,Henry Silva,1,Undirected
Barry Bostwick,Michael Beck,1,Undirected
Barry Bostwick,Terrance Zdunich,1,Undirected
Barry Bostwick,Ahmed Best,1,Undirected
Hulk Hogan,Nicollette Sheridan,1,Undirected
Chris Brochu,Jeff Fahey,1,Undirected
Grace Jones,Olivia d'Abo,1,Undirected
Olivia d'Abo,Danny Arroyo,1,Undirected
Frank Vincent,Michael McGlone,1,Undirected
Frank Vincent,Chuck Zito,1,Undirected
Sasha Alexander,William Katt,1,Undirected
Freddie Jones,Nicholas Rowe,1,Undirected
Freddie Jones,Roger Ashton-Griffiths,1,Undirected
Nicholas Rowe,Roger Ashton-Griffiths,1,Undirected
Ethan Stiefel,Susan May Pratt,1,Undirected
Corbin Bleu,Kevin G. Schmidt,1,Undirected
Corbin Bleu,Sandra Echeverría,1,Undirected
Corbin Bleu,Olesya Rulin,2,Undirected
Corbin Bleu,Luis Antonio,1,Undirected
Corbin Bleu,Rus Blackwell,1,Undirected
Michael Horse,Richard Farnsworth,1,Undirected
Richard Farnsworth,Everett McGill,1,Undirected
Dennis Franz,John McMartin,1,Undirected
Dennis Franz,Nancy Allen,1,Undirected
John McMartin,Nancy Allen,1,Undirected
Nancy Allen,David Margulies,1,Undirected
Bruce Payne,Paul Freeman,1,Undirected
Bruce Payne,Rebecca Budig,1,Undirected
Bruce Payne,Lucy Gaskell,1,Undirected
Bruce Payne,Steven Elder,1,Undirected
Paul Freeman,Rebecca Budig,1,Undirected
Paul Freeman,Clyde Kusatsu,1,Undirected
Kellie Martin,Shelley Long,1,Undirected
Shelley Long,Rick Rossovich,1,Undirected
Juliet Stevenson,Shaun Evans,1,Undirected
Juliet Stevenson,Alex Lawther,1,Undirected
Juliet Stevenson,Niamh Cusack,1,Undirected
Shaun Evans,Q'orianka Kilcher,1,Undirected
David Margulies,Karen Young,1,Undirected
David Margulies,Kim Chan,1,Undirected
Karen Young,Kim Chan,1,Undirected
Kim Chan,Byron Mann,1,Undirected
Albert Salmi,Ralph Richardson,1,Undirected
David Masterson,Kerry Condon,1,Undirected
David Masterson,Cecilia Pillado,1,Undirected
Honglei Sun,Khulan Chuluun,1,Undirected
Honglei Sun,Dahong Ni,2,Undirected
Honglei Sun,Ni Yan,2,Undirected
Henry Silva,Michael Beck,1,Undirected
Henry Silva,Gano Grills,1,Undirected
Henry Silva,Richard Portnow,1,Undirected
Julie Christie,Klaus Kinski,1,Undirected
Aden Young,Suzie Steen,1,Undirected
Aden Young,Steve Irwin,1,Undirected
Paul Sparks,Riley Keough,1,Undirected
Burghart Klaußner,Leonie Benesch,1,Undirected
Burghart Klaußner,Ulrich Tukur,1,Undirected
Burghart Klaußner,Chulpan Khamatova,1,Undirected
Burghart Klaußner,Florian Lukas,1,Undirected
Leonie Benesch,Ulrich Tukur,1,Undirected
Anna Harr,James Cullen Bressack,1,Undirected
James Hetfield,Lars Ulrich,1,Undirected
James Hetfield,Mackenzie Gray,1,Undirected
Lars Ulrich,Mackenzie Gray,1,Undirected
Mackenzie Gray,Ashleigh Gryzko,1,Undirected
Mackenzie Gray,Sean Rogerson,1,Undirected
Katharina Schüttler,Nora von Waldstätten,1,Undirected
Shawn Yue,Simón Andreu,1,Undirected
Shawn Yue,Takuya Kimura,1,Undirected
Shawn Yue,Kelly Lin,1,Undirected
Shawn Yue,Woo-sung Jung,1,Undirected
Simón Andreu,Takuya Kimura,1,Undirected
Takuya Kimura,Hiroyuki Ikeuchi,1,Undirected
Takuya Kimura,Meisa Kuroki,1,Undirected
Mark Moses,Rob Huebel,1,Undirected
Greg Nicotero,John Amplas,2,Undirected
Greg Nicotero,Joseph Pilato,2,Undirected
John Amplas,Joseph Pilato,2,Undirected
Cassie Ventura,Luis Rosado,1,Undirected
Cassie Ventura,Mari Koda,1,Undirected
Luis Rosado,Mari Koda,1,Undirected
Henry Ian Cusick,Alan Van Sprang,1,Undirected
Henry Ian Cusick,Scott Handy,1,Undirected
Jessica Lowndes,Randy Wayne,1,Undirected
Jessica Lowndes,Brad Schmidt,1,Undirected
Jessica Lowndes,Ethan Peck,1,Undirected
Kirk Fox,Rob Campbell,1,Undirected
Kirk Fox,Shawn Andrews,1,Undirected
Rob Campbell,Shawn Andrews,1,Undirected
Elaine Cassidy,Eric Sykes,1,Undirected
Elaine Cassidy,Gerard McSorley,1,Undirected
Jeremy Brett,Rex Harrison,1,Undirected
Jeremy Brett,Theodore Bikel,1,Undirected
Rex Harrison,Theodore Bikel,1,Undirected
Chris Moss,Jay Chandrasekhar,1,Undirected
Chris Moss,Owain Yeoman,1,Undirected
Jay Chandrasekhar,Owain Yeoman,1,Undirected
Jay Chandrasekhar,Lindsay Price,1,Undirected
Betsy Russell,Matt Cohen,1,Undirected
Betsy Russell,Noah Segan,1,Undirected
Chris Kattan,Fred Armisen,1,Undirected
Diana Maria Riva,Morgan Saylor,1,Undirected
Diana Maria Riva,Valente Rodriguez,1,Undirected
Morgan Saylor,Valente Rodriguez,1,Undirected
Adam Boyer,Malika,1,Undirected
Caroll Spinney,Kevin Clash,1,Undirected
Ava Gardner,David Niven,1,Undirected
Ava Gardner,John Ireland,1,Undirected
Ava Gardner,Howard Keel,1,Undirected
David Niven,John Ireland,1,Undirected
David Niven,Mary Astor,1,Undirected
David Niven,Ronald Colman,1,Undirected
David Niven,Errol Flynn,1,Undirected
David Niven,Spring Byington,1,Undirected
John Ireland,Arthur O'Connell,1,Undirected
John Ireland,Sheldon Leonard,1,Undirected
Elizabeth Blackmore,Ellen Sandweiss,1,Undirected
Ellen Sandweiss,Betsy Baker,1,Undirected
Ellen Sandweiss,Ted Raimi,1,Undirected
Harland Williams,Rachel Dratch,1,Undirected
Rachel Dratch,Jason Kravits,1,Undirected
Rachel Dratch,Peter Riegert,1,Undirected
Clé Bennett,Conrad Coates,1,Undirected
Clé Bennett,DeRay Davis,1,Undirected
Conrad Coates,DeRay Davis,1,Undirected
Brenda Fricker,David Murray,1,Undirected
Brenda Fricker,Gerard McSorley,1,Undirected
David Murray,Gerard McSorley,1,Undirected
Jan-Michael Vincent,Paul Winfield,1,Undirected
Jan-Michael Vincent,Vincent Gallo,1,Undirected
Julianna Guill,Rick Gomez,1,Undirected
Julianna Guill,Tim Williams,1,Undirected
Rick Gomez,Tim Williams,1,Undirected
Matt Servitto,James McCaffrey,1,Undirected
Danny Strong,Samm Levine,1,Undirected
Bruno Kirby,Gretchen Palmer,1,Undirected
Bruno Kirby,Harley Jane Kozak,1,Undirected
Gretchen Palmer,Harley Jane Kozak,1,Undirected
Jack Warden,Cheryl Ladd,1,Undirected
Jack Warden,Cesar Romero,1,Undirected
Jack Warden,Lee J. Cobb,1,Undirected
Mark Walters,Ron Lester,1,Undirected
Finn Ireland,Vincent Walsh,1,Undirected
Ivana Baquero,Maribel Verdú,1,Undirected
Ivana Baquero,Sergi López,1,Undirected
Maribel Verdú,Sergi López,1,Undirected
Maribel Verdú,Daniel Giménez Cacho,1,Undirected
Maribel Verdú,María Aura,1,Undirected
Angell Conwell,DJ Pooh,1,Undirected
Angell Conwell,Dr. Dre,1,Undirected
Alonna Shaw,Bolo Yeung,1,Undirected
Alonna Shaw,Kamel Krifa,1,Undirected
Bolo Yeung,Kamel Krifa,1,Undirected
Bolo Yeung,Donald Gibb,1,Undirected
Bolo Yeung,Ken Siu,1,Undirected
Marc Donato,Raoul Max Trujillo,1,Undirected
Tracey Walter,Dennis Burkley,1,Undirected
Tracey Walter,Miguel Sandoval,1,Undirected
Alexandra Holden,Trent Ford,1,Undirected
Trent Ford,Taylor Handley,1,Undirected
Brad William Henke,Miranda July,1,Undirected
Brad William Henke,Najarra Townsend,1,Undirected
Brad William Henke,Michelle Hurst,1,Undirected
Farrah Fawcett,Jenny Agutter,1,Undirected
Farrah Fawcett,Peter Ustinov,1,Undirected
Brian Keith,Karl Malden,1,Undirected
Brian Keith,Patrick Wayne,1,Undirected
Karl Malden,Bill Hickman,1,Undirected
Karl Malden,George C. Scott,1,Undirected
Karl Malden,Kim Hunter,1,Undirected
Karl Malden,Michael Douglas,1,Undirected
Angela Sarafyan,Jaime Zevallos,1,Undirected
Angela Sarafyan,Michael Elian,1,Undirected
Lynn Redgrave,John Carradine,1,Undirected
Jodie Whittaker,John Boyega,1,Undirected
Jodie Whittaker,Luke Treadaway,1,Undirected
Emily Alyn Lind,Paz de la Huerta,1,Undirected
Paz de la Huerta,Lauren German,1,Undirected
Ivan Sergei,Justin Kirk,1,Undirected
Conrad Kemp,Tanya van Graan,1,Undirected
Steven Van Zandt,Tommy Karlsen,1,Undirected
Steven Van Zandt,Trond Fausa,1,Undirected
Tommy Karlsen,Trond Fausa,1,Undirected
Charles Aznavour,David Alpay,1,Undirected
Charles Aznavour,Marie-Josée Croze,1,Undirected
David Alpay,Marie-Josée Croze,1,Undirected
Marie-Josée Croze,Marina Hands,1,Undirected
Marie-Josée Croze,Stéphane Rousseau,1,Undirected
Marie-Josée Croze,Angelo Tsarouchas,1,Undirected
Carole Bouquet,Michel Muller,1,Undirected
Carole Bouquet,Ryôko Hirosue,1,Undirected
Michel Muller,Ryôko Hirosue,1,Undirected
Chen Chang,Pei-Pei Cheng,1,Undirected
Chen Chang,Sihung Lung,1,Undirected
Chen Chang,Satoshi Tsumabuki,1,Undirected
Pei-Pei Cheng,Sihung Lung,1,Undirected
Bex Taylor-Klaus,Bobby Campo,1,Undirected
Bex Taylor-Klaus,Jason Wiles,1,Undirected
Bobby Campo,Jason Wiles,1,Undirected
Rae Dawn Chong,Everett McGill,1,Undirected
Rae Dawn Chong,Gary Schwartz,1,Undirected
Rae Dawn Chong,Vernon Wells,1,Undirected
Rae Dawn Chong,Evan Ross,1,Undirected
Ji-won Ha,Kyung-gu Sol,1,Undirected
Ji-won Ha,Nicole Dionne,1,Undirected
Kyung-gu Sol,Nicole Dionne,1,Undirected
Kyung-gu Sol,Sung-kee Ahn,1,Undirected
Kyung-gu Sol,Yu-mi Jeong,1,Undirected
Levon Helm,Guillermo Arriaga,1,Undirected
Levon Helm,Bob Dylan,1,Undirected
Levon Helm,Ringo Starr,1,Undirected
Isabelle Nélisse,Megan Charpentier,1,Undirected
Georgina Cates,Grasie Mercedes,1,Undirected
Georgina Cates,Jackson Nicoll,1,Undirected
Grasie Mercedes,Jackson Nicoll,1,Undirected
Jackson Nicoll,Osric Chau,1,Undirected
Adam Lamberg,Clayton Snyder,1,Undirected
Dororthy Thorton,Rae'Ven Kelly,1,Undirected
Dororthy Thorton,Virginia Capers,1,Undirected
Rae'Ven Kelly,Virginia Capers,1,Undirected
Claude Rains,Jean Arthur,1,Undirected
Claude Rains,Thomas Mitchell,1,Undirected
Claude Rains,Conrad Veidt,1,Undirected
Claude Rains,Humphrey Bogart,1,Undirected
Jessie T. Usher,Ser'Darius Blain,1,Undirected
Mitchell Ryan,Kim Darby,1,Undirected
Erica Leerhsen,Kim Director,1,Undirected
Erica Leerhsen,Kurt Loder,1,Undirected
Kim Director,Kurt Loder,1,Undirected
Brenda Strong,Rachel True,1,Undirected
Brenda Strong,Eric Johnson,2,Undirected
Brenda Strong,Emily Podleski,1,Undirected
Rachel True,Ari Gold,1,Undirected
Rachel True,Denny Kirkwood,1,Undirected
Hutch Dano,Jason Spevack,1,Undirected
Hutch Dano,Sierra McCormick,1,Undirected
Jason Spevack,Sierra McCormick,1,Undirected
Nicole Ari Parker,Nina Hartley,1,Undirected
Nicole Ari Parker,Laurel Holloman,1,Undirected
Nicole Ari Parker,Stephanie Berry,1,Undirected
Danny Pino,Enrique Murciano,1,Undirected
Danny Pino,Victor Rivers,1,Undirected
Danny Pino,Megan Hilty,1,Undirected
Cinda McCain,Luke Perry,1,Undirected
Geneviève Bujold,Jason Priestley,1,Undirected
Jason Priestley,Danny Webb,1,Undirected
Jason Priestley,David Bianchi,1,Undirected
George C. Scott,Bill Hickman,1,Undirected
George C. Scott,Keenan Wynn,1,Undirected
George C. Scott,Slim Pickens,1,Undirected
Homayoun Ershadi,Nina Hoss,1,Undirected
Cam Clarke,Phil Vischer,1,Undirected
Cam Clarke,Yuri Lowenthal,1,Undirected
Phil Vischer,Yuri Lowenthal,1,Undirected
Phil Vischer,Mike Nawrocki,1,Undirected
Phil Vischer,Shelby Vischer,1,Undirected
Larry Mullen Jr.,The Edge,1,Undirected
Adam Copeland,Adrian Paul,1,Undirected
Kevin Gage,Brianna Brown,1,Undirected
Kevin Gage,Angelina Armani,1,Undirected
Kevin Gage,Fiona Dourif,1,Undirected
Keith Allen,Sandra Nelson,1,Undirected
Keith Allen,Gael Le Cornec,1,Undirected
Kyla Pratt,Shirley Douglas,1,Undirected
Daniel Wu,Yasuaki Kurata,1,Undirected
Chris Bruno,Nicole de Boer,1,Undirected
Khandi Alexander,Michael Michele,1,Undirected
Khandi Alexander,Maya Angelou,1,Undirected
Dan Futterman,Peter McNamara,1,Undirected
Dan Futterman,Matt Keeslar,1,Undirected
Anna Madeley,Elizabeth Berrington,1,Undirected
Anna Madeley,Eric Godon,1,Undirected
Elizabeth Berrington,Eric Godon,1,Undirected
Diahann Carroll,Lara Jean Chorostecki,1,Undirected
Diahann Carroll,Mykel Shannon Jenkins,1,Undirected
Corbin Bernsen,David Alan Grier,1,Undirected
Corbin Bernsen,Dulé Hill,1,Undirected
Corbin Bernsen,Timothy Omundson,1,Undirected
Corbin Bernsen,Kirsten Collins,1,Undirected
Corbin Bernsen,Lorne Cardinal,1,Undirected
Corbin Bernsen,Amanda MacDonald,1,Undirected
Corbin Bernsen,Chelse Swain,1,Undirected
Amber Marie Bollinger,Kalim Chandler,1,Undirected
Amber Marie Bollinger,Thomas Stroppel,1,Undirected
Kalim Chandler,Thomas Stroppel,1,Undirected
Brigitte Helm,Gustav Fröhlich,1,Undirected
Brigitte Helm,Rudolf Klein-Rogge,1,Undirected
Gustav Fröhlich,Rudolf Klein-Rogge,1,Undirected
Konstantin Lavronenko,Nataliya Vdovina,1,Undirected
Konstantin Lavronenko,Vladimir Garin,1,Undirected
Nataliya Vdovina,Vladimir Garin,1,Undirected
Nirut Sirichanya,Petchtai Wongkamlao,1,Undirected
Nirut Sirichanya,Sarunyu Wongkrachang,1,Undirected
Petchtai Wongkamlao,Sarunyu Wongkrachang,1,Undirected
Sarunyu Wongkrachang,Chatchai Plengpanich,1,Undirected
Sarunyu Wongkrachang,Mai Charoenpura,1,Undirected
Conrad Dunn,Gina Bellman,1,Undirected
Hans Matheson,Samantha Barks,1,Undirected
Lucy Gaskell,Steven Elder,1,Undirected
Ferdinando Vetere,Maximilian Dirr,1,Undirected
Ferdinando Vetere,Rodrigo De la Serna,1,Undirected
Maximilian Dirr,Rodrigo De la Serna,1,Undirected
Linus Roache,Kathy Uyen,1,Undirected
Linus Roache,Paul Sheehan,1,Undirected
Bart Shatto,Sharon Leal,1,Undirected
Sharon Leal,Cameron Mills,1,Undirected
Jean-Marc Barr,Jeremy Davies,1,Undirected
Jeremy Davies,Lesley Ann Warren,1,Undirected
Anil Kapoor,Ayush Mahesh Khedekar,1,Undirected
Anil Kapoor,Saurabh Shukla,1,Undirected
Anil Kapoor,Emraan Hashmi,1,Undirected
Anil Kapoor,Sunil Shetty,1,Undirected
Ayush Mahesh Khedekar,Saurabh Shukla,1,Undirected
Lois Smith,Robert Prosky,1,Undirected
Lois Smith,Janet McTeer,1,Undirected
Joe Flaherty,Don Francks,1,Undirected
Joe Flaherty,John Vernon,1,Undirected
Malik Yoba,Ta'Rhonda Jones,1,Undirected
Barbara Bach,Caroline Munro,1,Undirected
Amy Bruni,Jason Hawes,1,Undirected
Amy Bruni,Steve Gonsalves,1,Undirected
Jason Hawes,Steve Gonsalves,1,Undirected
Mike Nawrocki,Shelby Vischer,1,Undirected
Gino Salvano,Roger Guenveur Smith,1,Undirected
Linda Blair,Lee J. Cobb,1,Undirected
Kane Hodder,Lexa Doig,1,Undirected
Kane Hodder,Peter Mark Richman,1,Undirected
Kane Hodder,Scott Reeves,1,Undirected
Kane Hodder,Erin Gray,1,Undirected
Kane Hodder,Leslie Jordan,1,Undirected
Kane Hodder,Terry Kiser,1,Undirected
Kane Hodder,William Butler,1,Undirected
Kane Hodder,Joel Murray,1,Undirected
Kane Hodder,Alex Sanborn,1,Undirected
Kane Hodder,Paul Elia,1,Undirected
Emmanuelle Seigner,Isaach De Bankolé,1,Undirected
Angela Featherstone,Candace Kroslak,1,Undirected
Angela Featherstone,Melissa Sagemiller,1,Undirected
Candace Kroslak,Melissa Sagemiller,1,Undirected
Nigel Whitmey,Todd Boyce,1,Undirected
Karl Johnson,Ruth Sheen,1,Undirected
Ruth Sheen,Gary McDonald,1,Undirected
Edouard Baer,Sara Forestier,1,Undirected
Edouard Baer,Roschdy Zem,1,Undirected
Sara Forestier,Jacques Gamblin,1,Undirected
Sara Forestier,Zinedine Soualem,1,Undirected
Kelly Lin,Woo-sung Jung,1,Undirected
Woo-sung Jung,Dal-su Oh,1,Undirected
John Gallagher Jr.,Sumalee Montano,1,Undirected
Krystyna Janda,Olaf Lubaszenko,2,Undirected
Krystyna Janda,Olgierd Lukaszewicz,2,Undirected
Olaf Lubaszenko,Olgierd Lukaszewicz,2,Undirected
Amelia Warner,Stephen Marcus,1,Undirected
Jacek Koman,Jaroslaw Boberek,1,Undirected
Jacek Koman,Marian Dziedziel,1,Undirected
Jaroslaw Boberek,Marian Dziedziel,1,Undirected
Belén Rueda,Lola Dueñas,1,Undirected
Belén Rueda,Tamar Novas,1,Undirected
Belén Rueda,Fernando Cayo,1,Undirected
Lola Dueñas,Tamar Novas,1,Undirected
Lola Dueñas,Antonio de la Torre,1,Undirected
Lola Dueñas,Carmen Maura,1,Undirected
Alison Chand,Paul Brannigan,1,Undirected
Boys II Men,Sean Kingston,1,Undirected
Fredro Starr,Dennis L.A. White,1,Undirected
Fredro Starr,Luis Sanchez,1,Undirected
Brooke Bundy,Rodney Eastman,1,Undirected
Brooke Bundy,Tuesday Knight,1,Undirected
Rodney Eastman,Tuesday Knight,1,Undirected
Brighton Sharbino,Elissa Dowling,1,Undirected
Greg Germann,Jenny Agutter,1,Undirected
Greg Germann,Jake Cherry,1,Undirected
Greg Germann,Marin Hinkle,1,Undirected
Greg Germann,Kristoffer Polaha,1,Undirected
Jenny Agutter,Peter Ustinov,1,Undirected
Henry Simmons,Kate del Castillo,1,Undirected
Kate del Castillo,Alicja Bachleda,1,Undirected
Kate del Castillo,Eugenio Derbez,1,Undirected
Corey Johnson,Elina Alminas,1,Undirected
Corey Johnson,Sonoya Mizuno,1,Undirected
Elina Alminas,Sonoya Mizuno,1,Undirected
Ella Wahlestedt,Jason Gray-Stanford,1,Undirected
Ella Wahlestedt,Teo Halm,1,Undirected
Jason Gray-Stanford,Teo Halm,1,Undirected
Kazunari Ninomiya,Shidô Nakamura,1,Undirected
Kazunari Ninomiya,Yuki Matsuzaki,1,Undirected
Shidô Nakamura,Yuki Matsuzaki,1,Undirected
David Dencik,Lena Endre,1,Undirected
Josie Loren,Justin Chon,1,Undirected
Josie Loren,Sarah Wright,1,Undirected
Justin Chon,Sarah Wright,1,Undirected
Justin Chon,Max Adler,1,Undirected
Catalina Sandino Moreno,Santiago Cabrera,1,Undirected
Catalina Sandino Moreno,Wilson Guerrero,1,Undirected
Catalina Sandino Moreno,Yenny Paola Vega,1,Undirected
Sarita Choudhury,Rekha,1,Undirected
Daniel Auteuil,Yves Jacques,1,Undirected
Meghan Heffern,Natalie Lisinska,1,Undirected
Ezra Miller,Ashley Gerasimovich,1,Undirected
Ezra Miller,Dominik García-Lorido,1,Undirected
Ian Gomez,Thomas Ian Griffith,1,Undirected
John Boyega,Luke Treadaway,1,Undirected
Branko Djuric,Jelena Jovanova,1,Undirected
Branko Djuric,Nikola Djuricko,1,Undirected
Jelena Jovanova,Nikola Djuricko,1,Undirected
Dean Dawson,Jung-jae Lee,1,Undirected
Annie Golden,Dameon Clarke,1,Undirected
Annie Golden,Louis Herthum,1,Undirected
Dameon Clarke,Louis Herthum,1,Undirected
Everett McGill,Gary Schwartz,1,Undirected
Everett McGill,Fabio Testi,1,Undirected
Everett McGill,Jack Taylor,1,Undirected
Gabriel Millman,Rob Morrow,1,Undirected
Julian Morris,Margo Harshman,1,Undirected
Julian Morris,John Robinson,1,Undirected
Julian Morris,Lindy Booth,1,Undirected
Julian Morris,Nichola Burley,1,Undirected
Mary Astor,Ronald Colman,1,Undirected
Cara Horgan,Richard Johnson,1,Undirected
Cara Horgan,Sheila Hancock,1,Undirected
Richard Johnson,Sheila Hancock,1,Undirected
Vincent Gallo,Anna Vareschi,1,Undirected
Vincent Gallo,Cheryl Tiegs,1,Undirected
Christian Campbell,Blaine Anderson,1,Undirected
Bill Erwin,Gabriel Damon,1,Undirected
Bill Erwin,George Voskovec,1,Undirected
Bill Erwin,Teresa Wright,1,Undirected
Bin Won,Min-sik Choi,1,Undirected
Min-sik Choi,Hye-jeong Kang,2,Undirected
Min-sik Choi,Yeong-ae Lee,1,Undirected
Min-sik Choi,Ji-tae Yu,1,Undirected
Robert Shaw,Denholm Elliott,1,Undirected
Robert Shaw,Nicol Williamson,1,Undirected
Robert Shaw,Paul Scofield,1,Undirected
Robert Shaw,Susannah York,1,Undirected
Robert Shaw,Daniela Bianchi,1,Undirected
Lambert Wilson,Julie Engelbrecht,1,Undirected
Lambert Wilson,Lionel Abelanski,1,Undirected
Lambert Wilson,Olivier Rabourdin,1,Undirected
Ally Sheedy,Kerry Cahill,1,Undirected
Alex Veadov,Jason Cottle,1,Undirected
Alex Veadov,Rorke Denver,1,Undirected
Jason Cottle,Rorke Denver,1,Undirected
Josh Henderson,Rachel Ann Mullins,1,Undirected
Sid Haig,Ken Foree,1,Undirected
Sid Haig,Erin Daniels,1,Undirected
Sid Haig,Matthew McGrory,1,Undirected
Sid Haig,Dee Wallace,1,Undirected
Sid Haig,Michael Berryman,1,Undirected
Sid Haig,Jacob Zachar,1,Undirected
Sid Haig,Travis Betz,1,Undirected
Amy Irving,Steven Hill,1,Undirected
Amy Irving,Terry Walters,1,Undirected
Britney Spears,Dave Allen,2,Undirected
Britney Spears,Katherine Boecher,2,Undirected
Dave Allen,Katherine Boecher,2,Undirected
Kirby Bliss Blanton,Oliver Cooper,1,Undirected
Anthony Burrell,Ashley Ashida Dixon,1,Undirected
Anthony Burrell,Lexie Contursi,1,Undirected
Ashley Ashida Dixon,Lexie Contursi,1,Undirected
Nat Wolff,Meg Crosbie,1,Undirected
Nat Wolff,Olivia Crocicchia,1,Undirected
Richard Dysart,Robert Foxworth,1,Undirected
Richard Dysart,Talia Shire,1,Undirected
Robert Foxworth,Talia Shire,1,Undirected
Kathryn Erbe,Lusia Strus,1,Undirected
Kathryn Erbe,Edie Falco,1,Undirected
Kelvin Taylor,Viva Bianca,1,Undirected
Mare Winningham,Peter Hermann,1,Undirected
Dichen Lachman,Joanna 'JoJo' Levesque,1,Undirected
Dichen Lachman,Tammin Sursok,1,Undirected
Dichen Lachman,Jennifer Lee Wiggins,1,Undirected
Dichen Lachman,Michele Morrow,1,Undirected
Joanna 'JoJo' Levesque,Tammin Sursok,1,Undirected
Herbert Grönemeyer,Martin Semmelrogge,1,Undirected
Gary Weeks,Jonny Weston,1,Undirected
Gary Weeks,Sofia Black-D'Elia,1,Undirected
Jonny Weston,Sofia Black-D'Elia,1,Undirected
Sofia Black-D'Elia,Lisa Kay,1,Undirected
Tammy Blanchard,Veronika Dash,1,Undirected
Aleksa Palladino,Greg Mottola,1,Undirected
Brian Dietzen,Kelly Clarkson,1,Undirected
Nick Damici,Susan Gardner,1,Undirected
Nick Damici,Connor Paolo,1,Undirected
Nick Damici,Michael Cerveris,1,Undirected
Ah-sung Ko,Doona Bae,1,Undirected
Sabrina Ferilli,Serena Grandi,1,Undirected
Sabrina Ferilli,Toni Servillo,1,Undirected
Serena Grandi,Toni Servillo,1,Undirected
Jake Richardson,Michael Harding,1,Undirected
Harmony Korine,Mia Wasikowska,1,Undirected
Mia Wasikowska,Michael McElhatton,1,Undirected
David Richmond-Peck,Erin Boyes,1,Undirected
David Richmond-Peck,Timothy Webber,1,Undirected
Erin Boyes,Timothy Webber,1,Undirected
Alicja Bachleda,Kostja Ullmann,1,Undirected
Alicja Bachleda,Robert Stadlober,1,Undirected
Bálint Péntek,Marcell Nagy,1,Undirected
Bálint Péntek,Péter Fancsikai,1,Undirected
Marcell Nagy,Péter Fancsikai,1,Undirected
Dahong Ni,Ni Yan,2,Undirected
Ni Yan,Daoming Chen,1,Undirected
Ryu Kohata,Yuanyuan Gao,1,Undirected
Hiroyuki Ikeuchi,Meisa Kuroki,1,Undirected
Ana Imnadze,Kenneth Cranham,1,Undirected
Emma Lung,Michael Dorman,1,Undirected
Emma Lung,Rachael Carpani,1,Undirected
Michael Dorman,Rachael Carpani,1,Undirected
Alexandra Callas,Kelly LeBrock,1,Undirected
Gary Daniels,Ginger Jensen,1,Undirected
Gary Daniels,Matt Marr,1,Undirected
Ginger Jensen,Matt Marr,1,Undirected
Akira Terao,Tatsuo Matsumura,1,Undirected
Akira Terao,Tetsu Watanabe,1,Undirected
Tatsuo Matsumura,Tetsu Watanabe,1,Undirected
Hailu Qin,Wei Tang,1,Undirected
Harry Carey Jr.,Zach Galligan,1,Undirected
Harry Carey Jr.,Montgomery Clift,1,Undirected
Harry Carey Jr.,Walter Brennan,1,Undirected
Harry Carey Jr.,Ben Johnson,1,Undirected
Harry Carey Jr.,Victor McLaglen,1,Undirected
Zach Galligan,Paula Marshall,1,Undirected
Daniel Zettel,Selton Mello,1,Undirected
Daniel Zettel,Wagner Moura,1,Undirected
Selton Mello,Wagner Moura,1,Undirected
Wagner Moura,André Ramiro,1,Undirected
Wagner Moura,Fernanda Machado,1,Undirected
Wagner Moura,Jesuíta Barbosa,1,Undirected
Jack McGee,Meredith Scott Lynn,1,Undirected
Jack McGee,Tim DeZarn,1,Undirected
Lane Smith,Hal Landon Jr.,1,Undirected
Christopher Sommers,Zoe Ventoura,1,Undirected
John Enos III,Adam Carolla,1,Undirected
John Enos III,Rian Bishop,1,Undirected
Lauren German,Stanislav Ianevski,1,Undirected
Eric Mabius,Brooke D'Orsay,1,Undirected
Eric Mabius,Daphne Zuniga,1,Undirected
George Newbern,Shawnee Smith,1,Undirected
Shawnee Smith,Leigh Whannell,1,Undirected
Shawnee Smith,Michael Welch,1,Undirected
Sid Caesar,Spencer Tracy,1,Undirected
Sid Caesar,Olivia Newton-John,1,Undirected
Gabrielle Carteris,Steven Bauer,1,Undirected
Bud Cort,Louise Fletcher,1,Undirected
Bud Cort,Amy Madigan,1,Undirected
Louise Fletcher,Michael Berryman,1,Undirected
Eva Birthistle,Fiona Glascott,1,Undirected
Pauline Collins,Sheridan Smith,1,Undirected
Kevin Tighe,Catherine Bell,1,Undirected
Alan Van Sprang,Scott Handy,1,Undirected
Jimi Mistry,Jesse Moss,1,Undirected
Jimi Mistry,John Light,1,Undirected
Alex Karpovsky,Lena Dunham,1,Undirected
Lisa Pelikan,Wayne Pygram,1,Undirected
Angus Barnett,David Kennedy,1,Undirected
Angus Barnett,Phyllida Law,1,Undirected
David Kennedy,Phyllida Law,1,Undirected
Britt Ekland,John Cassavetes,1,Undirected
John Cassavetes,Charles Grodin,1,Undirected
Alix Freihage,Lina Esco,1,Undirected
Deborra-Lee Furness,John Howard,1,Undirected
Deborra-Lee Furness,Max Cullen,1,Undirected
John Howard,Max Cullen,1,Undirected
John Abraham,Preity Zinta,1,Undirected
John Abraham,Shah Rukh Khan,1,Undirected
John Abraham,Lisa Ray,1,Undirected
John Abraham,Seema Biswas,1,Undirected
Preity Zinta,Shah Rukh Khan,2,Undirected
Preity Zinta,Anupam Kher,1,Undirected
Shah Rukh Khan,Katrina Kaif,1,Undirected
Shah Rukh Khan,Vic Waghorn,1,Undirected
Shah Rukh Khan,Christopher B. Duncan,1,Undirected
Shah Rukh Khan,Jimmy Shergill,1,Undirected
Shah Rukh Khan,Anupam Kher,1,Undirected
Tom Cullen,Marama Corlett,1,Undirected
Tom Cullen,Chris New,1,Undirected
Tom Cullen,Vauxhall Jermaine,1,Undirected
Gary Lockwood,Glenn Beck,1,Undirected
Gary Lockwood,Keir Dullea,1,Undirected
Glenn Beck,Keir Dullea,1,Undirected
Dee Wallace,Michael Berryman,1,Undirected
Dee Wallace,Lena Dunham,1,Undirected
Antonia Thomas,Hannah Britland,1,Undirected
Antonia Thomas,Johnny Flynn,1,Undirected
Hannah Britland,Johnny Flynn,1,Undirected
Arjun Rampal,Boman Irani,1,Undirected
Arjun Rampal,Riteish Deshmukh,1,Undirected
Boman Irani,Riteish Deshmukh,1,Undirected
Riteish Deshmukh,Clive Standen,1,Undirected
Riteish Deshmukh,Katrina Kaif,1,Undirected
Eric Elmosnino,François Damiens,1,Undirected
Eric Elmosnino,Karin Viard,1,Undirected
François Damiens,Karin Viard,1,Undirected
Karin Viard,Maïwenn,1,Undirected
Glen Powell,Kiowa Gordon,1,Undirected
Leigh Whannell,Hayley Kiyoko,1,Undirected
Leigh Whannell,Barbara Hershey,1,Undirected
Eddie Albert,Richard Beymer,1,Undirected
Eddie Albert,Louise Sorel,1,Undirected
Richard Beymer,George Chakiris,1,Undirected
Richard Beymer,Rita Moreno,1,Undirected
Ted Raimi,Dan Hicks,2,Undirected
Ted Raimi,Kassie Wesley DePaiva,1,Undirected
Ted Raimi,Timothy Patrick Quill,1,Undirected
Ted Raimi,Betsy Baker,1,Undirected
Jack Wild,Ron Moody,1,Undirected
Andrew Lawrence,Dabney Coleman,1,Undirected
Angelo Rossitto,Tina Turner,1,Undirected
Angelo Rossitto,Avery Schreiber,1,Undirected
Angelo Rossitto,Stephen Macht,1,Undirected
Vernon Wells,Kjell Nilsson,1,Undirected
Vernon Wells,Johnny Pacar,1,Undirected
Vernon Wells,Matthew R. Anderson,1,Undirected
Austin O'Brien,Jeff Fahey,1,Undirected
Herbert Lom,Burt Kwouk,1,Undirected
Herbert Lom,Catherine Schell,1,Undirected
Jaden Klein,Laila Haley,1,Undirected
Johnny Whitworth,Larry Drake,1,Undirected
Eddie Jones,Richard Lynch,1,Undirected
Eddie Jones,Christina Chambers,1,Undirected
Eddie Jones,Don Wallace,1,Undirected
Richard Lynch,Eva LaRue,1,Undirected
Richard Lynch,Michael Berryman,1,Undirected
Ronald Pickup,Tina Desai,1,Undirected
Jennifer Tung,Simon Rhee,1,Undirected
Jennifer Tung,Steve Oedekerk,1,Undirected
Simon Rhee,Steve Oedekerk,1,Undirected
Michael Gross,Reba McEntire,1,Undirected
Michael Gross,Bob Ross,1,Undirected
Harry Styles,Niall Horan,1,Undirected
Harry Styles,Zayn Malik,1,Undirected
Niall Horan,Zayn Malik,1,Undirected
Chad Allen,Chase Ellison,1,Undirected
Chad Allen,Jack Guzman,1,Undirected
Chase Ellison,Jack Guzman,1,Undirected
Rob Huebel,Janel Parrish,1,Undirected
Michaela Conlin,Tamara Taylor,1,Undirected
Johanna Braddy,Lee Tergesen,1,Undirected
Johanna Braddy,Christopher Nicholas Smith,1,Undirected
Johanna Braddy,Sprague Grayden,1,Undirected
Carlo Cecchi,Clotilde Mollet,1,Undirected
Carlo Cecchi,Johannes Silberschneider,1,Undirected
Clotilde Mollet,Johannes Silberschneider,1,Undirected
Iddo Goldberg,India de Beaufort,1,Undirected
François Chau,Toby Huss,1,Undirected
Alba Rohrwacher,Flavio Parenti,1,Undirected
Alba Rohrwacher,Waris Ahluwalia,1,Undirected
Flavio Parenti,Waris Ahluwalia,1,Undirected
Eoin Macken,Gen Seto,1,Undirected
Eoin Macken,Stephanie Vogt,1,Undirected
Gen Seto,Stephanie Vogt,1,Undirected
Dree Hemingway,Maria Dizzia,1,Undirected
Eddie 'Piolin' Sotelo,Robert Peters,1,Undirected
Naseeruddin Shah,Rekha,1,Undirected
Naseeruddin Shah,Sharat Saxena,1,Undirected
Naseeruddin Shah,Randeep Hooda,1,Undirected
Rekha,Sharat Saxena,1,Undirected
Carol Sutton,Scott A. Martin,1,Undirected
Adriane Lenox,Norah Jones,1,Undirected
Anna Vareschi,Cheryl Tiegs,1,Undirected
Claire Foy,Haluk Bilginer,1,Undirected
Claire Foy,Numan Acar,1,Undirected
Haluk Bilginer,Numan Acar,1,Undirected
Aitana Sánchez-Gijón,Romane Bohringer,1,Undirected
Romane Bohringer,Sofie Gråbøl,1,Undirected
Lubna Azabal,Ahmad Massad,1,Undirected
Lubna Azabal,Mélissa Désormeaux-Poulin,1,Undirected
Kip Pardue,Larry Fessenden,1,Undirected
Kip Pardue,Perrey Reeves,1,Undirected
Kip Pardue,Sarah Clarke,1,Undirected
Danny Dyer,Laura Harris,1,Undirected
Danny Dyer,John Simm,1,Undirected
Danny Dyer,Adam Rayner,1,Undirected
Dulé Hill,Timothy Omundson,1,Undirected
Andrés Montiel,Jorge Luis Moreno,1,Undirected
Andrés Montiel,William Miller,1,Undirected
Jorge Luis Moreno,William Miller,1,Undirected
Harvey Weinstein,Richard Curtis,1,Undirected
Nicholas Hamilton,Reef Ireland,1,Undirected
Nicholas Hamilton,Sean Keenan,1,Undirected
Reef Ireland,Sean Keenan,1,Undirected
Glenn Plummer,Jason Cerbone,1,Undirected
Glenn Plummer,Mark De Alessandro,1,Undirected
Drew Fuller,Drew Waters,1,Undirected
Drew Waters,Sean Cook,1,Undirected
Danny Sapani,Leonor Watling,1,Undirected
Adrienne Pickering,Damian Walshe-Howling,1,Undirected
Adrienne Pickering,Gyton Grantley,1,Undirected
Damian Walshe-Howling,Gyton Grantley,1,Undirected
Gyton Grantley,Harrison Gilbertson,1,Undirected
Gyton Grantley,Steve Le Marquand,1,Undirected
Adrian Holmes,Craig Fairbrass,1,Undirected
Adrian Holmes,Teryl Rothery,1,Undirected
Craig Fairbrass,Teryl Rothery,1,Undirected
Chase Armitage,Mishael Morgan,1,Undirected
Chase Armitage,Shane Pollard,1,Undirected
Mishael Morgan,Shane Pollard,1,Undirected
Charlotte Bøving,Sigríður María Egilsdóttir,1,Undirected
Sendhil Ramamurthy,Shabana Azmi,1,Undirected
Jesse Moss,John Light,1,Undirected
Luke Perry,Justin Baldoni,1,Undirected
Enrique Murciano,Victor Rivers,1,Undirected
Akon,Nathin Butler,1,Undirected
Akon,Razaaq Adoti,1,Undirected
Burt Kwouk,Catherine Schell,1,Undirected
Emmanuelle Riva,Jean-Louis Trintignant,1,Undirected
Jean-Louis Trintignant,Dominique Sanda,1,Undirected
Jean-Louis Trintignant,Stefania Sandrelli,1,Undirected
Jesse Garcia,Alicia Sixtos,1,Undirected
Jesse Garcia,Emily Rios,1,Undirected
Spencer Tracy,Montgomery Clift,1,Undirected
Spencer Tracy,Esther Williams,1,Undirected
Spencer Tracy,Irene Dunne,1,Undirected
Spencer Tracy,Claudette Colbert,1,Undirected
Spencer Tracy,Hedy Lamarr,1,Undirected
Antonio de la Torre,Carmen Maura,1,Undirected
Don Francks,John Vernon,1,Undirected
John Vernon,Philippe Noiret,1,Undirected
Luisa D'Oliveira,Michaela McManus,1,Undirected
Bárbara Mori,Steven Michael Quezada,1,Undirected
Steven Michael Quezada,Lymari Nadal,1,Undirected
Luke Ford,Jessica De Gouw,1,Undirected
Luke Ford,Rachel Griffiths,1,Undirected
Katrina Kaif,Vic Waghorn,1,Undirected
Katrina Kaif,Clive Standen,1,Undirected
Edwin Neal,Marilyn Burns,2,Undirected
Parker Bagley,Shanley Caswell,1,Undirected
Shanley Caswell,Maureen McCormick,1,Undirected
Shanley Caswell,Tim Abell,1,Undirected
Alessandro Preziosi,Lunetta Savino,1,Undirected
Alex Vincent,Catherine Hicks,1,Undirected
Alex Vincent,Dinah Manoff,1,Undirected
Catherine Hicks,Dinah Manoff,1,Undirected
Bill Clinton,Tucker Albrizzi,1,Undirected
Bill Clinton,Bob Dole,1,Undirected
Bill Clinton,Ken Burns,1,Undirected
Denholm Elliott,Don Ameche,1,Undirected
Denholm Elliott,Ralph Bellamy,1,Undirected
Denholm Elliott,Nicol Williamson,1,Undirected
Don Ameche,Ralph Bellamy,1,Undirected
Don Ameche,John Carradine,1,Undirected
Don Ameche,Tyrone Power,1,Undirected
Dylan Kussman,Kristin Lehman,1,Undirected
Dylan Kussman,Nicky Katt,1,Undirected
Kristin Lehman,Nicky Katt,1,Undirected
Nicky Katt,Marisa Coughlan,1,Undirected
Hunter Tylo,Katherine Kelly Lang,1,Undirected
Hunter Tylo,Ronn Moss,1,Undirected
Katherine Kelly Lang,Ronn Moss,1,Undirected
John Carradine,Robert Urich,1,Undirected
John Carradine,Tyrone Power,1,Undirected
Carly Schroeder,Katharine Ross,1,Undirected
Jun Kunimura,Jung-min Hwang,1,Undirected
Jun Kunimura,Woo-hee Chun,1,Undirected
Jung-min Hwang,Woo-hee Chun,1,Undirected
Heather Morris,Kevin McHale,1,Undirected
Heather Morris,Rachel Korine,1,Undirected
Chatchai Plengpanich,Mai Charoenpura,1,Undirected
Julie Engelbrecht,Lionel Abelanski,1,Undirected
Q'orianka Kilcher,Allegra Carpenter,1,Undirected
Q'orianka Kilcher,Gregory Cruz,1,Undirected
Jacqueline McKenzie,Peter Callan,1,Undirected
Jacqueline McKenzie,Vince Colosimo,1,Undirected
Peter Callan,Vince Colosimo,1,Undirected
Lars Mikkelsen,Thure Lindhardt,1,Undirected
Thure Lindhardt,Georgina Reilly,1,Undirected
Ronit Elkabetz,Émilie Dequenne,1,Undirected
David Gulpilil,Deborah Mailman,1,Undirected
David Gulpilil,Roy Billing,1,Undirected
Harrison Gilbertson,Steve Le Marquand,1,Undirected
Maïwenn,Oana Pellea,1,Undirected
Alan Bates,Frederic Forrest,1,Undirected
David Hemmings,Milo O'Shea,1,Undirected
Bjørn Sundquist,Louisa Milwood-Haigh,1,Undirected
Bjørn Sundquist,Stian Smestad,1,Undirected
Bjørn Sundquist,Ane Dahl Torp,1,Undirected
Bjørn Sundquist,Stig Frode Henriksen,1,Undirected
Louisa Milwood-Haigh,Stian Smestad,1,Undirected
Max Beesley,Valarie Pettiford,1,Undirected
Sung-kee Ahn,Yu-mi Jeong,1,Undirected
Christopher B. Duncan,Jimmy Shergill,1,Undirected
Jimmy Shergill,Dimple Kapadia,1,Undirected
Jimmy Shergill,Sana Saeed,1,Undirected
Jimmy Shergill,Sanjay Dutt,1,Undirected
Jimmy Shergill,Vidya Balan,1,Undirected
Casey Siemaszko,Vanessa Martinez,1,Undirected
Casey Siemaszko,Frances Lee McCain,1,Undirected
Martin Lucey,Orla Fitzgerald,1,Undirected
Martin Lucey,Padraic Delaney,1,Undirected
Orla Fitzgerald,Padraic Delaney,1,Undirected
Aditya Roy Kapoor,Madhuri Dixit,1,Undirected
Aditya Roy Kapoor,Ranbir Kapoor,1,Undirected
Madhuri Dixit,Ranbir Kapoor,1,Undirected
Ranbir Kapoor,Gauhar Khan,1,Undirected
Ranbir Kapoor,Shazahn Padamsee,1,Undirected
Deborah Kerr,Peter Ustinov,1,Undirected
Deborah Kerr,Robert Taylor,1,Undirected
Deborah Kerr,Donna Reed,1,Undirected
Deborah Kerr,Montgomery Clift,1,Undirected
Peter Ustinov,Robert Taylor,1,Undirected
Peter Ustinov,Gene Tierney,1,Undirected
Bergüzar Korel,Ghassan Massoud,1,Undirected
Bergüzar Korel,Necati Sasmaz,1,Undirected
Ghassan Massoud,Necati Sasmaz,1,Undirected
Angela Cartwright,Eleanor Parker,1,Undirected
Angela Cartwright,Nicholas Hammond,1,Undirected
Eleanor Parker,Nicholas Hammond,1,Undirected
Howard Morris,Patrick Cronin,1,Undirected
Jill Talley,Steven Christopher Parker,1,Undirected
David Schneider,Megan Burns,1,Undirected
David Schneider,Noah Huntley,1,Undirected
Megan Burns,Noah Huntley,1,Undirected
Jennifer Freeman,Marques Houston,1,Undirected
Jennifer Freeman,Steve Harvey,1,Undirected
Marques Houston,Steve Harvey,1,Undirected
Daisy Betts,David Denman,1,Undirected
Daisy Betts,James Kyson,1,Undirected
David Denman,James Kyson,1,Undirected
James Kyson,Marlene Forte,1,Undirected
Josh Pais,Lola Glaudini,1,Undirected
Josh Pais,Mackenzie Davis,1,Undirected
Lola Glaudini,Mackenzie Davis,1,Undirected
Justin Hall,Natalie Stephany Aguilar,1,Undirected
Justin Hall,Tina Gilton,1,Undirected
Natalie Stephany Aguilar,Tina Gilton,1,Undirected
George Lazenby,Telly Savalas,1,Undirected
Jeff Marlow,Nick Wechsler,1,Undirected
Heather Langenkamp,Tracy Middendorf,1,Undirected
Heather Langenkamp,Jennifer Rubin,1,Undirected
Heather Langenkamp,John Saxon,1,Undirected
Keri Lynn Pratt,Teddy Sears,1,Undirected
Sean Michael Afable,D. David Morin,1,Undirected
Sean Michael Afable,Randy Wayne,1,Undirected
Richard Howland,Sarain Boylan,1,Undirected
Diego Velazquez,Omar Metwally,1,Undirected
Christopher Nicholas Smith,Michaela Watkins,1,Undirected
Christopher Nicholas Smith,Sprague Grayden,1,Undirected
Gina McKee,Rob Brydon,1,Undirected
Gina McKee,Stephanie Leonidas,1,Undirected
Amy Locane,Laurel Holloman,1,Undirected
Laurel Holloman,Stephanie Berry,1,Undirected
Evan McGuire,Mick Lally,1,Undirected
Evan McGuire,Sean Lennon,1,Undirected
Mick Lally,Sean Lennon,1,Undirected
Karen Pittman,Mary Catherine Garrison,1,Undirected
Alexa Havins,Tony Devon,1,Undirected
Tony Devon,Frederick Weller,1,Undirected
Alexia Fast,Kesun Loder,1,Undirected
Ian Tracey,William Shimell,1,Undirected
Ian Tracey,Zen McGrath,1,Undirected
William Shimell,Zen McGrath,1,Undirected
Mitsuo Iwata,Takeshi Kusao,1,Undirected
Mitsuo Iwata,Tesshô Genda,1,Undirected
Takeshi Kusao,Tesshô Genda,1,Undirected
Julie LeBreton,Roy Dupuis,1,Undirected
Jack Kao,Leehom Wang,1,Undirected
Jack Kao,Ruby Lin,1,Undirected
Jack Kao,Bo Huang,1,Undirected
Jack Kao,Zheng Xu,1,Undirected
Leehom Wang,Ruby Lin,1,Undirected
Lucy Fry,Mckenna Grace,1,Undirected
Lucy Fry,Natalie Coughlin,1,Undirected
Lucy Fry,John Jarratt,1,Undirected
Lucy Fry,Richard Cawthorne,1,Undirected
Mckenna Grace,Natalie Coughlin,1,Undirected
Kacey Clarke,Mark Wingett,1,Undirected
Mark Wingett,Richard Graham,1,Undirected
Craig Sheffer,Helena Mattsson,1,Undirected
Craig Sheffer,Scott Takeda,1,Undirected
Helena Mattsson,Scott Takeda,1,Undirected
Jessica Tandy,Patti LuPone,1,Undirected
Jessica Tandy,Greer Garson,1,Undirected
Jessica Tandy,Lionel Barrymore,1,Undirected
Patti LuPone,Peter Onorati,1,Undirected
Anita Mui,Françoise Yip,1,Undirected
Anita Mui,Garvin Cross,1,Undirected
Anita Mui,Ho-Sung Pak,1,Undirected
Françoise Yip,Garvin Cross,1,Undirected
Reda Kateb,Ángela Molina,1,Undirected
Richard Bull,John Hillerman,1,Undirected
Eric Johnson,Emily Podleski,1,Undirected
Nathin Butler,Razaaq Adoti,1,Undirected
Mary Goggin,Saif Ali Khan,1,Undirected
Mary Goggin,Vic Aviles,1,Undirected
Saif Ali Khan,Vic Aviles,1,Undirected
Saif Ali Khan,Javed Jaffrey,1,Undirected
Saif Ali Khan,Sanjay Mishra,1,Undirected
Elyas M'Barek,Jennifer Ulrich,1,Undirected
Elyas M'Barek,Max Riemelt,1,Undirected
Jennifer Ulrich,Max Riemelt,1,Undirected
Ayla Kell,George Coe,1,Undirected
Aki Aleong,Brahim Achabbakhe,1,Undirected
Cynthia Rhodes,Lee Ving,1,Undirected
Geneviève Lemon,Ian Mune,1,Undirected
Angus Sampson,Emma Caulfield,1,Undirected
Clifton James,Miriam Colon,1,Undirected
Paulina Gerzon,Sakina Jaffrey,1,Undirected
Kwesi Ameyaw,Michael J. Burg,1,Undirected
Craig Conway,MyAnna Buring,1,Undirected
Craig Conway,Shauna Macdonald,1,Undirected
MyAnna Buring,Shauna Macdonald,1,Undirected
MyAnna Buring,Silvia Colloca,1,Undirected
Allison Miller,Vanessa Ray,1,Undirected
Vanessa Ray,Grace Gummer,1,Undirected
Erin Daniels,Matthew McGrory,1,Undirected
Bernard Fox,Charles Aidman,1,Undirected
Bernard Fox,Elizabeth MacRae,1,Undirected
Charles Aidman,Elizabeth MacRae,1,Undirected
Fred Melamed,Peter Breitmayer,1,Undirected
Barbara Hershey,Irvin Kershner,1,Undirected
Barbara Hershey,Philip Friedman,1,Undirected
Barbara Hershey,Diane Venora,1,Undirected
George Wendt,Jonathan Brandis,1,Undirected
Anupam Kher,Parminder Nagra,1,Undirected
Anupam Kher,Madhavan,1,Undirected
Anupam Kher,Shriya Saran,1,Undirected
Anupam Kher,Vic Mignogna,1,Undirected
Deborah Mailman,Roy Billing,1,Undirected
Deborah Mailman,Jessica Mauboy,1,Undirected
Deborah Mailman,Magda Szubanski,1,Undirected
Alastair Duncan,Michael J. Pollard,1,Undirected
Miriama Smith,Nathaniel Lees,1,Undirected
Katie Aselton,Anslem Richardson,1,Undirected
Katie Aselton,Jay Paulson,1,Undirected
Katie Aselton,Bari Hyman,1,Undirected
Cheryl Ladd,Diana Vickers,1,Undirected
Cheryl Ladd,Rachel Hendrix,1,Undirected
Jack O'Halloran,Terence Hill,1,Undirected
Erin Wasson,Nathalie Fay,1,Undirected
Derek Wayne Johnson,Susie Abromeit,1,Undirected
Leonid Yarmolnik,Valentin Golubenko,1,Undirected
Leonid Yarmolnik,Yuriy Tsurilo,1,Undirected
Valentin Golubenko,Yuriy Tsurilo,1,Undirected
Bob Marley,David Della Rocco,1,Undirected
Erin Fitzgerald,Ivan Okhlobystin,1,Undirected
Erin Fitzgerald,Wendee Lee,1,Undirected
Ivan Okhlobystin,Wendee Lee,1,Undirected
Cindy Robinson,Debi Derryberry,1,Undirected
Cindy Robinson,Kate Higgins,1,Undirected
Debi Derryberry,Kate Higgins,1,Undirected
Gordon Pinsent,John Ralston,1,Undirected
Gordon Pinsent,Justin Edward Seale,1,Undirected
Gordon Pinsent,Adam Butcher,1,Undirected
John Ralston,Justin Edward Seale,1,Undirected
Rex Baker,Travis Aaron Wade,1,Undirected
Heike Makatsch,Johanna Wokalek,1,Undirected
Heike Makatsch,Maria Schrader,1,Undirected
Johanna Wokalek,Maria Schrader,1,Undirected
Jason Cerbone,Mark De Alessandro,1,Undirected
Ahmad Massad,Mélissa Désormeaux-Poulin,1,Undirected
Giulia Michelini,Laura Morante,1,Undirected
Giulia Michelini,Silvio Muccino,1,Undirected
Laura Morante,Silvio Muccino,1,Undirected
André Ramiro,Fernanda Machado,1,Undirected
Annabelle Wallis,Gabriel Bateman,1,Undirected
Annabelle Wallis,Bhoomika Chawla,1,Undirected
Annabelle Wallis,Revathy,1,Undirected
Gabriel Bateman,Amiah Miller,1,Undirected
Jessica Mauboy,Magda Szubanski,1,Undirected
John Cothran,Lloyd Avery II,1,Undirected
John Cothran,Na'Blonka Durden,1,Undirected
Lloyd Avery II,Na'Blonka Durden,1,Undirected
Danielle von Zerneck,Rosanna DeSoto,1,Undirected
Len Cariou,Rita Moreno,1,Undirected
Len Cariou,Sandy Dennis,1,Undirected
Rita Moreno,Sandy Dennis,1,Undirected
Rita Moreno,George Chakiris,1,Undirected
Rita Moreno,Cyd Charisse,1,Undirected
Jake Cherry,Marin Hinkle,1,Undirected
David Wayne,Eric Christmas,1,Undirected
David Wayne,Paula Kelly,1,Undirected
David Wayne,Harold Gould,1,Undirected
Eric Christmas,Paula Kelly,1,Undirected
Juliane Köhler,Matthias Habich,1,Undirected
Juliane Köhler,Merab Ninidze,1,Undirected
Matthias Habich,Merab Ninidze,1,Undirected
Sara-Marie Maltha,Stellan Skarsgård,1,Undirected
Chulpan Khamatova,Florian Lukas,1,Undirected
Mark Bazeley,Maurice Roëves,1,Undirected
Beverly Randolph,Clu Gulager,2,Undirected
Beverly Randolph,Linnea Quigley,2,Undirected
Clu Gulager,Linnea Quigley,2,Undirected
Clu Gulager,Robert Rusler,1,Undirected
Clu Gulager,Susan Tyrrell,1,Undirected
Clu Gulager,Terry Kiser,1,Undirected
Linnea Quigley,Carmen Argenziano,1,Undirected
Linnea Quigley,Vanna White,1,Undirected
Fortunato Cerlino,Marco D'Amore,1,Undirected
Fortunato Cerlino,Maria Pia Calzone,1,Undirected
Marco D'Amore,Maria Pia Calzone,1,Undirected
Osama bin Laden,Ricky Martin,1,Undirected
Osama bin Laden,Stevie Wonder,1,Undirected
Ricky Martin,Stevie Wonder,1,Undirected
Katharine Ross,Kenneth Mars,1,Undirected
Katharine Ross,Ted Cassidy,1,Undirected
Kenneth Mars,Ted Cassidy,1,Undirected
Ed Wynn,Elsa Lanchester,1,Undirected
Ed Wynn,Glynis Johns,1,Undirected
Elsa Lanchester,Glynis Johns,1,Undirected
Kelly Jo Minter,Lisa Wilcox,1,Undirected
Kelly Jo Minter,Matthew Borlenghi,1,Undirected
Lisa Wilcox,Matthew Borlenghi,1,Undirected
Ajay Naidu,John D'Leo,1,Undirected
Ajay Naidu,Danny Aiello,1,Undirected
Ajay Naidu,Manny Perez,1,Undirected
Jennifer Jones,Lillian Gish,1,Undirected
Lillian Gish,Mae Marsh,1,Undirected
Lillian Gish,Walter Long,1,Undirected
Tom Atkins,Nancy Kyes,1,Undirected
Ossie Davis,Ella Joyce,1,Undirected
Ossie Davis,Janet Hubert,1,Undirected
Rachel Blakely,Richard Norton,1,Undirected
David Alan Grier,Jim O'Heir,1,Undirected
Brandon Smith,Rick Dial,1,Undirected
Annette Badland,Karl Collins,1,Undirected
Hugh M. Hefner,Raquel Alessi,1,Undirected
Hugh M. Hefner,Windell Middlebrooks,1,Undirected
Hugh M. Hefner,Bill Maher,1,Undirected
Hugh M. Hefner,Linda Lovelace,1,Undirected
Raquel Alessi,Windell Middlebrooks,1,Undirected
Lawrence Gilliard Jr.,George T. Odom,1,Undirected
Lawrence Gilliard Jr.,Matty Rich,1,Undirected
John Cameron Mitchell,Miriam Shor,1,Undirected
Ryan Bollman,Todd Susman,1,Undirected
Alexis Kendra,Monda Scott,1,Undirected
Alexis Kendra,Rachel Alig,1,Undirected
Monda Scott,Rachel Alig,1,Undirected
Lynne Thigpen,Polly Noonan,1,Undirected
L.Q. Jones,Warren Oates,1,Undirected
L.Q. Jones,William Holden,1,Undirected
L.Q. Jones,Slim Pickens,1,Undirected
Warren Oates,William Holden,1,Undirected
Warren Oates,Slim Pickens,1,Undirected
William Holden,Sessue Hayakawa,1,Undirected
Lesley-Anne Down,Michael Elphick,1,Undirected
Lesley-Anne Down,Pamela Salem,1,Undirected
Michael Elphick,Pamela Salem,1,Undirected
Bryan Dick,Paul Popplewell,1,Undirected
Marc Singer,Michael Berryman,1,Undirected
Michael Berryman,Eva LaRue,1,Undirected
Michael Berryman,Kristin Booth,1,Undirected
Michael Berryman,Michael Eisner,1,Undirected
Kendrick Cross,Sammy Nagi Njuguna,1,Undirected
Mélanie Doutey,Nathalie Baye,1,Undirected
Cara Seymour,Steven Yeun,1,Undirected
Cara Seymour,Venida Evans,1,Undirected
Diane Ladd,Ritchie Montgomery,1,Undirected
Bill Baird,Noam Chomsky,1,Undirected
Bill Baird,Pat Buchanan,1,Undirected
Noam Chomsky,Pat Buchanan,1,Undirected
Noam Chomsky,Arik Ascherman,1,Undirected
Noam Chomsky,Seth Ackerman,1,Undirected
Debbie Harry,Leslie Carlson,1,Undirected
Debbie Harry,Reiner Schwarz,1,Undirected
Leslie Carlson,Reiner Schwarz,1,Undirected
Li Jun Li,Shawn Parsons,1,Undirected
Martijn Lakemeier,Tygo Gernandt,1,Undirected
Martijn Lakemeier,Yorick van Wageningen,1,Undirected
Tygo Gernandt,Yorick van Wageningen,1,Undirected
Michel Simon,Paul Scofield,1,Undirected
Paul Scofield,Susannah York,1,Undirected
Johnny Nguyen,Nathan Jones,1,Undirected
Belinda Stewart-Wilson,James Buckley,1,Undirected
Belinda Stewart-Wilson,Simon Bird,1,Undirected
James Buckley,Simon Bird,1,Undirected
Eva Marcille,Wayne Brady,1,Undirected
Eva Marcille,Wesley Jonathan,1,Undirected
Wayne Brady,Wesley Jonathan,1,Undirected
Wesley Jonathan,Chrystee Pharris,1,Undirected
Wesley Jonathan,Sticky Fingaz,1,Undirected
Asin,Johnny Lever,1,Undirected
Asin,Mithun Chakraborty,1,Undirected
Johnny Lever,Mithun Chakraborty,1,Undirected
Andrea Ros,Jonathan D. Mellor,1,Undirected
Andrea Ros,Pablo Rosso,1,Undirected
Jonathan D. Mellor,Pablo Rosso,1,Undirected
Pablo Rosso,Carlos Lasarte,1,Undirected
Pablo Rosso,Manuela Velasco,1,Undirected
Alexis Biesiada,Kayla Jackson,1,Undirected
Alexis Biesiada,Kayla Raparelli,1,Undirected
Kayla Jackson,Kayla Raparelli,1,Undirected
Avery Schreiber,Stephen Macht,1,Undirected
François Berléand,Gérard Jugnot,1,Undirected
François Berléand,Jean-Baptiste Maunier,1,Undirected
Gérard Jugnot,Jean-Baptiste Maunier,1,Undirected
Claudia Ferri,Luke Kirby,1,Undirected
Franky G,Casper Martinez,1,Undirected
Franky G,Panchito Gómez,1,Undirected
Danny Aiello,Cyndi Lauper,1,Undirected
Danny Aiello,Manny Perez,1,Undirected
Jean-Pierre Darroussin,Jean-Pierre Léaud,1,Undirected
Jean-Pierre Darroussin,Kati Outinen,1,Undirected
Jean-Pierre Léaud,Kati Outinen,1,Undirected
Hitoshi Matsumoto,Lindsay Kay Hayward,1,Undirected
Hitoshi Matsumoto,Shinobu Terajima,1,Undirected
Lindsay Kay Hayward,Shinobu Terajima,1,Undirected
Cree Kelly,Mike Eshaq,1,Undirected
Aksel Hennie,Julie R. Ølgaard,1,Undirected
Aksel Hennie,Synnøve Macody Lund,1,Undirected
Julie R. Ølgaard,Synnøve Macody Lund,1,Undirected
Colin Farrell,Jessica Chastain,1,Undirected
George Voskovec,Teresa Wright,1,Undirected
Teresa Wright,Dana Andrews,1,Undirected
Teresa Wright,Myrna Loy,1,Undirected
Abhishek Bachchan,Prateik,1,Undirected
Abhishek Bachchan,Paresh Rawal,1,Undirected
Abhishek Bachchan,Vidya Balan,1,Undirected
Abhishek Bachchan,Samantha McLeod,1,Undirected
Abhishek Bachchan,Uday Chopra,1,Undirected
Sprague Grayden,Micah Sloat,1,Undirected
Sprague Grayden,Molly Ephraim,1,Undirected
Daren Kagasoff,Shelley Hennig,1,Undirected
Shelley Hennig,Heather Sossaman,1,Undirected
Shelley Hennig,Renee Olstead,1,Undirected
Jennifer Rubin,John Saxon,1,Undirected
Eugenio Derbez,Hugo Stiglitz,1,Undirected
Eugenio Derbez,Jessica Lindsey,1,Undirected
Hugo Stiglitz,Jessica Lindsey,1,Undirected
Alisha Boe,Brendon Eggertsen,1,Undirected
Alisha Boe,Matt Shively,1,Undirected
Brendon Eggertsen,Matt Shively,1,Undirected
Paul Lukas,Robert J. Wilke,2,Undirected
Gloria Sandoval,Molly Ephraim,1,Undirected
Gloria Sandoval,Richard Cabral,1,Undirected
Molly Ephraim,Richard Cabral,1,Undirected
Molly Ephraim,Micah Sloat,1,Undirected
Garrett Ryan,James Lafferty,1,Undirected
Helen Martin,William Schallert,1,Undirected
Helen Martin,Robert Townsend,1,Undirected
Tom Burlinson,Tony Bonner,1,Undirected
Alice Playten,Constance Shulman,1,Undirected
John Beasley,June Carter Cash,1,Undirected
Chrystale Wilson,Monica Calhoun,1,Undirected
Monica Calhoun,Clifton Powell,1,Undirected
Edwin Hodge,Perdita Weeks,1,Undirected
Lindsay Wagner,Persis Khambatta,1,Undirected
Peter Mark Richman,Scott Reeves,1,Undirected
Kim Darby,John Astin,1,Undirected
Kim Darby,Robert Neary,1,Undirected
Daniel Giménez Cacho,María Aura,1,Undirected
Randy Wayne,Matthew Ziff,1,Undirected
Randy Wayne,Raquel Elizabeth Ames,1,Undirected
Randy Wayne,Alicia Ziegler,1,Undirected
Randy Wayne,Lauren C. Mayhew,1,Undirected
Randy Wayne,D. David Morin,1,Undirected
Ellie Cornell,Kathleen Kinmont,1,Undirected
Clayton Rohner,Deborah Foreman,1,Undirected
Robert Beltran,William Sanderson,1,Undirected
Andrew Airlie,Ryan Robbins,1,Undirected
Claire Geare,Sahajak Boonthanakit,1,Undirected
Claire Geare,Sterling Jerins,1,Undirected
Sahajak Boonthanakit,Sterling Jerins,1,Undirected
Finlay Currie,George Sanders,1,Undirected
Finlay Currie,Gina Lollobrigida,1,Undirected
George Sanders,Gina Lollobrigida,1,Undirected
George Sanders,Joan Fontaine,1,Undirected
Gina Lollobrigida,Katy Jurado,1,Undirected
Gina Lollobrigida,Sidney James,1,Undirected
Adolphe Menjou,Gary Cooper,1,Undirected
Adolphe Menjou,Helen Hayes,1,Undirected
Gary Cooper,Helen Hayes,1,Undirected
Gary Cooper,Lloyd Bridges,1,Undirected
Gary Cooper,Lon Chaney Jr.,1,Undirected
Colleen O'Shaughnessey,Lara Jill Miller,1,Undirected
Colleen O'Shaughnessey,Mona Marshall,1,Undirected
Lara Jill Miller,Mona Marshall,1,Undirected
Marina Hands,Stéphane Rousseau,1,Undirected
Shirley Jones,Edward Andrews,1,Undirected
Claudia Cardinale,Jack Elam,1,Undirected
Claudia Cardinale,Woody Strode,1,Undirected
Jack Elam,Woody Strode,1,Undirected
Woody Strode,Brigitte Bardot,1,Undirected
Woody Strode,Honor Blackman,1,Undirected
Woody Strode,Hoke Howell,1,Undirected
Woody Strode,Tiffany Bolling,1,Undirected
Chloe Hollings,Guillaume Denaiffe,1,Undirected
Chloe Hollings,Norbert Ferrer,1,Undirected
Guillaume Denaiffe,Norbert Ferrer,1,Undirected
Bess Armstrong,Cassandra Peterson,1,Undirected
Bess Armstrong,Tim Thomerson,1,Undirected
Cassandra Peterson,Tim Thomerson,1,Undirected
Bobby Batson,Cynthia Barrett,1,Undirected
Tim Russ,Winter Ave Zoli,1,Undirected
Darryl Cox,Lumi Cavazos,1,Undirected
Akshaye Khanna,Bhoomika Chawla,1,Undirected
Akshaye Khanna,Darshan Jariwala,1,Undirected
Bhoomika Chawla,Darshan Jariwala,1,Undirected
Bhoomika Chawla,Revathy,1,Undirected
Jeffrey Frost,Ken Davis,1,Undirected
Jeffrey Frost,Megan Ambuhl Graner,1,Undirected
Ken Davis,Megan Ambuhl Graner,1,Undirected
Don Gordon,Jim Byrnes,1,Undirected
Don Gordon,Raymond Burr,1,Undirected
Jim Byrnes,Raymond Burr,1,Undirected
Judith Anderson,Laraine Day,1,Undirected
Judith Anderson,Paul Fix,1,Undirected
Judith Anderson,Burl Ives,1,Undirected
Judith Anderson,Jack Carson,1,Undirected
Laraine Day,Paul Fix,1,Undirected
Corey Sevier,Marc Trottier,1,Undirected
Corey Sevier,Meghan Ory,1,Undirected
Marc Trottier,Meghan Ory,1,Undirected
Ocean James,Olivia DeJonge,1,Undirected
Ocean James,Patch Darragh,1,Undirected
Olivia DeJonge,Patch Darragh,1,Undirected
Daniel Stewart Sherman,Kel O'Neill,1,Undirected
Daniel Stewart Sherman,Mike Figueroa,1,Undirected
Kel O'Neill,Mike Figueroa,1,Undirected
Glenn Campbell,Jelena Nik,1,Undirected
Glenn Campbell,Sandra Staggs,1,Undirected
Jelena Nik,Sandra Staggs,1,Undirected
Luis Tosar,Marta Etura,1,Undirected
Luis Tosar,Tony Corvillo,1,Undirected
Luis Tosar,Aida Folch,1,Undirected
Luis Tosar,Enrique Villén,1,Undirected
Marta Etura,Tony Corvillo,1,Undirected
Doug Bradley,Georgia Groome,1,Undirected
Georgia Groome,Johnny Harris,1,Undirected
Georgia Groome,Lorraine Stanley,1,Undirected
Katie Leclerc,Patricia Neal,1,Undirected
Patricia Neal,Melvyn Douglas,1,Undirected
Patricia Neal,Whit Bissell,1,Undirected
Irène Jacob,Tomiwa Edun,1,Undirected
Cody Howard,David Raizor,1,Undirected
Ed Quinn,Michael Dudikoff,1,Undirected
Ed Quinn,Mikal Vega,1,Undirected
Michael Dudikoff,Mikal Vega,1,Undirected
Michael Dudikoff,Larry Poindexter,1,Undirected
Michael Dudikoff,Steve James,1,Undirected
Ivan Barnev,Julia Jentsch,1,Undirected
Ivan Barnev,Milan Lasica,1,Undirected
Julia Jentsch,Milan Lasica,1,Undirected
Bill Johnson,Jim Siedow,1,Undirected
Bill Johnson,Lou Perryman,1,Undirected
Jim Siedow,Lou Perryman,1,Undirected
Bob Dylan,Ringo Starr,1,Undirected
Emmanuelle Bercot,Isild Le Besco,1,Undirected
Bhama,Diganth,1,Undirected
Bhama,Dileep Raj,1,Undirected
Diganth,Dileep Raj,1,Undirected
Jacques Gamblin,Zinedine Soualem,1,Undirected
Zinedine Soualem,Jane Bradbury,1,Undirected
Zinedine Soualem,Simon Abkarian,1,Undirected
Matthew Sunderland,Paul Glover,1,Undirected
Matthew Sunderland,William Kircher,1,Undirected
Paul Glover,William Kircher,1,Undirected
Christopher Atkins,Chloe Bridges,1,Undirected
James Robertson Justice,Richard Basehart,1,Undirected
James Robertson Justice,Royal Dano,1,Undirected
Richard Basehart,Royal Dano,1,Undirected
Royal Dano,Tonya Lee Williams,1,Undirected
Royal Dano,Jerry Mathers,1,Undirected
Royal Dano,John Forsythe,1,Undirected
Kevin Michael Richardson,Peter Spellos,1,Undirected
Louise Lasser,Charlotte Rae,1,Undirected
Dana Andrews,Frank McHugh,1,Undirected
Dana Andrews,Jeanne Crain,1,Undirected
Dana Andrews,Myrna Loy,1,Undirected
Frank McHugh,Jeanne Crain,1,Undirected
Juan Luis Galiardo,Miguel Ángel Solá,1,Undirected
Juan Luis Galiardo,Mía Maestro,1,Undirected
Miguel Ángel Solá,Mía Maestro,1,Undirected
Mía Maestro,María Alche,1,Undirected
Mía Maestro,Mercedes Morán,1,Undirected
Alex Kendrick,Sarah Drew,1,Undirected
Alex Kendrick,Ben Davies,1,Undirected
Alex Kendrick,T.C. Stallings,1,Undirected
Alex Kendrick,Jansen Panettiere,1,Undirected
Alex Kendrick,Erin Bethea,1,Undirected
Alex Kendrick,Shannen Fields,1,Undirected
James Duval,Will Estes,1,Undirected
Gerardo Taracena,Jaime Camil,1,Undirected
Gerardo Taracena,Joaquín Cosio,1,Undirected
Jaime Camil,Joaquín Cosio,1,Undirected
Fedja van Huêt,Hans Kesting,1,Undirected
Fedja van Huêt,Jan Decleir,1,Undirected
Hans Kesting,Jan Decleir,1,Undirected
Hye-jeong Kang,Yeong-ae Lee,1,Undirected
Hye-jeong Kang,Ji-tae Yu,1,Undirected
Clovis Fouin,Marie Féret,1,Undirected
Clovis Fouin,Nicolas Giraud,1,Undirected
Marie Féret,Nicolas Giraud,1,Undirected
Artyom Bogucharskiy,Lyubov Agapova,1,Undirected
Dimple Kapadia,Sana Saeed,1,Undirected
Braeden Lemasters,Dove Cameron,1,Undirected
Braeden Lemasters,Katherine McNamara,1,Undirected
Dove Cameron,Katherine McNamara,1,Undirected
Purab Kohli,Sameer Ali Khan,1,Undirected
Jonathan Crombie,Megan Follows,1,Undirected
Lateef Crowder,Michael J. Morris,1,Undirected
Amanda Redman,James Fox,1,Undirected
Fabian Bolin,Matias Varela,1,Undirected
Rawiri Paratene,Tammy Davis,1,Undirected
Paresh Rawal,Vidya Balan,1,Undirected
Vidya Balan,Sanjay Dutt,1,Undirected
Anna Katharina Schwabroh,Claude-Oliver Rudolph,1,Undirected
Anna Katharina Schwabroh,Yangzom Brauen,1,Undirected
Claude-Oliver Rudolph,Yangzom Brauen,1,Undirected
Aleksey Chadov,Zhanna Friske,1,Undirected
Art Hindle,Susan Clark,1,Undirected
Art Hindle,Tony Ganios,1,Undirected
Susan Clark,Tony Ganios,1,Undirected
Duane Jones,Judith O'Dea,2,Undirected
Duane Jones,S. William Hinzman,2,Undirected
Judith O'Dea,S. William Hinzman,2,Undirected
Cornel Wilde,Dorothy Lamour,1,Undirected
Cornel Wilde,Gloria Grahame,1,Undirected
Dorothy Lamour,Gloria Grahame,1,Undirected
Katy Jurado,Sidney James,1,Undirected
George 'Buck' Flower,Meg Foster,1,Undirected
Armin Shimerman,Marlee Matlin,1,Undirected
Ashley Bell,Caleb Landry Jones,1,Undirected
Ashley Bell,Patrick Fabian,1,Undirected
Ellar Coltrane,Libby Villari,1,Undirected
Ellar Coltrane,Lorelei Linklater,1,Undirected
Libby Villari,Lorelei Linklater,1,Undirected
DJ Pooh,Dr. Dre,1,Undirected
Kevin McCarthy,Montgomery Clift,1,Undirected
Kevin McCarthy,Thelma Ritter,1,Undirected
Kevin McCarthy,Kate Maberly,1,Undirected
Kevin McCarthy,Paul Williams,1,Undirected
Kevin McCarthy,Ilene Graff,1,Undirected
Kevin McCarthy,Laura Breckenridge,1,Undirected
Montgomery Clift,Thelma Ritter,1,Undirected
Montgomery Clift,Walter Brennan,1,Undirected
Montgomery Clift,Donna Reed,1,Undirected
Peter Appel,William Hickey,1,Undirected
Ashley Rickards,Gabriel Iglesias,1,Undirected
Alan Taylor,Benjamin Fletcher,1,Undirected
Rob Brydon,Stephanie Leonidas,1,Undirected
Balinese Tari Legong Dancers,Collin Alfredo St. Dic,1,Undirected
Balinese Tari Legong Dancers,Puti Sri Candra Dewi,1,Undirected
Collin Alfredo St. Dic,Puti Sri Candra Dewi,1,Undirected
Hal Landon Jr.,Charlotte Stewart,1,Undirected
Hal Landon Jr.,Jack Nance,1,Undirected
Beth Broderick,Kathleen Robertson,1,Undirected
Beth Broderick,Brianna Brown,1,Undirected
Adriana Barraza,Arcelia Ramírez,1,Undirected
Adriana Barraza,Hector Kotsifakis,1,Undirected
Adriana Barraza,Goya Toledo,1,Undirected
Adriana Barraza,Jorge Salinas,1,Undirected
Arcelia Ramírez,Hector Kotsifakis,1,Undirected
Jordan Trovillion,Zoe Levin,1,Undirected
Alan Williams,Rachel Griffiths,1,Undirected
Alan Williams,Rob Jarvis,1,Undirected
Rachel Griffiths,Rob Jarvis,1,Undirected
Rachel Griffiths,Jessica De Gouw,1,Undirected
Aida Folch,Enrique Villén,1,Undirected
Connor Paolo,Michael Cerveris,1,Undirected
Brandon Mychal Smith,Doug Brochu,1,Undirected
Brandon Mychal Smith,Tiffany Thornton,1,Undirected
Doug Brochu,Tiffany Thornton,1,Undirected
Elena Lyadova,Eugenia Khirivskaya,1,Undirected
Bonnie Lee Bouman,Fadia Nadda,1,Undirected
Bonnie Lee Bouman,Saad Siddiqui,1,Undirected
Fadia Nadda,Saad Siddiqui,1,Undirected
James Hall,Jean Harlow,1,Undirected
James Hall,Marian Marsh,1,Undirected
Jean Harlow,Marian Marsh,1,Undirected
Kira McLean,Shannon Woodward,1,Undirected
Jessica McNamee,Robin McLeavy,1,Undirected
Jessica McNamee,Victoria Thaine,1,Undirected
Robin McLeavy,Victoria Thaine,1,Undirected
Black Thomas,Kristen Quintrall,1,Undirected
Black Thomas,Rachel Sterling,1,Undirected
Kristen Quintrall,Rachel Sterling,1,Undirected
Diana Vickers,Rachel Hendrix,1,Undirected
Rachel Hendrix,Jason Burkey,1,Undirected
Rachel Hendrix,Robert Amaya,1,Undirected
Susannah York,Hugh Griffith,1,Undirected
George Reeves,Hattie McDaniel,1,Undirected
George Reeves,Thomas Mitchell,1,Undirected
Hattie McDaniel,Thomas Mitchell,1,Undirected
Thomas Mitchell,Donna Reed,1,Undirected
Thomas Mitchell,Lionel Barrymore,1,Undirected
Thomas Mitchell,Glenn Ford,1,Undirected
Thomas Mitchell,Jean Arthur,1,Undirected
Slim Pickens,Keenan Wynn,1,Undirected
Betty Hutton,Howard Keel,1,Undirected
Betty Hutton,Keenan Wynn,1,Undirected
Howard Keel,Keenan Wynn,1,Undirected
Fernanda Montenegro,Fernanda Torres,1,Undirected
Fernanda Montenegro,Seu Jorge,1,Undirected
Fernanda Montenegro,Matheus Nachtergaele,1,Undirected
Fernanda Montenegro,Othon Bastos,1,Undirected
Fernanda Torres,Seu Jorge,1,Undirected
Seu Jorge,Alexandre Rodrigues,1,Undirected
Ellen Ross,Gladys Cooper,1,Undirected
Ellen Ross,Reginald Owen,1,Undirected
Gladys Cooper,Reginald Owen,1,Undirected
Jamie Farr,Mike Farrell,1,Undirected
Barnard Hughes,Brenda Vaccaro,1,Undirected
Barnard Hughes,John McGiver,1,Undirected
Brenda Vaccaro,John McGiver,1,Undirected
Barbara Billingsley,Lloyd Bridges,1,Undirected
Barbara Billingsley,Peter Graves,1,Undirected
Lloyd Bridges,Peter Graves,1,Undirected
Lloyd Bridges,Lon Chaney Jr.,1,Undirected
John Forsythe,Will Geer,1,Undirected
John Forsythe,Jerry Mathers,1,Undirected
Beatrice Straight,Colleen Dewhurst,1,Undirected
Beatrice Straight,Peter Finch,1,Undirected
Colleen Dewhurst,Peter Finch,1,Undirected
Bernard Cribbins,Clive Swift,1,Undirected
Anthony Johnson,Joe Estevez,1,Undirected
Anthony Johnson,Master P,1,Undirected
Joe Estevez,Master P,1,Undirected
Michael McGlone,Maxine Bahns,1,Undirected
Michael McGlone,Shari Albert,1,Undirected
Guillermo Francella,Ricardo Darín,1,Undirected
Guillermo Francella,Soledad Villamil,1,Undirected
Ricardo Darín,Soledad Villamil,1,Undirected
Ricardo Darín,Gastón Pauls,1,Undirected
Ricardo Darín,Leticia Brédice,1,Undirected
Derek Magyar,Gideon Emery,1,Undirected
Derek Magyar,Gloria Votsis,1,Undirected
Gideon Emery,Gloria Votsis,1,Undirected
Dan Hicks,Kassie Wesley DePaiva,1,Undirected
Dan Hicks,Timothy Patrick Quill,1,Undirected
Damián Delgado,Elpidia Carrillo,1,Undirected
Damián Delgado,Zaide Silvia Gutiérrez,1,Undirected
Elpidia Carrillo,Zaide Silvia Gutiérrez,1,Undirected
Glenn Erland Tosterud,Johanna Mørck,1,Undirected
Glenn Erland Tosterud,Otto Jespersen,1,Undirected
Johanna Mørck,Otto Jespersen,1,Undirected
Lara Jean Chorostecki,Mykel Shannon Jenkins,1,Undirected
Ash Cook,Genevieve O'Reilly,1,Undirected
Jane Goodall,Jerry Brown,1,Undirected
Jane Goodall,Peter Agnefjall,1,Undirected
Jane Goodall,Dave Fennoy,1,Undirected
Jerry Brown,Peter Agnefjall,1,Undirected
Ralitsa Paskaleva,Shelly Varod,1,Undirected
Glen Murphy,Joe Egan,1,Undirected
Adrian Gonzalez,Edward Conna,1,Undirected
Adrian Gonzalez,Murray Bartlett,1,Undirected
Edward Conna,Murray Bartlett,1,Undirected
Luis Antonio,Rus Blackwell,1,Undirected
Alexandra Rapaport,Hana Shuan,1,Undirected
Alexandra Rapaport,Thomas Bo Larsen,1,Undirected
Hana Shuan,Thomas Bo Larsen,1,Undirected
Darren McGavin,Scott Schwartz,1,Undirected
Perry King,Timothy Van Patten,1,Undirected
Agame Malembo-Emene,Angélica Sancio,1,Undirected
Agame Malembo-Emene,François Bégaudeau,1,Undirected
Angélica Sancio,François Bégaudeau,1,Undirected
Wilson Guerrero,Yenny Paola Vega,1,Undirected
Gert Fröbe,Honor Blackman,1,Undirected
Honor Blackman,Brigitte Bardot,1,Undirected
Caleb Landry Jones,Patrick Fabian,1,Undirected
Donna Reed,Lionel Barrymore,1,Undirected
Lionel Barrymore,Greer Garson,1,Undirected
Lionel Barrymore,Ann Miller,1,Undirected
Lionel Barrymore,Jean Arthur,1,Undirected
Micah Sloat,Amber Armstrong,1,Undirected
Micah Sloat,Ashley Palmer,1,Undirected
Danielle Kotch,Victoria Leigh,1,Undirected
Dayna Devon,Mikki Padilla,1,Undirected
Burl Ives,Jack Carson,1,Undirected
Gregory Sierra,Linda Harrison,1,Undirected
Gregory Sierra,Victor Buono,1,Undirected
Linda Harrison,Victor Buono,1,Undirected
Eric Stuart,Lisa Ortiz,1,Undirected
Eric Stuart,Veronica Taylor,1,Undirected
Lisa Ortiz,Veronica Taylor,1,Undirected
Ron Palillo,Vincent Guastaferro,1,Undirected
David White,Fred MacMurray,1,Undirected
Erin Gray,Leslie Jordan,1,Undirected
David Opatoshu,Lila Kedrova,1,Undirected
David Opatoshu,Tamara Toumanova,1,Undirected
Lila Kedrova,Tamara Toumanova,1,Undirected
Bobby Brown,LisaGay Hamilton,1,Undirected
Countess Vaughn,Deon Richmond,1,Undirected
Breckin Meyer,Matthew Senreich,1,Undirected
Breckin Meyer,Seth Green,1,Undirected
Matthew Senreich,Seth Green,1,Undirected
Ariane Labed,Athina Rachel Tsangari,1,Undirected
Ariane Labed,Seamus Davey-Fitzpatrick,1,Undirected
Athina Rachel Tsangari,Seamus Davey-Fitzpatrick,1,Undirected
John Astin,Robert Neary,1,Undirected
A. Michael Baldwin,Angus Scrimm,1,Undirected
A. Michael Baldwin,James Le Gros,1,Undirected
Angus Scrimm,James Le Gros,1,Undirected
Clifton Powell,Marla Gibbs,1,Undirected
Lisa Ray,Seema Biswas,1,Undirected
Callie Thorne,David Heyman,1,Undirected
Jack Albertson,Julie Dawn Cole,1,Undirected
Jack Albertson,Peter Ostrum,1,Undirected
Julie Dawn Cole,Peter Ostrum,1,Undirected
Richard Libertini,Stuart Margolin,1,Undirected
Nambitha Mpumlwana,Rapulana Seiphemo,1,Undirected
Rapulana Seiphemo,Kenneth Nkosi,1,Undirected
Rapulana Seiphemo,Robert Hobbs,1,Undirected
Joe Howard,Robert Noble,1,Undirected
Christopher Schmidt,Michael Bolten,1,Undirected
Christopher Schmidt,Robyn Lively,1,Undirected
Michael Bolten,Robyn Lively,1,Undirected
Molly Dunsworth,Robb Wells,1,Undirected
Amanda Mealing,Susan Hampshire,1,Undirected
Amanda Mealing,Tim Healy,1,Undirected
Susan Hampshire,Tim Healy,1,Undirected
Kostja Ullmann,Robert Stadlober,1,Undirected
Johnny Pacar,Matthew R. Anderson,1,Undirected
Matt Cohen,Noah Segan,1,Undirected
Matt Cohen,Tommy O'Reilly,1,Undirected
Noah Segan,Brit Morgan,1,Undirected
Noah Segan,Sedona James,1,Undirected
Darren Keefe Reiher,David Douglas,1,Undirected
Darren Keefe Reiher,Neil Hopkins,1,Undirected
David Douglas,Neil Hopkins,1,Undirected
Emily Nelson,Kristi Clainos,1,Undirected
Ashley Martin,French Stewart,1,Undirected
Ashley Martin,Olivia Alexander,1,Undirected
French Stewart,Olivia Alexander,1,Undirected
Alex Meraz,Jillian Murray,1,Undirected
Carroll O'Connor,Alan Autry,1,Undirected
Carroll O'Connor,Crystal R. Fox,1,Undirected
Salvatore Santone,Sarah Rafferty,1,Undirected
John Robinson,Lucy,1,Undirected
John Robinson,Will Oldham,1,Undirected
Brett Wagner,Brooke Newton,1,Undirected
Fabio Testi,Jack Taylor,1,Undirected
Matheus Nachtergaele,Othon Bastos,1,Undirected
Anthony L. Fernandez,Scott Evans,1,Undirected
Mia Barron,Olivia Rose Keegan,1,Undirected
Mia Barron,Patrick Bauchau,1,Undirected
Olivia Rose Keegan,Patrick Bauchau,1,Undirected
Greg Crowe,Tempestt Bledsoe,1,Undirected
Kelly Paterniti,Maeve Dermody,1,Undirected
Kelly Paterniti,Patrick Brammall,1,Undirected
Maeve Dermody,Patrick Brammall,1,Undirected
Allegra Carpenter,Gregory Cruz,1,Undirected
Elise Neal,Isaac Hayes,1,Undirected
Elise Neal,Paula Jai Parker,1,Undirected
Isaac Hayes,Paula Jai Parker,1,Undirected
George Raft,Joe E. Brown,1,Undirected
George Raft,Nehemiah Persoff,1,Undirected
Joe E. Brown,Nehemiah Persoff,1,Undirected
Terry Kiser,William Butler,1,Undirected
Terry Kiser,Susan Tyrrell,1,Undirected
Billie Burke,Margaret Hamilton,1,Undirected
Billie Burke,Terry,1,Undirected
Margaret Hamilton,Terry,1,Undirected
Patricia Richardson,Vanessa Zima,1,Undirected
Hoyt Axton,Kelly Reno,1,Undirected
Bhavkhandan Singh Rakhra,Diljit Dosanjh,1,Undirected
Bhavkhandan Singh Rakhra,Neeru Bajwa,1,Undirected
Diljit Dosanjh,Neeru Bajwa,1,Undirected
Casper Christensen,Frank Hvam,1,Undirected
Cesar Romero,Burgess Meredith,1,Undirected
Cesar Romero,Burt Ward,1,Undirected
Ariane Schluter,Henri Garcin,1,Undirected
Ariane Schluter,Rijk de Gooyer,1,Undirected
Henri Garcin,Rijk de Gooyer,1,Undirected
Esther Williams,Irene Dunne,1,Undirected
Esther Williams,Basil Rathbone,1,Undirected
Esther Williams,Red Skelton,1,Undirected
Judie Aronson,Kimberly Beck,1,Undirected
Judie Aronson,Tom Everett,1,Undirected
Kimberly Beck,Tom Everett,1,Undirected
Agata Kulesza,Agata Trzebuchowska,1,Undirected
Agata Kulesza,Joanna Kulig,1,Undirected
Agata Trzebuchowska,Joanna Kulig,1,Undirected
Gabrielle Reece,Gerry Lopez,1,Undirected
Gabrielle Reece,Laird John Hamilton,1,Undirected
Gerry Lopez,Laird John Hamilton,1,Undirected
Bárbara Goenaga,Karra Elejalde,1,Undirected
Bárbara Goenaga,Nacho Vigalondo,1,Undirected
Karra Elejalde,Nacho Vigalondo,1,Undirected
Bo Huang,Zheng Xu,2,Undirected
Bo Huang,Zhonghua Chen,1,Undirected
Zheng Xu,Zhonghua Chen,1,Undirected
Amy Badberg,Joe Cross,1,Undirected
Amy Badberg,Joel Fuhrman,1,Undirected
Joe Cross,Joel Fuhrman,1,Undirected
Barack Obama,Dinesh D'Souza,1,Undirected
Barack Obama,Zackary Steven Graham,1,Undirected
Dinesh D'Souza,Zackary Steven Graham,1,Undirected
Melvyn Douglas,Whit Bissell,1,Undirected
Dana Hanna,David Jason Perez,1,Undirected
Dana Hanna,La'Princess Jackson,1,Undirected
David Jason Perez,La'Princess Jackson,1,Undirected
Dominik Castell,Hanno Pöschl,1,Undirected
Dominik Castell,Hans Weingartner,1,Undirected
Hanno Pöschl,Hans Weingartner,1,Undirected
Jean Pierre Bergeron,Michel Côté,1,Undirected
Jean Pierre Bergeron,Patrick Huard,1,Undirected
Michel Côté,Patrick Huard,1,Undirected
Christopher Simpson,Satish Kaushik,1,Undirected
Christopher Simpson,Tannishtha Chatterjee,1,Undirected
Satish Kaushik,Tannishtha Chatterjee,1,Undirected
Ana Gasteyer,Joshua Ormond,1,Undirected
Bill Maher,Steve Burg,1,Undirected
Bill Maher,Tal Bachman,1,Undirected
Bill Maher,Linda Lovelace,1,Undirected
Steve Burg,Tal Bachman,1,Undirected
George W. Bush,Sheryl Crow,1,Undirected
George W. Bush,Barney Frank,1,Undirected
George W. Bush,Alex Gibney,1,Undirected
George W. Bush,Greg D'Agostino,1,Undirected
Sheryl Crow,Lou Adler,1,Undirected
Sheryl Crow,Merry Clayton,1,Undirected
Dustin Lance Black,Emily Pearson,1,Undirected
Dustin Lance Black,Gavin Newsom,1,Undirected
Emily Pearson,Gavin Newsom,1,Undirected
Rüdiger Vogler,Sebastian Blomberg,1,Undirected
Kevin Leslie,Kris Sommerville,1,Undirected
Basil Rathbone,Red Skelton,1,Undirected
Jossara Jinaro,Rene Rosado,1,Undirected
Deems Taylor,Leopold Stokowski,1,Undirected
Ivette Alvarez,Nicole Smolen,1,Undirected
Ivette Alvarez,Sebastian Aguilar,1,Undirected
Nicole Smolen,Sebastian Aguilar,1,Undirected
Catherine Parks,Dana Kimmell,1,Undirected
Catherine Parks,Richard Brooker,1,Undirected
Dana Kimmell,Richard Brooker,1,Undirected
Dominick Brascia,Melanie Kinnaman,1,Undirected
Dominick Brascia,Tiffany Helm,1,Undirected
Melanie Kinnaman,Tiffany Helm,1,Undirected
Kayla Ewell,Linden Ashby,1,Undirected
Brad Schmidt,Ethan Peck,1,Undirected
Saeed Jaffrey,Shobu Kapoor,1,Undirected
Saeed Jaffrey,Zohra Segal,1,Undirected
Saeed Jaffrey,Garry Cooper,1,Undirected
Saeed Jaffrey,Roshan Seth,1,Undirected
Shobu Kapoor,Zohra Segal,1,Undirected
Daniel Kash,Rachel Skarsten,1,Undirected
Daniel Kash,Stefanie Drummond,1,Undirected
Rachel Skarsten,Stefanie Drummond,1,Undirected
Jørgen Langhelle,Per Christian Ellefsen,1,Undirected
Jørgen Langhelle,Sven Nordin,1,Undirected
Per Christian Ellefsen,Sven Nordin,1,Undirected
Arturo Castro,Brad Lee Wind,1,Undirected
Arturo Castro,Michael Derek,1,Undirected
Brad Lee Wind,Michael Derek,1,Undirected
Carlos Lasarte,Manuela Velasco,1,Undirected
Cheyenne Haynes,Martha Higareda,1,Undirected
Carmen Argenziano,Travis Myers,1,Undirected
Carmen Argenziano,Vanna White,1,Undirected
Louise Brealey,Michael Chapman,1,Undirected
Louise Brealey,Walter Hendrix III,1,Undirected
Michael Chapman,Walter Hendrix III,1,Undirected
Maria Doyle Kennedy,Shaun O'Hagan,1,Undirected
Jessica Dublin,Lisa Gaye,1,Undirected
Jessica Dublin,Phoebe Legere,1,Undirected
Lisa Gaye,Phoebe Legere,1,Undirected
Alan Autry,Crystal R. Fox,1,Undirected
John Beck,Mews Small,1,Undirected
Jake Weary,Maika Monroe,1,Undirected
Jake Weary,Ruby Harris,1,Undirected
Maika Monroe,Ruby Harris,1,Undirected
Brock Peters,William Windom,1,Undirected
Alicia Goranson,Jeannetta Arnette,1,Undirected
Adam Trese,Eric Sheffer Stevens,1,Undirected
Adam Trese,Julia Taylor Ross,1,Undirected
Eric Sheffer Stevens,Julia Taylor Ross,1,Undirected
Ben Davies,T.C. Stallings,1,Undirected
Claudette Colbert,Hedy Lamarr,1,Undirected
Claudette Colbert,Alan Hale,1,Undirected
Claudette Colbert,Walter Connolly,1,Undirected
Béatrice Bonifassi,Charles Linton,1,Undirected
Béatrice Bonifassi,Michel Robin,1,Undirected
Charles Linton,Michel Robin,1,Undirected
Daniel Tay,James Urbaniak,1,Undirected
James Urbaniak,Samantha Buck,1,Undirected
James Urbaniak,Terumi Matthews,1,Undirected
James Urbaniak,Christopher Denham,1,Undirected
James Urbaniak,Constance Wu,1,Undirected
Albert Delpy,Marie Pillet,1,Undirected
Goya Toledo,Jorge Salinas,1,Undirected
Celeste Holm,John Garfield,1,Undirected
Lauren Sweetser,Shelley Waggener,1,Undirected
Brendan Mackey,Joe Simpson,1,Undirected
Brendan Mackey,Nicholas Aaron,1,Undirected
Joe Simpson,Nicholas Aaron,1,Undirected
Miranda July,Najarra Townsend,1,Undirected
Gano Grills,Richard Portnow,1,Undirected
Rose Marie,Tawny Kitaen,1,Undirected
Peter Stickles,Raphael Barker,1,Undirected
Peter Stickles,Sook-Yin Lee,1,Undirected
Raphael Barker,Sook-Yin Lee,1,Undirected
Ari Folman,Ronny Dayag,1,Undirected
Ari Folman,Zahava Solomon,1,Undirected
Ronny Dayag,Zahava Solomon,1,Undirected
Bruce Newbold,Kirby Heyborne,1,Undirected
Bruce Newbold,Noah Danby,1,Undirected
Kirby Heyborne,Noah Danby,1,Undirected
Kirby Heyborne,Corbin Allred,1,Undirected
Kirby Heyborne,Daryn Tufts,1,Undirected
Kirby Heyborne,Lincoln Hoppe,1,Undirected
Kirby Heyborne,Big Budah,1,Undirected
Kirby Heyborne,Curt Doussett,1,Undirected
Dick Cheney,Donald Rumsfeld,1,Undirected
Buzz Aldrin,John F. Kennedy,1,Undirected
Buzz Aldrin,Neil Armstrong,1,Undirected
John F. Kennedy,Neil Armstrong,1,Undirected
Manny Perez,Christian Alvarez,1,Undirected
Manny Perez,Claudette Lalí,1,Undirected
Krysta Rodriguez,Matt Bennett,1,Undirected
Krysta Rodriguez,Zack Pearlman,1,Undirected
Matt Bennett,Zack Pearlman,1,Undirected
Jean-Hugues Anglade,Salvator Xuereb,1,Undirected
Jess Weixler,John Hensley,1,Undirected
Jess Weixler,Nathan Parsons,1,Undirected
John Hensley,Nathan Parsons,1,Undirected
Jeffrey Falcon,Kim De Angelo,1,Undirected
Jeffrey Falcon,Stephane Gauger,1,Undirected
Kim De Angelo,Stephane Gauger,1,Undirected
Bobby Deol,Karisma Kapoor,1,Undirected
Bobby Deol,Shakti Kapoor,1,Undirected
Karisma Kapoor,Shakti Kapoor,1,Undirected
Karisma Kapoor,Jaya Bhaduri,1,Undirected
Karisma Kapoor,Manoj Bajpayee,1,Undirected
Kate Magowan,Paul Kaye,1,Undirected
Javed Jaffrey,Sanjay Mishra,1,Undirected
Kent McCord,Sarah Douglas,1,Undirected
Jordi Vilasuso,Kaiwi Lyman-Mersereau,1,Undirected
Jordi Vilasuso,Michael McLafferty,1,Undirected
Kaiwi Lyman-Mersereau,Michael McLafferty,1,Undirected
Lorraine Stanley,Johnny Harris,1,Undirected
Kenneth Nkosi,Robert Hobbs,1,Undirected
Ashleigh Gryzko,Sean Rogerson,1,Undirected
Jemma Curran,Peter McQuinn,1,Undirected
Jemma Curran,Tommy Knight,1,Undirected
Peter McQuinn,Tommy Knight,1,Undirected
Daniel Baldwin,William Lee Scott,1,Undirected
Alice Cooper,Louis Walsh,1,Undirected
Alice Cooper,Tim Rice,1,Undirected
Louis Walsh,Tim Rice,1,Undirected
Kathy Uyen,Paul Sheehan,1,Undirected
Mario Cimarro,Ricardo Chavira,1,Undirected
Everett Sloane,Rita Hayworth,1,Undirected
Everett Sloane,Ted de Corsia,1,Undirected
Rita Hayworth,Ted de Corsia,1,Undirected
Kate Maberly,Paul Williams,1,Undirected
Paul Williams,Claude Akins,1,Undirected
Karin Dor,Lex Barker,1,Undirected
Jon Mack,Josh Meyers,1,Undirected
Buster Keaton,Phil Silvers,1,Undirected
Buster Keaton,Zero Mostel,1,Undirected
Phil Silvers,Zero Mostel,1,Undirected
Eddie Vedder,Steve Earle,1,Undirected
Dave Sheridan,Trenton Rostedt,1,Undirected
Dave Sheridan,Wray Crawford,1,Undirected
Trenton Rostedt,Wray Crawford,1,Undirected
James Chalke,Melissa Bolona,1,Undirected
James Chalke,Michael Aaron Milligan,1,Undirected
Melissa Bolona,Michael Aaron Milligan,1,Undirected
David Lewis,Mike 'The Miz' Mizanin,1,Undirected
David Lewis,Paul McGillion,1,Undirected
Mike 'The Miz' Mizanin,Paul McGillion,1,Undirected
Ahmed Hassan,Aida Elkashef,1,Undirected
Karl E. Landler,Lizzie Brocheré,1,Undirected
Prabhudheva,Remo,1,Undirected
Jean-Louis Blondeau,Paul McGill,1,Undirected
Jean-Louis Blondeau,Philippe Petit,1,Undirected
Paul McGill,Philippe Petit,1,Undirected
Peter Feeney,Rachel Nash,1,Undirected
Peter Feeney,Siobhan Marshall,1,Undirected
Rachel Nash,Siobhan Marshall,1,Undirected
Kim Hunter,Humphrey Bogart,1,Undirected
Kim Hunter,Jim Backus,1,Undirected
Ana Claudia Talancón,Jonathon Trent,1,Undirected
Ana Claudia Talancón,Jordana Spiro,1,Undirected
Dwight Henry,Gina Montana,1,Undirected
Brahmanandam,Hansika Motwani,1,Undirected
Brahmanandam,T.R. Silambarasan,1,Undirected
Hansika Motwani,T.R. Silambarasan,1,Undirected
Donald Trump,J.J. Abrams,1,Undirected
Lhakpa Dorji,Sonam Kinga,1,Undirected
Lhakpa Dorji,Tshewang Dendup,1,Undirected
Sonam Kinga,Tshewang Dendup,1,Undirected
Humphrey Bogart,Jim Backus,1,Undirected
Humphrey Bogart,Conrad Veidt,1,Undirected
Bree Williamson,Kimberley Crossman,1,Undirected
Bree Williamson,Luke Edwards,1,Undirected
Kimberley Crossman,Luke Edwards,1,Undirected
Keenan Tracey,Nicholas Carella,1,Undirected
Armin Rohde,Ludger Pistor,1,Undirected
CJ Adams,Erin Pitt,1,Undirected
Chris Cleveland,Circus-Szalewski,1,Undirected
Chris Cleveland,Matthew Alan,1,Undirected
Circus-Szalewski,Matthew Alan,1,Undirected
Gordon Jump,John Randolph,1,Undirected
Daniel Franzese,Sarah Butler,1,Undirected
Dean Andrews,Natalie Press,1,Undirected
Ann Miller,Jean Arthur,1,Undirected
Ben Johnson,Victor McLaglen,1,Undirected
Michael Welch,Whitney Able,1,Undirected
Adel Karam,Nadine Labaki,1,Undirected
Adel Karam,Yasmine Al Massri,1,Undirected
Nadine Labaki,Yasmine Al Massri,1,Undirected
Alejandro Furth,Pixie Davies,1,Undirected
Lior Ashkenazi,Ohad Knoller,1,Undirected
Lior Ashkenazi,Yousef 'Joe' Sweid,1,Undirected
Ohad Knoller,Yousef 'Joe' Sweid,1,Undirected
Jean-Paul Belmondo,Michel Bouquet,1,Undirected
Jean-Paul Belmondo,Anna Karina,1,Undirected
Jean-Paul Belmondo,Graziella Galvani,1,Undirected
Dustin Ingram,Gage Golightly,1,Undirected
Dustin Ingram,Samuel Davis,1,Undirected
Gage Golightly,Samuel Davis,1,Undirected
Donald Gibb,Ken Siu,1,Undirected
Justin Pierce,Leo Fitzpatrick,1,Undirected
Elizabeth Meriwether,Owen Kline,1,Undirected
Elizabeth Meriwether,William Baldwin,1,Undirected
Owen Kline,William Baldwin,1,Undirected
Brian Stepanek,Jennifer Westfeldt,1,Undirected
Brian Stepanek,Scott Cohen,1,Undirected
Jennifer Westfeldt,Scott Cohen,1,Undirected
Matthew Ziff,Sam Medina,1,Undirected
Matthew Ziff,T.J. Storm,1,Undirected
Matthew Ziff,Raquel Elizabeth Ames,1,Undirected
Matthew Ziff,Lorraine Ziff,1,Undirected
Sam Medina,T.J. Storm,1,Undirected
Leo G. Carroll,Norman Lloyd,1,Undirected
Leo G. Carroll,Rhonda Fleming,1,Undirected
Norman Lloyd,Rhonda Fleming,1,Undirected
Gastón Pauls,Leticia Brédice,1,Undirected
Ami Ayalon,Yaakov Peri,1,Undirected
Ami Ayalon,Yuval Diskin,1,Undirected
Yaakov Peri,Yuval Diskin,1,Undirected
Summer Phoenix,Theresa Russell,1,Undirected
Lisa Brave,Malone Thomas,1,Undirected
Lisa Brave,Ward G. Smith,1,Undirected
Malone Thomas,Ward G. Smith,1,Undirected
Fred Malatesta,Paulette Goddard,1,Undirected
Fred Malatesta,Stanley Blystone,1,Undirected
Paulette Goddard,Stanley Blystone,1,Undirected
Darren E. Burrows,Jenny O'Hara,1,Undirected
Brian Lee Franklin,John Arcilla,1,Undirected
Brian Lee Franklin,Ronnie Lazaro,1,Undirected
John Arcilla,Ronnie Lazaro,1,Undirected
Boyd Banks,Georgina Reilly,1,Undirected
Boyd Banks,Chloe Rose,1,Undirected
Boyd Banks,Kristian Bruun,1,Undirected
Jaime Zevallos,Michael Elian,1,Undirected
Bruce Hopkins,Cameron Rhodes,1,Undirected
Bruce Hopkins,Morgana O'Reilly,1,Undirected
Cameron Rhodes,Morgana O'Reilly,1,Undirected
Jon Hunter,Lee Scott,1,Undirected
Jon Hunter,Matt Hunter,1,Undirected
Lee Scott,Matt Hunter,1,Undirected
Kyla Wise,Nicole Muñoz,1,Undirected
Kyla Wise,Sarah Lind,1,Undirected
Nicole Muñoz,Sarah Lind,1,Undirected
Joe Armstrong,Martin Hancock,1,Undirected
Joe Armstrong,Monica Barladeanu,1,Undirected
Martin Hancock,Monica Barladeanu,1,Undirected
Amber Marshall,Ashanti,1,Undirected
Amber Marshall,John DeSantis,1,Undirected
Ashanti,John DeSantis,1,Undirected
Balthazar Getty,Lydia Hearst,1,Undirected
Adriana Caselotti,Billy Gilbert,1,Undirected
Adriana Caselotti,Lucille La Verne,1,Undirected
Billy Gilbert,Lucille La Verne,1,Undirected
María Alche,Mercedes Morán,1,Undirected
Gabriel Beristain,John Bailey,1,Undirected
Gabriel Beristain,Zak Penn,1,Undirected
John Bailey,Zak Penn,1,Undirected
Christina Moore,Cullen Douglas,1,Undirected
Adam DiMarco,Camren Bicondova,1,Undirected
Adam DiMarco,Chasty Ballesteros,1,Undirected
Camren Bicondova,Chasty Ballesteros,1,Undirected
Laurent Poitrenaux,Léa Drucker,1,Undirected
Angela Jones,Jonathan Mangum,1,Undirected
Burgess Meredith,Burt Ward,1,Undirected
Paprika Steen,Trine Dyrholm,1,Undirected
Cat Ly,Kieu Chinh,1,Undirected
Cat Ly,Long Nguyen,1,Undirected
Kieu Chinh,Long Nguyen,1,Undirected
Kristen Cloke,Tucker Smallwood,1,Undirected
Aziz Muradillayev,Elina Abai Kyzy,1,Undirected
Aziz Muradillayev,Mirlan Abdulayev,1,Undirected
Elina Abai Kyzy,Mirlan Abdulayev,1,Undirected
Lenore Zann,Tim Choate,1,Undirected
Samantha McLeod,Uday Chopra,1,Undirected
Adrienne King,Amy Steel,1,Undirected
Adrienne King,Betsy Palmer,1,Undirected
Amy Steel,Betsy Palmer,1,Undirected
Frank Faylen,Jane Wyman,1,Undirected
Frank Faylen,Ray Milland,1,Undirected
Jane Wyman,Ray Milland,1,Undirected
Jenni Rivera,Jorge Diaz,1,Undirected
Jean Peters,Will Wright,1,Undirected
Barry Fitzgerald,Walter Pidgeon,1,Undirected
Elvis Nolasco,Felicia Pearson,1,Undirected
Laura San Giacomo,Steven Brill,1,Undirected
Ben Youcef,Zuhair Haddad,1,Undirected
José Manuel Orozco Angulo,Vera Wilson,1,Undirected
José Manuel Orozco Angulo,Ximena Ayala,1,Undirected
Vera Wilson,Ximena Ayala,1,Undirected
Gale Sondergaard,Nigel Bruce,1,Undirected
Gale Sondergaard,Spring Byington,1,Undirected
Nigel Bruce,Spring Byington,1,Undirected
Spring Byington,Errol Flynn,1,Undirected
Enzo Petito,Luigi Pistilli,1,Undirected
Alex Huszar,Luis Miranda,1,Undirected
Alex Huszar,Regina Casé,1,Undirected
Luis Miranda,Regina Casé,1,Undirected
Eric Lange,Marshall Allman,1,Undirected
Coyote Shivers,Lemmy,1,Undirected
Coyote Shivers,Zoë Poledouris,1,Undirected
Lemmy,Zoë Poledouris,1,Undirected
Déborah Révy,Johnny Amaro,1,Undirected
Déborah Révy,Yassine Azzouz,1,Undirected
Johnny Amaro,Yassine Azzouz,1,Undirected
Antonio Arrué,Juan Carlos Montoya,1,Undirected
Antonio Arrué,Nataniel Sánchez,1,Undirected
Juan Carlos Montoya,Nataniel Sánchez,1,Undirected
Kristin Booth,Michael Eisner,1,Undirected
Chelsey Reist,Christie Burke,1,Undirected
Chelsey Reist,Victor Zinck Jr.,1,Undirected
Christie Burke,Victor Zinck Jr.,1,Undirected
Calvin Lockhart,Cleavon Little,1,Undirected
Calvin Lockhart,Redd Foxx,1,Undirected
Cleavon Little,Redd Foxx,1,Undirected
Deirdre Lorenz,Dustin Diamond,1,Undirected
Deirdre Lorenz,Seregon O'Dassey,1,Undirected
Dustin Diamond,Seregon O'Dassey,1,Undirected
John Jarratt,Richard Cawthorne,1,Undirected
Brent Neale,CindyMarie Small,1,Undirected
Brent Neale,Sarah Murphy-Dyson,1,Undirected
CindyMarie Small,Sarah Murphy-Dyson,1,Undirected
Frank Rautenbach,Jeanne Neilson,1,Undirected
Frank Rautenbach,Sean Cameron Michael,1,Undirected
Jeanne Neilson,Sean Cameron Michael,1,Undirected
Eva Bourne,Marilyn Norry,1,Undirected
Donny Alamsyah,Iko Uwais,1,Undirected
Donny Alamsyah,Yayan Ruhian,1,Undirected
Iko Uwais,Yayan Ruhian,1,Undirected
Anella Vastola,Joe Marino,1,Undirected
Anella Vastola,Piero Maggiò,1,Undirected
Joe Marino,Piero Maggiò,1,Undirected
Martin Sharpe,Rosie Traynor,1,Undirected
Martin Sharpe,Talia Zucker,1,Undirected
Rosie Traynor,Talia Zucker,1,Undirected
Gauhar Khan,Shazahn Padamsee,1,Undirected
Christopher Abbott,Gitte Witt,1,Undirected
Christopher Abbott,Julia Garner,1,Undirected
Heather Sossaman,Renee Olstead,1,Undirected
Jack Lord,Ursula Andress,1,Undirected
Andrew Robinson,Ashley Laurence,1,Undirected
Andrew Robinson,Clare Higgins,1,Undirected
Ashley Laurence,Clare Higgins,1,Undirected
Benjamin A. Onyango,Maria Canals-Barrera,1,Undirected
Benjamin A. Onyango,Robin Givens,1,Undirected
Maria Canals-Barrera,Robin Givens,1,Undirected
Hiroshi Abe,Naomi Nishida,1,Undirected
Hiroshi Abe,Sakae Kimura,1,Undirected
Naomi Nishida,Sakae Kimura,1,Undirected
Claudiu Trandafir,Fernanda Andrade,1,Undirected
Cynthia Myers,Harrison Page,1,Undirected
Debra Paget,James Drury,1,Undirected
Debra Paget,Neville Brand,1,Undirected
James Drury,Neville Brand,1,Undirected
Forrest Tucker,James Brown,1,Undirected
Forrest Tucker,Richard Jaeckel,1,Undirected
James Brown,Richard Jaeckel,1,Undirected
Albert Maysles,Keith Richards,1,Undirected
Albert Maysles,Mick Jagger,1,Undirected
Keith Richards,Mick Jagger,1,Undirected
Alex Lawther,Niamh Cusack,1,Undirected
Barbara Kowalcyk,Eric Schlosser,1,Undirected
Barbara Kowalcyk,Michael Pollan,1,Undirected
Eric Schlosser,Michael Pollan,1,Undirected
Jason Burkey,Robert Amaya,1,Undirected
Jake Lacy,Jenny Slate,1,Undirected
Michael O'Keefe,Misty Upham,1,Undirected
Lou Adler,Merry Clayton,1,Undirected
Angel David,Natasha Gregson Wagner,1,Undirected
Natasha Gregson Wagner,Eli Marienthal,1,Undirected
Colette Divine,Phyllis Diller,1,Undirected
Bonz Malone,Saul Williams,1,Undirected
Frank Gerrish,Rick Macy,1,Undirected
Frank Gerrish,Christopher Robin Miller,1,Undirected
Frank Gerrish,Richard Moll,1,Undirected
Jaya Bhaduri,Manoj Bajpayee,1,Undirected
Dian Bachar,Matt Stone,1,Undirected
Ranin Karim,Scandar Copti,1,Undirected
Ranin Karim,Shahir Kabaha,1,Undirected
Scandar Copti,Shahir Kabaha,1,Undirected
Steven Yeun,Venida Evans,1,Undirected
Anwar Congo,Herman Koto,1,Undirected
Anwar Congo,Syamsul Arifin,1,Undirected
Herman Koto,Syamsul Arifin,1,Undirected
Alex Gibney,Greg D'Agostino,1,Undirected
Ahmet Ertegun,Marv Albert,1,Undirected
Ahmet Ertegun,Pelé,1,Undirected
Marv Albert,Pelé,1,Undirected
Aasheekaa Bathija,Kumar Gaurav,1,Undirected
Aasheekaa Bathija,Rufus Graham,1,Undirected
Kumar Gaurav,Rufus Graham,1,Undirected
Anthony Powell,Josh Swanson,1,Undirected
Anthony Powell,Tom Hamann,1,Undirected
Josh Swanson,Tom Hamann,1,Undirected
Brian Whitaker,G.W. Krauss,1,Undirected
Brian Whitaker,Jason Bateman,1,Undirected
G.W. Krauss,Jason Bateman,1,Undirected
Emraan Hashmi,Sunil Shetty,1,Undirected
Lena Dunham,Jake Ryan,1,Undirected
Lena Dunham,Pat Healy,1,Undirected
Lena Dunham,Jemima Kirke,1,Undirected
Adrienne Frantz,Patrick Renna,1,Undirected
Adrienne Frantz,Patsy Kensit,1,Undirected
Patrick Renna,Patsy Kensit,1,Undirected
James Lorinz,Louis Mustillo,1,Undirected
James Lorinz,Yul Vazquez,1,Undirected
Louis Mustillo,Yul Vazquez,1,Undirected
Emily Baldoni,Hallee Hirsh,1,Undirected
Emily Baldoni,Will Rothhaar,1,Undirected
Hallee Hirsh,Will Rothhaar,1,Undirected
Jonathon Trent,Jordana Spiro,1,Undirected
Alexia Rasmussen,Meredith Hagner,1,Undirected
Ian Bohen,Paul Blackthorne,1,Undirected
Jennifer Sky,Scott Levy,1,Undirected
Jennifer Sky,Vanilla Ice,1,Undirected
Scott Levy,Vanilla Ice,1,Undirected
Jesse Hutch,Mariel Hemingway,1,Undirected
Andrea Vergara,Gabriel Reyes,1,Undirected
Andrea Vergara,Kenny Johnston,1,Undirected
Gabriel Reyes,Kenny Johnston,1,Undirected
Ayesha Omar,Javed Sheikh,1,Undirected
Ayesha Omar,Rasheed Naz,1,Undirected
Javed Sheikh,Rasheed Naz,1,Undirected
Ilene Graff,Laura Breckenridge,1,Undirected
James Eckhouse,Nicole Randall Johnson,1,Undirected
Alicia Ziegler,Lauren C. Mayhew,1,Undirected
Janette Armand,Kevin Hamedani,1,Undirected
Janette Armand,Russell Hodgkinson,1,Undirected
Kevin Hamedani,Russell Hodgkinson,1,Undirected
Maureen McCormick,Tim Abell,1,Undirected
Tim Abell,Mike Beckingham,1,Undirected
Tim Abell,Tom Stedham,1,Undirected
Germán Alcarazu,Joseba Ugalde,1,Undirected
Germán Alcarazu,Álex Angulo,1,Undirected
Joseba Ugalde,Álex Angulo,1,Undirected
Chrystee Pharris,Sticky Fingaz,1,Undirected
Randy Jay Burrell,Vincent De Paul,1,Undirected
Anslem Richardson,Jay Paulson,1,Undirected
Alexander Vlahos,David Oakes,1,Undirected
Alexander Vlahos,Jennie Jacques,1,Undirected
David Oakes,Jennie Jacques,1,Undirected
Magi Avila,Pierre Dulat,1,Undirected
Magi Avila,Summer Napoles,1,Undirected
Pierre Dulat,Summer Napoles,1,Undirected
Chloe Rose,Kristian Bruun,1,Undirected
Angelina Armani,Fiona Dourif,1,Undirected
Jarrod Phillips,Jason K. Wixom,1,Undirected
Jarrod Phillips,Shona Kay,1,Undirected
Jason K. Wixom,Shona Kay,1,Undirected
Michael McMillian,Monique Candelaria,1,Undirected
Bruno Campos,David DeLuise,1,Undirected
Alma Martinez,Eve Ensler,1,Undirected
Alma Martinez,Robert Kennedy Jr.,1,Undirected
Eve Ensler,Robert Kennedy Jr.,1,Undirected
Alexandru Potocean,Anamaria Marinca,1,Undirected
Alexandru Potocean,Vlad Ivanov,1,Undirected
Anamaria Marinca,Vlad Ivanov,1,Undirected
G.J. Echternkamp,Odessa Rae,1,Undirected
G.J. Echternkamp,Patrick Wilson,1,Undirected
Odessa Rae,Patrick Wilson,1,Undirected
Reza Sixo Safai,Sarah Kazemy,1,Undirected
Reza Sixo Safai,Sina Amedson,1,Undirected
Sarah Kazemy,Sina Amedson,1,Undirected
Ahna O'Reilly,Ariana Neal,1,Undirected
Ann Gillis,Donnie Dunagan,1,Undirected
Ann Gillis,Sam Edwards,1,Undirected
Donnie Dunagan,Sam Edwards,1,Undirected
Adam Carolla,Rian Bishop,1,Undirected
Christophe Cherki,Stana Roumillac,1,Undirected
Christophe Cherki,Teddy Doloir,1,Undirected
Stana Roumillac,Teddy Doloir,1,Undirected
D. David Morin,Hal Linden,1,Undirected
Christopher Berry,Michelle Tabora,1,Undirected
Leila Hatami,Peyman Moaadi,1,Undirected
Leila Hatami,Shahab Hosseini,1,Undirected
Peyman Moaadi,Shahab Hosseini,1,Undirected
Jo Hartley,Joe Cassidy,1,Undirected
Jo Hartley,Stephen McCole,1,Undirected
Joe Cassidy,Stephen McCole,1,Undirected
Christina Vidal,Ken Leung,1,Undirected
Allison Dean,Dorothy Lyman,1,Undirected
Allison Dean,Todd Field,1,Undirected
Dorothy Lyman,Todd Field,1,Undirected
Judy Marte,Victor Rasuk,1,Undirected
Judy Marte,Dominic Colón,1,Undirected
Judy Marte,Flaco Navaja,1,Undirected
Francis Lederer,Fritz Kortner,1,Undirected
Francis Lederer,Louise Brooks,1,Undirected
Fritz Kortner,Louise Brooks,1,Undirected
Diane Baker,Melora Walters,1,Undirected
Claudia Lapacó,Hilda Bernard,1,Undirected
Claudia Lapacó,Norma Aleandro,1,Undirected
Hilda Bernard,Norma Aleandro,1,Undirected
Cherami Leigh,Kurt Angle,1,Undirected
Cherami Leigh,Shane Dawson,1,Undirected
Kurt Angle,Shane Dawson,1,Undirected
Ane Dahl Torp,Stig Frode Henriksen,1,Undirected
Alan Pietruszewski,Taylor Pigeon,1,Undirected
Alan Pietruszewski,Whit Spurgeon,1,Undirected
Alan Pietruszewski,Ace Marrero,1,Undirected
Alan Pietruszewski,Jack E. Curenton,1,Undirected
Taylor Pigeon,Whit Spurgeon,1,Undirected
Donna Zovko,Katy Helvenston-Wettengal,1,Undirected
Donna Zovko,Scott Helvenston,1,Undirected
Katy Helvenston-Wettengal,Scott Helvenston,1,Undirected
Isaac C. Singleton Jr.,Jeanette Branch,1,Undirected
Jake Ryan,Pat Healy,1,Undirected
Dominique Sanda,Stefania Sandrelli,1,Undirected
Christel Khalil,Raymond J. Barry,1,Undirected
Christel Khalil,Renee Faia,1,Undirected
Raymond J. Barry,Renee Faia,1,Undirected
Whitney Able,Ricky Catter,1,Undirected
Jennifer Lee Wiggins,Michele Morrow,1,Undirected
Arthur Agee,Isiah Thomas,1,Undirected
Arthur Agee,William Gates,1,Undirected
Isiah Thomas,William Gates,1,Undirected
Christopher Toler,Kevin Scott Richardson,1,Undirected
Christopher Toler,Tommy the Clown,1,Undirected
Kevin Scott Richardson,Tommy the Clown,1,Undirected
Kara Hayward,Laura Fraser,1,Undirected
Kara Hayward,Louis Ozawa Changchien,1,Undirected
Laura Fraser,Louis Ozawa Changchien,1,Undirected
Akima,Max Gail,1,Undirected
Chenoa Maxwell,Robinne Lee,1,Undirected
Danielle Savre,Steffinnie Phrommany,1,Undirected
Steffinnie Phrommany,Clint Jung,1,Undirected
Steffinnie Phrommany,Marshal Hilton,1,Undirected
Amy Lucas,Lee Armstrong,1,Undirected
Amy Lucas,Trey Loney,1,Undirected
Lee Armstrong,Trey Loney,1,Undirected
Karolina Wydra,Madison Lintz,1,Undirected
Edward Everett Horton,Eric Blore,1,Undirected
Edward Everett Horton,Ginger Rogers,1,Undirected
Eric Blore,Ginger Rogers,1,Undirected
Ginger Rogers,Dick Powell,1,Undirected
Ginger Rogers,George Brent,1,Undirected
Heather Donahue,Joshua Leonard,1,Undirected
Heather Donahue,Michael C. Williams,1,Undirected
Joshua Leonard,Michael C. Williams,1,Undirected
Jimi Hendrix,Joan Baez,1,Undirected
Jimi Hendrix,Joe Cocker,1,Undirected
Joan Baez,Joe Cocker,1,Undirected
Barry Dennen,David Zucker,1,Undirected
Barry Dennen,Tara Strohmeier,1,Undirected
David Zucker,Tara Strohmeier,1,Undirected
Cynthia Watros,David A.R. White,1,Undirected
Kendyl Joi,Matthew Feeney,1,Undirected
Kendyl Joi,Tac Fitzgerald,1,Undirected
Matthew Feeney,Tac Fitzgerald,1,Undirected
Angela Nordeng,Exie Booker,1,Undirected
Aliou Touré,Garba Touré,1,Undirected
Aliou Touré,Khaira Arby,1,Undirected
Garba Touré,Khaira Arby,1,Undirected
Colin Andrews,Francine Blake,1,Undirected
Colin Andrews,Karen Alexander,1,Undirected
Francine Blake,Karen Alexander,1,Undirected
Félix Moati,Marianne Denicourt,1,Undirected
George Harrison,Paul McCartney,1,Undirected
George Harrison,Ringo Starr,1,Undirected
Paul McCartney,Ringo Starr,1,Undirected
Andrej Nahtigal,Dario Nozic Serini,1,Undirected
Andrej Nahtigal,Spela Colja,1,Undirected
Dario Nozic Serini,Spela Colja,1,Undirected
Erin Bethea,Ken Bevel,1,Undirected
Erin Bethea,Kirk Cameron,1,Undirected
Erin Bethea,Shannen Fields,1,Undirected
Ken Bevel,Kirk Cameron,1,Undirected
Bhole Baba,Pant Shirt Baba,1,Undirected
Bhole Baba,Shriman Umeshanad Brahmachari,1,Undirected
Pant Shirt Baba,Shriman Umeshanad Brahmachari,1,Undirected
Edgar Buchanan,Frances Bavier,1,Undirected
Edgar Buchanan,Peter Breck,1,Undirected
Frances Bavier,Peter Breck,1,Undirected
Blanchard Ryan,Daniel Travis,1,Undirected
Blanchard Ryan,Saul Stein,1,Undirected
Daniel Travis,Saul Stein,1,Undirected
Hoke Howell,Tiffany Bolling,1,Undirected
Eva Carrozza,Heather Berman,1,Undirected
Eva Carrozza,Paul Daggett,1,Undirected
Heather Berman,Paul Daggett,1,Undirected
Bob Dole,Ken Burns,1,Undirected
Mick Foley,Terry Funk,1,Undirected
Mick Foley,Vince McMahon,1,Undirected
Terry Funk,Vince McMahon,1,Undirected
Daryn Tufts,Lincoln Hoppe,1,Undirected
Marina Golbahari,Mohamad Haref Harati,1,Undirected
Marina Golbahari,Zubaida Sahar,1,Undirected
Mohamad Haref Harati,Zubaida Sahar,1,Undirected
Jason Kravits,Peter Riegert,1,Undirected
Ari Gold,Denny Kirkwood,1,Undirected
Big Budah,Curt Doussett,1,Undirected
William Katt,David Lee Smith,1,Undirected
David Mamet,Dick Cavett,1,Undirected
David Mamet,Ricky Jay,1,Undirected
Dick Cavett,Ricky Jay,1,Undirected
Kamatari Fujiwara,Minoru Chiaki,1,Undirected
Kamatari Fujiwara,Takashi Shimura,1,Undirected
Minoru Chiaki,Takashi Shimura,1,Undirected
Greg Speirs,Mickey Hart,1,Undirected
Greg Speirs,Tommy Sheppard,1,Undirected
Mickey Hart,Tommy Sheppard,1,Undirected
Nick Cave,Tina Louise,1,Undirected
Jake Sandvig,Joe McQueen,1,Undirected
Amber Benson,Garrett M. Brown,1,Undirected
Amber Benson,Tori Spelling,1,Undirected
Garrett M. Brown,Tori Spelling,1,Undirected
Ann Dowd,Matthew Cowles,1,Undirected
Brian Eno,Damon Albarn,1,Undirected
Brian Eno,Jacques Brel,1,Undirected
Damon Albarn,Jacques Brel,1,Undirected
Chin-Chien Chang,Daston Kalili,1,Undirected
Chin-Chien Chang,Rai Alexandra,1,Undirected
Daston Kalili,Rai Alexandra,1,Undirected
Bruce Vilanch,Carol Channing,1,Undirected
Bruce Vilanch,Tony Bennett,1,Undirected
Carol Channing,Tony Bennett,1,Undirected
Al Sapienza,John McGlothlin,1,Undirected
Al Sapienza,Vincent Chimato,1,Undirected
John McGlothlin,Vincent Chimato,1,Undirected
Mike Beckingham,Tom Stedham,1,Undirected
Christopher Denham,Constance Wu,1,Undirected
Christian Alvarez,Claudette Lalí,1,Undirected
Felix Avitia,Jennifer Landa,1,Undirected
Felix Avitia,Mary Kate Wiles,1,Undirected
Jennifer Landa,Mary Kate Wiles,1,Undirected
Carrie Bradstreet,Joel Paul Reisig,1,Undirected
Carrie Bradstreet,Yassie Hawkes,1,Undirected
Joel Paul Reisig,Yassie Hawkes,1,Undirected
Elizabeth Streb,Laura Flanders,1,Undirected
Elizabeth Streb,Sarah Callan,1,Undirected
Laura Flanders,Sarah Callan,1,Undirected
Jamison Stalsworth,Jeff Delaney,1,Undirected
Jamison Stalsworth,Mike Stanley,1,Undirected
Jeff Delaney,Mike Stanley,1,Undirected
Mark Torgl,Pat Ryan,1,Undirected
George T. Odom,Matty Rich,1,Undirected
Nicholas Farrell,Tim Pigott-Smith,1,Undirected
Dennis L.A. White,Luis Sanchez,1,Undirected
John Karyus,Kate Graham,1,Undirected
John Karyus,Lloyd Kaufman,1,Undirected
Kate Graham,Lloyd Kaufman,1,Undirected
Cheyenne Jackson,Jennifer Lafleur,1,Undirected
Cheyenne Jackson,Michael Stahl-David,1,Undirected
Jennifer Lafleur,Michael Stahl-David,1,Undirected
Jennifer Lafleur,Elise Muller,1,Undirected
Dick Powell,George Brent,1,Undirected
Bob Proctor,Eric Worre,1,Undirected
Bob Proctor,Jack Canfield,1,Undirected
Eric Worre,Jack Canfield,1,Undirected
Chris Eigeman,Ellia Thompson,1,Undirected
Chris Eigeman,Taylor Nichols,1,Undirected
Ellia Thompson,Taylor Nichols,1,Undirected
Frida Hallgren,Nils-Anders Vallgårda,1,Undirected
Ace Marrero,Jack E. Curenton,1,Undirected
Amy Hargreaves,Eve Plumb,1,Undirected
Amber Armstrong,Ashley Palmer,1,Undirected
Jay Adams,Jeff Ament,1,Undirected
Jay Adams,Tony Alva,1,Undirected
Jeff Ament,Tony Alva,1,Undirected
Alicia Sixtos,Emily Rios,1,Undirected
David Frederick White,Sue Corcoran,1,Undirected
David Frederick White,Tony Doupe,1,Undirected
Sue Corcoran,Tony Doupe,1,Undirected
Greg Ayres,Jonathan Caouette,1,Undirected
Greg Ayres,Renee Leblanc,1,Undirected
Jonathan Caouette,Renee Leblanc,1,Undirected
Bill Farmer,Chris Cox,1,Undirected
Bill Farmer,Mike Huckabee,1,Undirected
Chris Cox,Mike Huckabee,1,Undirected
Alex Sanborn,Paul Elia,1,Undirected
Al Cliver,Catriona MacColl,1,Undirected
Al Cliver,David Warbeck,1,Undirected
Catriona MacColl,David Warbeck,1,Undirected
Brendon Small,Melissa Bardin Galsky,1,Undirected
Brendon Small,Ron Lynch,1,Undirected
Melissa Bardin Galsky,Ron Lynch,1,Undirected
Dov Tiefenbach,Gordon Currie,1,Undirected
Dov Tiefenbach,Jeff Seymour,1,Undirected
Gordon Currie,Jeff Seymour,1,Undirected
Garry Cooper,Roshan Seth,1,Undirected
Desmond Askew,R. Brandon Johnson,1,Undirected
R. Brandon Johnson,Richard Glover,1,Undirected
R. Brandon Johnson,Stevan Mena,1,Undirected
Erland Josephson,Ingrid Thulin,1,Undirected
Erland Josephson,Liv Ullmann,1,Undirected
Ingrid Thulin,Liv Ullmann,1,Undirected
Liv Ullmann,Andrew Keir,1,Undirected
Liv Ullmann,Trevor Howard,1,Undirected
Mae Marsh,Walter Long,1,Undirected
DeForest Kelley,James Doohan,1,Undirected
Anita Page,Bessie Love,1,Undirected
Anita Page,Charles King,1,Undirected
Bessie Love,Charles King,1,Undirected
America Olivo,Liane Balaban,1,Undirected
America Olivo,Nora Arnezeder,1,Undirected
Liane Balaban,Nora Arnezeder,1,Undirected
Andy Cohn,Joe Bishop,1,Undirected
Andy Cohn,Mark Zupan,1,Undirected
Joe Bishop,Mark Zupan,1,Undirected
Larry Poindexter,Steve James,1,Undirected
Carol Block,Ellen Block,1,Undirected
Carol Block,Mike Block,1,Undirected
Ellen Block,Mike Block,1,Undirected
Christian Kapper,Natalie Welch,1,Undirected
Christian Kapper,Tom E. Nicholson,1,Undirected
Natalie Welch,Tom E. Nicholson,1,Undirected
Alan Hale,Walter Connolly,1,Undirected
Angeliki Papoulia,Mary Tsoni,1,Undirected
Angeliki Papoulia,Sissy Petropoulou,1,Undirected
Mary Tsoni,Sissy Petropoulou,1,Undirected
James Cagney,Todd Bridges,1,Undirected
Jane Bradbury,Simon Abkarian,1,Undirected
Kevin Howarth,Mark Caven,1,Undirected
Kevin Howarth,Thierry Harcourt,1,Undirected
Mark Caven,Thierry Harcourt,1,Undirected
Daniel London,Lucy,1,Undirected
Daniel London,Will Oldham,1,Undirected
Lucy,Will Oldham,2,Undirected
Anna Karina,Graziella Galvani,1,Undirected
Beatrice Ntuba,Vera Ngassa,1,Undirected
Christina Chambers,Don Wallace,1,Undirected
Alexander Wraith,Darren Kendrick,1,Undirected
Alexander Wraith,Lalaine,1,Undirected
Darren Kendrick,Lalaine,1,Undirected
Elizabeth Stenholt,Mary Norwood,1,Undirected
Elizabeth Stenholt,Trish Basinger,1,Undirected
Mary Norwood,Trish Basinger,1,Undirected
Michael Des Barres,Thom Mathews,1,Undirected
Michael Des Barres,Wilhelm von Homburg,1,Undirected
Thom Mathews,Wilhelm von Homburg,1,Undirected
Joanna Cassidy,Ryan Carnes,1,Undirected
Pierre Prieur,Raquel Nave,1,Undirected
Pierre Prieur,Rumi Missabu,1,Undirected
Raquel Nave,Rumi Missabu,1,Undirected
Hector Echavarria,Ron Roggé,1,Undirected
Collin Kahey,Jason Tobin,1,Undirected
Collin Kahey,Parry Shen,1,Undirected
Jason Tobin,Parry Shen,1,Undirected
Anil Kumar,Purva Bedi,1,Undirected
Anil Kumar,Rizwan Manji,1,Undirected
Purva Bedi,Rizwan Manji,1,Undirected
Barbie Castro,Keri Maletto,1,Undirected
Barbie Castro,Nicholas Simmons,1,Undirected
Keri Maletto,Nicholas Simmons,1,Undirected
Bill Martone,Charis Michelsen,1,Undirected
Bill Martone,Richard Spore,1,Undirected
Charis Michelsen,Richard Spore,1,Undirected
Charlie Bewley,Finola Hughes,1,Undirected
Clint Jung,Marshal Hilton,1,Undirected
Clint Jordan,Jackie Nova,1,Undirected
Clint Jordan,Samantha Futerman,1,Undirected
Jackie Nova,Samantha Futerman,1,Undirected
Gus Van Sant,James Deen,1,Undirected
James Norton,Sarah Lancashire,1,Undirected
Dominic Colón,Flaco Navaja,1,Undirected
Michael Abbott Jr.,Natalie Canerday,1,Undirected
Michael Abbott Jr.,Travis Smith,1,Undirected
Natalie Canerday,Travis Smith,1,Undirected
Samantha Buck,Terumi Matthews,1,Undirected
Debra Lynn Hull,Mark Hengst,1,Undirected
Kirsten Collins,Lorne Cardinal,1,Undirected
Eme Ikwuakor,Jessica Duffy,1,Undirected
Eme Ikwuakor,Marty Lindsey,1,Undirected
Jessica Duffy,Marty Lindsey,1,Undirected
Charles Irving Beale,Derek Brandon,1,Undirected
Charles Irving Beale,Florence Henderson,1,Undirected
Derek Brandon,Florence Henderson,1,Undirected
Kate Flannery,Tim Bagley,1,Undirected
Kate Flannery,Victoria Jackson,1,Undirected
Tim Bagley,Victoria Jackson,1,Undirected
Jeff Jacob,Sam Adams,1,Undirected
Jeff Jacob,Steve Duin,1,Undirected
Sam Adams,Steve Duin,1,Undirected
Brit Morgan,Sedona James,1,Undirected
Annelyse Ahmad,Dana Blackstone,1,Undirected
Annelyse Ahmad,Joshua Ray Bell,1,Undirected
Dana Blackstone,Joshua Ray Bell,1,Undirected
Claire Adams,John Gilbert,1,Undirected
Claire Adams,Renée Adorée,1,Undirected
John Gilbert,Renée Adorée,1,Undirected
Jacob Zachar,Travis Betz,1,Undirected
Brock Baker,Matthew Emerick,1,Undirected
Brock Baker,Sheldon Bailey,1,Undirected
Matthew Emerick,Sheldon Bailey,1,Undirected
James Lance,Matt King,1,Undirected
Greg Jackson,Mark Fantasia,1,Undirected
Greg Jackson,Vivian Lamolli,1,Undirected
Mark Fantasia,Vivian Lamolli,1,Undirected
Brendan Doogie Milewski,Craig Dougherty,1,Undirected
Brendan Doogie Milewski,Donald Austin,1,Undirected
Craig Dougherty,Donald Austin,1,Undirected
Christina Hart,Nancy Ison,1,Undirected
Christina Hart,William Condos,1,Undirected
Nancy Ison,William Condos,1,Undirected
Cecil Kellaway,Kenneth Tobey,1,Undirected
Cecil Kellaway,Ross Elliott,1,Undirected
Kenneth Tobey,Ross Elliott,1,Undirected
Hugh Keays-Byrne,Joanne Samuel,1,Undirected
Alex Désert,Blake Lindsley,1,Undirected
Aldo Sambrell,Gian Maria Volontè,1,Undirected
Gilbert Roland,Louise Beavers,1,Undirected
Gilbert Roland,Mae West,1,Undirected
Louise Beavers,Mae West,1,Undirected
Jasper Johal,Swami Krishnanad,1,Undirected
Jasper Johal,The Dalai Lama,1,Undirected
Swami Krishnanad,The Dalai Lama,1,Undirected
Chris Thomas,Michael Higgenbottom,1,Undirected
Chris Thomas,Michael Joiner,1,Undirected
Michael Higgenbottom,Michael Joiner,1,Undirected
Devid Striesow,Sebastian Schipper,1,Undirected
Devid Striesow,Sophie Rois,1,Undirected
Sebastian Schipper,Sophie Rois,1,Undirected
Cynthia Geary,Leo Rossi,1,Undirected
Cynthia Geary,William Joseph Elk III,1,Undirected
Leo Rossi,William Joseph Elk III,1,Undirected
Madeleine Albright,Matisyahu,1,Undirected
Madeleine Albright,Natasha Bedingfield,1,Undirected
Matisyahu,Natasha Bedingfield,1,Undirected
Richard Glover,Stevan Mena,1,Undirected
Adam Rifkin,Bethany Blakey,1,Undirected
Adam Rifkin,Marri Savinar,1,Undirected
Bethany Blakey,Marri Savinar,1,Undirected
John Reardon,Melanie Papalia,1,Undirected
John Reardon,Ryan Kennedy,1,Undirected
Melanie Papalia,Ryan Kennedy,1,Undirected
Ali Daniels,Susan Chambers,1,Undirected
Ali Daniels,Victoria Lachelle,1,Undirected
Susan Chambers,Victoria Lachelle,1,Undirected
Bertrand Cantat,Léon Schwartzenberg,1,Undirected
Bertrand Cantat,Marina Vlady,1,Undirected
Léon Schwartzenberg,Marina Vlady,1,Undirected
Ejner Federspiel,Hanne Aagesen,1,Undirected
Ejner Federspiel,Sylvia Eckhausen,1,Undirected
Hanne Aagesen,Sylvia Eckhausen,1,Undirected
Darryl Hunt,Evelyn Jefferson,1,Undirected
Darryl Hunt,John Reeves,1,Undirected
Evelyn Jefferson,John Reeves,1,Undirected
Bruce Gooch,Jordan Bridges,1,Undirected
Chase Masterson,H.M. Wynant,1,Undirected
Chase Masterson,John Newton,1,Undirected
H.M. Wynant,John Newton,1,Undirected
Elaine Bromka,Matthew Gumley,1,Undirected
Elaine Bromka,Robert Turano,1,Undirected
Elaine Bromka,Alex Emanuel,1,Undirected
Matthew Gumley,Robert Turano,1,Undirected
Paul Hickert,Robin Bartlett,1,Undirected
Amir Farrokh Hashemian,Bahare Seddiqi,1,Undirected
Amir Farrokh Hashemian,Mohammad Amir Naji,1,Undirected
Bahare Seddiqi,Mohammad Amir Naji,1,Undirected
Chris New,Vauxhall Jermaine,1,Undirected
Joie Lee,Tracy Camilla Johns,1,Undirected
Abigail Evans,Emily Gorell,1,Undirected
Abigail Evans,Stacie Evans,1,Undirected
Emily Gorell,Stacie Evans,1,Undirected
Ana Maria Guran,Ana Vatamanu,1,Undirected
Ana Maria Guran,Iulia Ciochina,1,Undirected
Ana Vatamanu,Iulia Ciochina,1,Undirected
Flint Beverage,Robin Lord Taylor,1,Undirected
Charla Cochran,Joe Lev,1,Undirected
Charla Cochran,Sienna Beckman,1,Undirected
Joe Lev,Sienna Beckman,1,Undirected
Darren Healy,Glen Hansard,1,Undirected
Darren Healy,Markéta Irglová,1,Undirected
Glen Hansard,Markéta Irglová,1,Undirected
Eugene Roche,Marilyn Rising,1,Undirected
Eugene Roche,Max Kerstein,1,Undirected
Marilyn Rising,Max Kerstein,1,Undirected
Rowan Isaacson,Simon Baron-Cohen,1,Undirected
Rowan Isaacson,Temple Grandin,1,Undirected
Simon Baron-Cohen,Temple Grandin,1,Undirected
Alan Brent,Kate Ashfield,1,Undirected
Alan Brent,Martin Compston,1,Undirected
Kate Ashfield,Martin Compston,1,Undirected
Bill Allen,Joel Moody,1,Undirected
Bill Allen,Lia Tucker,1,Undirected
Joel Moody,Lia Tucker,1,Undirected
Christopher Shea,Peter Robbins,1,Undirected
Hugh Ducklow,Mike Brett,1,Undirected
Hugh Ducklow,Naderev Sano,1,Undirected
Mike Brett,Naderev Sano,1,Undirected
Jesse Jane,Kayden Kross,1,Undirected
Jesse Jane,Lisa Ann,1,Undirected
Kayden Kross,Lisa Ann,1,Undirected
Ariel Hsing,Michael Landers,1,Undirected
Ariel Hsing,Xinhua Jiang,1,Undirected
Michael Landers,Xinhua Jiang,1,Undirected
Bob Eubanks,Pat Boone,1,Undirected
Hassan Johnson,J.D. Williams,1,Undirected
Hassan Johnson,Samantha Esteban,1,Undirected
J.D. Williams,Samantha Esteban,1,Undirected
Mel Eslyn,Mike Birbiglia,1,Undirected
Diane Sorrentino,Valentine,1,Undirected
Macha Méril,Philippe Leroy,1,Undirected
Macha Méril,Rita Maiden,1,Undirected
Philippe Leroy,Rita Maiden,1,Undirected
Christopher Robin Miller,Richard Moll,1,Undirected
Shannen Fields,Janet Lee Dapper,1,Undirected
Shannen Fields,Lisa Arnold,1,Undirected
Cassidy Gifford,Pfeifer Brown,1,Undirected
Cassidy Gifford,Reese Mishler,1,Undirected
Pfeifer Brown,Reese Mishler,1,Undirected
Charlotte Stewart,Jack Nance,1,Undirected
Johnnie Walker,Mary Carr,1,Undirected
Johnnie Walker,Stephen Carr,1,Undirected
Mary Carr,Stephen Carr,1,Undirected
Chuck Mitchell,Leon Isaac Kennedy,1,Undirected
Chuck Mitchell,Wilbur 'Hi-Fi' White,1,Undirected
Leon Isaac Kennedy,Wilbur 'Hi-Fi' White,1,Undirected
Brian Howe,Fay Masterson,1,Undirected
Brian Howe,Larry Blamire,1,Undirected
Fay Masterson,Larry Blamire,1,Undirected
Brandon Middleton,Gabriela Castillo,1,Undirected
Brandon Middleton,Kevin P. Farley,1,Undirected
Gabriela Castillo,Kevin P. Farley,1,Undirected
Elissa Dowling,Lindsay Felton,1,Undirected
Elissa Dowling,Patricia Raven,1,Undirected
Edmund McMillen,Jonathan Blow,1,Undirected
Edmund McMillen,Phil Fish,1,Undirected
Jonathan Blow,Phil Fish,1,Undirected
Arthur O'Connell,Sheldon Leonard,1,Undirected
Claire Gordon-Harper,Hugh Mun,1,Undirected
Claire Gordon-Harper,Johnathan Hurley,1,Undirected
Hugh Mun,Johnathan Hurley,1,Undirected
Andrew Keir,Trevor Howard,1,Undirected
David Barnes,Dottie Alexander,1,Undirected
David Barnes,Jon Brion,1,Undirected
Dottie Alexander,Jon Brion,1,Undirected
Arik Ascherman,Seth Ackerman,1,Undirected
Clint Mansell,Stanley B. Herman,1,Undirected
Stanley B. Herman,James Noble,1,Undirected
Meredith Scott Lynn,Tim DeZarn,1,Undirected
Robert McKee,Tom Ardavany,1,Undirected
A.J. DeLucia,Michelle Simone Miller,1,Undirected
A.J. DeLucia,Steve Diasparra,1,Undirected
Michelle Simone Miller,Steve Diasparra,1,Undirected
Amanda Kearsan,Amelia Giancarlo,1,Undirected
Amanda Kearsan,Chemeeka Walker,1,Undirected
Amelia Giancarlo,Chemeeka Walker,1,Undirected
James DeBello,Sean Whalen,1,Undirected
Sean Whalen,Jason Trost,1,Undirected
Sean Whalen,Nick Principe,1,Undirected
Bruce Kerr,Jason Evers,1,Undirected
Bruce Kerr,Virginia Leith,1,Undirected
Jason Evers,Virginia Leith,1,Undirected
Loanne Bishop,Ty Parker,1,Undirected
Loanne Bishop,Vincent Duvall,1,Undirected
Ty Parker,Vincent Duvall,1,Undirected
Courtney Bell,Erin Cipolletti,1,Undirected
Courtney Bell,Justin Gordon,1,Undirected
Erin Cipolletti,Justin Gordon,1,Undirected
Maxine Bahns,Shari Albert,1,Undirected
Matt Johnson,Paul Daniel Ayotte,1,Undirected
Matt Johnson,Shailene Garnett,1,Undirected
Paul Daniel Ayotte,Shailene Garnett,1,Undirected
Joffre Soares,Marcello Mastroianni,1,Undirected
Corlandos Scott,Jeremy Sande,1,Undirected
Amanda MacDonald,Chelse Swain,1,Undirected
Barry Lynch,Dan Novy,1,Undirected
Barry Lynch,David Mersault,1,Undirected
Dan Novy,David Mersault,1,Undirected
Beau Knapp,Olivia Cooke,1,Undirected
Greg Aronowitz,Jeff Dowd,1,Undirected
Greg Aronowitz,Taliesin Jaffe,1,Undirected
Jeff Dowd,Taliesin Jaffe,1,Undirected
Demetrius Grosse,Jan Haley,1,Undirected
Demetrius Grosse,Paul Eenhoorn,1,Undirected
Jan Haley,Paul Eenhoorn,1,Undirected
Christa Miller,Derick Martini,1,Undirected
Christa Miller,Ion Overman,1,Undirected
Derick Martini,Ion Overman,1,Undirected
Johnny Walter,Shiree Nelson,1,Undirected
Lindsay Felton,Patricia Raven,1,Undirected
Julianne Gabert,Ronee Collins,1,Undirected
Julianne Gabert,Thomas Brophy,1,Undirected
Ronee Collins,Thomas Brophy,1,Undirected
Christian Anderson,Joseph Campanella,1,Undirected
Christian Anderson,Kirpatrick Thomas,1,Undirected
Joseph Campanella,Kirpatrick Thomas,1,Undirected
Andrew Bujalski,Justin Rice,2,Undirected
Andrew Bujalski,Kate Dollenmayer,2,Undirected
Justin Rice,Kate Dollenmayer,2,Undirected
Nichole Ceballos,Parker Riggs,1,Undirected
Nichole Ceballos,Ron Gelner,1,Undirected
Parker Riggs,Ron Gelner,1,Undirected
David Schaal,Tony Way,1,Undirected
Bobby Kendall,Don Brooks,1,Undirected
Jason Dixie,Stacy Edwards,1,Undirected
Casper Martinez,Panchito Gómez,1,Undirected
Jean Caffeine,Richard Linklater,1,Undirected
Jean Caffeine,Tommy Pallotta,1,Undirected
Richard Linklater,Tommy Pallotta,1,Undirected
Damon Owlia,Mikaal Bates,1,Undirected
Damon Owlia,Tjasa Ferme,1,Undirected
Mikaal Bates,Tjasa Ferme,1,Undirected
Kristen Seavey,Suzi Lorraine,1,Undirected
Kristen Seavey,Travis Legge,1,Undirected
Suzi Lorraine,Travis Legge,1,Undirected
Janet Lee Dapper,Lisa Arnold,1,Undirected
Ashley Tramonte,Lindsay MacDonald,1,Undirected
Alana Kaniewski,Brandon Landers,1,Undirected
Alana Kaniewski,Robbie Barnes,1,Undirected
Brandon Landers,Robbie Barnes,1,Undirected
Mugambi Nthiga,Olwenya Maina,1,Undirected
Mugambi Nthiga,Paul Ogola,1,Undirected
Olwenya Maina,Paul Ogola,1,Undirected
Jason Trost,Nick Principe,1,Undirected
Divine,Edith Massey,1,Undirected
Divine,Mink Stole,1,Undirected
Edith Massey,Mink Stole,1,Undirected
Fereshteh Sadre Orafaiy,Mojgan Faramarzi,1,Undirected
Fereshteh Sadre Orafaiy,Nargess Mamizadeh,1,Undirected
Mojgan Faramarzi,Nargess Mamizadeh,1,Undirected
Emma Eliza Regan,Michael Parle,1,Undirected
Emma Eliza Regan,Patrick O'Donnell,1,Undirected
Michael Parle,Patrick O'Donnell,1,Undirected
Anna Nakagawa,Denden,1,Undirected
Anna Nakagawa,Kôji Yakusho,1,Undirected
Denden,Kôji Yakusho,1,Undirected
Eric Ambriz,Michael Cortez,1,Undirected
Eric Ambriz,Tatiana Suarez-Pico,1,Undirected
Michael Cortez,Tatiana Suarez-Pico,1,Undirected
Joe Coffey,John Lucas,1,Undirected
Joe Coffey,Julianna Pitt,1,Undirected
John Lucas,Julianna Pitt,1,Undirected
Casey Gooden,David Sullivan,1,Undirected
Casey Gooden,Shane Carruth,1,Undirected
David Sullivan,Shane Carruth,1,Undirected
Edgar Tancangco,Ian Gamazon,1,Undirected
Edgar Tancangco,Quynn Ton,1,Undirected
Ian Gamazon,Quynn Ton,1,Undirected
Carlos Gallardo,Consuelo Gómez,1,Undirected
Carlos Gallardo,Peter Marquardt,1,Undirected
Consuelo Gómez,Peter Marquardt,1,Undirected
John Considine,Richard Jewell,1,Undirected
John Considine,Sara Stepnicka,1,Undirected
Richard Jewell,Sara Stepnicka,1,Undirected
Caitlin FitzGerald,Daniella Pineda,1,Undirected
Caitlin FitzGerald,Kerry Bishé,1,Undirected
Daniella Pineda,Kerry Bishé,1,Undirected
Natalie Zea,Sam Underwood,1,Undirected
Natalie Zea,Valorie Curry,1,Undirected
Sam Underwood,Valorie Curry,1,Undirected
David Chandler,Eva Boehnke,1,Undirected
David Chandler,Maxwell Moody,1,Undirected
Eva Boehnke,Maxwell Moody,1,Undirected
Brian Herzlinger,John August,1,Undirected
Brian Herzlinger,Jon Gunn,1,Undirected
John August,Jon Gunn,1,Undirected
