actor,degree,strength,n_movies,imdb_mean,imdb_max,votes_mean,votes_max,genre_span,career_span_years,betweenness,eigenvector
CCH Pounder,14,14,7,6.357142857142857,7.9,222862.14285714287,886204.0,9,20.0,0.0002097219328875,0.0140746061326597
Joel David Moore,12,14,7,6.057142857142858,7.9,197685.7142857143,886204.0,9,7.0,0.0003051923088477,0.0153787546448159
Wes Studi,12,12,6,6.75,7.9,195351.0,886204.0,13,17.0,9.064924202493974e-05,0.0167627223350884
Jack Davenport,7,12,6,7.050000000000001,8.1,335051.0,809474.0,8,8.0,3.322669768234157e-05,0.0480098539609033
Johnny Depp,61,82,41,6.736585365853661,8.1,191840.68292682926,809474.0,18,32.0,0.0027839794425209,0.173457375901301
Orlando Bloom,15,22,11,7.472727272727273,8.9,556064.1818181818,1238746.0,10,12.0,0.0001954064586993,0.0619503000423923
Christoph Waltz,18,20,10,7.0,8.5,269866.0,955174.0,11,7.0,0.0001609198836567,0.0310345374701014
Rory Kinnear,8,10,5,7.4399999999999995,8.1,423668.6,522048.0,6,7.0,0.0001607727802114,0.0069342585795175
Stephanie Sigman,2,2,1,6.8,6.8,275868.0,275868.0,3,0.0,0.0,0.0016208973083994
Christian Bale,52,56,28,7.257142857142858,9.0,298146.1785714286,1676169.0,19,21.0,0.001773863718414,0.1045585184316816
Joseph Gordon-Levitt,36,38,19,7.094736842105264,8.8,261723.73684210525,1468200.0,13,19.0,0.0009601642930979,0.0600289792101628
Tom Hardy,24,26,13,7.484615384615385,8.8,358238.92307692306,1468200.0,12,13.0,0.0005026565286215,0.0349069025836342
Daryl Sabara,9,10,5,5.58,6.9,73165.4,212204.0,7,12.0,7.825187523822732e-05,0.0081100280643817
Polly Walker,4,4,2,6.75,6.9,146823.0,212204.0,4,20.0,1.2247603237036788e-05,0.003800835938682
Samantha Morton,18,18,9,6.711111111111112,7.7,39436.444444444445,212204.0,9,15.0,0.0004560447662127,0.0095019168487909
J.K. Simmons,52,62,31,6.674193548387096,8.5,164979.0,544665.0,16,20.0,0.0020272412360212,0.1540530789127274
James Franco,45,56,28,6.617857142857143,7.8,158633.39285714287,544665.0,15,16.0,0.0014206907853984,0.1223539645063223
Kirsten Dunst,46,52,26,6.711538461538461,9.0,148368.07692307694,666937.0,17,22.0,0.0016289211741891,0.1378774227579264
Brad Garrett,12,12,6,6.616666666666667,8.2,198156.33333333334,692482.0,12,14.0,0.000117081101067,0.007516388871711
Donna Murphy,4,4,2,7.05,7.8,148706.5,294810.0,8,1.0,8.175682075292921e-07,0.0010574345522243
M.C. Gainey,12,12,6,6.466666666666666,7.8,132660.33333333334,305340.0,13,13.0,6.257928184602902e-05,0.007911000264223
Chris Hemsworth,23,30,15,6.939999999999999,8.1,333686.4,995415.0,13,7.0,0.0003511625777764,0.0666905522535803
Robert Downey Jr.,48,58,29,6.927586206896551,8.2,244114.8275862069,995415.0,19,21.0,0.0015861583149098,0.1038772965148948
Scarlett Johansson,47,60,30,7.056666666666667,8.5,258420.66666666666,995415.0,16,18.0,0.0019355947966563,0.1281426383792327
Alan Rickman,18,22,11,7.063636363636363,8.2,177018.18181818182,592582.0,13,28.0,0.0004318023854439,0.0729524885308593
Daniel Radcliffe,15,24,12,6.891666666666667,7.8,213946.0,444683.0,11,15.0,0.0002818523657937,0.0291043666455793
Rupert Grint,13,16,8,7.237499999999999,7.8,189696.75,387616.0,8,9.0,8.188693042202777e-05,0.0175331541036244
Alan D. Purwin,2,2,1,6.9,6.9,371639.0,371639.0,3,0.0,0.0,0.0005723482823867
Henry Cavill,14,14,7,6.828571428571429,7.7,225723.85714285713,548573.0,9,14.0,0.0005664751115448,0.0112385951209552
Lauren Cohan,6,6,3,7.0,8.1,136794.0,371639.0,7,2.0,7.290811636828824e-05,0.0021660009101813
Frank Langella,26,28,14,6.3,7.1,85483.64285714286,240396.0,13,33.0,0.0005776171812786,0.0521359221131985
Kevin Spacey,42,44,22,7.1499999999999995,8.6,197519.0,822500.0,15,22.0,0.0010758441668467,0.0608408120874539
Marlon Brando,16,18,9,7.2555555555555555,9.2,257978.11111111112,1155770.0,10,55.0,0.0002679246043748,0.0414391184358598
Giancarlo Giannini,6,6,3,6.6000000000000005,7.7,204613.66666666666,330784.0,6,6.0,0.000270219710488,0.0070718609198442
Mathieu Amalric,10,10,5,6.9799999999999995,8.0,120576.4,330784.0,8,9.0,0.0009114168104285,0.0022421620954291
Ruth Wilson,6,6,3,7.533333333333334,8.6,123359.66666666667,181792.0,11,0.0,0.0001264460906969,0.0142966056995668
Tom Wilkinson,49,54,27,6.937037037037037,8.3,118378.5925925926,666937.0,16,20.0,0.0021408560176253,0.0882581880313442
Christopher Meloni,12,12,6,6.516666666666667,7.5,130498.83333333333,548573.0,12,18.0,0.0001517394385676,0.0113545078524775
Harry Lennix,18,18,9,6.666666666666667,7.7,93452.11111111111,548573.0,14,18.0,0.0002562085721056,0.0083380226934414
Damián Alcázar,4,4,2,6.699999999999999,6.8,80505.0,149922.0,6,6.0,0.0003791495775931,0.001549086714797
Peter Dinklage,24,28,14,6.7714285714285705,8.1,97327.92857142857,514125.0,12,15.0,0.0009958175523492,0.0345841667907259
Pierfrancesco Favino,2,2,1,6.6,6.6,149922.0,149922.0,4,0.0,0.0,0.0015433945392375
Sam Claflin,7,8,4,6.625,7.6,170432.75,370704.0,5,5.0,1.6186494722962013e-05,0.0217644034864914
Stephen Graham,13,14,7,6.728571428571429,7.7,115738.0,370704.0,15,7.0,0.0001801385060972,0.0235036311671131
Michael Stuhlbarg,8,8,4,7.05,7.2,162418.0,268154.0,9,6.0,8.821534104494417e-05,0.0087322507006578
Nicole Scherzinger,2,2,1,6.8,6.8,268154.0,268154.0,6,0.0,0.0,0.0022922711962357
Will Smith,36,40,20,6.7299999999999995,8.0,235704.0,530870.0,15,21.0,0.0009939364368913,0.0449519880227533
Adam Brown,2,6,3,7.766666666666667,7.9,491671.3333333333,637246.0,2,2.0,0.0,0.0011445406641224
Aidan Turner,4,8,4,7.325,7.9,395510.5,637246.0,5,2.0,1.9531063725754094e-05,0.0020980313808553
James Nesbitt,12,16,8,7.5,8.1,190915.375,637246.0,10,16.0,0.0003576746287137,0.0068403848188912
Andrew Garfield,13,14,7,6.957142857142857,7.7,219876.85714285713,479453.0,11,7.0,0.0004299638723777,0.0148163143340586
Chris Zylka,4,4,2,5.5,7.0,236313.0,451803.0,5,1.0,6.738734859188009e-06,0.0034597202308918
Emma Stone,23,28,14,6.671428571428572,8.1,234700.85714285713,451803.0,11,8.0,0.0005938257386837,0.0472350427781528
Mark Addy,16,18,9,5.977777777777778,7.3,61323.333333333336,211765.0,13,13.0,0.0003249120764909,0.0145491019226248
Scott Grimes,4,4,2,6.7,6.7,117007.5,211765.0,6,11.0,3.298323182558708e-05,0.0024513951745079
William Hurt,31,32,16,6.8374999999999995,8.2,125927.9375,426359.0,16,26.0,0.0006882292966122,0.0360178494776268
Christopher Lee,23,30,15,6.700000000000001,8.8,308004.73333333334,1238746.0,16,45.0,0.0010510557061199,0.0500121421571135
Eva Green,10,12,6,6.866666666666667,8.0,239389.16666666666,470501.0,10,8.0,0.0001153236765036,0.0146291346011595
Kristin Scott Thomas,25,26,13,6.823076923076922,7.5,77421.61538461539,300542.0,14,19.0,0.0006301773784815,0.0403553879959398
Evan Parke,2,6,3,7.2,7.2,316021.6666666667,316027.0,4,0.0,0.0,0.0098811229332441
Naomi Watts,40,44,22,6.78181818181818,8.0,127726.22727272728,395087.0,11,21.0,0.0011032348589437,0.0439044092358823
Thomas Kretschmann,22,26,13,6.56923076923077,8.3,152334.15384615384,316027.0,16,16.0,0.0004548997886304,0.0332326168965118
Gloria Stuart,2,2,1,7.7,7.7,793059.0,793059.0,2,0.0,0.0,0.0067609711808502
Kate Winslet,39,44,22,7.018181818181819,8.3,157916.54545454544,793059.0,14,22.0,0.0008875546734078,0.081062704557696
Leonardo DiCaprio,40,44,22,7.50909090909091,8.8,429682.63636363635,1468200.0,11,22.0,0.0010389364722211,0.0773035316446499
Chris Evans,24,26,13,6.73076923076923,8.2,176973.07692307694,508818.0,13,15.0,0.000759879198788,0.0388026026180624
Alexander Skarsgård,16,18,9,6.544444444444444,7.1,87645.33333333333,202382.0,7,15.0,0.0002191806133805,0.0323380208948532
Liam Neeson,60,68,34,6.611764705882354,8.9,191485.5588235294,980946.0,17,33.0,0.0020745694527406,0.1198376614053967
Tadanobu Asano,4,4,2,6.6,7.3,120008.5,202382.0,8,5.0,7.204958997109715e-05,0.0065215321765769
Bryce Dallas Howard,17,18,9,6.966666666666667,8.1,176872.55555555556,418214.0,10,12.0,0.0004937645901502,0.023340238236823
Judy Greer,45,50,25,6.112,7.6,102882.4,418214.0,15,16.0,0.0013858050265317,0.0579096061845475
Omar Sy,6,6,3,6.933333333333333,7.2,168077.0,418214.0,7,6.0,0.0004269567131769,0.0071892682320059
Albert Finney,14,16,8,7.1625,8.1,263398.625,522048.0,10,49.0,0.0002933920524197,0.0271702447651668
Helen McCrory,4,6,3,7.8,7.8,394397.3333333333,522048.0,7,3.0,2.4487354456359776e-05,0.0122012690886123
Don Cheadle,28,30,15,6.893333333333334,8.1,161411.4,557489.0,12,16.0,0.0005354898812209,0.033080815167495
Jon Favreau,31,36,18,6.577777777777778,8.2,198653.05555555556,780588.0,12,19.0,0.0010241334457237,0.0763083248921167
Anne Hathaway,42,48,24,6.704166666666668,8.6,149539.0,928227.0,13,15.0,0.0013530759314081,0.09254628475346
Daniel Cudmore,2,2,1,6.8,6.8,383427.0,383427.0,5,0.0,0.0,0.0033845316827358
Hugh Jackman,40,48,24,6.866666666666668,8.5,224239.41666666666,844052.0,16,16.0,0.0012233843348448,0.0550242629977864
Kelsey Grammer,12,12,6,6.083333333333333,7.1,128339.0,383427.0,13,17.0,0.0001671825676048,0.0242488929881726
Sean Hayes,12,12,6,5.733333333333333,7.4,83227.33333333333,235025.0,8,10.0,0.0002160713763754,0.0201970258709138
Steve Buscemi,62,74,37,6.567567567567568,8.4,137609.8108108108,664719.0,17,23.0,0.0027199251785889,0.1237095112096465
Tyler Labine,13,14,7,6.442857142857143,7.6,124121.14285714286,403836.0,14,15.0,0.0001030047345487,0.022227610959215
Glenn Morshower,15,16,8,5.6875,6.5,126915.5,326180.0,9,19.0,0.0002727901645964,0.015772146114298
Kevin Dunn,15,16,8,6.6875,8.2,223385.625,513158.0,8,15.0,0.0003473977557761,0.0344254529986731
Ramon Rodriguez,10,10,5,6.42,7.4,154944.2,323207.0,7,8.0,6.185282930356986e-05,0.0094344900630398
Bingbing Li,8,8,4,5.800000000000001,6.1,88736.25,242420.0,8,3.0,5.118998233127032e-05,0.0048626967070407
Sophia Myles,8,8,4,5.925,7.0,154471.25,242420.0,7,11.0,3.393239208861521e-05,0.0032919792312655
Mila Kunis,25,30,15,6.500000000000001,8.0,169375.93333333332,551363.0,11,15.0,0.0003905452967688,0.0635724388554325
Tim Holmes,2,4,2,6.4,6.4,175411.0,175413.0,3,0.0,0.0,0.0158738120001273
B.J. Novak,6,6,3,6.433333333333333,7.5,149114.66666666666,321227.0,11,8.0,2.1104970531118515e-05,0.0067753433908945
James Frain,18,20,10,6.55,7.7,91403.0,264186.0,12,21.0,0.0004696214747851,0.041123812280827
Jeff Bridges,45,48,24,6.770833333333332,8.2,122209.16666666667,696338.0,17,35.0,0.0020693038472256,0.0787047412261958
Olivia Wilde,28,30,15,6.426666666666666,8.1,117572.53333333334,312629.0,13,10.0,0.0004872849848441,0.0517463628308306
Eddie Izzard,13,14,7,6.014285714285714,7.0,40468.142857142855,101178.0,14,13.0,9.14137000103948e-05,0.0218221579085957
Joe Mantegna,18,18,9,6.2444444444444445,7.6,51111.11111111111,267980.0,11,21.0,0.000212096033093,0.0148698405178894
Ryan Reynolds,38,38,19,6.610526315789474,8.1,144988.73684210525,479047.0,16,17.0,0.0015787298236348,0.047834346692833
Taika Waititi,2,2,1,5.6,5.6,223393.0,223393.0,3,0.0,0.0,0.0023211942678845
Temuera Morrison,8,8,4,5.050000000000001,6.5,78227.25,223393.0,9,15.0,5.73671984827465e-05,0.0065305411011109
Don Rickles,6,6,3,7.633333333333333,8.3,299486.3333333333,544884.0,8,15.0,0.0001569309729524,0.0141274800117147
John Ratzenberger,18,20,10,7.890000000000001,8.4,474710.5,718837.0,7,17.0,0.0002356647271728,0.0289065451383132
Tom Hanks,54,56,28,7.3999999999999995,8.8,307625.96428571426,1251222.0,17,31.0,0.0024631822038485,0.0640163348147774
Common,19,20,10,6.510000000000001,7.3,138519.4,447979.0,16,10.0,0.0005761217232481,0.0629077288620095
Jason Statham,42,52,26,6.546153846153846,8.3,178575.73076923078,600996.0,11,17.0,0.0017619975184986,0.1112657539284453
Paul Walker,32,38,19,6.305263157894737,7.4,115946.15789473684,284792.0,13,17.0,0.0009790501219584,0.0457843447613969
Vin Diesel,32,38,19,6.773684210526315,8.6,213229.8947368421,881236.0,13,17.0,0.0010810439825668,0.045603938031292
Brad Pitt,57,68,34,7.123529411764706,8.8,295389.5882352941,1347461.0,20,24.0,0.0018646092866769,0.1732191232363268
Mireille Enos,6,8,4,6.3,7.0,160978.0,465019.0,10,1.0,0.0002121872568602,0.0106788377824885
Peter Capaldi,6,8,4,7.1499999999999995,7.7,149998.25,465019.0,8,25.0,1.52228218412282e-05,0.0164186909173228
Jennifer Lawrence,22,30,15,7.046666666666667,8.0,272005.73333333334,701607.0,11,8.0,0.000496451731307,0.0632162506606458
Benedict Cumberbatch,20,20,10,7.1899999999999995,8.1,167822.3,467613.0,14,8.0,0.0002835966661687,0.0397035372731493
Bruce Greenwood,37,38,19,6.489473684210526,8.0,103507.21052631579,504419.0,16,20.0,0.0012160738859888,0.0319503178149889
Noel Clarke,2,2,1,7.8,7.8,395573.0,395573.0,3,0.0,0.0,0.0030595354868665
Eddie Marsan,20,24,12,7.316666666666666,8.2,273013.6666666667,791783.0,11,12.0,0.0002940312056968,0.0424351769367225
Ewen Bremner,14,16,8,7.125,8.2,168430.125,469561.0,10,17.0,0.0002972405013243,0.0253918594035727
Ralph Brown,4,4,2,5.949999999999999,6.3,56081.5,106416.0,3,6.0,1.1795691579170128e-05,0.0034244847512871
Elizabeth Debicki,4,6,3,7.3,7.3,300601.6666666667,362933.0,5,2.0,3.956461989313477e-05,0.0077561570543198
Steve Bisley,4,6,3,7.2,7.3,292692.3333333333,362933.0,6,34.0,4.6739346350241294e-05,0.007290480795289
Jake Gyllenhaal,38,40,20,6.955000000000001,8.1,183905.4,580999.0,13,14.0,0.0011588502955725,0.0564042857050748
Reece Ritchie,4,4,2,6.3,6.6,111790.0,222403.0,6,4.0,4.666154220762582e-05,0.0030752987417521
Richard Coyle,10,10,5,6.36,6.9,69977.8,222403.0,10,8.0,0.000104678791314,0.0141031638042845
Charlie Hunnam,12,12,6,6.75,7.9,151869.0,381148.0,11,11.0,0.0001590617264751,0.0261417629248018
Clifton Collins Jr.,30,32,16,6.3125,7.0,71604.5,381148.0,12,24.0,0.000869391892198,0.0541059000104284
Larry Joe Campbell,4,4,2,6.45,7.0,242189.0,381148.0,5,2.0,0.0001494273233753,0.0035064900433881
Lester Speight,2,2,1,6.3,6.3,326180.0,326180.0,3,0.0,0.0,0.002143312698821
Harrison Ford,56,58,29,7.075862068965518,8.8,235658.44827586206,911097.0,15,42.0,0.0020502256074165,0.0682510064224197
Jim Broadbent,55,60,30,6.703333333333334,8.2,83286.16666666667,333847.0,16,27.0,0.0023395023683681,0.08856528671461
Ray Winstone,34,36,18,6.199999999999999,8.5,111258.72222222222,873649.0,15,15.0,0.0008112473848437,0.0475761914778183
A.J. Buckley,10,10,5,6.039999999999999,6.8,14527.8,62836.0,9,15.0,0.0003307023342486,0.0017807281605298
Jack McGraw,2,2,1,6.8,6.8,62836.0,62836.0,5,0.0,0.0,7.942326016029211e-05
Peter Sohn,2,2,1,6.8,6.8,62836.0,62836.0,5,0.0,0.0,7.942326016029211e-05
Julie Walters,16,16,8,7.0874999999999995,7.7,87353.125,273556.0,10,15.0,0.000204857850538,0.0183952824781919
Kelly Macdonald,16,16,8,7.0875,8.2,226119.0,612060.0,11,16.0,0.0002970634299632,0.0268886736242554
Fred Willard,21,24,12,5.758333333333334,8.4,117969.58333333333,718837.0,10,20.0,0.0002774329419536,0.0224425336262503
Jeff Garlin,10,10,5,6.4799999999999995,8.4,178228.8,718837.0,7,9.0,9.08625753888198e-05,0.0047151292681185
Dana Ivey,8,8,4,6.750000000000001,7.8,71527.75,121084.0,7,22.0,5.950056838563547e-05,0.0062438360151454
Noémie Lenoir,4,4,2,5.65,6.2,73925.5,121084.0,4,8.0,1.1780184946804464e-05,0.0004402777313083
Tzi Ma,8,8,4,6.65,7.5,55677.75,121084.0,9,10.0,0.0002056678605062,0.0017993254541981
Liam James,6,6,3,6.900000000000001,7.5,134184.33333333334,283418.0,6,4.0,2.1987569209974543e-05,0.0080643281770495
Oliver Platt,41,42,21,6.514285714285713,9.0,82411.09523809524,518537.0,16,23.0,0.0010319835604864,0.0578888610506531
Tom McCarthy,6,8,4,6.575,7.1,158715.5,283418.0,8,3.0,0.0001898924703214,0.0062608921471796
Colin Firth,32,38,19,6.773684210526315,8.0,104167.94736842105,503631.0,15,18.0,0.0005669842632514,0.063859310971388
Gary Oldman,40,46,23,6.51304347826087,8.0,124207.13043478261,382255.0,15,24.0,0.0011721786707687,0.0861494474355701
Robin Wright,26,26,13,6.792307692307692,8.1,123113.69230769231,330152.0,16,26.0,0.0005002550605172,0.0618459726396881
Channing Tatum,42,44,22,6.281818181818181,7.3,121834.13636363637,408302.0,15,11.0,0.000911171717407,0.0427512551424051
Eddie Redmayne,14,14,7,6.757142857142857,7.7,112998.57142857143,265507.0,9,8.0,9.694494061158126e-05,0.022234385117479
Casper Crump,2,4,2,6.6,6.6,42372.0,42372.0,4,0.0,0.0,0.0054107458878759
Kiran Shah,2,2,1,6.9,6.9,286506.0,286506.0,3,0.0,0.0,0.003963369460285
Shane Rangi,4,4,2,6.6,6.9,196476.0,286506.0,3,5.0,1.4047185589049526e-05,0.0042613860611419
Michael Fassbender,28,30,15,6.819999999999999,8.3,222133.66666666666,885175.0,13,10.0,0.000373650923842,0.050286208544787
Tye Sheridan,8,8,4,7.074999999999999,7.4,114131.5,148379.0,5,5.0,5.0943334779508176e-05,0.0220491263074015
Heath Ledger,19,20,10,7.010000000000001,9.0,277989.9,1676169.0,14,9.0,0.000305086621392,0.0425159112170411
Morgan Freeman,79,94,47,6.93404255319149,9.3,239661.6170212766,1689764.0,19,27.0,0.0048976593685065,0.2081262663230371
Delroy Lindo,26,30,15,6.553333333333334,8.3,89682.13333333333,665575.0,13,26.0,0.0005161205627311,0.0387099551576063
Jess Harnell,4,4,2,7.45,8.3,338140.5,665575.0,5,1.0,1.0493007132843784e-05,0.0030474624759368
Amy Poehler,25,28,14,5.878571428571429,8.3,78427.64285714286,345198.0,12,16.0,0.0003429294563296,0.0206527764267376
Rainn Wilson,14,16,8,6.5249999999999995,7.5,153514.375,414345.0,10,9.0,9.75650057555318e-05,0.0357841430293752
Stephen Colbert,4,4,2,7.3,8.1,59367.0,114553.0,6,0.0,8.249734170622039e-07,0.0033463178952553
Chloë Grace Moretz,31,34,17,6.341176470588237,7.7,121735.4705882353,376600.0,14,11.0,0.000838317902163,0.0416003662704026
Bai Ling,12,12,6,5.900000000000001,7.6,62607.166666666664,136580.0,12,16.0,0.0002149100167844,0.0118818014552298
Salma Hayek,36,38,19,6.194736842105264,7.5,75747.52631578948,219091.0,17,21.0,0.0008789330918283,0.0548868215255273
Brendan Fraser,34,34,17,5.788235294117647,7.5,50961.705882352944,248045.0,14,18.0,0.000972075168741,0.0230673248150702
Jet Li,21,26,13,6.576923076923077,7.9,100468.23076923077,270226.0,11,12.0,0.0016571779759443,0.040005901002429
Russell Wong,6,6,3,6.433333333333334,8.0,40319.0,117927.0,7,6.0,0.0001044712942273,0.0029254285595563
Ike Barinholtz,8,8,4,5.300000000000001,6.9,109639.75,216581.0,4,8.0,3.8406248979297714e-05,0.0057745584661898
Robin Atkin Downes,6,6,3,7.2,7.8,65902.66666666667,118992.0,9,12.0,9.866693769636198e-05,0.0030865711679602
Jimmy Bennett,16,16,8,6.000000000000001,7.0,71516.125,141663.0,10,4.0,0.0001402280855764,0.029200589727349
Steve Carell,36,40,20,6.6450000000000005,7.9,167643.4,385943.0,12,12.0,0.0007947448878587,0.0806506881782704
Lara Pulver,2,2,1,7.9,7.9,431620.0,431620.0,3,0.0,0.0,0.0046587958811076
Noah Taylor,11,12,6,7.183333333333334,7.9,149105.5,431620.0,14,18.0,0.0007941701937021,0.0166504351055509
Tom Cruise,53,58,29,7.0137931034482754,8.0,219974.89655172414,431620.0,16,32.0,0.0025245439106831,0.0924707362403013
Jeanne Tripplehorn,10,10,5,5.720000000000001,6.8,55917.2,144337.0,9,7.0,0.0002899952634304,0.0069891644982659
Rick Aviles,2,2,1,6.1,6.1,144337.0,144337.0,4,0.0,0.0,0.0003183483387305
Zakes Mokae,4,4,2,6.25,6.4,72806.0,144337.0,5,14.0,1.8600546376480543e-05,0.0004654312756242
Dennis Quaid,40,44,22,6.509090909090909,7.9,69557.04545454546,333248.0,18,32.0,0.0009213539524619,0.0542702943013572
Leo Howard,4,4,2,5.35,5.8,89955.0,174578.0,7,0.0,3.534093176744909e-06,0.0061916997524059
Mindy Kaling,6,6,3,6.6000000000000005,8.3,182024.0,345198.0,7,8.0,5.460601403212992e-05,0.0078464322456117
Phyllis Smith,4,4,2,7.0,8.3,252808.0,345198.0,6,4.0,3.0921517364042275e-06,0.0035864112946342
Bill Murray,59,68,34,6.917647058823531,8.1,125802.23529411765,475518.0,18,36.0,0.0034638901164344,0.1042733350441844
Garry Shandling,8,10,5,6.26,7.8,46459.6,106221.0,7,16.0,0.0001004763336758,0.0240729518278034
Kristen Stewart,30,40,20,6.12,8.2,150989.1,426359.0,12,12.0,0.00090791388131,0.0514043063062048
Angelina Jolie Pitt,46,50,25,6.412000000000001,7.8,140769.68,348861.0,15,21.0,0.001793529779817,0.1102907701597236
Sam Riley,8,8,4,6.55,7.7,83099.5,252257.0,11,9.0,2.1856102672594455e-05,0.0075523721281549
Sharlto Copley,8,8,4,7.125,8.0,323761.5,531737.0,9,6.0,6.260203675622264e-05,0.0134798456551497
Kodi Smit-McPhee,8,8,4,7.175000000000001,7.6,127429.0,317542.0,11,5.0,1.6755114331985842e-05,0.0152100795045389
Alice Englert,2,4,2,4.5,4.5,2138.0,2138.0,4,0.0,0.0,0.0002402785644125
Bipasha Basu,4,6,3,5.066666666666666,6.2,2514.0,3266.0,7,4.0,0.0001296677004015,0.0002411284900939
Tamsin Egerton,6,8,4,5.4,6.8,8026.75,18220.0,6,9.0,0.0001767054173191,0.0025727169109745
Cary-Hiroyuki Tagawa,22,24,12,6.191666666666666,8.1,81262.75,177729.0,13,28.0,0.0005646362227552,0.0183449154871017
Jin Akanishi,2,2,1,6.3,6.3,116994.0,116994.0,4,0.0,0.0,0.0037712473596422
Keanu Reeves,43,50,25,6.756,8.7,128390.44,1217752.0,15,30.0,0.0012246345859478,0.0699856388000075
Hayley Atwell,11,16,8,7.0375000000000005,7.8,200904.875,508818.0,11,7.0,9.787535144677364e-05,0.0207629843863686
Jon Hamm,16,18,9,6.288888888888889,7.6,132457.11111111112,280228.0,15,13.0,0.0004926280600098,0.01911413794503
Kathy Griffin,2,2,1,6.4,6.4,138661.0,138661.0,5,0.0,0.0,0.0013094647237547
Mary Kay Place,10,10,5,6.5,7.8,83480.2,254404.0,10,33.0,0.00030366167658,0.0115557384079903
Chris Bauer,12,12,6,6.583333333333333,7.1,62738.666666666664,128306.0,13,19.0,0.0001813493952769,0.0262803390656799
Thomas Robinson,2,2,1,6.5,6.5,128306.0,128306.0,5,0.0,0.0,0.0035945706476468
Abraham Benrubi,6,6,3,6.7,7.9,120914.0,279093.0,10,19.0,9.703856097842744e-06,0.0017434029332028
Damon Wayans Jr.,8,8,4,6.0,7.9,108878.5,279093.0,9,7.0,2.2216463485399263e-05,0.0022447557387691
Daniel Henney,4,4,2,7.1,7.9,140174.0,279093.0,8,2.0,1.2170991904562511e-06,0.001223444132962
Jack McBrayer,12,12,6,6.483333333333333,7.8,152528.16666666666,385943.0,10,6.0,4.242006496117155e-05,0.0116129024919651
Joe Lo Truglio,16,16,8,6.6375,7.8,129508.375,422606.0,8,11.0,0.0003160665422275,0.0072648810548303
Sarah Silverman,14,14,7,6.571428571428572,7.8,115409.71428571429,272534.0,9,14.0,0.000124668870644,0.0101804807031501
Eddie Deezen,4,4,2,6.3,6.6,77578.5,120798.0,5,11.0,0.0001113164318309,0.0028663411486974
Peter Scolari,2,2,1,6.6,6.6,120798.0,120798.0,4,0.0,0.0,0.0028558314255218
Judd Hirsch,8,8,4,6.925,8.2,203477.0,610568.0,7,36.0,4.418584213582982e-05,0.0056944172704041
Sela Ward,14,14,7,6.528571428571428,8.1,176895.85714285713,569841.0,9,23.0,0.0002881725451932,0.01274414659991
Vivica A. Fox,24,24,12,5.916666666666667,8.1,132066.16666666666,735784.0,11,20.0,0.0003563664267842,0.012035229145175
America Ferrera,14,16,8,6.9875,8.2,121496.5,485430.0,10,12.0,0.0002155917155884,0.0154171667623891
Craig Ferguson,6,6,3,7.266666666666667,8.2,167721.0,485430.0,6,12.0,6.114929418303407e-05,0.0045359481432787
Gerard Butler,47,50,25,6.54,8.2,127346.92,607235.0,17,16.0,0.0026124940835604,0.0648964621086193
Carolyn Hennesy,2,2,1,6.4,6.4,305340.0,305340.0,2,0.0,0.0,0.0003839468575927
Nick Stahl,6,6,3,7.0,7.6,157901.66666666666,305340.0,6,5.0,6.39588797166636e-06,0.0010806652830335
Bradley Cooper,33,40,20,6.534999999999999,8.1,194491.55,682155.0,15,10.0,0.0010551948666692,0.0813707670316256
Djimon Hounsou,27,30,15,6.426666666666667,8.5,215592.13333333333,982637.0,13,17.0,0.0008079579434036,0.0555743024843725
Mackenzie Foy,8,8,4,7.949999999999999,8.6,317160.5,928227.0,11,3.0,6.549682392474306e-05,0.0173596033771002
Matthew McConaughey,51,52,26,6.7423076923076914,8.6,142089.1923076923,928227.0,15,20.0,0.0022637400466947,0.0763253388339181
Jordana Brewster,10,14,7,6.128571428571428,6.7,141368.0,272227.0,9,16.0,6.552171154988013e-05,0.0184541995878526
Jason Flemyng,29,40,20,6.465000000000001,8.3,168749.5,600996.0,16,19.0,0.000877414548527,0.0985836393810387
Julia Ormond,13,14,7,6.885714285714286,7.8,108124.57142857143,459346.0,11,19.0,0.0001198637834264,0.036379951931152
Josh Hutcherson,26,30,15,6.553333333333332,7.6,155522.66666666666,701607.0,14,12.0,0.0013638583286427,0.0419680640371388
Philip Seymour Hoffman,48,50,25,7.132,8.2,139816.76,537419.0,14,19.0,0.0017536040740614,0.0949241998613672
Nicolas Cage,62,68,34,6.152941176470588,7.7,97292.88235294117,283967.0,15,30.0,0.0036868894908878,0.0723647749653424
Omar Benson Miller,10,10,5,6.02,7.2,74287.2,187181.0,9,9.0,0.0002765081424203,0.0062312490400687
Robert Capron,2,2,1,6.1,6.1,124185.0,124185.0,4,0.0,0.0,0.0033557801942696
Andre Braugher,12,12,6,6.3999999999999995,7.3,120274.83333333333,245621.0,10,14.0,0.0001232350896958,0.0173031432250247
Mike Vogel,14,14,7,6.442857142857142,8.1,141434.42857142858,318955.0,10,6.0,0.0002217746885281,0.0112254261375115
Eric Idle,18,18,9,5.655555555555556,8.3,99258.33333333333,382240.0,8,33.0,0.0003462596419636,0.0119031081049268
Justin Timberlake,20,20,10,5.9,7.4,121028.4,304318.0,13,7.0,0.0003454096879229,0.0159852605201378
Rupert Everett,18,18,9,6.099999999999999,7.2,83423.55555555556,314630.0,10,13.0,0.0003572822905183,0.0194855531728541
Callum Rennie,22,22,11,6.354545454545455,8.5,139356.9090909091,845580.0,13,17.0,0.0004686945508225,0.016001995465987
Dominic Cooper,20,22,11,6.9,8.3,122477.18181818182,508818.0,14,10.0,0.0002524565275592,0.0116588708584701
Ruth Negga,3,4,2,7.800000000000001,8.3,67228.5,111609.0,5,0.0,4.50911379757527e-07,0.001936832488218
Emilia Clarke,4,4,2,7.1,7.6,116590.0,188457.0,5,1.0,1.6017853728592236e-06,0.0080777974282362
Matt Smith,6,6,3,6.266666666666666,6.6,74063.0,188457.0,6,6.0,9.3385164651938e-06,0.0081244052502336
Bruce Spence,12,12,6,6.55,7.7,117248.83333333333,160321.0,10,29.0,0.0001751537806245,0.0068061487517415
Laura Brent,2,2,1,6.3,6.3,106446.0,106446.0,3,0.0,0.0,0.0004725184510648
Jaime King,11,12,6,5.433333333333333,6.1,84522.16666666667,254111.0,10,8.0,9.571961110503184e-05,0.0102783940767397
Jennifer Garner,28,30,15,6.7,8.0,171623.8,525801.0,14,16.0,0.0006843745856791,0.0477891586132274
Mako,19,22,11,5.945454545454544,7.3,82482.45454545454,254111.0,14,26.0,0.0009711858870171,0.0165978770437481
Michael O'Neill,12,12,6,6.849999999999999,7.6,141579.66666666666,513158.0,12,18.0,0.0002565044448826,0.0226541912649502
Zack Ward,12,12,6,6.816666666666666,8.4,122780.83333333333,513158.0,9,33.0,0.0005895606551861,0.003057113221536
Anthony Hopkins,57,60,30,6.856666666666668,8.6,133805.03333333333,887467.0,16,36.0,0.0015718598469899,0.1098002890699556
Brian Blessed,12,14,7,7.042857142857143,7.8,47957.57142857143,138863.0,11,32.0,0.0002363259479497,0.0216783604860131
Fiona Shaw,7,8,4,6.425,7.5,243597.5,444683.0,7,18.0,3.359270227125979e-05,0.0149588369539218
Robert Pattinson,10,16,8,6.2125,7.6,215790.0,385670.0,6,7.0,6.348097756937072e-05,0.0225822064668514
Charlize Theron,43,48,24,6.554166666666668,8.1,129475.91666666667,552503.0,16,20.0,0.001702903832285,0.1146728904940452
Alice Braga,12,12,6,7.0,8.7,279984.0,533200.0,8,11.0,0.0003816823422946,0.0098922452321105
Willow Smith,4,4,2,6.95,7.2,267794.5,530870.0,4,1.0,4.700208624094351e-06,0.0043476549371404
David Kelly,8,8,4,6.574999999999999,7.7,141176.5,320284.0,7,9.0,0.0001241222862652,0.0114730000905793
Brian Dennehy,16,18,9,6.688888888888889,8.0,120163.0,473887.0,11,25.0,0.0002054337877896,0.0184853862523917
Janeane Garofalo,20,22,11,6.318181818181818,8.0,94804.90909090909,473887.0,12,11.0,0.0006118140081302,0.0439015581247124
Bernie Mac,27,28,14,6.064285714285714,7.8,63234.357142857145,402645.0,13,13.0,0.0004662146827252,0.0255303854353154
Cedric the Entertainer,17,20,10,6.159999999999999,7.0,73819.1,266636.0,11,12.0,0.0002311299387846,0.0114613012038379
Jada Pinkett Smith,28,36,18,6.4944444444444445,8.4,80289.72222222222,293662.0,16,23.0,0.0005329398370376,0.0365910825488681
Rami Malek,6,10,5,5.82,6.5,113944.6,234480.0,9,8.0,5.404672555406746e-05,0.0178627866986848
Robin Williams,49,54,27,6.574074074074076,8.3,108605.77777777778,604904.0,17,27.0,0.0019516098625782,0.0751982062641668
Steve Coogan,27,34,17,6.311764705882353,7.6,101702.23529411765,307539.0,11,21.0,0.0006426080825276,0.0566933833167751
Dominic Monaghan,2,2,1,6.7,6.7,361924.0,361924.0,5,0.0,0.0,0.0043917665136806
Collin Chou,2,2,1,6.7,6.7,364948.0,364948.0,2,0.0,0.0,1.0311328334693123e-05
Essie Davis,4,4,2,6.65,6.7,233643.0,364948.0,6,5.0,1.59202159349218e-05,0.0001419816884373
Nona Gaye,4,4,2,5.5,6.7,208148.5,364948.0,5,2.0,1.825887825911147e-05,9.947022145546728e-05
Josh Gad,14,16,8,6.5125,7.6,137116.5,421658.0,12,8.0,0.0002788008270391,0.0174211592801145
Livvy Stubenrauch,2,2,1,7.6,7.6,421658.0,421658.0,6,0.0,0.0,0.00080582205324
Maurice LaMarche,6,6,3,6.8,7.6,193034.0,421658.0,7,9.0,1.5241263120521438e-05,0.001443248263751
Daniel Bernhardt,2,2,1,7.2,7.2,421818.0,421818.0,2,0.0,0.0,5.723098655080914e-06
Helmut Bakaitis,2,2,1,7.2,7.2,421818.0,421818.0,2,0.0,0.0,5.723098655080914e-06
Steve Bastoni,6,6,3,6.566666666666667,7.2,160274.0,421818.0,7,12.0,4.983561271662259e-05,0.000128198910399
Natalie Portman,35,40,20,6.854999999999999,8.2,246244.35,791783.0,12,20.0,0.0013969083017954,0.0764723045967246
Zoë Kravitz,16,16,8,6.450000000000001,8.1,118032.0,552503.0,8,9.0,0.0002867524947334,0.0155043600788514
Armin Mueller-Stahl,10,10,5,6.92,7.8,127713.6,261069.0,8,13.0,9.48079106112034e-05,0.0080234465493006
Ayelet Zurer,8,12,6,6.466666666666666,7.6,64672.666666666664,207839.0,6,11.0,0.0005141781699495,0.0353549529687923
Diedrich Bader,16,16,8,5.6,7.8,87474.0,200293.0,9,13.0,0.0001865101358225,0.0109782591974751
James Lipton,2,2,1,6.9,6.9,146766.0,146766.0,5,0.0,0.0,0.0022449346795681
Kelli Garner,12,12,6,6.300000000000001,7.4,44390.333333333336,114762.0,11,9.0,0.0001109370195654,0.0039848980219975
Niecy Nash,2,2,1,5.1,5.1,33042.0,33042.0,7,0.0,0.0,0.000195994810668
Piper Mackenzie Harris,4,4,2,5.449999999999999,5.8,16950.0,33042.0,9,1.0,4.292778237616233e-06,0.0006045513948481
Edgar Ramírez,16,18,9,6.466666666666667,8.1,106899.22222222222,491077.0,10,11.0,0.0001563375783621,0.0353151197623609
Lily James,6,8,4,7.0,8.2,92397.25,152826.0,8,3.0,5.352580121843368e-06,0.0140937898377809
Jeremy Renner,23,24,12,7.016666666666666,7.6,179430.5,365104.0,14,12.0,0.0005724268363804,0.0339156340292914
Sean Harris,10,10,5,6.720000000000001,7.4,158023.0,456260.0,7,6.0,6.328650841576682e-05,0.0144130335617049
Art Malik,6,6,3,6.633333333333333,7.4,57293.0,89442.0,7,26.0,0.0001527965095287,0.0057661973795338
Simon Merrells,4,4,2,5.4,5.8,45476.0,89442.0,5,5.0,4.6739346350241294e-05,0.0049524971972708
Matthew Broderick,29,32,16,6.5125,8.5,97486.1875,644348.0,13,28.0,0.0012835868512521,0.0497621289607551
Oprah Winfrey,12,12,6,6.816666666666666,7.8,58545.833333333336,105902.0,11,29.0,0.0002095799170072,0.0196106782022742
Rip Torn,25,26,13,6.0,7.9,90141.61538461539,403014.0,15,25.0,0.0006456083596482,0.0337025546852794
Mike Bell,2,2,1,7.3,7.3,182718.0,182718.0,5,0.0,0.0,0.0083860845299868
Aasif Mandvi,8,8,4,5.95,6.7,122151.0,213863.0,9,4.0,0.0001107102715123,0.0029799776556794
Noah Ringer,2,2,1,4.2,4.2,118951.0,118951.0,4,0.0,0.0,0.0001329367526126
Seychelle Gabriel,2,2,1,4.2,4.2,118951.0,118951.0,4,0.0,0.0,0.0001329367526126
Jake Weber,8,8,4,6.45,7.1,109491.0,169023.0,8,15.0,2.513653954785665e-05,0.0216420344469417
Matt Craven,8,8,4,6.125,7.5,71513.5,164238.0,7,13.0,2.398812525633665e-05,0.0102277031196004
Dan Fogler,12,12,6,6.416666666666667,7.7,77985.33333333333,307029.0,9,6.0,0.0003217157508639,0.0093607282076611
Elisabeth Harnois,2,2,1,5.4,5.4,17590.0,17590.0,6,0.0,0.0,0.0008818641674998
Tom Everett Scott,14,14,7,5.585714285714286,7.0,18118.571428571428,43328.0,10,15.0,0.0001072807817327,0.0112938205958024
David Suchet,4,4,2,5.4,6.7,49916.5,85086.0,6,7.0,4.91978553399871e-06,0.0067564992158418
Cara Delevingne,6,10,5,5.700000000000001,6.4,37228.0,63390.0,6,1.0,0.0002724946194954,0.0088916774315839
Nonso Anozie,6,10,5,5.8,6.2,49641.4,99035.0,7,8.0,3.150549970704934e-05,0.0118116905108478
Karan Brar,4,4,2,6.65,6.9,31782.5,47900.0,5,2.0,1.3846318688708145e-06,0.0015686990011478
Ty Burrell,16,18,9,6.833333333333333,7.4,102144.22222222222,326286.0,13,10.0,0.0001458100773251,0.0210517377275398
Zach Callison,2,2,1,6.9,6.9,47900.0,47900.0,5,0.0,0.0,0.0009661293954079
Julian Glover,10,10,5,6.32,8.3,211604.2,515306.0,8,31.0,0.0001385669256808,0.0183556133402755
Martin Short,13,14,7,7.057142857142858,9.5,78134.0,172217.0,10,16.0,0.0003373668518663,0.0108698567917116
Colin Salmon,20,20,10,6.470000000000001,7.9,98353.9,198701.0,8,12.0,0.0005011195237265,0.0081488167387257
Rick Yune,6,6,3,6.099999999999999,6.8,78586.66666666667,169914.0,6,13.0,1.771198994957914e-05,0.0019903187610502
Toby Stephens,6,6,3,6.7,7.4,83189.33333333333,169914.0,7,14.0,1.4116577100874348e-05,0.0016802334105029
Ed Begley Jr.,16,20,10,6.200000000000001,7.7,28097.2,69790.0,14,34.0,0.0002201003187907,0.0103401408953324
Kate McKinnon,2,4,2,5.5,5.5,69773.5,69790.0,4,0.0,0.0,0.0010137027215368
Zach Woods,4,6,3,5.566666666666666,5.7,49057.333333333336,69790.0,6,5.0,4.992829678121452e-06,0.0015263299220457
Bruce Willis,70,80,40,6.6275,8.9,198235.05,1324680.0,14,26.0,0.0038165740420966,0.1351072145275005
Will Patton,16,16,8,5.9375,6.6,75678.375,322395.0,10,18.0,0.0004110928630494,0.0196874966265641
Rosario Dawson,38,42,21,6.523809523809524,8.1,117197.14285714286,656640.0,16,19.0,0.0007919447595668,0.0441565992179159
Sebastian Roché,2,2,1,6.3,6.3,142440.0,142440.0,4,0.0,0.0,0.0073279205859484
Wayne Knight,15,16,8,7.2124999999999995,8.1,200627.25,613473.0,11,23.0,0.0005625402180297,0.0299693457476484
Michael Nyqvist,8,8,4,7.425000000000001,8.1,99255.75,365104.0,10,7.0,0.0001217115757941,0.005480221533606
Kamil McFadden,2,2,1,7.3,7.3,123553.0,123553.0,4,0.0,0.0,0.0024692588946696
Khamani Griffin,4,4,2,6.9,7.3,93970.0,123553.0,6,1.0,8.204511234698917e-06,0.0028070850415497
David Herman,4,4,2,6.35,6.6,109420.0,110788.0,4,1.0,4.855166862373287e-06,0.0022185087793229
John Michael Higgins,19,20,10,6.35,7.5,94376.3,163665.0,11,14.0,0.0005561450699264,0.0395100802528843
Richard Burgi,6,6,3,6.0,6.5,70465.66666666667,110788.0,6,9.0,5.400919492868678e-05,0.0021548547760527
Chad Lindberg,6,6,3,6.366666666666667,7.7,133941.66666666666,317166.0,8,9.0,0.0002722267385011,0.0061340710102368
Tony Goldwyn,18,20,10,6.43,7.7,96847.4,317166.0,12,25.0,0.0003248536533126,0.0453017896978473
Ben Mendelsohn,18,20,10,6.42,7.3,96435.6,187170.0,9,25.0,0.0002462633024147,0.0522789120254153
María Valverde,4,6,3,5.966666666666666,6.1,86310.0,128694.0,6,1.0,0.0003093209941458,0.0134419702793128
Leonard Nimoy,10,18,9,6.800000000000001,8.0,106286.33333333333,504419.0,9,33.0,0.0002148140998195,0.0077482111813325
Bryan Brown,4,4,2,6.05,6.6,77115.0,102338.0,6,8.0,0.0004852811349222,0.0030779228985443
Elodie Yung,4,4,2,5.65,5.8,99122.0,146352.0,5,3.0,7.326795084506967e-05,0.0069127117529399
Joe Morton,19,20,10,6.660000000000001,8.5,134672.3,744891.0,12,15.0,0.0001731129014952,0.0216039541638208
Richard Roxburgh,12,12,6,6.383333333333334,7.6,105015.33333333333,242188.0,10,14.0,0.0001179541740688,0.0180718514297406
Sam Shepard,29,30,15,6.646666666666666,8.0,86019.26666666666,292022.0,13,38.0,0.0006146088210928,0.0620874151526289
Billy Crudup,18,18,9,7.088888888888889,8.4,102225.66666666667,392474.0,15,18.0,0.0005900267279325,0.0223073914563756
Matt Frewer,6,6,3,6.933333333333334,7.7,139871.33333333334,392474.0,7,5.0,8.080476166712307e-05,0.0049229519634901
Stephen McHattie,13,14,7,6.500000000000001,7.7,70629.57142857143,392474.0,11,12.0,0.0003906523950116,0.0024005216348283
Darlene Love,2,2,1,6.6,6.6,127497.0,127497.0,3,0.0,0.0,0.003202583958197
Rene Russo,15,16,8,6.7625,7.2,90779.625,130661.0,7,26.0,0.0001728722417646,0.0350187223299959
Celia Weston,12,12,6,6.133333333333334,7.6,76790.5,212106.0,9,14.0,0.0001620796197396,0.005593078223181
Kevin Rankin,4,4,2,6.4,7.1,149385.0,212106.0,5,11.0,6.001432551577988e-06,0.0010753721648607
Regi Davis,2,2,1,5.7,5.7,212106.0,212106.0,2,0.0,0.0,0.0002847114874969
Dwayne Johnson,42,46,23,6.230434782608696,7.3,105876.47826086957,284792.0,13,15.0,0.0013308623243556,0.0511722111151601
Jean Simmons,10,10,5,7.18,8.2,60641.0,214091.0,9,51.0,0.0001500889230069,0.0119940363900513
Ming-Na Wen,8,8,4,5.3999999999999995,7.5,81207.5,171792.0,13,14.0,0.0002870147865778,0.006421689007794
Desmond Llewelyn,18,20,10,6.75,7.1,81056.5,157519.0,4,34.0,0.0003918839462888,0.0044999469918999
Maria Grazia Cucinotta,2,2,1,6.4,6.4,157519.0,157519.0,3,0.0,0.0,0.0005400119155893
David Threlfall,2,2,1,7.4,7.4,168207.0,168207.0,5,0.0,0.0,9.297374660874352e-05
James D'Arcy,8,8,4,6.0,7.4,81467.25,168207.0,9,11.0,7.691592238869908e-05,0.0020841407398601
Lee Ingleby,2,2,1,7.4,7.4,168207.0,168207.0,5,0.0,0.0,9.297374660874352e-05
Taylor Lautner,11,18,9,5.055555555555555,5.7,163674.0,348010.0,8,10.0,9.294782157087478e-05,0.0309620602707447
Peter Mensah,10,10,5,6.540000000000001,8.6,166314.4,326286.0,11,13.0,0.0002914250875174,0.0124015711624848
Don Johnson,11,12,6,5.966666666666666,7.5,58161.166666666664,165792.0,9,23.0,8.171517630333264e-05,0.0145569006531668
John Diehl,2,2,1,7.5,7.5,16769.0,16769.0,5,,0.0,0.0006492098924812
Philip Michael Thomas,2,2,1,7.5,7.5,16769.0,16769.0,5,,0.0,0.0006492098924812
Mark Rylance,6,6,3,6.733333333333333,7.6,73039.66666666667,178118.0,9,1.0,1.3899859215118596e-05,0.0060211723713207
Penelope Wilton,8,8,4,7.325,7.7,66015.0,166269.0,9,29.0,0.00013007599162,0.0156921487151928
Rafe Spall,10,10,5,7.340000000000001,8.0,197835.2,440084.0,9,12.0,0.0001039526259838,0.0079069324914881
Lukas Haas,10,10,5,7.0,8.1,150375.0,406020.0,12,30.0,0.0001601362363671,0.0218686068295227
Ben Schwartz,4,4,2,6.55,6.6,33314.0,62424.0,5,0.0,2.678565577311328e-05,0.0025609509553445
Snoop Dogg,13,14,7,5.985714285714286,7.7,81082.71428571429,305929.0,9,12.0,0.0001655226506058,0.0115194276160742
Stephen Root,37,40,20,6.535000000000001,8.2,146040.9,692482.0,18,22.0,0.0008678351479217,0.0602332762828908
Andy Richter,6,6,3,6.266666666666667,6.9,148818.66666666666,266636.0,4,13.0,1.2027638967004883e-05,0.0049606443711957
Annet Mahendru,2,2,1,6.7,6.7,60230.0,60230.0,4,0.0,0.0,0.0019069886050289
Matt Damon,72,75,38,7.076315789473684,8.6,193359.26315789475,881236.0,18,20.0,0.0036498016899578,0.1094052904021757
T.I.,6,6,3,6.366666666666667,7.4,140017.33333333334,313866.0,8,9.0,4.9042940486491056e-05,0.0069478268923455
Sandra Ellis Lafferty,8,8,4,6.85,7.9,187101.75,498397.0,11,10.0,0.0002901156057385,0.007454356914465
April Winchell,2,6,3,6.7,6.7,70130.0,70136.0,6,0.0,0.0,0.0001917495302547
Jim Parsons,4,8,4,6.7,6.7,59932.75,70136.0,7,1.0,0.0001633742748205,0.001016254381669
Matt Jones,4,8,4,6.375,6.7,52923.75,70136.0,6,4.0,7.854625115311857e-05,0.0004793412505704
Lisa Ann Walter,10,10,5,6.08,6.7,157964.6,334345.0,7,7.0,5.910719890517351e-05,0.0196062749068942
Rick Gonzalez,8,8,4,6.2749999999999995,7.2,126267.25,334345.0,7,3.0,2.189964054049207e-05,0.0095960012226605
Henry Rollins,6,6,3,5.599999999999999,6.6,69794.33333333333,178126.0,6,6.0,3.2466777919300093e-05,0.0054897677162359
Jordi Mollà,15,18,9,6.444444444444444,7.6,78956.11111111111,198066.0,12,15.0,9.283976223573484e-05,0.0288801350115488
Amy Sedaris,14,14,7,6.157142857142857,8.1,48520.142857142855,114287.0,10,16.0,8.508158423907504e-05,0.0178282459890031
Constance Marie,4,4,2,6.7,6.7,66706.5,114287.0,9,14.0,7.470228191748468e-06,0.0036202556323818
August Diehl,2,2,1,6.4,6.4,245621.0,245621.0,4,0.0,0.0,0.0054467933247186
Emma Watson,10,10,5,6.339999999999999,7.4,190041.6,387616.0,10,13.0,0.0001022889810513,0.0203485262083178
Logan Lerman,24,24,12,6.675,8.0,170956.91666666666,357579.0,13,12.0,0.0003725233401451,0.0389313747399728
Mackenzie Crook,8,8,4,6.6499999999999995,7.4,84977.0,177383.0,10,7.0,1.9603557806001352e-05,0.0190053257913834
Toby Jones,22,22,11,6.854545454545455,7.7,78922.27272727272,220475.0,13,6.0,0.0002297269607668,0.0352372904950979
Tony Curran,22,22,11,6.4363636363636365,7.4,80357.09090909091,177383.0,15,17.0,0.0002324992171272,0.0179619316049799
Eddie Baroo,2,2,1,6.6,6.6,102338.0,102338.0,4,0.0,0.0,0.000137484984006
Alfre Woodard,28,28,14,6.585714285714287,7.6,38785.57142857143,148490.0,18,26.0,0.0008039497480738,0.028445832294122
D.B. Sweeney,8,10,5,6.26,6.5,66429.8,238671.0,8,15.0,3.3361840545880546e-05,0.0291635571818346
Della Reese,4,4,2,6.05,6.5,20780.0,38438.0,8,4.0,1.0867821328292584e-05,0.0031315992285682
Dave Legeno,8,8,4,6.625,7.5,37025.0,72886.0,11,4.0,8.850971491810726e-05,0.003938193222954
Ralph Ineson,6,6,3,6.966666666666666,7.5,24523.0,66483.0,7,18.0,1.6710649987878127e-05,0.0017272958576733
Will Ferrell,60,64,32,6.312499999999998,7.8,98913.96875,267921.0,15,19.0,0.0027329259380545,0.0922317553610051
Verne Troyer,9,10,5,6.180000000000001,7.5,191684.8,444683.0,9,10.0,3.611361067971984e-05,0.0061425770645076
Stephanie Szostak,10,10,5,5.68,7.1,57352.2,111003.0,5,4.0,9.529184888190984e-05,0.0230972984059561
Alfred Enoch,2,2,1,6.4,6.4,252.0,252.0,1,0.0,0.0,0.0022528555172761
Jürgen Prochnow,10,10,5,6.62,8.4,147271.4,314253.0,8,25.0,9.851325043274272e-05,0.0099784581537274
Seth Gabel,2,2,1,6.6,6.6,314253.0,314253.0,2,0.0,0.0,0.0031595036363256
Jeffrey Garcia,2,2,1,6.4,6.4,58498.0,58498.0,5,0.0,0.0,3.3236367921730434e-05
Miguel Ferrer,6,6,3,6.266666666666667,6.9,27954.666666666668,58498.0,9,12.0,9.34786927004826e-05,0.0007453043655155
Rachel Crow,2,2,1,6.4,6.4,58498.0,58498.0,5,0.0,0.0,3.3236367921730434e-05
Aaron Stanford,8,8,4,7.3,7.7,150770.25,405973.0,9,3.0,0.0001186949180733,0.0101595035295628
Bruce Davison,9,10,5,6.5600000000000005,7.5,182855.0,452928.0,11,6.0,9.179595164993892e-05,0.0233392354799981
Paul Anderson,4,4,2,7.25,7.5,213158.5,338635.0,8,4.0,6.13797401074729e-06,0.0078165391834879
Alexa Davalos,6,8,4,6.375,7.2,215937.5,229687.0,6,6.0,1.0457730903626048e-05,0.023144771194175
Marshall Bell,6,8,4,7.125,8.1,198940.25,271794.0,6,5.0,6.773059606734743e-05,0.0005556492556136
Rachel Ticotin,2,4,2,7.5,7.5,240241.0,240241.0,2,0.0,0.0,0.0005280380469014
Ronny Cox,9,12,6,6.716666666666666,7.5,119044.0,240241.0,9,25.0,0.0001677469143756,0.0056274211388478
Clive Russell,6,6,3,6.233333333333333,6.7,36169.333333333336,101411.0,5,19.0,5.344574937132874e-05,0.0053694721162399
Vladimir Kulich,2,2,1,6.6,6.6,101411.0,101411.0,3,0.0,0.0,0.0009960475098784
Scott Glenn,34,34,17,6.782352941176471,8.6,114918.5294117647,887467.0,16,32.0,0.000759531165308,0.0486439248280385
Stacy Keach,14,14,7,6.3571428571428585,8.6,157651.7142857143,782437.0,10,32.0,0.0006988095734577,0.010833746580685
John Glover,2,2,1,3.7,3.7,189855.0,189855.0,1,0.0,0.0,0.0008604141369035
Michael Gough,10,10,5,6.180000000000001,7.6,183453.6,269033.0,6,12.0,6.266903220067154e-05,0.0081142203390298
Clint Howard,14,14,7,6.299999999999999,7.7,65083.857142857145,141414.0,10,25.0,0.0001085319053852,0.0169435874504562
Molly Shannon,12,12,6,5.1499999999999995,6.7,59697.166666666664,141414.0,7,14.0,0.0001048091925827,0.0190174794010596
T.J. Thyne,8,8,4,6.875,7.9,97923.25,141414.0,7,1.0,4.489573340564854e-05,0.0143712382986483
Dougray Scott,16,16,8,6.012499999999999,7.0,80626.25,242188.0,11,17.0,0.0002298797200589,0.019005481049215
Bob Gunton,18,18,9,6.133333333333334,9.3,243400.33333333334,1689764.0,10,18.0,0.0002192522555176,0.0221542935816659
Karen Allen,10,10,5,7.3,8.5,183426.8,661017.0,6,23.0,0.0001700088465482,0.0105034232196437
Mary Elizabeth Mastrantonio,12,12,6,7.383333333333334,8.3,150483.5,537442.0,7,17.0,0.0002172485731223,0.0128246892447252
Ioan Gruffudd,12,12,6,5.916666666666667,7.7,121733.5,292022.0,10,15.0,0.0003790070696197,0.0103039694978196
Suraj Sharma,4,4,2,7.5,8.0,237958.5,440084.0,5,2.0,2.143765731795372e-06,0.0012507388938644
Tabu,4,4,2,7.8,8.0,228307.0,440084.0,3,6.0,1.2992344173491324e-05,0.0014029023385792
Matt Long,4,4,2,5.75,6.3,110180.5,182661.0,5,0.0,4.664586765754081e-05,0.0032923645944514
Peter Fonda,8,8,4,5.75,7.1,53918.0,182661.0,9,10.0,6.178322479912777e-05,0.0044530842378681
Ato Essandoh,6,6,3,7.733333333333333,8.5,334357.6666666667,955174.0,6,12.0,0.0001536641164358,0.0097791775685963
Riz Ahmed,4,4,2,7.199999999999999,7.3,48052.5,55982.0,5,6.0,1.1450747513891158e-05,0.0056210465793651
Demi Moore,30,32,16,6.13125,7.6,56041.8125,181879.0,14,26.0,0.0008774471026332,0.0540321596510832
Justin Theroux,12,12,6,5.933333333333334,7.6,101257.83333333333,357275.0,7,16.0,0.0001910191894678,0.0166858421517461
Melanie Griffith,12,12,6,6.2,6.8,21912.666666666668,41638.0,12,33.0,0.0003624613513749,0.0034246422177334
Nathan Lane,22,22,11,5.918181818181818,8.5,86631.27272727272,644348.0,11,18.0,0.0004570684672221,0.023444314386842
Christina Cox,2,2,1,6.7,6.7,183909.0,183909.0,4,0.0,0.0,0.0029352434598386
Abbie Cornish,14,16,8,6.6375,7.2,113615.875,197584.0,14,7.0,0.0001076059760053,0.0207403670321023
Jennifer Ehle,16,18,9,6.555555555555556,8.0,173627.66666666666,503631.0,8,7.0,0.0001141029138275,0.0232785325065255
Kick Gurry,2,2,1,6.1,6.1,57873.0,57873.0,3,0.0,0.0,0.0002275196989363
Nicholas Elia,2,2,1,6.1,6.1,57873.0,57873.0,3,0.0,0.0,0.0002275196989363
Scott Porter,16,16,8,6.199999999999999,8.7,45400.875,104356.0,10,6.0,0.0002494250022428,0.005100594260547
Marc Blucas,13,16,8,5.637499999999999,7.1,43095.0,148280.0,14,9.0,0.0001282681622626,0.0175860205065999
Zoë Bell,6,6,3,7.5,7.9,271923.6666666667,387436.0,9,8.0,3.870910713264276e-05,0.0168222296216711
Hayden Christensen,20,22,11,6.254545454545454,7.6,131369.9090909091,520104.0,12,14.0,0.000542519024422,0.0244676070250509
James Coburn,16,16,8,6.637499999999999,8.3,125579.125,585659.0,16,39.0,0.0009927968452509,0.0174523519790778
Rila Fukushima,2,2,1,6.7,6.7,328067.0,328067.0,4,0.0,0.0,0.0024541752074898
Tao Okamoto,2,2,1,6.7,6.7,328067.0,328067.0,4,0.0,0.0,0.0024541752074898
Ian McDiarmid,6,6,3,7.2,8.4,409115.6666666667,681857.0,4,18.0,5.367436722311161e-05,0.0117633700784364
Noah Emmerich,18,18,9,6.9,8.1,111872.88888888889,667983.0,14,18.0,0.0001793430376709,0.022916993589519
Roger Willie,3,4,2,6.85,7.7,99622.5,143251.0,4,0.0,7.404487893185966e-07,0.0119936677603402
Danny Woodburn,10,12,6,5.483333333333333,6.4,82156.66666666667,167089.0,10,14.0,7.393266808878034e-05,0.0108438686261833
Jeremy Howard,2,4,2,5.9,5.9,167087.0,167089.0,4,0.0,0.0,0.0011940876003158
Noel Fisher,8,10,5,5.84,6.3,102491.2,167089.0,6,15.0,2.6717203449703355e-05,0.0031401609860428
Grant Heslov,4,4,2,5.4,5.8,48371.0,62271.0,5,2.0,6.754615873486348e-05,0.0008274148206531
Jamie Renée Smith,2,2,1,5.8,5.8,62271.0,62271.0,3,0.0,0.0,0.0001121533757474
Stephen Amell,2,2,1,6.3,6.3,17533.0,17533.0,4,0.0,0.0,0.0004550714145056
Reg E. Cathey,14,16,8,6.425000000000001,8.6,238413.625,1023511.0,10,21.0,0.0002222014333332,0.0316738775123373
Tim Blake Nelson,20,22,11,5.954545454545454,7.8,56791.818181818184,225102.0,14,15.0,0.000455444943176,0.0174085762065398
Tim Heidecker,2,4,2,4.3,4.3,110486.0,110486.0,3,0.0,0.0,0.0041911214753356
Archie Panjabi,12,12,6,6.8,7.5,76341.66666666667,147497.0,11,16.0,0.000404726833153,0.0102832694481955
Joe Don Baker,10,10,5,6.539999999999999,7.3,116027.2,199025.0,6,10.0,0.0001699979660862,0.0109044077131375
Vincent Schiavelli,9,10,5,6.6,7.2,95089.2,215255.0,8,20.0,5.8480608860253626e-05,0.0086327752873608
Adam Baldwin,12,12,6,7.1499999999999995,8.0,171880.83333333334,430055.0,8,25.0,0.000109866474915,0.0101043260029133
Julia Roberts,50,54,27,6.366666666666666,7.3,81688.29629629629,284852.0,15,28.0,0.0014512112765237,0.1066648463749735
Mini Anden,4,4,2,6.5,6.6,201425.5,284852.0,3,7.0,1.5236620991549856e-06,0.0186306569259053
Stephanie March,2,2,1,6.5,6.5,348861.0,348861.0,5,0.0,0.0,0.0121019432048606
Mekhi Phifer,20,26,13,6.323076923076925,7.4,94886.61538461539,341058.0,10,18.0,0.0003856196149933,0.0201646056728759
Theo James,6,8,4,6.300000000000001,6.7,164267.75,341058.0,7,4.0,2.4694988650655914e-05,0.011725848710671
Adam Scott,28,28,14,6.392857142857143,7.5,89846.28571428571,264318.0,11,13.0,0.0005666527777945,0.0485198306615664
Frances Conroy,18,18,9,5.733333333333333,7.5,58615.0,264318.0,10,17.0,0.0002013601253094,0.0346394374781139
Catherine Tate,2,2,1,4.9,4.9,53160.0,53160.0,4,0.0,0.0,0.0005412545424013
James Corden,14,14,7,5.985714285714286,7.4,42111.857142857145,99430.0,11,7.0,0.0004968317585897,0.012118882188756
Olly Alexander,4,4,2,6.1,7.3,49304.5,53160.0,5,1.0,3.0800243168796226e-05,0.0005571040024695
Chad L. Coleman,2,2,1,5.8,5.8,136019.0,136019.0,5,0.0,0.0,0.0050929258218811
Dirk Benedict,2,2,1,7.6,7.6,25402.0,25402.0,3,,0.0,2.8316264338581725e-06
Dwight Schultz,2,2,1,7.6,7.6,25402.0,25402.0,3,,0.0,2.8316264338581725e-06
George Peppard,4,4,2,6.4,7.6,14551.5,25402.0,4,0.0,4.664586765754081e-05,6.343293855784815e-05
Sullivan Stapleton,4,4,2,5.550000000000001,6.2,125571.5,225273.0,7,11.0,7.636924169053963e-06,0.0012894377041039
G.W. Bailey,4,4,2,4.35,5.4,19269.5,24958.0,6,10.0,2.0063824940275816e-05,0.0077826745057247
Roseanne Barr,2,2,1,5.4,5.4,13581.0,13581.0,5,0.0,0.0,0.0056165406951032
Olga Fonda,2,2,1,7.1,7.1,254841.0,254841.0,4,0.0,0.0,0.0024541752074898
Torey Michael Adkins,2,2,1,7.1,7.1,254841.0,254841.0,4,0.0,0.0,0.0024541752074898
Jacob Tremblay,4,4,2,6.8500000000000005,8.3,94272.5,161288.0,6,2.0,3.857935195719953e-05,0.0015812999798821
Nancy O'Dell,8,8,4,5.725,6.6,36505.0,98535.0,10,13.0,6.741345909079264e-05,0.0003496440940422
Vanessa Matsui,2,2,1,5.4,5.4,27257.0,27257.0,5,0.0,0.0,8.2445133484321e-05
Jason Patric,10,10,5,6.38,7.4,67352.4,92924.0,9,23.0,8.404999291060524e-05,0.0041168305458157
Lois Chiles,4,4,2,5.0,6.3,65053.5,69534.0,6,18.0,2.4887899332094588e-05,0.0006807388403412
Aramis Knight,2,2,1,6.7,6.7,184561.0,184561.0,2,0.0,0.0,0.0044344123121385
Moises Arias,8,12,6,5.8,6.7,47009.666666666664,184561.0,10,10.0,3.082125701743235e-05,0.0356185484544348
Cyril Raffaelli,4,4,2,7.2,7.2,196081.5,336235.0,4,3.0,1.7733438641947933e-05,0.0061946241350492
Jonathan Sadowski,4,4,2,6.1,7.2,194438.5,336235.0,6,5.0,6.219792239840683e-06,0.0066483189561988
Billy Boyd,5,8,4,7.825000000000001,8.9,895885.5,1238746.0,7,3.0,7.753950150098005e-06,0.0172945154288314
Cécile De France,8,10,5,6.44,7.3,61401.0,80140.0,6,8.0,0.0001166605562855,0.0175632456369833
Kelly Preston,22,22,11,6.045454545454544,7.3,57429.454545454544,189923.0,12,22.0,0.0005688748663194,0.0228898275217665
Spencer Breslin,6,6,3,5.2,6.0,26749.0,36033.0,7,2.0,3.491411156831905e-05,0.0031764402425255
Chi McBride,12,12,6,6.7,7.3,135705.66666666666,387632.0,8,12.0,0.0001580609525265,0.0113017581585428
Philip Glenister,2,2,1,7.2,7.2,217373.0,217373.0,5,0.0,0.0,0.0077598978071525
Chazz Palminteri,30,30,15,6.413333333333332,8.6,81130.8,740918.0,12,20.0,0.0012843312335143,0.0346263256251309
Jeffrey Jones,18,18,9,5.977777777777778,8.3,94844.11111111111,270790.0,15,23.0,0.0003214063749886,0.0116453200007533
Anika Noni Rose,6,6,3,5.233333333333333,7.1,56286.0,89351.0,8,6.0,5.164790884698071e-05,0.002135814252077
Jenifer Lewis,10,10,5,5.5200000000000005,7.1,20514.4,89351.0,8,8.0,4.952500383655958e-05,0.0046127033392799
Benedict Wong,8,8,4,7.674999999999999,8.1,239518.75,472488.0,6,13.0,5.560202964498542e-05,0.0106194472099703
Donald Glover,6,6,3,6.366666666666667,8.1,176839.33333333334,472488.0,7,2.0,2.249597804142028e-05,0.008335859748117
Del Zamora,4,4,2,5.65,6.9,14717.0,25332.0,5,17.0,6.76367814708657e-06,0.0013987637257282
Warren Beatty,10,10,5,5.8,7.5,19773.2,47819.0,10,20.0,8.94399568891524e-05,0.0037979344138421
Robert Duvall,43,50,25,6.968,9.2,178266.4,1155770.0,14,52.0,0.0018043057243566,0.11326538169005
Connie Nielsen,18,18,9,6.722222222222223,8.5,164061.66666666666,982637.0,10,16.0,0.0005765549859984,0.0179098044767882
Oliver Reed,8,8,4,7.925,8.5,254533.0,982637.0,8,35.0,9.24951397301587e-05,0.0038671625965445
Frank Grillo,16,18,9,6.322222222222222,8.2,125407.88888888889,399651.0,9,14.0,0.0001428449262557,0.0252206069541944
Jessica Capshaw,4,4,2,6.2,7.7,210059.0,399651.0,5,1.0,2.2565668857990547e-05,0.0054609566850209
Ivana Milicevic,16,18,9,6.3999999999999995,8.0,158946.44444444444,470501.0,10,9.0,0.0002448992497181,0.0145298290963165
Tobias Menzies,4,6,3,8.166666666666666,8.5,330458.3333333333,470501.0,6,0.0,1.717050149498452e-05,0.0026455470975568
Erick Avari,6,8,4,6.175000000000001,8.1,110688.0,177729.0,7,13.0,4.826694798761116e-05,0.0038339320852097
Estella Warren,8,10,5,5.46,7.0,88415.8,177729.0,10,2.0,0.000115349037755,0.006371699113791
Jenette Goldstein,6,6,3,7.833333333333333,8.5,412493.3333333333,744891.0,6,12.0,2.2778788037238323e-05,0.0027240776390991
S. Epatha Merkerson,8,8,4,6.825,8.5,201536.5,744891.0,6,27.0,5.929563460324544e-05,0.0018647918985696
Denzel Washington,60,64,32,7.1156250000000005,7.9,124278.59375,324671.0,14,27.0,0.0034277213982075,0.104199762394456
RZA,14,14,7,6.3999999999999995,7.8,133460.42857142858,324671.0,7,9.0,0.000194320688852,0.0172409919794253
Ruby Dee,10,12,6,6.25,7.9,72041.66666666667,324671.0,9,31.0,0.0001188150124169,0.0111955265064204
Jamie Lee Curtis,24,30,15,6.266666666666666,7.9,70608.46666666666,190439.0,12,32.0,0.0007958489251789,0.0134338146953252
Tia Carrere,12,12,6,6.449999999999999,7.2,75152.83333333333,190439.0,14,11.0,0.0001186087806414,0.0044702377493639
Tom Arnold,18,18,9,5.077777777777778,7.2,34744.77777777778,190439.0,12,24.0,0.0002791201723642,0.0180087099953564
Michael Rispoli,10,10,5,6.160000000000001,7.7,163422.8,435864.0,5,8.0,5.841444653075959e-05,0.0122832219532466
Blythe Danner,14,18,9,6.677777777777778,8.2,100662.22222222222,260442.0,11,40.0,0.0001871345606809,0.0397017543601813
Robert De Niro,94,108,54,6.7370370370370365,9.0,134840.0185185185,790926.0,18,43.0,0.0059160506924419,0.2021658375566198
Teri Polo,12,16,8,5.85,7.0,77682.0,260442.0,10,11.0,0.000326198735127,0.0455360313918331
Derek Jeter,2,2,1,6.7,6.7,189806.0,189806.0,3,0.0,0.0,0.0061232180390245
Roma Maffia,6,6,3,6.266666666666667,6.7,69750.66666666667,88241.0,5,19.0,5.710292742144981e-05,0.0051117868543257
Vanessa Williams,18,18,9,5.5555555555555545,6.9,22875.555555555555,84424.0,13,18.0,0.0002436550289192,0.0135371123227432
Bill Fagerbakke,4,4,2,6.95,7.0,80919.5,102933.0,8,8.0,4.59581474029406e-06,0.0087121923367636
Jason Alexander,8,8,4,6.324999999999999,6.9,115585.25,213476.0,10,25.0,8.878456067031133e-05,0.0159982807065538
Eartha Kitt,8,8,4,5.8500000000000005,7.3,39223.75,128285.0,7,15.0,6.563018673646866e-05,0.0020007137576589
John Fiedler,7,8,4,7.225,8.9,148392.25,447785.0,9,48.0,0.0001900094175837,0.0009198634203938
Wendie Malick,8,8,4,6.675,7.3,76169.25,131180.0,9,14.0,0.0001409429297651,0.0032319228257961
Sylvester Stallone,47,54,27,6.307407407407408,8.1,105111.33333333333,375240.0,14,40.0,0.0016475978984142,0.0685112212977952
Annie Parisse,4,4,2,6.300000000000001,6.9,132171.0,255447.0,7,10.0,1.3193654722718056e-05,0.0039546660466359
Armando Riesco,9,10,5,6.92,7.6,114579.2,255447.0,10,5.0,5.838780486823702e-05,0.0106760405806284
Ed Speleers,4,4,2,5.699999999999999,6.3,65148.0,108076.0,6,5.0,6.111151938028056e-06,0.0035173334795058
Gary Lewis,6,6,3,6.866666666666666,7.8,75941.33333333333,108076.0,9,6.0,7.423230834484533e-05,0.0044176854039309
Catherine O'Hara,26,28,14,6.678571428571428,7.6,83323.57142857143,311075.0,15,24.0,0.0005697673871463,0.0317123359063564
Max Records,2,2,1,6.8,6.8,87677.0,87677.0,4,0.0,0.0,0.0014151581986768
Ryan Corr,4,4,2,6.949999999999999,7.1,70509.0,87677.0,5,5.0,5.737171283077798e-05,0.0014231279888361
Emma Kenney,2,2,1,6.7,6.7,85833.0,85833.0,4,0.0,0.0,0.0018799668742774
Troy Evans,6,6,3,5.766666666666667,6.7,45520.666666666664,85833.0,7,24.0,4.8173652230401816e-05,0.0020569588055903
Rufus Sewell,20,26,13,6.415384615384616,7.7,138435.23076923078,295375.0,11,16.0,0.000248675801828,0.0444984837966766
Mark Margolis,22,24,12,6.8999999999999995,8.4,163491.66666666666,573541.0,12,14.0,0.0004504395505157,0.0315069627876202
Udo Kier,23,24,12,5.758333333333333,8.0,61138.666666666664,216486.0,13,18.0,0.0006481769888598,0.0134805851891125
Stephen Collins,8,8,4,6.375,8.0,119856.25,400292.0,5,11.0,3.037688680584983e-05,0.0077079206131161
Debi Mazar,17,18,9,6.388888888888889,8.5,100881.11111111111,293662.0,10,13.0,0.0002627842186477,0.0258364301211013
Rene Auberjonois,4,4,2,4.75,5.4,113638.5,190786.0,6,4.0,5.611991888440328e-06,0.0044065776231025
Jake Busey,18,18,9,6.222222222222222,8.2,71389.44444444444,221521.0,10,18.0,0.0002829053382673,0.0118472132586488
Patrick Muldoon,4,4,2,5.9,7.2,111131.5,221521.0,4,18.0,1.0351820824155888e-05,0.0008536130636307
Seth Gilliam,6,6,3,6.8,7.5,103341.66666666667,221521.0,7,19.0,5.239937836603709e-05,0.003529884069506
Jim Sturgess,12,14,7,7.257142857142857,7.8,120770.0,284825.0,8,6.0,0.0001963896532592,0.0151521676858642
Anthony LaPaglia,8,8,4,7.0,7.2,36172.5,65785.0,10,16.0,1.3519324383810092e-05,0.0056819970570193
Alex Borstein,10,10,5,5.779999999999999,7.5,63193.4,107815.0,12,12.0,7.545078698381453e-05,0.0104404723237189
Christopher Heyerdahl,6,8,4,5.125,5.8,25550.0,87451.0,6,18.0,4.887451493987196e-05,0.0052700918541522
Ingrid Bolsø Berdal,6,8,4,5.775,6.1,110971.0,159868.0,7,2.0,2.839339158042505e-05,0.0102328571099881
Michael Wincott,19,22,11,6.927272727272728,7.7,67524.72727272728,170179.0,15,27.0,0.0004008644653397,0.0335327380639415
Anna Friel,8,8,4,6.0,6.3,14610.75,52029.0,9,11.0,3.7888392010872846e-05,0.0058880895747433
Bobb'e J. Thompson,8,8,4,6.375,7.0,101122.0,195255.0,9,3.0,7.217430326891228e-05,0.0057745364495542
Ben Stein,2,2,1,2.2,2.2,40751.0,40751.0,3,0.0,0.0,0.0005688157488113
Jamie Kennedy,13,14,7,5.585714285714286,7.1,35456.42857142857,137854.0,9,15.0,0.0001875770610005,0.0120407623337297
Traylor Howard,4,4,2,4.300000000000001,6.4,30392.0,40751.0,3,7.0,5.507460267683879e-06,0.0012778761815973
Benjamin Walker,4,4,2,6.45,7.0,100205.5,128629.0,8,3.0,2.956040955733925e-06,0.0053769673464037
Frank Dillane,2,2,1,7.0,7.0,71782.0,71782.0,6,0.0,0.0,0.0030776337261289
Burt Young,10,10,5,6.06,8.4,86863.0,221000.0,7,22.0,0.0001235435454415,0.0171840300196367
Randy Quaid,14,14,7,5.728571428571429,7.4,28184.428571428572,71183.0,11,22.0,7.840539899553253e-05,0.0284579945410459
Igal Naor,2,2,1,6.9,6.9,110364.0,110364.0,4,0.0,0.0,0.0048796614667859
Sean Huze,2,2,1,6.9,6.9,110364.0,110364.0,4,0.0,0.0,0.0048796614667859
Ben Gazzara,10,10,5,5.52,7.3,13476.0,42987.0,6,17.0,4.900532802613451e-05,0.0033744464838399
Campbell Scott,10,12,6,7.550000000000001,8.3,6728.5,18697.0,11,10.0,0.0001612747325668,0.0045213411007988
Felicity Huffman,8,8,4,7.050000000000001,7.5,24645.0,36321.0,7,17.0,4.832024908394824e-05,0.0024235842212039
Patricia Velasquez,2,2,1,6.3,6.3,248045.0,248045.0,4,0.0,0.0,0.0031699474450597
Ni Ni,2,2,1,7.6,7.6,38690.0,38690.0,4,0.0,0.0,0.0046627788636947
Shigeo Kobayashi,2,2,1,7.6,7.6,38690.0,38690.0,4,0.0,0.0,0.0046627788636947
Jon Heder,18,18,9,5.9,6.9,63080.666666666664,161448.0,9,11.0,0.000230721694828,0.0258577959607627
Zooey Deschanel,36,38,19,6.494736842105265,7.9,96278.8947368421,376600.0,13,12.0,0.0013428503972502,0.067245616607135
Jon Lovitz,23,28,14,6.157142857142857,7.8,61538.21428571428,164148.0,14,28.0,0.0007131180424272,0.0493235188072623
Roger Bart,2,2,1,5.2,5.2,49739.0,49739.0,3,0.0,0.0,0.0042318120925586
Katherine LaNasa,4,4,2,6.6,7.0,59247.0,106790.0,3,4.0,3.2244349786939915e-06,0.0053906200388477
Thomas Middleditch,2,2,1,6.2,6.2,106790.0,106790.0,1,0.0,0.0,0.004168300945734
Milla Jovovich,33,38,19,6.1000000000000005,7.7,96387.26315789473,343274.0,12,25.0,0.0009885439370143,0.0597566017557469
Chris Noth,11,12,6,5.766666666666667,7.0,33800.0,80025.0,8,13.0,0.0001314246735996,0.0054588905072364
Kristin Davis,11,12,6,5.083333333333333,7.0,54267.666666666664,83506.0,8,7.0,7.51237264286451e-05,0.0149038436168229
Liza Minnelli,6,6,3,5.533333333333334,6.7,26207.666666666668,59581.0,5,33.0,6.578844376502786e-05,0.0100318282766156
Elton John,6,6,3,6.7,7.4,59465.333333333336,119622.0,6,9.0,0.0001096356659055,0.0011024615661367
Frank Welker,16,16,8,6.2250000000000005,8.0,73268.875,260939.0,12,14.0,0.0002805661985676,0.0164968401482094
Rosie Perez,10,10,5,6.6,7.0,68339.0,255257.0,9,12.0,0.0001984048225486,0.0085015204961722
Drake,2,2,1,6.6,6.6,145321.0,145321.0,4,0.0,0.0,0.0022213779866619
Derek Jacobi,14,16,8,6.8375,8.0,117575.75,503631.0,11,26.0,0.0001221960048725,0.0177946669197495
AJ Michalka,4,6,3,6.833333333333333,7.1,179348.33333333334,287822.0,5,2.0,1.8367225983411348e-05,0.0008479592917941
Michael Imperioli,8,10,5,5.92,6.7,69308.8,125114.0,5,17.0,0.0001119028043833,0.0034641923448861
Alexander Gould,6,6,3,6.533333333333332,8.2,238737.33333333334,692482.0,7,4.0,1.8676830661719525e-05,0.0093265263301102
Bernard Hill,10,10,5,6.9799999999999995,8.9,291093.4,1215718.0,8,7.0,0.0001180540318964,0.0157805257385799
Olivia Williams,22,22,11,6.636363636363637,8.1,115437.81818181818,704766.0,14,17.0,0.001234724515941,0.0260126373170724
Chris Barrie,2,2,1,5.7,5.7,157016.0,157016.0,4,0.0,0.0,0.0054188600717318
Alessandro Nivola,8,8,4,6.475,7.9,74865.5,219501.0,9,8.0,6.824724566352675e-05,0.0032991921287089
Michael Jeter,14,14,7,6.799999999999999,8.5,186790.7142857143,782610.0,14,6.0,0.0001785532039348,0.0248541128704085
Trevor Morgan,8,8,4,5.45,7.3,68523.5,219501.0,8,6.0,5.36448908605992e-05,0.0033527833685389
David Oyelowo,20,22,11,6.627272727272728,7.7,113397.54545454546,403836.0,11,10.0,0.0002534961654021,0.034208648015448
Joan Plowright,8,8,4,6.35,6.9,46968.5,106528.0,8,15.0,3.420632322122845e-05,0.0027864307619926
Tod Fennell,2,2,1,6.6,6.6,68935.0,68935.0,3,0.0,0.0,0.0005831064316726
Cole Hauser,20,22,11,6.290909090909091,7.7,80728.63636363637,193962.0,9,20.0,0.0006174860547034,0.0303803527951951
Megalyn Echikunwoke,6,6,3,5.333333333333333,5.7,58418.0,165618.0,7,2.0,5.321217929658734e-05,0.0087240864587008
Craig T. Nelson,18,20,10,6.609999999999999,8.0,110611.6,479166.0,15,33.0,0.0002965363025549,0.0164212271898067
Holly Hunter,24,26,13,6.93076923076923,8.0,78509.46153846153,479166.0,12,19.0,0.0005513192619364,0.0203379284550424
Lou Romano,2,2,1,8.0,8.0,479166.0,479166.0,4,0.0,0.0,0.0015696840062804
Christopher Masterson,4,4,2,5.949999999999999,6.3,59650.5,98199.0,4,2.0,1.9947884340338408e-06,0.0081030176672979
Matthew Modine,4,4,2,5.949999999999999,6.3,88684.5,156267.0,5,10.0,3.326802233924412e-06,0.0115282191294769
Linda Fiorentino,6,6,3,6.0,7.3,140103.66666666666,403014.0,8,5.0,4.181503962026124e-05,0.0087909546330342
Ethan Suplee,17,20,10,7.25,8.6,184201.0,782437.0,8,15.0,0.0002220672997121,0.0370937088126054
Harris Yulin,4,4,2,6.3,6.6,86258.5,160440.0,5,0.0,4.6739346350241294e-05,0.0003691719603566
John Lone,2,2,1,6.6,6.6,160440.0,160440.0,4,0.0,0.0,1.646880043631599e-05
Mei Melançon,2,2,1,6.6,6.6,160440.0,160440.0,4,0.0,0.0,1.646880043631599e-05
Amber Valletta,14,14,7,5.957142857142856,6.7,51353.0,98403.0,10,10.0,0.0002707555584715,0.0106297119931803
Miranda Otto,10,10,5,6.4,7.6,74047.6,138941.0,10,16.0,9.461256905772809e-05,0.0082856868412873
Al Roker,2,2,1,7.0,7.0,152601.0,152601.0,4,0.0,0.0,0.0005795252640791
Will Forte,16,18,9,6.166666666666667,7.8,71964.33333333333,152601.0,9,9.0,0.00010879960593,0.0077926688206434
Denis Leary,10,10,5,6.88,7.6,167936.4,328159.0,10,11.0,7.529617010177398e-05,0.0124931676176551
Kelly Keaton,2,2,1,7.0,7.0,166791.0,166791.0,5,0.0,0.0,0.00055707680629
Maile Flanagan,2,2,1,7.0,7.0,166791.0,166791.0,5,0.0,0.0,0.00055707680629
Adrian Martinez,10,10,5,6.4799999999999995,7.3,85744.2,236421.0,7,12.0,8.424567746553897e-05,0.0117957573419816
Joey Slotnick,6,6,3,6.3999999999999995,7.3,113739.33333333333,236421.0,9,13.0,2.3078499745384508e-05,0.0029367887324523
Kelly Lynch,6,6,3,5.833333333333333,6.5,65590.0,145350.0,6,12.0,2.9224180869788917e-05,0.0071959788949874
LL Cool J,20,20,10,5.569999999999999,6.8,56354.8,145350.0,11,8.0,0.0002957081723902,0.0263454224563866
Harvey Fierstein,8,8,4,5.275,7.5,56277.25,171792.0,9,14.0,0.0001627665066258,0.0021847550435397
June Foray,2,2,1,7.5,7.5,171792.0,171792.0,6,0.0,0.0,0.000367678156406
Brandon T. Jackson,9,10,5,5.640000000000001,7.0,85482.6,307539.0,9,8.0,1.8493540456623205e-05,0.0122115055628232
Goran Visnjic,12,12,6,6.466666666666666,7.8,156578.66666666666,330152.0,11,15.0,0.0001131672395744,0.0202416696109343
Joely Richardson,10,10,5,6.6,7.8,104374.0,330152.0,9,31.0,5.231481213399258e-05,0.0068230179812831
Aldis Hodge,4,4,2,7.75,7.9,209593.0,299258.0,8,20.0,0.0001765857610921,0.0062134877658175
Kevin Chamberlin,6,6,3,6.733333333333334,7.6,113492.0,299258.0,8,14.0,0.0001132192035584,0.0072777024871516
Robert Maillet,4,4,2,6.65,7.6,254701.5,477300.0,6,5.0,3.518934846044651e-06,0.0089397113601665
Cree Summer,7,8,4,5.875,6.8,26122.0,72591.0,9,5.0,2.547984996549678e-05,0.0026217832024784
Jim Varney,4,4,2,7.550000000000001,8.3,348174.0,623757.0,7,6.0,1.3151924969468411e-05,0.004410864466519
Bella Thorne,10,10,5,5.88,6.5,36502.6,87165.0,9,6.0,5.317795187090124e-05,0.0114498582612543
Jesse McCartney,9,10,5,4.82,5.2,34764.6,57276.0,10,8.0,2.450931614860293e-05,0.0041792847487605
Joshua Mikel,4,6,3,5.733333333333333,6.1,13936.333333333334,16198.0,9,0.0,8.678611042906591e-06,0.0204187152284296
Adam Sandler,37,48,24,6.129166666666666,7.5,119908.29166666667,266103.0,12,19.0,0.000648319882052,0.0648747856600086
Kevin Nealon,10,12,6,5.583333333333333,7.0,84953.33333333333,172878.0,10,15.0,4.0156130569957264e-05,0.0123439810804245
Sayed Badreya,4,4,2,5.95,6.4,185105.5,213863.0,3,4.0,1.3234331220166912e-05,0.0034382884920367
Haley Joel Osment,17,18,9,6.099999999999999,8.1,126152.66666666667,704766.0,12,20.0,0.0003168774827591,0.037697387332617
Kevin Sussman,14,14,7,6.214285714285714,7.1,116352.0,248468.0,7,9.0,0.0001580309585302,0.0256974481023372
Marc John Jefferies,6,6,3,5.666666666666667,7.1,24062.0,35834.0,12,13.0,2.9590496503986484e-05,0.0021723062096316
Marsha Thomason,6,6,3,4.733333333333333,4.9,21979.666666666668,32049.0,6,3.0,4.178984758408728e-05,0.005428622927533
Rachael Harris,8,10,5,6.16,6.7,28508.4,44099.0,8,9.0,6.185561033118099e-05,0.0098283022145394
Larry King,6,6,3,6.866666666666667,7.5,83890.66666666667,200556.0,7,14.0,5.265891351279854e-05,0.0102634427529984
Tom Skerritt,20,20,10,6.470000000000001,8.5,164380.1,563827.0,13,33.0,0.0005439544373411,0.0207197539429481
Greg Grunberg,8,8,4,5.9750000000000005,7.7,81033.75,202115.0,8,14.0,1.9252737392683323e-05,0.0018307957635473
Kim Dickens,8,8,4,7.0,7.7,98498.0,223127.0,10,11.0,8.310425998035548e-05,0.0015984288129654
Curtiss Cook,8,8,4,6.5,7.4,39876.25,86152.0,5,8.0,8.245403603608288e-05,0.0026524969551069
George Harris,4,4,2,6.050000000000001,6.4,43479.0,86152.0,6,1.0,3.261240582086696e-05,0.0001684348900639
Michael Wright,2,2,1,6.4,6.4,86152.0,86152.0,3,0.0,0.0,0.0001204290960829
Leven Rambin,6,6,3,6.133333333333334,7.2,37685.333333333336,86627.0,7,3.0,1.3349231024791012e-05,0.0069619981285821
Sanaa Lathan,15,16,8,6.650000000000001,7.2,57530.0,191437.0,12,18.0,0.0003204539498162,0.0220184326858407
Alun Armstrong,8,8,4,6.1499999999999995,6.2,33294.5,52136.0,9,17.0,8.355445513015518e-05,0.0056760477818566
Michael Byrne,4,4,2,4.3,6.2,58800.0,65464.0,5,3.0,6.027788195701503e-06,0.000627385206722
Velibor Topic,2,2,1,6.2,6.2,52136.0,52136.0,5,0.0,0.0,0.0002690618732789
Catherine McCormack,12,12,6,6.349999999999999,7.0,66667.83333333333,212167.0,10,9.0,0.0002240021826995,0.0141409396330185
Stephen Dillane,12,12,6,6.966666666666666,7.6,51020.5,121259.0,7,10.0,8.442243996333821e-05,0.0177894952760617
Kim Delaney,2,2,1,5.6,5.6,60467.0,60467.0,3,0.0,0.0,0.0021776283307584
Wanda Sykes,10,10,5,5.66,7.0,54218.2,165333.0,9,10.0,5.4930065554174506e-05,0.0091336132905103
Will.i.am,2,2,1,7.0,7.0,165333.0,165333.0,5,0.0,0.0,0.0043408851035256
Anne Heche,18,18,9,6.2444444444444445,7.8,66822.22222222222,225122.0,12,11.0,0.0002273628740574,0.0317681318972226
Gaby Hoffmann,12,12,6,6.616666666666666,7.7,37787.166666666664,86664.0,9,18.0,9.477893563062044e-05,0.0097610409268292
Natascha McElhone,8,8,4,6.2,8.1,219079.0,667983.0,8,5.0,4.6620214871204784e-05,0.0211189227623557
Christian Camargo,4,4,2,7.15,7.6,190688.0,332065.0,4,6.0,3.2981302013930046e-06,0.0073566758555176
Lex Shrapnel,2,2,1,6.7,6.7,49311.0,49311.0,4,0.0,0.0,0.0054297550268285
Sandahl Bergman,4,6,3,6.266666666666667,6.9,85449.33333333333,113068.0,3,3.0,9.07121138344016e-06,0.0020566953171177
William Smith,8,10,5,6.8,7.2,65160.6,113068.0,6,16.0,8.598205593618413e-05,0.0063214486149348
Bruce McGill,32,32,16,6.449999999999998,8.0,60487.1875,197412.0,14,34.0,0.0011960719183905,0.0356563745883279
Paddy Considine,14,14,7,7.242857142857143,8.0,43637.71428571428,148238.0,7,13.0,0.0001907855178755,0.0068392218566581
Rosemarie DeWitt,8,10,5,6.540000000000001,8.0,80065.8,148238.0,7,7.0,0.000111223486342,0.0078051966360424
Richard E. Grant,12,12,6,5.8999999999999995,7.2,20384.0,43376.0,11,24.0,0.0003043029488866,0.0104202119047051
Shirley Henderson,20,22,11,6.718181818181819,8.5,70407.36363636363,469561.0,11,14.0,0.0004257744477637,0.0307846406991907
Michael Angarano,26,26,13,6.561538461538461,7.9,54373.769230769234,207287.0,15,15.0,0.0005246632233226,0.0314804109222083
Alan Ruck,16,16,8,6.225,7.2,84126.75,260981.0,9,18.0,0.0001994891807006,0.0179146245708292
Jami Gertz,6,6,3,6.3,7.2,79898.66666666667,144053.0,7,19.0,4.0604825618587134e-05,0.0065036423558157
Nick Searcy,4,4,2,6.5,7.7,199664.5,394317.0,5,7.0,1.890707202255808e-05,0.0030659795540512
Paul Sanchez,4,4,2,6.85,7.7,200990.0,394317.0,6,10.0,7.086729211683523e-06,0.0070937129410252
Elizabeth Daily,11,12,6,6.183333333333334,7.2,34809.666666666664,132501.0,11,8.0,0.0002840281992234,0.0074623121332064
Joan Allen,21,22,11,7.281818181818182,8.3,112540.09090909091,348232.0,12,29.0,0.0006290565929714,0.0296478509121205
Oksana Akinshina,4,4,2,7.85,7.9,191848.0,348232.0,5,2.0,4.6739346350241294e-05,0.0059597237378524
Dean Stockwell,10,10,5,6.839999999999999,7.4,61740.0,146134.0,8,54.0,8.905799692642772e-05,0.0160490013506467
Elliott Gould,4,4,2,6.949999999999999,7.8,213739.5,402645.0,4,3.0,1.221818250498948e-05,0.0093030845791754
Caroline Dhavernas,8,8,4,6.8,8.6,62134.5,159910.0,9,2.0,7.05059823099001e-05,0.0010473602625675
Hettienne Park,2,2,1,8.6,8.6,159910.0,159910.0,5,,0.0,4.670769459043524e-05
Scott Thompson,2,2,1,8.6,8.6,159910.0,159910.0,5,,0.0,4.670769459043524e-05
Jim Carter,6,6,3,5.533333333333334,6.1,18802.666666666668,26413.0,7,8.0,0.0002685990239552,0.0015227028799815
Gabourey Sidibe,8,10,5,7.159999999999999,7.8,99449.4,185845.0,5,3.0,5.523457292831213e-05,0.0044204710369804
Sarah Parish,2,2,1,6.9,6.9,182757.0,182757.0,2,0.0,0.0,0.0053603710795787
Lisa Bonet,4,4,2,7.449999999999999,7.6,165626.5,188116.0,8,2.0,3.5068206409468168e-06,0.0036294008490142
Hunter Parrish,12,12,6,6.633333333333333,7.5,64115.333333333336,146899.0,8,10.0,5.804420717173815e-05,0.018250583389212
Meryl Streep,49,52,26,6.896153846153846,8.2,79385.61538461539,286178.0,18,39.0,0.0016204497448134,0.1132715164908652
Zoe Kazan,10,10,5,6.459999999999999,6.8,20064.0,69860.0,4,7.0,0.0001036915969291,0.0088787904685091
Al Pacino,39,42,21,6.876190476190475,9.2,206982.57142857142,1155770.0,10,44.0,0.00121469575585,0.0941933025047084
Debra Messing,14,14,7,6.114285714285715,6.6,45003.71428571428,106909.0,9,6.0,0.0003498207164691,0.0165575881051989
Jane Krakowski,12,12,6,5.916666666666668,7.4,32466.666666666668,71183.0,7,25.0,8.050637202517277e-05,0.010606972277832
Bob Hoskins,32,32,16,6.6625000000000005,8.0,50535.3125,188887.0,16,28.0,0.001543981740615,0.0512630283964469
Clemens Schick,4,4,2,6.85,7.6,95312.5,188887.0,3,13.0,0.0003558733831107,0.0022948211535391
Gabriel Thomson,2,2,1,7.6,7.6,188887.0,188887.0,3,0.0,0.0,0.0022864092645945
F. Murray Abraham,16,16,8,6.875,8.3,193294.0,537442.0,13,31.0,0.0007627201500859,0.0249470821940456
Tom Noonan,10,10,5,6.82,7.6,37904.0,106528.0,11,22.0,0.0001649992133772,0.0059298656272743
Karl Yune,2,2,1,7.3,7.3,119286.0,119286.0,2,0.0,0.0,0.0007561828869023
Li Gong,12,12,6,6.883333333333333,7.5,47935.333333333336,119286.0,8,12.0,0.0004307287047406,0.0011158405783974
Amber Stevens West,4,4,2,6.55,7.1,218843.0,258186.0,4,8.0,4.6739346350241294e-05,0.0023962723307008
Nikki Griffin,2,2,1,6.0,6.0,179500.0,179500.0,3,0.0,0.0,0.0001068765671566
Zachery Ty Bryan,2,2,1,6.0,6.0,179500.0,179500.0,3,0.0,0.0,0.0001068765671566
Imelda Staunton,15,16,8,7.05,7.7,49137.5,140499.0,11,11.0,0.0002254748391994,0.0190029967035979
Michael Palin,6,6,3,7.466666666666666,8.3,154525.33333333334,382240.0,6,36.0,1.80244637233066e-05,0.0057165993273896
Jsu Garcia,2,2,1,5.5,5.5,61417.0,61417.0,3,0.0,0.0,0.0003492652859817
Raymond Cruz,10,10,5,6.56,8.0,67162.0,170179.0,7,9.0,6.983106198901845e-05,0.0078317889285542
Rick Worthy,2,2,1,5.5,5.5,61417.0,61417.0,3,0.0,0.0,0.0003492652859817
Ben Vereen,4,4,2,7.4,7.8,11341.0,19228.0,5,10.0,4.6739346350241294e-05,9.395572397737684e-07
Max Wright,2,2,1,7.8,7.8,19228.0,19228.0,4,0.0,0.0,9.36097338121325e-07
Roy Scheider,9,12,6,7.466666666666666,8.0,109576.83333333333,412454.0,9,8.0,0.0004078936257078,2.0968874303094546e-05
Anna Kendrick,26,30,15,6.373333333333333,7.7,165084.2,348010.0,12,7.0,0.0006091573747715,0.0447086874775846
Ellen Wong,2,2,1,7.5,7.5,273921.0,273921.0,4,0.0,0.0,0.0024690293065777
Kieran Culkin,16,16,8,6.6625,7.5,77730.5,273921.0,9,19.0,0.0002356186409116,0.0131209888908589
Rekha Sharma,2,2,1,5.4,5.4,77029.0,77029.0,4,0.0,0.0,0.00081131104399
Tchéky Karyo,8,8,4,6.500000000000001,7.2,114365.75,199025.0,8,8.0,0.0001065223309142,0.0032283501564443
Chris Elliott,8,8,4,5.199999999999999,8.1,124063.75,437418.0,8,16.0,0.0001242949780237,0.0063540358679823
Janet Jackson,4,4,2,5.1,5.9,24147.5,39391.0,4,7.0,7.829588605061043e-06,0.0008908373715273
Larry Miller,20,20,10,4.970000000000001,7.6,28663.1,175962.0,11,16.0,0.0007646444620038,0.011839256731171
Linda Cardellini,13,14,7,5.985714285714286,7.0,61683.42857142857,131801.0,9,17.0,7.604916884358751e-05,0.0091845345010057
Miguel A. Núñez Jr.,2,2,1,4.9,4.9,71424.0,71424.0,3,0.0,0.0,0.0009758859053504
Sarah Michelle Gellar,23,24,12,5.741666666666667,8.2,58566.083333333336,149222.0,13,12.0,0.0003850459140108,0.0136702967744468
Jason Cope,6,8,4,7.05,8.0,250356.5,531737.0,3,4.0,2.576552227493152e-05,0.001091130122918
Rakie Ayola,2,4,2,7.1,7.1,203459.5,203461.0,2,0.0,0.0,0.0001511644279781
Wood Harris,4,6,3,6.766666666666666,7.1,136415.0,203461.0,4,3.0,1.144204131133478e-05,0.0006790092384796
Cameron Monaghan,4,4,2,5.9,6.4,129597.0,246492.0,4,5.0,2.0651962776629335e-05,0.003288520846143
Julie Kavner,6,6,3,6.866666666666667,7.6,92510.0,246492.0,4,19.0,2.009120116991532e-05,0.0070716910428901
Adrienne Barbeau,6,8,4,6.7749999999999995,7.2,38796.5,91017.0,5,9.0,6.955701472593476e-05,0.0031035821885258
Hal Holbrook,18,22,11,7.054545454545454,8.2,90243.27272727272,426359.0,16,35.0,0.0004636388892518,0.0191931103468875
Ted Danson,10,12,6,6.25,6.9,21964.666666666668,36918.0,9,30.0,6.485986501096966e-05,0.0102684129927702
Katt Williams,4,4,2,5.05,5.8,14758.5,19284.0,5,8.0,4.8971339326222e-06,0.0027240932628104
Tom Hulce,4,4,2,7.2,8.3,256921.5,270790.0,8,24.0,1.557832010416021e-05,0.0048018459146729
Brian Steele,4,4,2,6.9,7.0,226494.0,244566.0,5,4.0,2.6822434059200883e-05,0.0015156501805089
Iván Kamarás,2,2,1,7.0,7.0,208422.0,208422.0,5,0.0,0.0,0.0014968615367278
Seth MacFarlane,9,10,5,6.16,7.0,202608.8,471644.0,7,7.0,0.0001107366216521,0.0335492709742323
Anthony Edwards,6,6,3,6.266666666666667,7.7,103278.33333333333,301279.0,7,6.0,6.298065462081267e-05,0.010944681784296
Michael Rapaport,32,32,16,6.4125000000000005,8.0,57500.4375,244840.0,11,22.0,0.0015430367463056,0.0570377143170627
Vanessa Redgrave,22,22,11,6.854545454545455,7.5,60825.36363636364,300542.0,11,36.0,0.0003363508062183,0.0366450723959591
Anthony Reynolds,4,4,2,6.699999999999999,7.3,352084.0,701607.0,5,1.0,1.4627959210537136e-05,0.0046998795113008
Mason Lee,2,2,1,6.5,6.5,375879.0,375879.0,1,0.0,0.0,0.0037870271354973
Mike Tyson,6,6,3,6.966666666666666,7.2,186640.33333333334,375879.0,6,9.0,7.341228283995379e-05,0.0073228009528623
Andrew Bryniarski,4,4,2,5.0,7.0,118759.5,215255.0,3,10.0,2.2150779293110124e-06,0.0023523812297897
David Ogden Stiers,8,8,4,7.1,8.4,44006.5,117212.0,9,1.0,0.0002209810311683,0.0012939236405243
Jason Scott Lee,8,8,4,6.4,7.2,42156.25,117212.0,11,11.0,5.520760078429793e-05,0.0029065634312638
Garrick Hagon,2,2,1,6.7,6.7,125036.0,125036.0,4,0.0,0.0,0.0104559405341043
Dalip Singh,2,2,1,6.4,6.4,130070.0,130070.0,3,0.0,0.0,0.0028955768585832
Steve Reevis,2,2,1,6.4,6.4,130070.0,130070.0,3,0.0,0.0,0.0028955768585832
Lauren Gottlieb,4,4,2,5.4,6.4,13928.0,22838.0,8,2.0,4.6739346350241294e-05,0.0010644471335742
Paul Michael Glaser,4,4,2,7.35,8.0,60465.5,91092.0,5,32.0,2.744033010703888e-05,0.0063138671480379
Joseph Sikora,4,4,2,6.699999999999999,8.1,404156.0,786092.0,4,10.0,3.459274275345124e-06,0.0065807218483419
Nellie Sciutto,2,2,1,8.1,8.1,786092.0,786092.0,2,0.0,0.0,0.0035811880203547
Katy Mixon,10,10,5,5.9399999999999995,7.4,49016.8,81800.0,6,6.0,6.271129728743081e-05,0.0172221819930644
Drew Carey,2,2,1,6.3,6.3,103022.0,103022.0,5,0.0,0.0,0.0039500794449038
Paula Abdul,2,2,1,6.3,6.3,103022.0,103022.0,5,0.0,0.0,0.0039500794449038
Carmen Electra,17,18,9,4.144444444444443,6.1,70009.88888888889,120795.0,6,7.0,0.000116755232034,0.0187984740953006
Kathryn Joosten,2,2,1,6.1,6.1,72326.0,72326.0,4,0.0,0.0,0.0035745760209627
Jennifer Jason Leigh,27,30,15,7.06,7.9,85631.0,281649.0,14,33.0,0.0007752639968652,0.027330599768466
Liam Aiken,12,12,6,6.2,7.7,49675.5,200359.0,9,12.0,0.0002419678422662,0.0107901527489508
Bailee Madison,10,10,5,6.4799999999999995,7.2,86651.0,172878.0,8,5.0,0.0001048497756438,0.0144833738518875
Charlie Cox,2,2,1,8.8,8.8,213483.0,213483.0,6,,0.0,0.0002233788655721
Elden Henson,14,14,7,6.471428571428572,8.8,48111.857142857145,213483.0,14,13.0,0.0003216039281676,0.0050070019655599
Royce Johnson,2,2,1,8.8,8.8,213483.0,213483.0,6,,0.0,0.0002233788655721
Dave Chappelle,19,20,10,6.03,7.2,63132.4,225282.0,9,9.0,0.0003147944071064,0.0221092602882056
Monica Potter,13,16,8,6.6625000000000005,7.7,102175.125,299127.0,10,12.0,0.0002474826519207,0.0307786401236663
Cameron Boyce,4,4,2,6.4,6.6,118484.5,150764.0,4,0.0,7.957392534243203e-06,0.0079171456364705
Ethan Embry,22,22,11,6.3,7.1,53829.27272727273,155262.0,12,17.0,0.000661442949122,0.0243675183024652
Jodi Benson,2,2,1,5.2,5.2,63625.0,63625.0,3,0.0,0.0,0.0033536845478424
Sam Lloyd,2,2,1,5.2,5.2,63625.0,63625.0,3,0.0,0.0,0.0033536845478424
Lili Taylor,18,18,9,6.566666666666667,7.6,100295.22222222222,300110.0,11,27.0,0.0001815001571693,0.0251626201292327
Virginia Madsen,24,24,12,6.216666666666666,7.5,56811.5,164608.0,14,31.0,0.0002918795323406,0.0388015555523275
Michael Jordan,3,4,2,6.9,7.5,56945.0,112167.0,8,4.0,3.111222784441657e-07,0.0103942417127951
Henry Czerny,6,6,3,6.633333333333333,7.5,45650.0,65499.0,8,9.0,0.0002686818451835,0.0023007194600925
Roger Rees,14,14,7,5.828571428571428,7.4,50998.57142857143,102129.0,13,13.0,0.000302940484677,0.0147687342115641
William Abadie,2,2,1,5.6,5.6,65499.0,65499.0,5,0.0,0.0,0.0007289708776697
Juan Riedinger,2,4,2,5.5,5.5,139424.5,139426.0,3,0.0,0.0,0.0076083155442767
Alex McArthur,2,2,1,6.7,6.7,76099.0,76099.0,5,0.0,0.0,0.0047565781589462
Michael Potts,2,2,1,6.7,6.7,76099.0,76099.0,5,0.0,0.0,0.0047565781589462
Jim Parrack,4,4,2,6.699999999999999,7.6,229070.0,303185.0,4,3.0,4.062324490761874e-06,0.0095928419434873
Josh Robert Thompson,2,2,1,4.6,4.6,16385.0,16385.0,4,0.0,0.0,0.0007276733134431
Tom Cavanagh,4,4,2,4.949999999999999,5.3,11326.0,16385.0,6,3.0,3.0581826255054277e-06,0.0010553165875757
Charles Napier,10,10,5,5.76,7.0,52325.8,183425.0,10,39.0,0.0001213079503654,0.0103301538572756
Zahn McClarnon,2,2,1,7.0,7.0,44143.0,44143.0,4,0.0,0.0,0.0051124255910029
Leslie Bibb,18,18,9,5.9444444444444455,7.4,59289.333333333336,217480.0,11,14.0,0.0005162464567141,0.0203176422416549
Nicholas Turturro,8,8,4,4.9750000000000005,6.5,16575.25,44662.0,7,21.0,2.7637697453551516e-05,0.0089690070650889
June Lockhart,4,4,2,4.8,5.1,29636.0,58402.0,7,16.0,9.382401296969987e-05,0.0057086400287898
Dorian Missick,16,18,9,6.666666666666667,8.1,97416.33333333333,262160.0,11,12.0,0.0001920353108461,0.0437928656377497
Jose Pablo Cantillo,10,12,6,6.849999999999999,7.0,141389.33333333334,196422.0,7,11.0,0.0001054922941862,0.0155329522631815
Michael Brandon,2,2,1,7.0,7.0,666.0,666.0,2,0.0,0.0,0.0023239484663756
Fran Drescher,4,4,2,6.85,7.0,38958.5,56501.0,5,26.0,2.114102399309364e-05,0.0081640133132738
Agnes Moorehead,4,4,2,7.3,7.6,7482.5,11427.0,6,0.0,4.6739346350241294e-05,1.7164266022831305e-07
Dick York,2,2,1,7.6,7.6,11427.0,11427.0,3,,0.0,7.681556060278914e-09
Elizabeth Montgomery,2,2,1,7.6,7.6,11427.0,11427.0,3,,0.0,7.681556060278914e-09
Alan Young,2,2,1,5.9,5.9,103787.0,103787.0,3,0.0,0.0,0.0006488737637236
Josh Stamberg,2,2,1,5.9,5.9,103787.0,103787.0,3,0.0,0.0,0.0006488737637236
David Paymer,8,8,4,5.65,6.2,30454.0,78974.0,8,14.0,0.0002357433257354,0.0063251720640192
Mika Boorem,6,6,3,6.033333333333334,6.9,26453.333333333332,30339.0,9,4.0,3.223474711402379e-05,0.0118300325489993
Adrian Alonso,2,2,1,5.9,5.9,71574.0,71574.0,3,0.0,0.0,0.0003373026799527
Michael Emerson,6,6,3,7.333333333333333,8.4,133711.66666666666,299127.0,9,9.0,1.2140662185462184e-05,0.0023835642373648
Nick Chinlund,8,8,4,5.475,6.7,68087.5,128010.0,7,23.0,8.878057818797784e-05,0.0055164937680884
Annabella Sciorra,6,8,4,5.925,7.0,36115.75,83560.0,5,15.0,5.491881510886254e-05,0.0036899524399727
Rosalind Chao,2,2,1,7.0,7.0,83560.0,83560.0,3,0.0,0.0,0.0033680532919248
Michael McKean,18,18,9,6.433333333333334,7.5,31912.11111111111,80639.0,11,17.0,0.0004408648258695,0.0126320596021378
Bart the Bear,2,2,1,6.9,6.9,55913.0,55913.0,4,0.0,0.0,0.0056517553234193
Harold Perrineau,19,22,11,6.672727272727273,7.5,77519.90909090909,216032.0,11,17.0,0.0002329914002487,0.0225839861209388
Boris Kodjoe,15,16,8,5.487500000000001,6.5,52874.25,151424.0,9,12.0,0.0001559917467575,0.0178600398332089
Devin Ratray,11,12,6,6.866666666666666,7.8,138053.33333333334,311075.0,9,23.0,7.803583025443905e-05,0.0118853752286799
Bruce Thomas,2,2,1,7.3,7.3,45231.0,45231.0,3,0.0,0.0,0.0014252583912309
Jon Foster,2,2,1,7.3,7.3,45231.0,45231.0,3,0.0,0.0,0.0014252583912309
Amy Brenneman,2,2,1,5.8,5.8,53132.0,53132.0,4,0.0,0.0,0.0055075415676905
Viggo Mortensen,38,38,19,6.6157894736842096,7.7,60084.36842105263,189249.0,14,29.0,0.0015021661665463,0.0604982073107957
Charlie Rowe,6,6,3,6.6000000000000005,7.4,69906.0,109873.0,8,4.0,0.0003645565245481,0.0056044712893666
Madison Rothschild,2,2,1,5.2,5.2,8913.0,8913.0,3,0.0,0.0,0.0002500776441668
Tiya Sircar,4,4,2,5.0,5.2,5095.5,8913.0,4,0.0,9.245161347902227e-05,0.0002520956850879
John Topor,2,2,1,2.4,2.4,65464.0,65464.0,3,0.0,0.0,0.0003840125900743
Richard Tyson,9,10,5,5.159999999999999,7.1,96899.6,247289.0,9,22.0,0.0001873257752028,0.0083655202990962
Heather Locklear,8,8,4,5.575,6.1,17485.75,24183.0,12,25.0,0.0003250106168097,0.0029137560840121
Jenna Elfman,2,2,1,5.7,5.7,24183.0,24183.0,6,0.0,0.0,0.001109245457958
Brian Anthony Wilson,2,2,1,6.0,6.0,56403.0,56403.0,4,0.0,0.0,0.0014722300438753
Larenz Tate,9,10,5,6.7,7.5,27632.6,56403.0,8,10.0,5.142561454159564e-05,0.0084628521635794
Adam Goldberg,21,22,11,6.827272727272727,9.0,110441.18181818182,610568.0,14,18.0,0.0006887378708714,0.0309567879486989
Glenne Headly,4,4,2,5.199999999999999,5.8,24138.0,24868.0,7,6.0,2.790216073893436e-05,0.0022967980226077
Joseph Gilgun,11,12,6,7.1000000000000005,8.3,56645.833333333336,99177.0,9,10.0,3.944901479080481e-05,0.0060369726845745
Lotte Verbeek,2,2,1,6.0,6.0,58752.0,58752.0,3,0.0,0.0,0.0022051232696785
Adam LeFevre,6,6,3,6.333333333333333,7.2,11514.333333333334,25843.0,9,5.0,0.0003352750408713,8.86389706049593e-05
Mia Farrow,10,10,5,6.8,8.0,52251.0,140527.0,8,40.0,0.0004092196761316,0.0010867502805128
Penny Balfour,2,2,1,6.0,6.0,25843.0,25843.0,4,0.0,0.0,5.020408667046305e-05
Jacques Perrin,3,3,2,7.9,8.0,8999.5,10369.0,2,8.0,0.0002394924106986,3.106255767973148e-06
Pedro Armendáriz Jr.,4,4,2,7.3,7.8,9359.0,11088.0,3,7.0,0.0002860447996634,6.942141586274668e-05
Rie Miyazawa,2,2,1,7.8,7.8,7630.0,7630.0,2,0.0,0.0,3.100793275591636e-06
Jemima Rooper,2,2,1,4.2,4.2,16474.0,16474.0,5,0.0,0.0,0.0020641196268545
Currie Graham,2,2,1,5.6,5.6,84508.0,84508.0,5,0.0,0.0,0.0002826221688422
Dylan Schombing,2,2,1,5.6,5.6,84508.0,84508.0,5,0.0,0.0,0.0002826221688422
Sasha Roiz,4,4,2,6.1,6.6,98638.5,112769.0,7,8.0,4.664586765754081e-05,0.0063368848143902
Austin Pendleton,10,10,5,6.8,8.2,146591.2,610568.0,4,36.0,0.0003911933024226,0.0076165568655192
Niketa Calame,2,2,1,8.5,8.5,644348.0,644348.0,5,0.0,0.0,0.0031257902332367
Melissa Sturm,2,2,1,6.5,6.5,64387.0,64387.0,5,0.0,0.0,0.0004527902852429
Emily Watson,18,18,9,7.2666666666666675,7.7,110116.77777777778,265507.0,9,15.0,0.000485512885668,0.0264390574107887
Tim Meadows,10,10,5,5.24,6.7,36801.6,60370.0,8,11.0,0.000530722199478,0.0145428802772265
Mo Gallini,2,2,1,5.9,5.9,191912.0,191912.0,3,0.0,0.0,0.0032521314983468
Jeremy Northam,12,12,6,6.3999999999999995,6.9,27649.5,65037.0,10,12.0,0.0004721518200719,0.0052347293539739
Veronica Cartwright,6,6,3,5.566666666666667,5.9,61668.0,119590.0,4,10.0,2.4313127559411566e-05,0.0027624456114484
Jonathan Winters,10,10,5,5.74,7.6,25134.6,60884.0,10,44.0,0.0003833545091102,0.0158870672451255
Albert Brooks,22,22,11,6.872727272727272,8.3,130809.09090909091,507063.0,15,40.0,0.0009811884880964,0.0266840403250435
Eric Stonestreet,4,4,2,6.25,6.8,61035.5,97664.0,4,3.0,1.17350089679378e-05,0.0071151905552204
Max Ryan,10,10,5,5.4799999999999995,6.6,73225.4,166610.0,9,14.0,7.891333509073014e-05,0.0146607921639287
Miranda Cosgrove,7,8,4,6.924999999999999,7.7,221554.75,385943.0,5,10.0,1.953626983337105e-05,0.0106192711929212
Mary McDonnell,8,8,4,7.475,8.1,301418.25,580999.0,7,11.0,0.0001596733659131,0.0093608671385625
Ariana Richards,8,8,4,6.75,8.1,246121.25,613473.0,6,7.0,0.0003730198869049,0.0021426350404956
Richard Schiff,16,16,8,6.1125,7.6,59052.125,278362.0,10,12.0,0.0006309153389392,0.017513172294988
Vanessa Lee Chester,4,4,2,5.15,6.5,143961.0,278362.0,4,11.0,3.889826097802252e-05,0.0008436399752827
Danny Huston,14,14,7,7.171428571428571,7.9,132804.14285714287,361767.0,9,11.0,0.0001173090249348,0.012023833178974
Rita Davies,2,2,1,7.9,7.9,361767.0,361767.0,3,0.0,0.0,0.0016294931602073
Tyler Mane,6,8,4,5.925000000000001,7.4,132171.75,452928.0,7,10.0,1.4602586404354093e-05,0.0051634548098523
Bokeem Woodbine,22,24,12,6.599999999999999,7.7,58060.416666666664,259492.0,12,19.0,0.0004206891088613,0.0180141238004263
Michael Biehn,24,24,12,6.283333333333332,8.4,141459.41666666666,600266.0,12,29.0,0.0008162431699792,0.0106128483587537
Jay Leno,2,2,1,6.9,6.9,194249.0,194249.0,6,0.0,0.0,0.0006488714433676
Ray Romano,4,4,2,6.050000000000001,6.9,102458.0,194249.0,7,2.0,4.6222966563449376e-06,0.002706702082125
Allen Covert,4,4,2,6.0,6.8,175156.0,266103.0,4,5.0,6.506920101630655e-06,0.0032251505510931
Peter Dante,3,4,2,6.449999999999999,6.8,192776.5,266103.0,3,6.0,6.151993102689371e-07,0.0064050555133271
Elijah Kelley,2,2,1,6.7,6.7,98693.0,98693.0,6,0.0,0.0,0.0003204717509046
Jerry Stiller,10,10,5,4.720000000000001,6.7,24455.6,98693.0,9,11.0,6.852056842937077e-05,0.0042351269639688
Paul Dooley,4,4,2,6.800000000000001,6.9,79922.0,98693.0,6,1.0,1.0537923749720294e-05,0.0032712659551853
Alan Ford,4,4,2,5.6,6.1,22540.0,28635.0,6,8.0,1.0647625418313295e-05,0.0030418483045098
Izabella Scorupco,4,4,2,6.15,7.2,113830.0,199025.0,5,9.0,4.53138243809181e-06,0.0008222355434105
Michael Kelly,20,20,10,6.87,7.8,173019.9,447979.0,11,15.0,0.0008690461560321,0.0397872643470639
Barry Shabaka Henley,4,4,2,6.4,7.3,154645.5,303864.0,3,6.0,3.2439896345848014e-05,0.0032363570929275
Charles Halford,2,2,1,7.5,7.5,36919.0,36919.0,4,,0.0,0.0010072726022349
Matt Ryan,2,2,1,7.5,7.5,36919.0,36919.0,4,,0.0,0.0010072726022349
Kevin Dillon,8,8,4,7.300000000000001,8.5,127919.0,291603.0,7,23.0,1.7505183905244375e-05,0.0136736300052197
Yvette Nicole Brown,4,4,2,5.85,6.3,52019.5,87768.0,6,1.0,4.091799895587406e-06,0.003155375683013
Nicholas Lea,4,4,2,6.300000000000001,6.7,37493.0,49536.0,5,7.0,6.039493806460209e-06,0.0077625453964205
Jud Tylor,2,2,1,7.1,7.1,88451.0,88451.0,4,0.0,0.0,0.006786490411059
Martin Scorsese,2,2,1,6.0,6.0,132415.0,132415.0,4,0.0,0.0,0.013338705654691
Jennifer Hudson,8,8,4,6.05,7.3,19395.75,55901.0,6,7.0,0.0001099919212008,0.0017919212070763
Loretta Devine,25,28,14,6.100000000000001,7.9,82607.28571428571,361169.0,13,15.0,0.0005117443408002,0.023806539685756
Adam Arkin,8,8,4,6.3999999999999995,8.3,19506.0,36381.0,6,31.0,0.0002834831297494,0.0010323970089924
Brent Sexton,2,2,1,8.3,8.3,29450.0,29450.0,3,,0.0,4.603835782803284e-05
Damian Lewis,2,2,1,8.3,8.3,29450.0,29450.0,3,,0.0,4.603835782803284e-05
Christina Milian,10,10,5,4.96,5.7,27015.6,59435.0,8,9.0,4.153161548430088e-05,0.0092530376017858
Moritz Bleibtreu,8,8,4,7.525,7.8,99303.0,176936.0,7,11.0,0.0001241107024867,0.0025564545424338
Tom Selleck,8,8,4,6.1,6.8,39357.75,72867.0,8,23.0,3.133794004733081e-05,0.0087516516344526
Christian Berkel,6,6,3,7.466666666666666,7.8,83238.0,175960.0,7,9.0,3.865368583605729e-05,0.0012502027753297
Paz Vega,6,6,3,6.3999999999999995,7.0,36820.0,65668.0,7,10.0,1.5613199772897675e-05,0.0075753464147662
Sarah Steele,2,2,1,6.5,6.5,65668.0,65668.0,3,0.0,0.0,0.003095336509304
Azura Skye,2,2,1,6.6,6.6,57038.0,57038.0,4,0.0,0.0,0.0061346130091643
Brían F. O'Byrne,6,6,3,6.466666666666666,6.6,46210.666666666664,80196.0,7,9.0,1.2848013763107038e-05,0.0085758390200937
Ben Cross,3,4,2,6.550000000000001,7.2,47930.5,55350.0,7,14.0,6.651871906583078e-07,0.0022659812643517
John Gielgud,13,14,7,6.614285714285715,8.4,50729.42857142857,171726.0,10,18.0,9.692532712748928e-05,0.0069033619511357
Geoffrey Palmer,2,2,1,6.7,6.7,31080.0,31080.0,3,0.0,0.0,0.0005308657199578
Randall Duk Kim,4,4,2,4.7,6.7,43765.5,56451.0,8,10.0,1.6985054523646903e-05,0.0005524260169059
Daniel Sharman,4,4,2,6.1,6.1,87109.5,138190.0,6,1.0,5.812613527578413e-05,0.0005039900484471
Steve Byers,2,2,1,6.1,6.1,138190.0,138190.0,4,0.0,0.0,0.0005013376923255
Ransford Doherty,2,2,1,6.6,6.6,93790.0,93790.0,5,0.0,0.0,0.0070151936188715
Lena Olin,14,14,7,6.242857142857143,7.3,72108.42857142857,150308.0,9,17.0,0.0004239466113073,0.0209790106541186
Sean Pertwee,14,14,7,6.028571428571429,7.5,69358.57142857143,261317.0,11,15.0,0.000148824077625,0.0094267070266645
Kiernan Shipka,2,2,1,6.0,6.0,35510.0,35510.0,4,0.0,0.0,0.000576280048735
Lou Taylor Pucci,10,10,5,6.28,7.2,53392.2,125016.0,7,8.0,6.472402753211709e-05,0.0021441676597232
Bridget Fonda,13,14,7,6.542857142857144,7.6,82056.28571428571,267980.0,8,11.0,0.0002323937177096,0.0185429085824519
Megan Mullally,10,12,6,5.733333333333334,7.9,10565.666666666666,14280.0,8,12.0,8.61017855262785e-05,0.0081791380012785
John Heard,28,32,16,6.25625,7.6,30395.0625,153468.0,12,32.0,0.000673241229642,0.0242472570407188
Mike Starr,26,26,13,6.430769230769231,8.7,106767.92307692308,728685.0,10,25.0,0.00059091222899,0.0323478537177708
Huey Lewis,4,4,2,6.0,6.0,44914.0,81611.0,6,2.0,7.277403842775027e-06,0.0008807905640815
James Pickens Jr.,4,4,2,5.75,6.0,43519.0,81611.0,6,0.0,4.161153117452267e-06,0.0003236266984298
Peter Coyote,16,16,8,6.775,7.9,72852.0,281842.0,11,25.0,0.0002088099476386,0.0033092277081023
Keegan-Michael Key,4,4,2,6.35,6.4,21257.5,27130.0,4,0.0,9.381099220635325e-06,0.0032513149119324
Alexis Dziena,6,6,3,6.3,6.7,51010.333333333336,74887.0,9,5.0,7.199434988929128e-05,0.0062117421555081
Maude Apatow,4,4,2,6.300000000000001,6.4,102421.0,104005.0,2,3.0,2.067888875447104e-05,0.0035486580004811
Frances Fisher,20,20,10,6.669999999999999,8.3,69934.8,277505.0,10,23.0,0.0006554486171252,0.0201178273238543
Tim McGraw,6,6,3,6.533333333333334,7.1,40765.0,101386.0,6,4.0,6.179670881451689e-05,0.0043896247009528
Gary Cole,27,30,15,6.226666666666666,7.8,90593.46666666666,255257.0,13,17.0,0.0011818581082709,0.0351397058354021
Kevin Pollak,20,20,10,6.16,8.6,140927.6,740918.0,12,24.0,0.0004938929113464,0.0313436744276682
Raven-Symoné,6,6,3,5.199999999999999,5.7,53971.333333333336,74343.0,4,6.0,1.2604703780799946e-05,0.0101623756109998
James Robinson,2,2,1,8.4,8.4,736638.0,736638.0,4,0.0,0.0,7.725062263747953e-05
Mhairi Calvey,2,2,1,8.4,8.4,736638.0,736638.0,4,0.0,0.0,7.725062263747953e-05
Patrick McGoohan,4,4,2,8.0,8.4,411864.0,736638.0,5,16.0,4.6739346350241294e-05,0.0017322153925242
Brian Geraghty,10,10,5,6.76,7.6,119078.8,332065.0,7,3.0,6.879408585019031e-05,0.0131480153497308
James Morrison,4,4,2,7.4,7.7,74953.0,143525.0,4,0.0,4.6739346350241294e-05,0.0029809797865962
Marcia Wallace,2,2,1,7.4,7.4,259083.0,259083.0,3,0.0,0.0,0.0011958364483096
Yeardley Smith,4,4,2,7.550000000000001,7.7,241877.0,259083.0,5,10.0,4.454233651885609e-05,0.0013227319208051
Jeffrey DeMunn,11,12,6,7.266666666666667,9.3,472097.1666666667,1689764.0,9,13.0,6.495930394722286e-05,0.0215746094419233
Martin Landau,27,28,14,6.6642857142857155,7.9,46234.0,142416.0,17,49.0,0.0014185420369673,0.0345793959446316
Cristián de la Fuente,2,2,1,4.5,4.5,34435.0,34435.0,3,0.0,0.0,0.0031966559860292
Peter Boyle,14,14,7,6.785714285714286,8.3,122085.42857142857,507063.0,10,27.0,0.0001491343031379,0.0200002829289489
Cherry Jones,4,4,2,6.7,6.7,155678.0,271592.0,3,9.0,2.4098748900749008e-06,0.0035886460429782
Merritt Wever,8,8,4,6.75,7.8,169940.75,395087.0,5,12.0,5.319793017860093e-05,0.0048713692413461
Rory Culkin,14,14,7,6.871428571428572,7.7,56457.71428571428,271592.0,7,6.0,7.259221007676174e-05,0.011302823824737
Conrad Vernon,2,2,1,7.2,7.2,314630.0,314630.0,6,0.0,0.0,0.0008691804719785
Jennifer Saunders,4,4,2,7.45,7.7,228875.5,314630.0,6,5.0,4.6739346350241294e-05,0.0008723668551253
Cheech Marin,21,22,11,5.736363636363636,7.3,74566.36363636363,263853.0,14,15.0,0.0004930394625824,0.0295544164287716
George Carlin,13,14,7,6.428571428571429,7.4,93745.71428571429,263853.0,10,17.0,0.0001978814052432,0.0219673757797633
Hector Elizondo,16,18,9,6.2,7.4,63149.555555555555,213476.0,9,24.0,0.0001089802794902,0.0246141814766726
Eve,2,2,1,5.8,5.8,142569.0,142569.0,3,0.0,0.0,0.0020342464306202
Leila Arcieri,2,2,1,5.8,5.8,142569.0,142569.0,3,0.0,0.0,0.0020342464306202
Billy West,3,3,2,6.75,7.5,51006.5,67654.0,6,9.0,2.3369673175120647e-05,0.0001281211115483
Tim Conway,4,4,2,6.75,7.5,17958.5,34359.0,6,0.0,4.255543297917998e-05,0.0001284558645512
Franco Nero,8,8,4,5.875,7.1,72280.75,269858.0,9,30.0,8.065225657835736e-05,0.0106909357451449
John Amos,10,10,5,5.9399999999999995,7.1,60039.8,269858.0,8,41.0,0.0002894415828712,0.0088955302971399
Josh Charles,12,12,6,6.583333333333333,8.0,93081.33333333333,277451.0,14,26.0,0.000149661887988,0.0176684986708714
Katia Winter,4,4,2,6.5,7.5,27657.0,49049.0,6,0.0,4.6739346350241294e-05,0.000485833898186
Lyndie Greenwood,2,2,1,7.5,7.5,49049.0,49049.0,5,,0.0,0.0004840594733042
Nicole Beharie,10,10,5,7.0600000000000005,7.5,55722.0,145395.0,9,5.0,0.0001111669528564,0.0108522950857592
Bob Balaban,17,18,9,6.8,7.8,79933.77777777778,237848.0,11,44.0,0.000768823672543,0.0262183344803009
Freddy Rodríguez,8,8,4,6.025,6.9,26076.25,78635.0,8,5.0,5.633000285338991e-05,0.005728482093095
Raoul Bova,4,4,2,6.15,6.7,89673.0,143628.0,7,1.0,2.6933492377068108e-05,0.001301730069729
Bridgit Mendler,2,2,1,4.5,4.5,31649.0,31649.0,5,0.0,0.0,0.0010603892676811
Chris Klein,14,14,7,5.228571428571429,7.3,37198.0,103241.0,12,10.0,0.0002270681971018,0.0119972448221735
Radha Mitchell,22,24,12,6.575,7.7,109257.5,266310.0,11,20.0,0.0008904764041771,0.0300827094764322
Jonathan Frakes,5,8,4,6.75,7.6,68383.25,97838.0,6,8.0,0.0001181242100161,0.0042222363032539
LeVar Burton,7,10,5,6.9,7.6,57829.0,97838.0,7,8.0,0.0001681375634619,0.0043126798148957
Michael Dorn,2,2,1,6.4,6.4,56741.0,56741.0,4,0.0,0.0,0.0003644662916173
Alison Lohman,14,14,7,6.4,8.0,96416.42857142857,350698.0,10,12.0,0.0003092954436848,0.0183090863323006
David Hyde Pierce,8,8,4,6.7,7.6,38145.25,63274.0,11,19.0,2.7196211515014337e-05,0.0043625126767786
Peter Gerety,8,8,4,6.875,7.6,87434.25,273108.0,8,15.0,7.30527770979796e-05,0.0067239867257014
Ron Rifkin,6,6,3,6.3999999999999995,6.7,23138.333333333332,43559.0,6,28.0,1.734944315285986e-05,0.0021856614381696
Jeremy Irvine,8,8,4,6.5,7.2,43165.5,116159.0,4,4.0,2.596088126297904e-05,0.0082742288416539
Todd Graff,2,2,1,7.6,7.6,131217.0,131217.0,4,0.0,0.0,0.0010007609232926
John Buffalo Mailer,2,2,1,6.3,6.3,84118.0,84118.0,1,0.0,0.0,0.0025507840360378
Sarah Gadon,12,12,6,6.3500000000000005,7.8,49148.5,138582.0,13,5.0,9.389567157278296e-05,0.0153566025871881
Zach McGowan,2,2,1,6.3,6.3,138582.0,138582.0,5,0.0,0.0,0.0011534305037405
Mark Valley,8,8,4,6.225,8.4,33683.0,58023.0,8,15.0,0.0001685038288439,0.0145206963071178
Nathaniel Parker,4,4,2,7.25,7.7,116130.5,212085.0,7,3.0,2.69903121018022e-06,0.0013992126362815
Victor Wong,12,12,6,5.883333333333334,7.8,51617.166666666664,96385.0,12,11.0,0.0001904090872128,0.0097983280935839
Chelcie Ross,6,6,3,6.2,7.5,34651.333333333336,50656.0,4,13.0,0.0002686075438829,0.0048594866301879
Brooke Smith,8,8,4,6.725,7.6,31650.0,39659.0,6,11.0,3.015590865425795e-05,0.0180676297373529
Garcelle Beauvais,4,4,2,5.449999999999999,5.6,22545.0,39659.0,5,1.0,1.9692226950365016e-05,0.0063015757349329
Ben Daniels,2,2,1,5.2,5.2,88146.0,88146.0,4,0.0,0.0,0.0030787908415687
Dexter Fletcher,10,10,5,7.12,8.2,135165.2,414976.0,11,25.0,0.00012626256051,0.0209355028723354
Phill Lewis,2,2,1,5.4,5.4,41663.0,41663.0,4,0.0,0.0,0.0015856114599595
Tate Taylor,4,4,2,5.45,5.5,22955.0,41663.0,5,2.0,4.927227026010743e-06,0.0019952153715319
Sandrine Holt,6,6,3,5.466666666666666,6.4,45900.0,117096.0,10,18.0,1.599935429918446e-05,0.0013381447189608
Stephen Rea,18,18,9,6.166666666666667,7.3,29181.666666666668,117096.0,11,22.0,0.0003622329027347,0.0114361678326251
Rory Cochrane,6,6,3,6.633333333333333,7.1,72907.33333333333,89383.0,7,11.0,5.863429601742496e-05,0.014545434589127
Gregg Henry,10,10,5,5.84,6.8,27454.6,61912.0,8,22.0,7.393094516792413e-05,0.0007680284021957
Talisa Soto,6,6,3,4.633333333333333,6.6,42377.666666666664,74009.0,6,13.0,1.0576137943855687e-05,0.0006480683776946
Minnie Driver,26,26,13,7.0307692307692315,8.4,107526.23076923077,604904.0,11,18.0,0.0010883723214083,0.0512151729829826
Brandy Norwood,4,4,2,5.35,6.2,13376.0,25572.0,8,15.0,2.3866390226045817e-06,0.0006448862774691
Ron Howard,4,4,2,6.85,7.5,44705.5,63839.0,9,28.0,7.452614713347154e-06,0.0032579973545011
Jim Belushi,18,18,9,6.188888888888889,7.5,38399.22222222222,132423.0,16,27.0,0.0004354468682081,0.0192017214316049
Lea Michele,4,4,2,5.5,5.6,5136.0,5156.0,7,2.0,1.3183050465951356e-05,0.0035480356042732
Archie Kao,2,2,1,5.4,5.4,38983.0,38983.0,5,0.0,0.0,0.0030570622238398
Brandon Molale,4,4,2,6.050000000000001,6.7,106256.5,173530.0,5,2.0,2.656116949281339e-06,0.0048949473651256
Laurence Olivier,10,10,5,6.2,8.2,39885.0,87424.0,10,64.0,0.0002671685448835,0.0158392727009822
Charlotte Rampling,22,23,12,6.608333333333334,7.8,40749.5,128729.0,13,30.0,0.0007995041254496,0.0167239485901847
Indira Varma,8,8,4,6.25,8.6,31841.75,70568.0,8,10.0,0.0002537228198179,0.0016900806043296
Neil Maskell,6,6,3,5.966666666666668,7.4,24567.333333333332,31124.0,8,7.0,5.6254703372280816e-05,0.0009485350059157
50 Cent,10,10,5,5.959999999999999,7.5,89423.2,177653.0,9,10.0,0.0001704077357713,0.0248934622080302
Matt Gerald,4,4,2,6.6,6.7,103113.0,177653.0,7,5.0,2.7096168288773653e-05,0.0048368691814967
Gaia Weiss,2,2,1,4.2,4.2,44891.0,44891.0,3,0.0,0.0,5.2165190037439045e-05
Luke Newberry,6,6,3,5.8999999999999995,6.8,20847.0,44891.0,6,12.0,0.0003094144728385,0.0011692711279017
Roxanne McKee,2,2,1,4.2,4.2,44891.0,44891.0,3,0.0,0.0,5.216519003743904e-05
Philip Baker Hall,18,18,9,6.311111111111111,7.6,37371.444444444445,86504.0,9,25.0,0.0004960525747803,0.0321581590124513
Gary Farmer,10,10,5,6.42,7.2,25728.0,101899.0,8,14.0,0.0001914170984414,0.0193447100349694
Aida Turturro,2,2,1,5.6,5.6,32224.0,32224.0,5,0.0,0.0,0.0004423119503704
Robert Blake,4,4,2,6.8,8.0,25625.0,32224.0,7,28.0,5.258175763355484e-05,0.0004441218952461
Vincent Pastore,18,18,9,5.477777777777778,7.6,19015.555555555555,76016.0,8,9.0,0.0003415425541012,0.0099149285834607
Ashraf Barhom,4,4,2,6.7,7.2,39752.5,52496.0,6,2.0,0.0002878695595198,0.00291707812088
Max Minghella,4,4,2,6.050000000000001,7.2,50904.0,52496.0,8,2.0,4.664586765754081e-05,0.0001412308259261
Rupert Evans,8,8,4,7.05,8.2,85776.0,244566.0,11,12.0,8.72344157507088e-05,0.0003779556209928
Jenna Fischer,6,6,3,5.866666666666667,6.4,42039.333333333336,103230.0,3,4.0,9.743254138344404e-05,0.0016708178804967
Stephen Merchant,2,2,1,5.9,5.9,103230.0,103230.0,2,0.0,0.0,0.0002210384284157
Graham McTavish,6,6,3,7.666666666666667,8.5,74860.0,146708.0,7,1.0,3.146457005964551e-05,0.0033358275263798
Michael Raymond-James,4,4,2,6.9,7.0,39951.0,52421.0,5,10.0,4.163620257913664e-06,0.0009790802441285
Michael Gaston,4,4,2,7.25,7.4,105395.0,174248.0,4,6.0,5.987075968672306e-06,0.0061628307374156
Simon McBurney,6,6,3,7.5,7.7,195111.66666666666,265507.0,6,8.0,1.0771141645881684e-05,0.0071775896038402
Kevin McNally,16,16,8,6.750000000000001,7.7,52621.25,114692.0,13,25.0,0.0005959057169903,0.0148852765265567
Maury Chaykin,10,10,5,6.56,8.0,57989.6,186485.0,9,18.0,0.0002395128856078,0.0083466719345039
Kaitlyn Dever,4,4,2,7.0,7.4,58921.0,102728.0,4,0.0,4.876413496659928e-06,0.0063565657558482
Nancy Travis,4,4,2,6.35,7.4,10145.0,15114.0,3,0.0,3.089104556370277e-06,0.0030641011103536
Mitch Pileggi,6,6,3,6.2,7.0,56637.333333333336,85720.0,7,10.0,8.824066193419194e-05,0.0107172413743484
Owen Teale,2,2,1,5.4,5.4,29285.0,29285.0,4,0.0,0.0,0.0032310198925822
Lisa Edelstein,6,6,3,6.1000000000000005,6.4,84388.66666666667,158864.0,5,3.0,3.662138449107123e-05,0.0048928716475097
Reece Thompson,2,2,1,5.5,5.5,75573.0,75573.0,4,0.0,0.0,0.0098524813412065
Gloria Foster,4,4,2,8.399999999999999,8.7,609321.5,1217752.0,4,35.0,3.647737655718367e-05,0.0040076493788872
Marcus Chong,2,2,1,8.7,8.7,1217752.0,1217752.0,2,0.0,0.0,0.0031591221494775
Kathleen Quinlan,12,12,6,6.833333333333333,7.6,77149.83333333333,208817.0,14,12.0,0.000112220672536,0.0131059958501195
Miko Hughes,10,12,6,6.333333333333333,7.6,78716.33333333333,208817.0,9,9.0,0.0001564391268931,0.0181911369729597
Aisha Tyler,6,6,3,6.5,7.2,31645.333333333332,60156.0,7,7.0,2.279028491690953e-05,0.0040360811677575
Eric Lloyd,5,6,3,5.933333333333334,6.4,33419.0,64742.0,4,8.0,4.715499633738626e-05,0.0019242574064566
Judge Reinhold,12,14,7,6.542857142857144,7.3,63645.142857142855,126464.0,8,27.0,8.274742320616491e-05,0.0104291663505078
Jean Stapleton,2,2,1,6.5,6.5,151812.0,151812.0,3,0.0,0.0,0.0036776735508812
Andrea Savage,2,2,1,6.9,6.9,212499.0,212499.0,1,0.0,0.0,0.0060094510840387
Stuart Wilson,6,6,3,6.866666666666667,7.2,99893.66666666667,135404.0,8,6.0,1.1553986910512185e-05,0.0076168108850431
Tony Amendola,2,2,1,6.7,6.7,135404.0,135404.0,6,0.0,0.0,0.0050126505528797
Matt Walsh,12,12,6,6.0,6.6,79236.66666666667,272789.0,6,6.0,0.000120857412422,0.0119837174518858
Alex Russell,6,8,4,6.675000000000001,7.2,105746.75,204327.0,8,2.0,0.0003078302572174,0.002974295275725
Finn Wittrock,4,6,3,7.133333333333333,7.2,69826.66666666667,103589.0,4,1.0,4.664586765754081e-05,0.0013317681136049
Jack O'Connell,11,14,7,7.214285714285714,7.7,66323.57142857143,103589.0,9,10.0,0.0003235358449476,0.012565096689711
Clint Eastwood,31,32,16,7.3374999999999995,8.9,151664.375,561773.0,12,48.0,0.0007351800901007,0.0334875668469888
Courtney B. Vance,6,6,3,6.633333333333333,7.6,95883.0,143696.0,4,21.0,3.1998810182358004e-05,0.0042391614137835
William Devane,6,6,3,6.766666666666667,7.1,62275.333333333336,111368.0,6,24.0,1.0395027562044494e-05,0.0039874431135378
Janine Turner,2,2,1,6.4,6.4,96096.0,96096.0,3,0.0,0.0,0.003230394752613
Leon,8,8,4,5.950000000000001,6.9,48713.25,96096.0,11,8.0,3.425647891770501e-05,0.0071622920556494
Samantha Mathis,8,8,4,6.85,7.6,149094.0,357275.0,7,15.0,6.782657787680168e-05,0.0100848351776124
Daniel von Bargen,14,14,7,6.3,7.8,67634.0,225102.0,12,2.0,0.0001987998996574,0.015486634546572
Lily Tomlin,10,10,5,6.660000000000001,6.9,27070.4,56813.0,6,10.0,0.0001462031107004,0.0154649425226953
Jay Hernandez,26,28,14,6.128571428571429,7.0,40925.642857142855,138814.0,13,15.0,0.0006133461642307,0.0273261773406664
Marian Seldes,8,8,4,6.449999999999999,7.5,40290.5,87331.0,3,10.0,5.2911130204469584e-05,0.0143461207517694
Horatio Sanz,2,2,1,6.4,6.4,213863.0,213863.0,2,0.0,0.0,0.0002742277164677
Sydney Pollack,10,10,5,7.0,7.4,103677.4,227071.0,6,25.0,0.0005633637282795,0.0197994548160007
Vinessa Shaw,12,12,6,6.283333333333334,7.3,86689.16666666667,227071.0,9,15.0,0.0008853754169046,0.0068151520886421
David Zayas,8,8,4,5.8500000000000005,7.2,61472.75,112769.0,8,8.0,8.599811041535196e-05,0.0127479661068808
Quvenzhané Wallis,6,6,3,6.866666666666667,8.1,178082.33333333334,439176.0,7,2.0,5.8388645452024914e-05,0.0029295039035622
Gerald McRaney,6,6,3,6.8999999999999995,7.4,97326.0,149337.0,7,31.0,1.8210915289325235e-05,0.0028605524648798
Abigail Spencer,8,8,4,6.35,7.2,60011.75,147641.0,9,2.0,3.888740732318032e-05,0.0058006752667882
Warren Christie,4,4,2,5.75,6.3,97434.0,147641.0,7,1.0,4.6739346350241294e-05,0.0017446079914329
Natasha Lyonne,21,24,12,6.291666666666665,7.0,91345.83333333333,315549.0,11,20.0,0.0003965983432594,0.0237522407669711
Jennifer Grey,2,2,1,6.4,6.4,41776.0,41776.0,3,0.0,0.0,0.0006543921188629
Lea Thompson,11,16,8,5.7125,8.5,185136.5,732212.0,11,32.0,0.0001216053411877,0.0090045039637368
Adrian Lester,2,2,1,6.7,6.7,23940.0,23940.0,2,0.0,0.0,0.0015501388646055
Maura Tierney,12,12,6,6.366666666666667,7.2,94661.0,220392.0,7,11.0,7.659141441997375e-05,0.0165491056693405
Paul Guilfoyle,14,14,7,6.285714285714286,8.3,79869.57142857143,414219.0,8,9.0,0.0002513366291401,0.0197582746389673
Craig Bierko,4,4,2,6.85,7.0,56252.0,60508.0,6,3.0,4.6739346350241294e-05,0.0008353197879139
Melina Kanakaredes,2,2,1,6.7,6.7,60508.0,60508.0,5,0.0,0.0,3.725497308608368e-05
Yvonne Zima,2,2,1,6.7,6.7,60508.0,60508.0,5,0.0,0.0,3.725497308608368e-05
Michael Kitchen,4,4,2,6.7,7.2,50819.5,52339.0,5,15.0,2.178789454572451e-05,0.0054631486395295
Pamela Reed,4,4,2,5.75,6.2,27148.0,49300.0,5,14.0,6.22496818836725e-06,0.0009017761801562
Jonah Bobo,4,4,2,6.3,6.5,48140.0,67707.0,7,3.0,2.293510602728854e-05,0.004836375391524
Eugenie Bondurant,2,2,1,8.8,8.8,1347461.0,1347461.0,1,0.0,0.0,0.0078843787694552
Meat Loaf,10,10,5,6.3,8.8,290722.4,1347461.0,9,6.0,8.492635516359747e-05,0.0114905898063121
Kimberly Williams-Paisley,4,4,2,6.55,7.1,27410.5,46951.0,2,8.0,1.7480317095480247e-05,0.0038989531566862
Frances O'Connor,8,8,4,7.074999999999999,8.1,39335.75,81888.0,8,20.0,0.000161581075874,0.0072937289601774
Michael Moore,11,12,6,6.866666666666666,8.0,43073.166666666664,123090.0,5,20.0,0.0005193208772975,0.0032580520861239
Caitlin Stasey,2,2,1,5.1,5.1,65709.0,65709.0,4,0.0,0.0,0.0003949843666916
Kevin Grevioux,8,8,4,6.074999999999999,7.0,101397.5,208092.0,6,11.0,2.6707630290337904e-05,0.0009649542425902
Barney Clark,2,2,1,6.9,6.9,25474.0,25474.0,2,0.0,0.0,1.6846399000443895e-05
Ian McNeice,4,4,2,6.65,6.9,14031.0,25474.0,3,1.0,4.6739346350241294e-05,0.0003776531031969
Tony Noble,2,2,1,6.9,6.9,25474.0,25474.0,2,0.0,0.0,1.6846399000443895e-05
Bill Cobbs,26,26,13,6.3307692307692305,7.4,36866.846153846156,89972.0,14,25.0,0.0007215588313189,0.0342783353651978
Martin Henderson,6,6,3,6.699999999999999,7.1,52779.0,134625.0,9,12.0,0.0001593703895986,0.0041313924081289
Tom Goodman-Hill,2,2,1,7.1,7.1,134625.0,134625.0,6,0.0,0.0,0.0018749490796023
Josh Zuckerman,2,2,1,6.2,6.2,162909.0,162909.0,3,0.0,0.0,0.000710959154747
Robert Wagner,11,12,6,6.45,7.0,105712.83333333333,183425.0,8,36.0,0.0002869512626981,0.0105056132115534
Dee Bradley Baker,6,6,3,7.0,7.9,31584.666666666668,40883.0,8,5.0,3.243495716612842e-05,0.0089161035828398
Bob Peck,2,2,1,8.1,8.1,613473.0,613473.0,3,0.0,0.0,0.0013709431975668
Isabella Rossellini,12,12,6,6.783333333333334,7.1,27706.166666666668,78974.0,10,17.0,0.0002697129819942,0.0189698694122535
Dean Jones,2,2,1,6.9,6.9,69663.0,69663.0,4,0.0,0.0,0.0032481729543395
Brittany Daniel,10,10,5,5.12,5.9,55990.2,98794.0,8,9.0,7.759153564671047e-05,0.0037366405750164
John Witherspoon,13,14,7,5.499999999999999,7.3,29870.714285714286,74626.0,6,14.0,0.0002182705971203,0.0098318392766204
David Keith,12,12,6,5.983333333333333,6.9,33768.166666666664,86902.0,10,27.0,0.0007077697296925,0.0075209264699623
Shawna Waldron,2,2,1,6.8,6.8,43027.0,43027.0,3,0.0,0.0,0.000568548796053
Romany Malco,19,20,10,5.99,7.1,68530.6,313797.0,6,13.0,0.000273855008339,0.0350565607818076
Ice-T,2,2,1,5.9,5.9,38076.0,38076.0,4,0.0,0.0,0.0028763488515648
Craig Stark,2,2,1,7.9,7.9,272839.0,272839.0,5,0.0,0.0,0.0018854652190378
Chelsea Handler,2,2,1,5.5,5.5,24089.0,24089.0,5,0.0,0.0,0.0020376657962364
Elizabeth Perkins,12,12,6,5.616666666666666,6.3,32900.166666666664,60884.0,9,17.0,0.0002193632963529,0.0125800046735056
Vincent Regan,8,8,4,5.8500000000000005,7.7,180082.75,607235.0,8,11.0,6.169808798642108e-05,0.0115436364999267
Eric Dane,8,8,4,6.6,7.1,51088.0,116681.0,9,11.0,3.865736299339326e-05,0.0027662203219504
Haley Bennett,10,10,5,5.54,7.1,47217.4,116681.0,9,2.0,0.000156687561254,0.0050649436573796
Kathleen Turner,16,16,8,5.687500000000001,7.2,51264.75,116910.0,9,28.0,0.0001850207160773,0.0202861858541378
Drew Sidora,4,4,2,4.95,5.9,50270.0,99989.0,6,2.0,1.376088467052502e-05,0.0001455660583269
Jill Hennessy,4,4,2,5.85,5.9,51142.0,99989.0,5,8.0,5.436482827789836e-06,0.0004185605030044
Tichina Arnold,4,4,2,5.5,5.9,83465.0,99989.0,4,7.0,5.276461492463608e-05,0.0012106250123448
Emily Ratajkowski,4,4,2,7.1,8.1,295363.0,569841.0,6,1.0,1.6112009718644242e-05,0.0011611679322915
Patrick Fugit,12,12,6,7.05,8.1,125014.5,569841.0,9,12.0,0.0001436061703275,0.0076541989986823
Josh Hamilton,4,4,2,7.45,7.9,205171.5,407601.0,4,2.0,1.392317882803209e-05,0.0051357326713199
Nicky Naudé,2,2,1,7.9,7.9,407601.0,407601.0,3,0.0,0.0,0.0048905901556862
Clarence Williams III,10,10,5,6.139999999999999,6.7,25948.8,48225.0,11,7.0,0.0001088995345582,0.0095652058078727
Timothy Hutton,14,14,7,6.171428571428571,7.2,50154.71428571428,147504.0,7,16.0,0.0002190655935152,0.0149245277817963
Peter Krause,2,2,1,8.1,8.1,667983.0,667983.0,3,0.0,0.0,0.0018798494486841
Aria Noelle Curzon,2,2,1,7.0,7.0,91093.0,91093.0,7,0.0,0.0,0.000484831385567
Eden Riegel,2,2,1,7.0,7.0,91093.0,91093.0,7,0.0,0.0,0.000484831385567
Anjelica Huston,20,22,11,6.645454545454546,7.6,61690.63636363636,209133.0,11,27.0,0.0007191912722962,0.0150559797574481
Fred Ward,12,12,6,6.400000000000001,7.6,77778.83333333333,156898.0,7,34.0,0.0002425567398769,0.0069309121553118
Patrick Fischler,8,8,4,6.449999999999999,7.2,121102.75,185258.0,8,10.0,0.0001479885252614,0.0097833446732087
Carol Ann Susi,2,2,1,5.2,5.2,46031.0,46031.0,4,0.0,0.0,0.000607425468354
Miriam Margolyes,12,12,6,6.316666666666666,7.1,31957.833333333332,94435.0,7,29.0,0.0001258285944594,0.0016428822053741
Jimmy Shubert,2,2,1,7.0,7.0,285623.0,285623.0,3,0.0,0.0,0.0096445198999763
Alicia Witt,18,18,9,6.18888888888889,7.3,40386.22222222222,85673.0,10,18.0,0.0002523592397435,0.0157238311922934
Anne Bancroft,12,12,6,6.3,8.2,63247.0,161972.0,9,28.0,0.000159587424798,0.0123612110083848
Woody Allen,22,22,11,6.927272727272726,8.1,51696.545454545456,192940.0,9,32.0,0.0012489360829431,0.0137129942213791
Tasha Smith,7,8,4,5.15,5.6,26038.75,83506.0,6,3.0,3.950307217448796e-05,0.0048511606204968
Alyson Stoner,7,8,4,5.975,6.5,64031.0,90938.0,7,7.0,6.893050925243569e-05,0.0038584060458589
Tom Welling,3,4,2,5.6,5.8,58944.5,75152.0,3,2.0,1.865494246127045e-07,0.002081664527278
Ki Hong Lee,4,4,2,6.6,6.8,224574.5,310903.0,4,1.0,4.6739346350241294e-05,0.0011264387974441
Rosa Salazar,2,2,1,6.4,6.4,138246.0,138246.0,3,0.0,0.0,0.0011223257788136
Jaqueline Fleming,2,2,1,7.1,7.1,238916.0,238916.0,4,0.0,0.0,0.0146537161215015
Jessalyn Gilsig,2,2,1,6.5,6.5,32353.0,32353.0,3,0.0,0.0,0.0071960539151141
Billy Burke,17,18,9,6.355555555555556,7.2,46669.11111111111,91151.0,12,18.0,0.0003417474305724,0.0240409597822799
Jacinda Barrett,8,8,4,6.025,7.6,26107.75,48753.0,6,6.0,3.010317996139731e-05,0.0056339716779503
Saffron Burrows,10,10,5,5.74,7.3,54929.2,152247.0,8,13.0,0.0001531651016166,0.0121888532897431
Judith Hill,2,2,1,7.3,7.3,33158.0,33158.0,2,0.0,0.0,1.1758979772802648e-06
Mekia Cox,2,2,1,7.3,7.3,33158.0,33158.0,2,0.0,0.0,1.1758979772802648e-06
Misha Gabriel Hamilton,4,4,2,6.9,7.3,39276.0,45394.0,4,3.0,4.6739346350241294e-05,2.6348475732132408e-05
Griffin Kane,2,2,1,6.6,6.6,180479.0,180479.0,2,0.0,0.0,0.00488045986812
Monique Gabriela Curnen,4,4,2,6.4,6.6,91067.5,180479.0,3,4.0,0.000262768605181,0.0048983558128427
Bill Hunter,2,2,1,4.4,4.4,23476.0,23476.0,4,0.0,0.0,0.0002906591587136
Dyan Cannon,6,6,3,5.3999999999999995,6.5,10742.333333333334,23476.0,5,8.0,5.089675664036792e-05,0.0004362296100814
Dawn French,2,2,1,7.7,7.7,143121.0,143121.0,3,0.0,0.0,3.890757116958818e-05
John Hodgman,2,2,1,7.7,7.7,143121.0,143121.0,3,0.0,0.0,3.890757116958818e-05
Kristen Connolly,4,4,2,6.0,7.0,220151.0,277172.0,5,4.0,2.263440874407517e-06,0.0070042823428095
Fred Williamson,2,2,1,6.1,6.1,120795.0,120795.0,2,0.0,0.0,0.0012946589854396
Harvey Korman,7,8,4,6.175,7.8,59924.75,95294.0,4,22.0,3.582833901101371e-05,0.0027488511799669
Jake Lloyd,4,4,2,5.95,6.5,34719.5,68406.0,4,5.0,4.118789573140257e-06,0.0021054479488895
James Babson,2,2,1,6.8,6.8,244566.0,244566.0,4,0.0,0.0,8.083449918284396e-05
Elaine Stritch,6,6,3,6.0,7.0,45282.0,72287.0,7,12.0,1.4795053176606432e-05,0.0120183161515866
Sophie Okonedo,14,14,7,6.5,8.1,99454.0,264533.0,10,12.0,0.0002365835564412,0.0246588997998892
Stockard Channing,20,20,10,6.220000000000001,7.2,37180.9,170027.0,7,27.0,0.00053515259659,0.0166686578990227
Adhir Kalyan,4,4,2,6.25,7.3,55306.5,84209.0,4,0.0,7.503042657807451e-06,0.0003705063329022
Bianca Kajlich,6,6,3,5.833333333333333,7.3,43748.0,77935.0,6,9.0,2.754563881323665e-05,0.0011805936054192
Oliver Hudson,6,6,3,5.7,7.3,18922.666666666668,26404.0,3,7.0,5.310484260638741e-05,0.0004325031406462
Ritchie Coster,2,2,1,5.3,5.3,61966.0,61966.0,3,0.0,0.0,0.0026003750203489
Brenda Bakke,2,2,1,5.4,5.4,35918.0,35918.0,2,0.0,0.0,0.0004433945049967
Patrick Kilpatrick,6,6,3,5.8999999999999995,6.2,26172.0,35918.0,6,14.0,5.391854961915759e-05,0.0029280109667061
Peter Greene,10,10,5,6.1,6.9,91862.2,265818.0,7,16.0,6.59706483700464e-05,0.0074573369734564
Colm Feore,18,18,9,6.2444444444444445,7.8,75581.22222222222,199056.0,14,16.0,0.000238927238436,0.016587009966654
Gemma Chan,2,2,1,6.2,6.2,99035.0,99035.0,3,0.0,0.0,0.0012124867178101
Julian Kostov,2,2,1,5.9,5.9,69484.0,69484.0,4,0.0,0.0,0.0040552471846917
Gary Dourdan,6,6,3,6.066666666666666,6.3,66046.0,170179.0,7,14.0,1.634772243288909e-05,0.0041841524726646
Louis Ferreira,2,2,1,7.2,7.2,256213.0,256213.0,5,0.0,0.0,0.0007419287922988
Ned Beatty,11,12,6,6.366666666666667,7.3,83952.83333333333,256213.0,10,33.0,0.0001436599006672,0.0061055340042222
Tate Donovan,12,12,6,6.883333333333333,7.7,156786.33333333334,452465.0,10,7.0,0.0002984935073487,0.0112687923451261
Isaac Hempstead Wright,4,4,2,6.65,6.8,43615.0,46347.0,7,3.0,3.205112979102197e-06,0.001956734704773
Tracy Morgan,12,12,6,5.333333333333333,6.8,36714.5,75347.0,11,11.0,0.0001076306740857,0.0170142089107604
Dianne Wiest,18,20,10,6.7,7.9,80948.0,357581.0,7,28.0,0.0006318630327796,0.0233558004023555
Alison Brie,9,10,5,6.460000000000001,7.8,110972.0,246698.0,10,5.0,0.0001953356404643,0.0181825504169032
Eileen Brennan,8,8,4,6.375,8.3,82972.25,175607.0,7,32.0,0.000311838023221,0.0033601381636513
Treat Williams,20,20,10,6.33,8.4,80014.6,279179.0,10,31.0,0.000708927544719,0.0334490406282354
Ryan Gosling,32,34,17,7.01764705882353,7.9,156915.4705882353,431578.0,10,15.0,0.0006806536971555,0.0428457928441424
Wade Williams,2,2,1,6.7,6.7,173530.0,173530.0,4,0.0,0.0,0.0020383615954044
Xander Berkeley,14,14,7,6.528571428571429,7.9,136427.0,483756.0,9,28.0,0.0001545743293053,0.0135020946521871
Leleti Khumalo,2,2,1,7.4,7.4,124222.0,124222.0,4,0.0,0.0,0.0135565751196377
Michael Weston,8,8,4,6.625,7.6,99153.25,187595.0,8,10.0,8.159377910223444e-05,0.0043559277672092
Denis O'Hare,15,16,8,6.9375,8.0,133385.75,326494.0,8,8.0,0.0002442801141317,0.031367519274418
Michael Lerner,6,6,3,5.866666666666667,6.6,10127.333333333334,16764.0,7,18.0,4.418409116066677e-05,0.0008488220668896
Ray Walston,8,8,4,7.050000000000001,8.3,76294.25,175607.0,8,39.0,0.0001664156826708,0.0017161966142124
Steven Anthony Lawrence,2,2,1,4.9,4.9,10883.0,10883.0,3,0.0,0.0,0.000109526701087
Blair Brown,2,2,1,6.1,6.1,42144.0,42144.0,3,0.0,0.0,0.0001302926929567
David Rasche,4,4,2,6.15,6.2,21568.5,42144.0,6,8.0,4.0790104857142885e-06,0.0001649819697955
Martin Donovan,6,8,4,5.625,6.1,46758.0,49888.0,7,8.0,9.421013817041202e-05,0.002886987575023
Julia Duffy,2,2,1,6.3,6.3,76560.0,76560.0,3,0.0,0.0,0.0005267290576538
Paul Adelstein,4,4,2,6.25,6.3,38914.0,76560.0,4,6.0,3.265248380493984e-06,0.0008712729547115
Ed Lauter,8,8,4,7.0,8.0,104471.25,190030.0,6,36.0,1.9908506966918285e-05,0.007866595497569
Bojana Novakovic,6,6,3,6.5,6.6,112548.0,158354.0,5,1.0,2.263794207576028e-05,0.0054942460127856
Chi Muoi Lo,2,2,1,5.7,5.7,19176.0,19176.0,4,0.0,0.0,0.0001218521048511
John Kapelos,4,4,2,5.85,6.0,18949.5,19176.0,8,3.0,2.817913977476031e-05,0.001591184571734
Penelope Ann Miller,4,4,2,5.85,6.0,63488.5,107801.0,7,7.0,8.705170250131855e-06,0.001263092839957
Cathy Moriarty,9,10,5,6.640000000000001,8.3,99936.0,235133.0,8,22.0,0.0001825344769997,0.0195076351145661
Joe Viterelli,2,2,1,5.9,5.9,69319.0,69319.0,2,0.0,0.0,0.0094634061801083
Carrie Preston,4,6,3,6.566666666666666,7.5,69288.66666666667,99236.0,5,10.0,4.196486402693848e-06,0.0219792486447032
Ben Falcone,8,8,4,5.575,7.1,32426.5,49240.0,6,10.0,0.0004507108190382,0.009438511708193
Sunny Mabrey,2,2,1,4.3,4.3,51349.0,51349.0,4,0.0,0.0,9.323319999738234e-05
Xzibit,4,4,2,5.449999999999999,6.6,56966.5,62584.0,5,0.0,6.27443780838336e-05,0.0020837923498538
Alan Dale,4,4,2,5.65,5.7,68932.5,97089.0,5,1.0,4.6739346350241294e-05,0.0008607527774214
Jacob Hopkins,2,2,1,5.7,5.7,97089.0,97089.0,5,0.0,0.0,3.840391861242501e-05
Josh Wingate,2,2,1,5.7,5.7,97089.0,97089.0,5,0.0,0.0,3.840391861242501e-05
Adriano Giannini,2,2,1,6.7,6.7,36144.0,36144.0,7,0.0,0.0,0.0077235362930186
Timothy West,2,2,1,6.7,6.7,36144.0,36144.0,7,0.0,0.0,0.0077235362930186
Susanna Thompson,4,4,2,6.4,6.7,20598.0,31788.0,5,3.0,4.284087248190631e-06,0.0017559127948117
Mia Kirshner,10,10,5,6.2,7.2,37403.4,80305.0,7,12.0,9.733432666486008e-05,0.0126524686522456
Philip Winchester,6,6,3,5.966666666666666,7.1,17510.0,35565.0,11,2.0,5.361419986518533e-05,0.0065324779627387
Michael Irby,4,4,2,6.550000000000001,6.9,91923.0,126746.0,4,4.0,1.4892577281277284e-05,0.0041178989203373
Robert Forster,18,18,9,5.9,8.0,88282.0,239540.0,11,36.0,0.0006219042062269,0.0163470147924121
Vanessa Marshall,2,2,1,4.8,4.8,14596.0,14596.0,3,0.0,0.0,0.0007290393411381
Wilson Cruz,2,2,1,4.8,4.8,14596.0,14596.0,3,0.0,0.0,0.0007290393411381
Kevin Corrigan,14,14,7,6.6428571428571415,7.6,69734.85714285714,422606.0,8,18.0,0.0002642874232125,0.0083374458532662
Matt Bomer,8,8,4,6.125,6.7,110019.25,304318.0,10,9.0,3.6426854407037694e-05,0.007828922352904
Kevin Zegers,16,18,9,6.111111111111111,7.4,73141.44444444444,194426.0,12,18.0,0.0002326153708026,0.0111144389403133
Mike O'Malley,2,2,1,4.9,4.9,31640.0,31640.0,5,0.0,0.0,0.0007843838696555
Shawn Christian,2,2,1,4.9,4.9,31640.0,31640.0,5,0.0,0.0,0.0007843838696555
Ariel Gade,4,4,2,5.199999999999999,5.6,35678.0,44966.0,4,1.0,3.782795350516424e-06,0.002177691751316
Camryn Manheim,6,6,3,5.266666666666667,7.0,23475.333333333332,44966.0,4,6.0,2.200558449663859e-05,0.0103697106903372
Jamie Foreman,4,4,2,6.75,7.4,97151.0,134070.0,6,4.0,5.0038944680779934e-06,0.0039149832919479
Louis Lombardi,10,10,5,5.68,6.7,42195.0,60293.0,8,14.0,0.0002275851349842,0.0071249746954333
Olivia Munn,8,8,4,5.625,6.2,36706.25,54447.0,6,5.0,8.528796573753344e-05,0.0139367165273804
Ulrich Thomsen,6,6,3,6.633333333333333,8.1,84683.66666666667,140780.0,7,17.0,0.0002722386362208,0.0089014328956768
Mike Dopud,6,6,3,5.0,5.7,28463.0,41763.0,8,9.0,1.987079861457352e-05,0.0059372178318846
Tania Saulnier,4,4,2,5.15,6.5,50155.0,61912.0,7,1.0,1.890986087069062e-05,0.0051909859809364
Aaron Kwok,2,2,1,6.0,6.0,1212.0,1212.0,3,0.0,0.0,4.97468377370949e-05
Eddie Peng,2,2,1,6.0,6.0,1212.0,1212.0,3,0.0,0.0,4.97468377370949e-05
Clayne Crawford,4,4,2,6.75,6.8,19192.5,20176.0,6,5.0,4.161384927162077e-06,0.0057023454710955
Paolo Montalban,2,2,1,6.7,6.7,18209.0,18209.0,3,0.0,0.0,0.0054663955292466
Ed Skrein,4,4,2,6.6,8.1,252907.0,479047.0,7,1.0,6.436213909941338e-05,0.0021570796966752
Stefan Kapicic,2,2,1,8.1,8.1,479047.0,479047.0,5,0.0,0.0,0.0021344896264222
Eric McCormack,4,4,2,6.2,7.5,15936.0,16260.0,5,0.0,5.965344460047661e-06,0.0012576538323207
Morgan Fairchild,2,2,1,4.9,4.9,16260.0,16260.0,2,0.0,0.0,0.0010309761431343
Keir O'Donnell,2,2,1,7.3,7.3,325264.0,325264.0,6,0.0,0.0,0.0036901375434503
Leonard Roberts,6,6,3,6.8,7.4,118904.66666666667,325264.0,9,17.0,1.3370204989632488e-05,0.0050522758902972
Dylan Minnette,8,12,6,7.183333333333334,8.1,96581.33333333333,383591.0,9,5.0,5.481747901037049e-05,0.0113179261766664
Ken Marino,8,10,5,6.040000000000001,6.9,62991.8,195255.0,7,14.0,1.951935950095125e-05,0.0040244215612242
Odeya Rush,4,6,3,6.466666666666666,6.6,44451.333333333336,47988.0,6,3.0,1.7443462134565535e-05,0.0060359342321184
Willie Garson,10,10,5,6.82,8.1,176286.8,437418.0,7,12.0,0.0001743204010964,0.0081347375169082
Taylor Negron,8,8,4,4.3,6.2,7041.5,15517.0,5,14.0,4.690991571598238e-05,0.0043039733217798
Kurtwood Smith,14,14,7,6.671428571428571,8.0,74513.85714285714,277451.0,11,23.0,0.0001882088575796,0.0150123745372138
Richard Crenna,2,2,1,5.7,5.7,92106.0,92106.0,4,0.0,0.0,0.0035655442715001
Kevin Brown,2,2,1,4.7,4.7,29523.0,29523.0,3,0.0,0.0,0.0018456746267554
Kim Shaw,6,6,3,5.766666666666667,6.4,43952.666666666664,101730.0,3,5.0,4.222342627528967e-05,0.0034446544583077
Jessica Szohr,8,8,4,5.9,6.9,62312.5,159931.0,4,4.0,0.0002707713991708,0.0044368470117657
Rob Riggle,18,18,9,6.311111111111111,7.8,164595.0,583341.0,7,8.0,0.0003658559114877,0.0171586266697892
Shawn Roberts,10,10,5,5.62,6.2,59363.4,131447.0,6,5.0,6.624952627168965e-05,0.005230397220201
Nate Parker,14,14,7,6.542857142857143,7.3,43331.57142857143,200647.0,9,8.0,0.0003081664562069,0.0116585558169113
Tristan Mack Wilds,4,4,2,6.550000000000001,7.2,49846.0,70885.0,5,6.0,4.336220309834623e-06,0.0038726733609017
Cynthia Nixon,4,4,2,6.45,7.0,56605.5,80025.0,6,0.0,4.555232066091064e-06,0.0015847039007416
Leighton Meester,10,10,5,5.98,7.4,56913.2,136973.0,9,4.0,0.000157770417194,0.0137454046381593
Brian Thompson,6,6,3,6.066666666666667,8.1,238324.0,600266.0,5,13.0,4.936215366564285e-05,0.0029584965293606
Terry O'Neill,2,2,1,6.4,6.4,78343.0,78343.0,3,0.0,0.0,0.0024437022955266
Chris Penn,12,18,9,6.377777777777777,8.4,106106.33333333333,664719.0,9,20.0,0.0001738013646995,0.0194732716178463
Christopher Lambert,16,16,8,5.762499999999999,7.5,41927.375,98629.0,9,30.0,0.0002640665527243,0.0093536067253035
Spencer Wilding,8,14,7,5.957142857142857,7.0,51803.142857142855,92640.0,8,4.0,9.679777973719755e-05,0.0132262541215949
Irene Papas,2,2,1,5.9,5.9,28099.0,28099.0,4,0.0,0.0,0.0046627788636947
Mihalis Giannatos,2,2,1,5.9,5.9,28099.0,28099.0,4,0.0,0.0,0.0046627788636947
Barry Corbin,18,18,9,6.522222222222222,8.1,89230.0,612060.0,9,32.0,0.0003161239034329,0.0207471216405423
Brian Austin Green,4,4,2,5.5,6.7,14055.0,26992.0,3,0.0,4.6739346350241294e-05,0.0010217828459642
Noureen DeWulf,10,10,5,5.26,6.7,19243.6,40654.0,5,3.0,4.948592312688494e-05,0.0030940413265474
Ashley Scott,12,12,6,6.016666666666667,7.4,30716.333333333332,63599.0,10,6.0,0.0001396660476236,0.0073244528426431
Michael Bowen,4,4,2,7.1,8.0,282933.5,512749.0,4,0.0,1.1383935882296623e-05,0.0034247737258394
Sam Anderson,2,2,1,8.8,8.8,1251222.0,1251222.0,2,0.0,0.0,0.0030748561461345
Siobhan Fallon Hogan,8,8,4,7.525,8.8,380886.75,1251222.0,7,17.0,3.903284368323303e-05,0.0079959038170317
Beth Riesgraf,2,2,1,5.2,5.2,57276.0,57276.0,5,0.0,0.0,0.0004044749105037
Matthew Gray Gubler,4,4,2,6.25,7.3,98405.5,139535.0,7,3.0,2.15035561538246e-05,0.005291554243816
Irene Bedard,6,6,3,6.766666666666667,7.2,42667.333333333336,119675.0,8,3.0,4.8905681174791655e-05,0.0063020808973137
Margot Kidder,8,12,6,5.3999999999999995,7.3,59822.666666666664,126357.0,8,31.0,3.458250035136923e-05,0.0075297609981268
Holland Taylor,8,8,4,6.249999999999999,6.8,33346.25,56168.0,7,10.0,3.849380236978009e-05,0.0099836704208137
Alyson Hannigan,16,20,10,5.8,8.2,105336.0,315549.0,7,24.0,0.0002644421243046,0.0115588908787567
Thomas Ian Nicholas,8,8,4,5.975,6.9,52363.5,162331.0,5,18.0,0.0001134028460857,0.0061314933555619
Chris Mulkey,10,12,6,6.850000000000001,8.5,204718.0,399138.0,9,32.0,0.0002324419522435,0.0184510914732716
Michael Chernus,4,4,2,7.1,7.9,162978.0,323353.0,3,2.0,4.879926565923757e-06,0.0038025263959495
Fred Rogers,2,2,1,6.0,6.0,85903.0,85903.0,3,0.0,0.0,0.0013409449053167
James Wilcox,4,4,2,6.15,7.2,156978.0,229574.0,4,0.0,2.456650187398344e-05,0.0066938452042955
Natasha Richardson,4,4,2,5.9,6.7,36869.0,68417.0,5,3.0,1.0075600752929785e-05,0.0054947249736293
Ricky Schroder,10,10,5,6.4399999999999995,7.3,18225.2,81026.0,5,20.0,0.000119881815329,0.0104230413046079
James Karen,4,4,2,7.7,8.0,228766.5,338383.0,3,19.0,4.670069425485046e-06,0.0036411249468511
Kurt Fuller,12,12,6,6.8500000000000005,8.0,138148.0,338383.0,10,19.0,9.3919802818421e-05,0.019366349051263
Erika Christensen,10,10,5,6.040000000000001,6.9,36908.2,126746.0,5,7.0,6.803222629904287e-05,0.0032913164913573
Haley Ramm,4,4,2,6.0,6.2,76465.5,126746.0,6,5.0,7.044752294840687e-06,0.0003572949030747
Dylan Baker,20,20,10,6.299999999999999,7.8,33903.1,79877.0,11,21.0,0.0003979149868621,0.0308705100138906
Chiaki Kuriyama,2,2,1,8.1,8.1,735784.0,735784.0,1,0.0,0.0,0.0015978323088653
David Carradine,14,14,7,6.228571428571429,8.1,148707.7142857143,735784.0,10,36.0,0.0002307154687055,0.0253903017122702
Adam Alexi-Malle,2,2,1,6.4,6.4,56874.0,56874.0,1,0.0,0.0,0.0049505909262005
Christopher Judge,6,8,4,7.45,8.4,21592.0,63982.0,6,1.0,0.0001367827445108,0.0004394804309557
Don S. Davis,2,2,1,8.4,8.4,63982.0,63982.0,4,,0.0,1.961017431976135e-05
Gary Jones,2,2,1,8.4,8.4,63982.0,63982.0,4,,0.0,1.961017431976135e-05
Michael Parks,4,4,2,6.7,8.0,271919.0,512749.0,6,10.0,5.731605693100192e-06,0.0096739473349788
Brion James,2,2,1,6.3,6.3,75365.0,75365.0,4,0.0,0.0,0.0030977629957949
Jack Palance,6,6,3,6.8999999999999995,7.6,129004.0,269033.0,7,1.0,2.189699130958361e-05,0.004055913958868
Jason Connery,2,2,1,6.6,6.6,96690.0,96690.0,4,0.0,0.0,0.0006021092035994
Kate Luyben,2,2,1,6.6,6.6,96690.0,96690.0,4,0.0,0.0,0.0006021092035994
J.T. Walsh,10,10,5,7.040000000000001,8.0,53434.4,98348.0,9,10.0,5.171979412283381e-05,0.0141149862261246
Madeline Carroll,12,12,6,6.166666666666668,7.7,43397.333333333336,67191.0,10,5.0,0.0001096080202473,0.008440424379202
Ophelia Lovibond,4,4,2,6.6,7.2,48105.0,67191.0,6,2.0,6.899563416082718e-06,0.0036640765452301
Thomas McDonell,6,6,3,5.8,6.6,37328.0,88049.0,5,4.0,0.0001179395772165,0.0032793147650359
Carlos Ponce,8,8,4,5.1499999999999995,5.9,26700.75,44103.0,6,10.0,7.97859662655475e-05,0.0027878295030785
Charles S. Dutton,15,16,8,5.9624999999999995,7.3,71479.625,207686.0,12,18.0,0.0001878451154524,0.0254961413454413
Holt McCallany,6,6,3,6.1000000000000005,6.4,90031.0,207686.0,6,10.0,8.008418576761172e-05,0.0017767181137597
Paul McGann,2,2,1,6.4,6.4,207686.0,207686.0,3,0.0,0.0,0.0011644700582522
Michael Lonsdale,4,4,2,7.25,7.3,78916.5,145422.0,5,12.0,3.785243562917616e-05,0.0096176371942695
Om Puri,6,6,3,6.666666666666667,6.9,26298.666666666668,46239.0,7,7.0,0.0001090857004056,0.00536987599929
Matt Lucas,6,6,3,6.7,7.2,91216.66666666667,218711.0,7,3.0,1.297014227738484e-05,0.0030600798814458
Sally Hawkins,16,16,8,7.1499999999999995,7.7,64104.375,150082.0,10,10.0,0.0001125242052271,0.0102263748717428
Nicholas Braun,6,8,4,5.925,6.2,77224.75,104072.0,6,11.0,1.4892888431622763e-05,0.0045258125434366
Jenna Boyd,4,4,2,5.8,6.0,23822.5,35830.0,5,0.0,8.08224663228921e-06,0.001071295469287
Rex Linn,2,2,1,6.0,6.0,35830.0,35830.0,4,0.0,0.0,0.0008105672289748
John Ashton,2,2,1,6.5,6.5,27191.0,27191.0,2,0.0,0.0,0.005394058819947
Seymour Cassel,16,16,8,6.3500000000000005,7.6,41965.25,209133.0,9,16.0,0.0008060711775407,0.0122778245355752
Terence Bernie Hines,2,2,1,5.8,5.8,44453.0,44453.0,1,0.0,0.0,0.005195637594237
Russell Tovey,6,6,3,6.633333333333333,6.9,22624.666666666668,36877.0,8,6.0,1.77408564763061e-05,0.0051248692600295
Ellen Barkin,14,14,7,6.885714285714286,8.1,49659.142857142855,213226.0,9,19.0,0.0001355331210798,0.0346099726399094
Miranda Richardson,19,20,10,6.76,7.6,53931.2,140499.0,12,14.0,0.0003206051280762,0.0337701617372333
Paterson Joseph,2,2,1,5.5,5.5,110614.0,110614.0,2,0.0,0.0,0.0059480538042498
Billy Campbell,4,4,2,5.949999999999999,6.3,21941.0,30667.0,5,1.0,0.000262768605181,0.0017445380543662
Bruce Boxleitner,2,2,1,6.3,6.3,13215.0,13215.0,3,0.0,0.0,7.784230531961364e-05
John Castle,2,2,1,6.3,6.3,13215.0,13215.0,3,0.0,0.0,7.784230531961364e-05
Lauren Holly,6,6,3,6.1000000000000005,7.3,103954.33333333333,288451.0,7,7.0,2.269927063923185e-05,0.0041261568982843
Hugh Bonneville,2,2,1,6.4,6.4,24285.0,24285.0,5,0.0,0.0,0.0014302767364806
Tina Fey,14,16,8,6.4,7.0,65203.125,245989.0,12,10.0,0.0001254199125654,0.0124386737220369
Brady Corbet,9,10,5,5.82,6.9,27083.2,69569.0,11,10.0,8.751096164202501e-05,0.0045654617563299
David Walton,4,4,2,6.050000000000001,6.4,38495.0,61680.0,5,4.0,2.45766877627144e-06,0.002622920078688
Peter Gallagher,16,16,8,6.8375,8.4,149583.25,822500.0,10,21.0,0.0002454073188553,0.0170663595054682
Albert Dupontel,4,4,2,7.550000000000001,7.7,74925.5,87244.0,6,2.0,6.092271011163129e-05,2.744797245873445e-05
André Dussollier,4,4,2,7.45,7.7,43632.0,62607.0,7,5.0,6.505576691886502e-05,0.0003842093229216
Denis Lavant,6,6,3,6.733333333333334,7.7,30769.666666666668,62607.0,5,8.0,9.839676121798376e-05,0.0002560498432684
James Mason,8,12,6,7.383333333333334,7.8,35393.333333333336,67825.0,9,28.0,0.0001417908555764,0.0010015527318698
Lois Maxwell,12,16,8,7.25,7.8,88372.5,139432.0,7,17.0,0.0001613090891413,0.0007978673794924
Shelley Winters,4,6,3,7.466666666666666,7.7,47196.0,67825.0,6,4.0,2.773325028014547e-05,0.0007425317748271
Tom Berenger,18,18,9,6.633333333333334,8.1,94065.88888888889,305929.0,13,28.0,0.0002979937580977,0.026976044177732
Norman Reedus,15,16,8,6.45,7.9,81025.5,197845.0,9,17.0,0.0001697620519432,0.02270021926911
Madison Pettis,8,8,4,6.0,7.7,70517.25,232710.0,5,8.0,5.53944133974099e-05,0.0093786847878302
Jason Momoa,4,4,2,5.5,5.7,22470.0,39247.0,3,2.0,3.100240139000146e-05,0.0032698258862131
Jon Seda,6,6,3,6.166666666666667,6.7,26638.333333333332,39247.0,7,15.0,2.2397678937570063e-05,0.0049615111319361
Amanda Detmer,6,6,3,5.6000000000000005,5.9,38455.0,68417.0,4,6.0,9.34786927004826e-05,0.0005197229240515
Billy Gardell,2,2,1,5.6,5.6,68417.0,68417.0,2,0.0,0.0,2.319881139367539e-05
Todd Stashwick,2,2,1,5.6,5.6,68417.0,68417.0,2,0.0,0.0,2.319881139367539e-05
Jackie Cooper,3,4,2,5.85,6.8,63132.5,76331.0,5,3.0,5.691297994506525e-07,0.0009437730316136
Bernadette Peters,6,6,3,6.0,7.1,33351.0,86347.0,10,21.0,1.6560312249582975e-05,0.0086127809460445
Kylie Minogue,8,8,4,5.324999999999999,7.6,77604.75,224013.0,10,18.0,0.0004126117819559,0.0053235147972818
Matt O'Leary,4,4,2,6.4,7.3,40632.5,59982.0,4,0.0,1.152022800004611e-05,0.01076767097312
Quentin Tarantino,8,10,5,7.419999999999999,8.4,238247.2,664719.0,8,19.0,0.0002686640033326,0.0200299082346905
Hill Harper,8,8,4,4.949999999999999,6.5,10696.5,27198.0,9,18.0,0.0001217205458601,0.0015662520281311
Kimberly Elise,11,12,6,6.449999999999999,7.3,13612.166666666666,56605.0,6,17.0,0.0001769028849414,0.0041532237954843
Kelvin Han Yee,2,2,1,5.9,5.9,18310.0,18310.0,3,0.0,0.0,0.0092723192636227
Parker Sawyers,2,2,1,7.4,7.4,216032.0,216032.0,3,0.0,0.0,0.0019581730807424
Ann-Margret,6,6,3,6.166666666666667,7.3,45890.333333333336,102167.0,4,48.0,0.000131585333183,0.0092825847400982
Alice Greczyn,6,6,3,5.3,6.5,49492.333333333336,72715.0,6,4.0,3.804218991010032e-06,0.0009020139927985
Jessica Simpson,4,4,2,5.3,5.5,52031.5,66382.0,4,1.0,3.192926742691402e-06,0.0011725426468908
Dash Mihok,12,12,6,6.233333333333333,7.6,30898.833333333332,138941.0,10,10.0,6.952920122016879e-05,0.0023529786174076
Mircea Monroe,6,6,3,6.233333333333334,7.4,51160.333333333336,136680.0,7,5.0,2.376884499264613e-05,0.0062263531538099
Gerry Becker,2,2,1,7.4,7.4,100743.0,100743.0,3,0.0,0.0,3.0410827751136066e-05
Matt Price,4,4,2,7.050000000000001,7.4,78186.5,100743.0,4,8.0,0.0002626751264883,0.0006813326753451
Tom Dreesen,2,2,1,7.4,7.4,100743.0,100743.0,3,0.0,0.0,3.0410827751136066e-05
Victoria Smurfit,2,2,1,5.5,5.5,42324.0,42324.0,3,0.0,0.0,0.001147500358564
Rob Moran,4,4,2,6.15,6.5,103456.0,185878.0,3,14.0,1.1876666391538355e-05,0.0013830813162536
Tony Cox,12,12,6,5.883333333333334,7.3,78292.5,185878.0,6,15.0,0.0001971470095693,0.0085785860593477
Rob Paulsen,10,10,5,5.7,6.6,15612.4,23943.0,7,7.0,5.9966041221628536e-05,0.0034783646655487
Alia Shawkat,12,12,6,6.233333333333334,7.1,29071.5,55665.0,10,9.0,0.0001210239373235,0.0091730046839495
Jorge Garcia,2,2,1,4.9,4.9,15740.0,15740.0,2,0.0,0.0,0.00251647274566
Jon Stewart,4,4,2,4.949999999999999,7.1,101943.0,200035.0,8,5.0,3.446187566681675e-05,0.0067345428580748
Bonnie Hunt,8,8,4,6.625,7.3,70990.75,189923.0,5,7.0,7.05307605267459e-05,0.0100693876511757
Lupe Ontiveros,9,10,5,5.960000000000001,7.7,48311.8,224671.0,3,13.0,0.0001353832852226,0.0029031985601415
Shirley Knight,4,4,2,6.65,7.7,122178.5,224671.0,3,4.0,0.0001038067355756,0.0001953564977587
Joel Courtney,4,4,2,6.85,7.1,147516.0,287822.0,5,0.0,1.624535725427862e-05,0.0003570293741554
Zach Mills,2,2,1,7.1,7.1,287822.0,287822.0,3,0.0,0.0,5.146712995319158e-05
Conchata Ferrell,7,8,4,6.8999999999999995,7.9,135245.0,357581.0,6,27.0,2.0900202578305344e-05,0.0220133719173444
Thomas Lennon,24,24,12,6.391666666666666,8.5,152765.91666666666,845580.0,11,13.0,0.0003726072683156,0.0194732608104586
Craig Roberts,8,8,4,6.75,7.3,147201.5,258186.0,8,4.0,4.342615977717476e-05,0.0131597041242991
Danny Masterson,4,4,2,5.85,6.8,149534.5,271691.0,6,8.0,2.892429802765921e-05,0.0092517714817444
Megan Park,6,6,3,6.433333333333334,7.0,43602.666666666664,56654.0,6,9.0,2.229531707525261e-05,0.0096233127957206
Herbert Russell,4,4,2,6.85,7.0,43897.5,46482.0,4,2.0,7.83756528272306e-06,0.0076586539874881
Mark L. Young,4,4,2,6.55,7.0,32857.0,54010.0,4,7.0,4.794594817142769e-06,0.0055960484529467
James Ransone,12,12,6,6.283333333333334,7.6,87331.33333333333,273108.0,8,9.0,0.0002112519959112,0.0048474187196704
Bill Duke,14,16,8,6.2250000000000005,7.8,74049.875,290949.0,11,27.0,0.0002306927313841,0.008074708109726
Deborah Kara Unger,13,14,7,6.5,7.8,111217.71428571429,261069.0,9,15.0,0.0001355412368471,0.0135716844070972
Dylan Walsh,8,8,4,6.425,7.2,45618.25,114321.0,11,15.0,4.785222550428853e-05,0.0065651476734062
Chandler Canterbury,6,6,3,6.0,6.2,103392.0,186879.0,8,4.0,4.7369382023074565e-05,0.011247790718396
Sissy Spacek,22,22,11,6.709090909090909,8.0,36942.0,71153.0,13,32.0,0.0007847561063398,0.0242234447429492
Mark Christopher Lawrence,2,2,1,5.0,5.0,58961.0,58961.0,4,0.0,0.0,0.0046514810657485
Michael Monks,2,2,1,5.0,5.0,58961.0,58961.0,4,0.0,0.0,0.0046514810657485
Scoot McNairy,14,14,7,6.471428571428571,8.1,175436.0,452465.0,13,11.0,0.0001580807025748,0.0107156461404434
Billy Brown,2,2,1,5.7,5.7,43328.0,43328.0,6,0.0,0.0,0.0026673701712121
Rupert Graves,9,10,5,6.859999999999999,8.2,167534.6,791783.0,5,20.0,0.0002102909677618,0.0084067599244134
Gemma Jones,2,2,1,7.9,7.9,1824.0,1824.0,2,,0.0,0.0007038574123383
Nicola Walker,2,2,1,7.9,7.9,1824.0,1824.0,2,,0.0,0.0007038574123383
Cheryl Hines,8,8,4,5.35,7.1,21024.0,37714.0,9,10.0,3.444401842148937e-05,0.0044897421692142
Conrad Goode,2,2,1,6.3,6.3,40362.0,40362.0,4,0.0,0.0,0.0028774844062373
Jennifer Esposito,10,12,6,6.25,7.9,136071.33333333334,361169.0,7,5.0,6.668735200685882e-05,0.009509045917438
Derek Mears,6,6,3,5.833333333333333,6.4,119137.33333333333,171418.0,7,8.0,1.453784955315951e-05,0.0035866876428728
Chad Lowe,2,2,1,6.7,6.7,63067.0,63067.0,2,0.0,0.0,5.821525487211943e-05
Erik Per Sullivan,4,4,2,6.300000000000001,6.7,52365.5,63067.0,4,1.0,1.4729760269885003e-05,0.0004950650936854
Olivier Martinez,8,8,4,6.525,7.1,21118.75,63067.0,7,12.0,3.27657478575408e-05,0.0008682665532863
Alex Pettyfer,12,12,6,6.066666666666666,7.2,84544.16666666667,195043.0,10,8.0,0.0001472620192223,0.0108647248172888
Emily Wickersham,2,2,1,6.1,6.1,195043.0,195043.0,4,0.0,0.0,0.0004845809094057
Reuben Langdon,2,2,1,6.1,6.1,195043.0,195043.0,4,0.0,0.0,0.0004845809094057
Amr Waked,4,6,3,6.8,7.0,181915.33333333334,327367.0,4,9.0,2.6756926605577777e-06,0.0247018759729238
Kayvan Novak,4,6,3,7.1000000000000005,7.3,91453.66666666667,109191.0,4,5.0,1.1945890668739242e-05,0.0117237906363231
David Costabile,8,10,5,6.720000000000001,7.4,81973.0,148334.0,7,7.0,4.6120002775116256e-05,0.007014199912455
James Badge Dale,6,6,3,7.166666666666667,7.4,132090.0,203111.0,5,5.0,1.1451251771812075e-05,0.009173464213852
Ana de la Reguera,4,4,2,6.5,7.3,55565.5,65551.0,7,8.0,1.4268704955194708e-06,0.0045901661885706
Mary Lynn Rajskub,16,16,8,6.2749999999999995,7.3,67747.75,116625.0,7,12.0,0.0001683597095614,0.0179706300342719
Charles Martinet,2,2,1,7.8,7.8,261069.0,261069.0,3,0.0,0.0,0.0009220556433125
Alice Krige,8,8,4,6.4,7.2,55544.75,172792.0,11,27.0,4.863265438027766e-05,0.002899192778335
Faizon Love,19,20,10,5.49,7.2,17999.1,48322.0,9,19.0,0.0003425200141549,0.0139981381442963
Dania Ramirez,8,8,4,5.875,6.7,83553.0,172112.0,9,8.0,5.1076210153804905e-05,0.0055149754931733
Michael Cudlitz,6,6,3,7.066666666666667,7.4,84429.66666666667,107227.0,8,11.0,2.499193222069552e-05,0.0054350606101894
Alycia Debnam-Carey,2,2,1,5.8,5.8,54101.0,54101.0,2,0.0,0.0,0.0005346236380315
Scott Lawrence,2,2,1,5.8,5.8,54101.0,54101.0,2,0.0,0.0,0.0005346236380315
Gilbert R. Hill,2,2,1,5.5,5.5,60293.0,60293.0,4,0.0,0.0,0.0005403735161779
Jon Tenney,6,6,3,6.6000000000000005,7.3,33775.333333333336,60293.0,6,16.0,4.337976091548241e-05,0.0055288056169346
Phoebe Cates,6,6,3,6.366666666666666,7.2,72179.33333333333,142293.0,4,6.0,0.000250727370323,0.0039620963026026
Robert Picardo,8,8,4,6.125,6.6,43557.0,77415.0,9,31.0,0.0001037520607403,0.0094603346863829
Marcel Iures,4,4,2,5.5,5.9,37528.5,46451.0,4,8.0,8.73205905002856e-06,0.0020916087891988
Mike Epps,24,28,14,5.750000000000001,7.8,76110.35714285714,583341.0,9,16.0,0.000319123211499,0.0221479190926859
Celia Imrie,10,10,5,6.779999999999999,7.3,58728.4,98629.0,6,29.0,0.0003711810557029,0.011593521860626
John Billingsley,6,6,3,6.633333333333333,8.0,58814.0,129799.0,5,9.0,3.961170637926405e-05,0.0057470924349253
Joan Chen,10,10,5,6.459999999999999,7.8,21101.8,70274.0,11,24.0,0.000126335818617,0.0050535391197691
Sven-Ole Thorsen,2,2,1,4.4,4.4,17997.0,17997.0,3,0.0,0.0,0.0015970934278028
Taylor Dooley,2,2,1,3.5,3.5,20310.0,20310.0,4,0.0,0.0,0.0019587447655463
Peter Youngblood Hills,2,2,1,6.6,6.6,176169.0,176169.0,3,0.0,0.0,0.0034562773485205
Virginie Ledoyen,4,4,2,6.75,6.9,90231.0,176169.0,7,3.0,1.5376872038789096e-05,0.0036548832669834
Ben Miles,4,4,2,6.65,6.9,40686.0,58349.0,6,4.0,4.664586765754081e-05,0.000519081636347
Rain,2,2,1,6.4,6.4,58349.0,58349.0,3,0.0,0.0,2.315399256787052e-05
Shô Kosugi,2,2,1,6.4,6.4,58349.0,58349.0,3,0.0,0.0,2.315399256787052e-05
Carmine Giovinazzo,2,2,1,6.5,6.5,26034.0,26034.0,3,0.0,0.0,0.0075533614090158
Rumer Willis,4,4,2,4.699999999999999,5.1,29454.0,34896.0,6,13.0,0.0001817207650808,0.0032353497661217
Jay Mohr,8,8,4,6.125,7.3,40911.0,80140.0,7,16.0,0.0002648475348872,0.0076185813171762
Agnes Bruckner,8,10,5,6.34,7.3,25221.0,43575.0,8,5.0,7.10166416730937e-05,0.006703623690825
Kelly Rowan,2,2,1,6.3,6.3,62981.0,62981.0,3,0.0,0.0,0.003280495145939
Muse Watson,10,10,5,5.42,6.6,83739.0,181225.0,8,18.0,9.72162633145666e-05,0.0083344837762805
Richard Brake,2,2,1,6.2,6.2,86374.0,86374.0,3,0.0,0.0,6.0669519873031103e-05
Stephen Walters,4,4,2,7.35,8.5,68382.5,86374.0,5,0.0,1.7770678227190302e-05,0.0003055825108381
Rita Wilson,6,6,3,5.766666666666667,6.6,21384.0,45293.0,4,15.0,2.646599414761148e-05,0.0080253225708501
Tim Matheson,6,6,3,6.900000000000001,7.6,38156.333333333336,90177.0,4,31.0,6.745247028943846e-05,0.006780493811535
J.D. Evermore,4,4,2,5.75,5.9,61340.0,92461.0,7,2.0,2.6632157230073376e-06,0.00080730723314
Rachel Roberts,2,2,1,5.9,5.9,92461.0,92461.0,5,0.0,0.0,0.0005146058302192
Harry Connick Jr.,15,16,8,6.625,8.0,56139.25,167967.0,11,19.0,0.0003472133870905,0.0358825608286685
Tim Daly,8,8,4,6.275,7.3,19767.75,49926.0,9,6.0,8.418462161979843e-05,0.004908442523093
Rick Hoffman,4,4,2,6.15,6.4,86585.0,138814.0,6,3.0,1.8049441725915045e-05,0.0032951989449842
Michelle Forbes,2,2,1,5.7,5.7,54021.0,54021.0,4,0.0,0.0,0.0059896535110337
Valeria Golino,8,8,4,7.175000000000001,8.0,148337.5,383784.0,7,14.0,0.0001352224876123,0.0165195373209797
M. Emmet Walsh,16,16,8,6.362499999999999,8.2,83454.625,461609.0,13,38.0,0.0006563814720544,0.0118562772628948
Donald Watkins,2,2,1,6.7,6.7,3077.0,3077.0,5,0.0,0.0,0.0034039938906231
Jessica Collins,2,2,1,6.7,6.7,3077.0,3077.0,5,0.0,0.0,0.0034039938906231
Vanessa Ferlito,6,6,3,5.5,7.0,36212.333333333336,79264.0,6,4.0,2.7927013094312536e-05,0.0068667844815154
Raza Jaffrey,2,2,1,7.7,7.7,189249.0,189249.0,3,0.0,0.0,0.0044576014271739
Gregory Smith,8,8,4,6.0,6.1,25948.75,46239.0,7,15.0,0.0001189214103516,0.0029853903636402
William Atherton,4,4,2,5.75,6.2,12275.0,16562.0,4,15.0,3.1890580818208925e-05,0.0022480414589111
Lara Flynn Boyle,6,6,3,5.733333333333333,7.0,50200.666666666664,114610.0,7,21.0,8.541656878123349e-06,0.0018787655140431
Grant Bowler,4,4,2,5.8,7.0,17750.0,33535.0,5,0.0,9.986266586447184e-06,0.0012723589090606
Julie Benz,12,12,6,6.133333333333334,7.0,41037.166666666664,88529.0,8,10.0,0.0001357208023463,0.009649103420936
Ian Ziering,4,4,2,4.65,6.0,46273.5,58015.0,6,8.0,4.46850075892373e-06,0.0029241931002421
Mo'Nique,14,18,9,5.533333333333333,7.3,31620.777777777777,86956.0,7,9.0,0.000148473864869,0.0077592928819771
Alden Ehrenreich,8,8,4,6.050000000000001,6.8,55482.75,84620.0,7,5.0,3.181282538267541e-05,0.0100100599774727
Pruitt Taylor Vince,8,8,4,6.425,7.3,51383.25,105568.0,8,13.0,0.000135561052911,0.0167282164073721
Zoey Deutch,4,4,2,6.1,6.2,58733.5,67796.0,4,3.0,4.980038946244895e-06,0.0101592443477538
Andrew Wilson,4,4,2,6.0,7.1,35179.0,54478.0,3,8.0,0.000262768605181,0.0093170357383772
Willie Nelson,2,2,1,4.9,4.9,15880.0,15880.0,2,0.0,0.0,0.0092830176842347
Josie Ho,4,4,2,5.5,7.3,13371.5,19824.0,5,3.0,1.8006925682786385e-05,0.0005579977358787
Robin Shou,4,4,2,3.7,3.7,28093.5,36363.0,8,12.0,3.212809671311655e-06,0.0006901858544366
David Patrick Kelly,8,8,4,7.0,7.6,42222.75,136580.0,8,10.0,2.4431531573588838e-05,0.0042167864804683
Gilbert Gottfried,4,4,2,5.8,6.3,8365.0,14429.0,6,7.0,8.086385271499452e-06,0.0014955101656447
Tom Sturridge,2,2,1,7.4,7.4,90932.0,90932.0,3,0.0,0.0,0.0042923716453062
Jacob Vargas,18,18,9,5.977777777777778,7.6,33185.11111111111,170684.0,13,22.0,0.000334978050844,0.0071043470685327
James Lew,2,2,1,7.6,7.6,170684.0,170684.0,3,0.0,0.0,0.0012705745123665
Alison Doody,4,4,2,7.300000000000001,8.3,291935.5,515306.0,4,4.0,6.904781461804878e-05,0.0037328682865273
Guro Nagelhus Schia,2,2,1,6.6,6.6,70886.0,70886.0,2,0.0,0.0,0.0011992028550636
Matthew Macfadyen,2,2,1,6.6,6.6,70886.0,70886.0,2,0.0,0.0,0.0011992028550636
Leland Orser,6,6,3,6.5,6.7,57442.0,120202.0,4,7.0,4.920307506476844e-05,0.0106748941952308
Dwight Yoakam,10,10,5,6.8,8.0,69979.6,206104.0,9,10.0,0.0003529087805201,0.0164876181548945
Mel Rodriguez,2,2,1,6.8,6.8,206104.0,206104.0,3,0.0,0.0,0.0028987693340185
Lochlyn Munro,12,12,6,4.866666666666666,6.0,6605.0,14147.0,7,13.0,5.302355164360114e-05,0.0026513518640275
P.J. Soles,4,8,4,7.074999999999999,7.9,118710.0,157863.0,2,28.0,1.1201563002884467e-05,0.0022784172292291
Steve Bacic,2,2,1,4.6,4.6,1263.0,1263.0,2,0.0,0.0,0.0002105751863078
Mykelti Williamson,4,4,2,6.6,7.1,77725.0,137854.0,8,17.0,5.89926833553184e-06,0.004169111905666
Fares Fares,4,4,2,6.550000000000001,6.7,27005.5,40568.0,4,5.0,4.6739346350241294e-05,0.0015627168468103
Michael Nardone,2,2,1,6.4,6.4,40568.0,40568.0,3,0.0,0.0,0.0015570100948049
Corinna Harney,2,2,1,6.4,6.4,93367.0,93367.0,2,0.0,0.0,8.766286943128767e-05
Douglas Haase,2,2,1,6.4,6.4,93367.0,93367.0,2,0.0,0.0,8.766286943128767e-05
Vince Vieluf,4,4,2,6.5,6.6,51430.5,93367.0,3,3.0,4.6739346350241294e-05,0.0019654586997962
Bradley Whitford,10,10,5,6.44,7.0,81827.4,277172.0,9,18.0,8.512157544796834e-05,0.0121744347833243
Brian Doyle-Murray,10,10,5,5.459999999999999,7.4,40897.4,81888.0,6,27.0,8.266491519027176e-05,0.0071637377387644
Fred Gwynne,8,8,4,6.875,7.5,53617.5,82743.0,8,8.0,6.001904976524883e-05,0.0079816393038316
Gretchen Mol,14,14,7,6.614285714285714,7.8,60907.142857142855,237872.0,9,11.0,0.0002865461180617,0.0182873711234504
Jon Gries,18,18,9,6.2333333333333325,7.3,41225.555555555555,161448.0,10,21.0,0.0002300005328884,0.0184016794362092
Keith Hudson,2,2,1,7.0,7.0,71708.0,71708.0,4,0.0,0.0,0.0025521653001273
Andy Dick,4,4,2,5.65,6.0,72711.5,122347.0,4,4.0,0.0003093209941458,0.0040144811884809
Charlie Korsmo,4,4,2,6.3,6.5,42852.0,47819.0,6,8.0,9.430206124157452e-06,0.0018470013564492
Faye Dunaway,16,16,8,6.45,8.1,37052.875,103493.0,7,26.0,0.0001207363300217,0.0288596292997522
Adam Garcia,8,8,4,4.9750000000000005,6.4,34400.25,90539.0,8,4.0,8.894057088777816e-05,0.0012979506153263
Alissa Dean,2,2,1,6.4,6.4,22447.0,22447.0,3,0.0,0.0,0.0004183622988714
Bronagh Gallagher,4,4,2,6.05,6.3,12570.0,13227.0,6,16.0,1.3297123834934587e-05,0.0055789285671439
George Cole,2,2,1,5.8,5.8,11913.0,11913.0,4,0.0,0.0,0.004791682893148
Crystal Lowe,10,10,5,6.32,7.7,96272.6,218771.0,6,11.0,0.000124734814648,0.0054348172902264
Billy Blair,2,2,1,4.7,4.7,45729.0,45729.0,5,0.0,0.0,0.0022423033641608
Julia Jones,2,2,1,4.7,4.7,45729.0,45729.0,5,0.0,0.0,0.0022423033641608
Randall 'Tex' Cobb,4,4,2,6.35,6.8,130095.0,220392.0,6,11.0,4.304675168594307e-06,0.0015431625622287
Swoosie Kurtz,6,8,4,6.949999999999999,7.7,82975.25,220392.0,4,9.0,5.462522974325946e-05,0.0093164662395698
Amy Ryan,6,6,3,7.033333333333332,7.6,60655.666666666664,178118.0,5,7.0,1.457136334431665e-05,0.0035410095824063
Olympia Dukakis,4,4,2,7.3,7.3,16405.5,30230.0,5,21.0,1.7211436461933944e-06,0.001111099854533
Jacqueline Bisset,6,6,3,4.3999999999999995,7.2,5426.0,14580.0,7,23.0,6.570197398707028e-05,0.0037168086752022
Luke Grimes,8,8,4,5.625,6.5,122626.25,238671.0,7,9.0,3.515209461257661e-05,0.0123206697360128
Jenny McCarthy,6,6,3,4.8999999999999995,6.1,40791.333333333336,111526.0,5,7.0,2.0193075599583825e-05,0.0019126135671791
Pamela Anderson,2,2,1,5.5,5.5,111526.0,111526.0,1,0.0,0.0,0.0003604233310743
Regina Hall,13,14,7,5.457142857142857,6.6,41615.71428571428,111526.0,3,11.0,5.618147443929024e-05,0.0065257320009661
Candice Bergen,6,6,3,6.566666666666667,8.1,129399.0,171726.0,7,27.0,4.2753244298629336e-05,0.0047429882703454
Heather Burns,4,4,2,6.2,6.2,69285.5,137377.0,4,9.0,3.049710833847987e-06,0.0003589042879874
Wendy Raquel Robinson,2,2,1,6.2,6.2,137377.0,137377.0,4,0.0,0.0,0.0002178007569665
Anita Briem,4,4,2,5.449999999999999,5.8,49174.5,85323.0,10,2.0,2.4288472467494336e-05,0.0028069490208608
Brad Renfro,8,8,4,6.300000000000001,7.0,23775.75,45798.0,5,14.0,1.5868095920449187e-05,0.002389379148161
Noel Gugliemi,14,14,7,6.385714285714286,7.4,62007.71428571428,184795.0,9,9.0,0.0001700441048632,0.0268131980535494
Patrick Bergin,4,4,2,5.9,6.9,47381.0,81442.0,4,7.0,2.0513745160218003e-05,0.0031614257416303
Jane Fonda,10,10,5,6.26,7.4,29805.8,54242.0,6,46.0,6.258307352586719e-05,0.0110651841617289
Enrico Colantoni,8,8,4,6.6499999999999995,8.4,60533.5,123558.0,8,3.0,3.751982855201788e-05,0.0091233541319664
Robin Sachs,2,2,1,7.3,7.3,123558.0,123558.0,3,0.0,0.0,0.0035035952492851
Eric Jacobson,2,2,1,7.1,7.1,75176.0,75176.0,4,0.0,0.0,0.0015364962028216
Steve Whitmire,4,4,2,7.4,7.7,54513.0,75176.0,6,19.0,1.153855746203316e-05,0.0017004460864044
Traci Lords,6,6,3,6.433333333333334,7.1,78742.66666666667,191437.0,6,4.0,3.201696313224226e-05,0.0076295626663469
Robert Ri'chard,6,8,4,5.95,7.2,71184.25,94463.0,4,6.0,1.2234476075843842e-05,0.0050623657020234
Bruce Altman,4,4,2,6.85,7.2,32895.0,57281.0,3,1.0,0.0003650151157752,0.0008888400261591
Matt Malloy,4,4,2,6.9,7.3,34415.5,57281.0,3,5.0,4.6739346350241294e-05,0.0008867389262047
Eric Stoltz,18,18,9,6.644444444444444,8.9,206063.11111111112,1324680.0,13,18.0,0.0004130592379269,0.0315425018075182
Kari Wuhrer,6,6,3,4.7,5.7,31875.0,73539.0,6,6.0,4.399512731289835e-05,0.0027531136289554
Izabella Miko,4,4,2,5.449999999999999,5.6,48929.0,90539.0,6,1.0,3.905697540971225e-06,0.0002000384305244
Tyra Banks,4,4,2,5.699999999999999,5.8,47458.0,90539.0,4,1.0,8.127925364455269e-05,0.0009752316216133
Kris Marshall,9,12,6,7.233333333333334,7.7,93112.16666666667,318634.0,4,7.0,5.886565935848171e-05,0.0294901626563307
Madeline Kahn,10,14,7,7.314285714285714,8.0,76131.71428571429,211226.0,7,24.0,9.567465023325344e-05,0.0062908065211029
Ian Richardson,4,6,3,7.133333333333333,7.8,90308.0,124765.0,8,4.0,0.0001708861044854,0.0234777914063833
Emilio Estefan Jr.,2,2,1,5.4,5.4,50148.0,50148.0,5,0.0,0.0,0.0033246202121577
Rod Steiger,9,10,5,7.140000000000001,8.4,34472.4,100890.0,8,40.0,9.340142846092304e-05,0.009370487188929
Lucille Ball,2,2,1,7.2,7.2,5888.0,5888.0,2,0.0,0.0,0.0003127976369128
Tom Bosley,4,4,2,6.25,7.2,23271.0,40654.0,3,42.0,2.698722518669891e-06,0.000545736378359
Nick Zano,4,4,2,4.0,4.3,13604.5,17829.0,6,4.0,3.559687390764443e-06,0.0008738251222485
James Tumminia,2,2,1,6.3,6.3,149549.0,149549.0,4,0.0,0.0,0.0034973350624658
Joel McHale,8,8,4,5.7,6.5,47682.0,87165.0,9,5.0,4.530372997611074e-05,0.0111997119277044
William Lucking,4,4,2,6.699999999999999,7.1,28478.0,32544.0,6,5.0,1.367030434681604e-05,0.0057274564639643
Vincent Kartheiser,2,2,1,5.9,5.9,20688.0,20688.0,3,0.0,0.0,0.0027419934681361
Demián Bichir,8,8,4,6.475,7.2,77475.0,133177.0,6,2.0,4.221617608908739e-05,0.0042917476023324
Gary Stretch,4,4,2,7.1,7.7,72115.0,104301.0,3,8.0,5.69030958903094e-06,0.0009309296833393
Shea Whigham,10,10,5,6.68,7.4,50026.4,104301.0,5,9.0,8.046842197043673e-05,0.0103394226071585
Valerie Cruz,2,2,1,6.5,6.5,79141.0,79141.0,3,0.0,0.0,9.611375190155234e-05
Will Beinbrink,2,2,1,6.5,6.5,79141.0,79141.0,3,0.0,0.0,9.611375190155234e-05
Ben Miller,2,2,1,6.1,6.1,114692.0,114692.0,3,0.0,0.0,0.0006640641973031
Natalie Imbruglia,2,2,1,6.1,6.1,114692.0,114692.0,3,0.0,0.0,0.0006640641973031
José Ferrer,6,6,3,7.2,8.4,98782.0,192775.0,7,22.0,5.902120948748525e-05,0.0036748617209509
Robert Clohessy,4,6,3,7.133333333333333,7.4,102973.66666666667,125198.0,7,5.0,4.6739346350241294e-05,0.0014202603620855
T.V. Carpio,2,4,2,7.4,7.4,91861.5,91863.0,4,0.0,0.0,0.0014152740630219
Joe Komara,2,2,1,7.3,7.3,152591.0,152591.0,2,0.0,0.0,0.0067609711808502
David Belle,4,4,2,6.4,7.2,68725.5,81523.0,5,4.0,1.0693335237495676e-05,0.0029425275975201
Alexa PenaVega,23,24,12,5.45,6.7,26581.666666666668,84325.0,12,19.0,0.0003573647401427,0.0267779582798007
Keenen Ivory Wayans,4,4,2,6.15,7.0,9112.5,15455.0,5,9.0,6.755954445623348e-05,0.0021473638520731
John de Lancie,8,8,4,6.2,7.5,35984.5,83786.0,8,12.0,3.837195672683349e-05,0.0056719224155415
Obba Babatundé,4,4,2,5.7,6.0,34443.5,44130.0,5,12.0,4.04000188789308e-06,0.0024652894325025
Carter Jenkins,4,4,2,5.4,5.4,9649.5,16580.0,5,3.0,2.6605623392739163e-06,0.0013867399273861
Malese Jow,4,4,2,5.7,6.0,11222.5,16580.0,8,5.0,3.81344461515319e-06,0.0008044659874351
Adrien Dorval,2,2,1,6.8,6.8,42621.0,42621.0,4,0.0,0.0,0.000555055130755
Costas Mandylor,16,18,9,6.077777777777778,6.8,61640.77777777778,142115.0,10,17.0,0.0007377991481956,0.0124447766326623
Nels Lennarson,2,2,1,6.8,6.8,42621.0,42621.0,4,0.0,0.0,0.000555055130755
Kristy Swanson,4,4,2,5.1,5.3,17826.5,27648.0,5,1.0,0.0002264357784659,0.0022348885523413
Henry Thomas,10,10,5,6.62,7.9,87486.4,281842.0,8,28.0,0.000252178431326,0.010343671218622
Laz Alonso,13,14,7,5.828571428571428,7.3,12649.42857142857,27117.0,9,6.0,0.0001251106041418,0.0098760854349168
Omari Hardwick,9,10,5,6.0200000000000005,6.5,7244.8,15697.0,7,4.0,4.1091717733820304e-05,0.0083211691772587
Man Li,2,2,1,7.0,7.0,36455.0,36455.0,2,0.0,0.0,4.975495380848633e-05
Ye Liu,4,4,2,7.35,7.7,22442.0,36455.0,4,3.0,0.000262768605181,4.993710302694805e-05
Charlie Yeung,4,4,2,5.95,6.5,27072.5,48245.0,4,6.0,0.000262768605181,0.003239862220669
James With,2,2,1,5.4,5.4,48245.0,48245.0,3,0.0,0.0,0.0032280256370741
Omar Epps,17,18,9,6.233333333333333,7.2,26946.222222222223,124941.0,9,7.0,0.0001549764743631,0.0206978785647675
Sam Waterston,8,8,4,6.3,6.8,12708.25,21212.0,8,20.0,7.712890552733357e-05,0.0062623965661739
Daniel Kaluuya,4,4,2,6.949999999999999,7.6,142892.5,196217.0,7,4.0,2.083323336979017e-05,0.0002881093879958
Tim McInnerny,4,6,3,7.1000000000000005,7.5,51529.333333333336,89568.0,7,5.0,5.62745025455426e-05,0.0051599042969476
Togo Igawa,2,2,1,6.3,6.3,89568.0,89568.0,4,0.0,0.0,0.000232627351896
Clea DuVall,20,22,11,6.236363636363635,7.7,107813.27272727272,452465.0,11,14.0,0.0004037195551632,0.0481372248794677
Daniel Roebuck,13,14,7,6.228571428571429,7.8,69808.57142857143,213668.0,12,18.0,0.0004057635909047,0.0091332105554104
Julia Nickson,2,2,1,6.4,6.4,117606.0,117606.0,4,0.0,0.0,0.0032502312365557
Martin Kove,9,12,6,6.616666666666667,8.6,65399.333333333336,126916.0,9,40.0,0.0001041444495616,0.0076277535926031
Isabelle Huppert,12,12,6,6.933333333333334,7.9,36080.166666666664,70382.0,9,33.0,0.0003205286854847,0.0070261406961506
Daniel Mays,6,10,5,6.28,7.3,51466.8,152247.0,9,7.0,0.0005742274019691,0.0107322056858277
Michael Nouri,6,6,3,6.633333333333333,7.3,36308.0,73006.0,4,22.0,0.0001054221058683,0.0011385038680484
Rob Brown,2,2,1,7.3,7.3,73006.0,73006.0,1,0.0,0.0,0.0011137191997461
Wilford Brimley,10,10,5,7.0,8.2,78519.8,258078.0,8,19.0,0.0001426861751713,0.0064361378576578
Augustus Prew,4,4,2,6.55,6.6,125165.5,202967.0,6,3.0,2.4058871391158004e-05,0.002109796694711
Charlie Tahan,4,4,2,6.9,7.3,98723.0,150082.0,3,3.0,6.149954559404053e-06,0.0005512034199136
Valerie Tian,2,2,1,6.5,6.5,47364.0,47364.0,3,0.0,0.0,0.0001136252011809
Dax Flame,4,4,2,6.95,7.2,282676.5,408302.0,3,0.0,4.6739346350241294e-05,0.0025679246766982
Clarke Peters,4,4,2,6.85,7.0,123176.5,203269.0,3,15.0,6.29529134875164e-06,0.0051373050800525
Dylan Moran,8,8,4,7.1000000000000005,8.0,167225.25,395921.0,5,8.0,5.186170351944969e-05,0.0089456147710146
Julia Sawalha,2,2,1,7.0,7.0,140499.0,140499.0,5,0.0,0.0,0.0022536257694509
Masi Oka,6,6,3,6.733333333333333,7.7,193084.0,270228.0,6,7.0,2.1650353105466444e-05,0.0082809486764291
Geoffrey Holder,4,4,2,6.1,6.8,47570.0,74957.0,6,19.0,9.639909703902472e-06,0.001530956130425
William Xifaras,2,2,1,6.6,6.6,133177.0,133177.0,3,0.0,0.0,0.0026184127098656
Richard Burton,8,8,4,6.325,7.8,21869.25,43270.0,7,24.0,8.591442049595605e-05,0.0024400977635894
Roddy McDowall,12,12,6,6.55,7.8,18920.166666666668,23546.0,9,41.0,0.0008912102978359,0.0021450666819708
Charice,2,2,1,6.5,6.5,74169.0,74169.0,3,0.0,0.0,0.0027230190129593
Reggie Lee,6,6,3,6.533333333333334,6.6,105206.66666666667,158354.0,6,3.0,1.994880399807648e-05,0.0088807817781274
Mimi Rogers,4,4,2,4.95,6.5,21052.0,30651.0,3,7.0,2.208945170549344e-05,0.0039161564325626
David Eigenberg,2,2,1,6.5,6.5,63677.0,63677.0,4,0.0,0.0,0.0015478553394474
Bono,4,4,2,7.1,8.4,61147.5,119622.0,3,2.0,4.6739346350241294e-05,4.935401468289894e-05
Slash,2,2,1,5.8,5.8,119622.0,119622.0,1,0.0,0.0,4.917377078329015e-05
Anthony Zerbe,6,6,3,6.8999999999999995,7.2,40472.0,74009.0,7,19.0,3.9984427026268216e-05,0.0013345954956478
Robert Davi,10,10,5,6.459999999999999,8.0,56993.0,105478.0,9,25.0,8.433461958727413e-05,0.0080891860493612
Fisher Stevens,22,22,11,5.254545454545455,6.5,22453.0,63216.0,14,21.0,0.0005600260241195,0.0169517068448745
Jared Burke,2,2,1,7.6,7.6,248123.0,248123.0,3,0.0,0.0,0.0032298313635275
Jeremy Crutchley,4,4,2,6.8,7.6,155446.5,248123.0,5,3.0,2.5210091849886936e-05,0.0032821566237707
Maggie Cheung,5,8,4,7.550000000000001,7.9,86062.0,149414.0,7,2.0,0.0001334385943852,0.0040018407726082
Tony Chiu Wai Leung,7,10,5,7.44,7.9,80355.0,149414.0,8,11.0,0.000103464767609,0.0040907505923116
Debbie Reynolds,8,8,4,6.5,8.3,49801.75,150020.0,10,60.0,0.0001732454735247,0.0016184692308627
Anders Holm,3,4,2,7.05,7.5,125161.0,247020.0,4,2.0,1.3362119212619949e-06,0.0132011368379965
Randall Park,8,8,4,6.025,6.6,118712.0,247020.0,3,4.0,8.919332826943105e-05,0.0096327779982204
Dong-gun Jang,6,6,3,6.666666666666667,8.1,20822.333333333332,31943.0,5,6.0,0.0001613427726563,0.0006682175397104
Jed Brophy,8,8,4,7.050000000000001,8.0,151783.75,531737.0,10,16.0,8.549173995697776e-05,0.0069480031906662
Bob Hastings,2,2,1,7.5,7.5,1558.0,1558.0,2,,0.0,5.820690395539641e-06
Gavin MacLeod,4,4,2,6.55,7.5,1650.0,1742.0,5,0.0,4.657211401824639e-06,7.820816068890694e-06
Dany Boon,8,8,4,7.1,7.8,20540.75,30587.0,8,7.0,0.0001534436417146,0.0015256376085548
Evan Jones,2,2,1,7.0,7.0,187181.0,187181.0,2,0.0,0.0,0.0011272186742452
Jamel Debbouze,4,4,2,6.65,8.4,267426.0,534262.0,5,14.0,4.6739346350241294e-05,2.6633178399648787e-05
Mélissa Theuriau,2,2,1,4.9,4.9,590.0,590.0,4,0.0,0.0,1.1883096285129431e-06
Youssef Hajdi,2,2,1,4.9,4.9,590.0,590.0,4,0.0,0.0,1.1883096285129431e-06
Bérénice Bejo,4,4,2,7.45,8.0,163516.5,190030.0,5,10.0,1.9544420215222777e-06,0.0047341495552605
Anthony Chau-Sang Wong,4,4,2,6.25,7.3,18390.0,29861.0,5,3.0,1.5884977040125348e-05,0.0003375372641187
Julian Sands,16,16,8,6.35,7.6,29763.0,93894.0,9,23.0,0.0009762563359689,0.006643089561794
Lee Evans,4,4,2,5.800000000000001,6.4,16224.5,29861.0,6,1.0,1.726600648872926e-05,0.0006621384705874
J. Smith-Cameron,2,2,1,6.6,6.6,125198.0,125198.0,3,0.0,0.0,6.335704229686537e-05
Mandy Gonzalez,2,2,1,6.6,6.6,125198.0,125198.0,3,0.0,0.0,6.335704229686537e-05
JoBeth Williams,2,2,1,6.2,6.2,34809.0,34809.0,1,0.0,0.0,0.0018165284030961
William Bassett,4,6,3,6.633333333333333,7.2,86336.66666666667,126916.0,6,2.0,3.131519465017416e-06,0.000789861475154
William Zabka,2,4,2,7.2,7.2,126911.5,126916.0,4,0.0,0.0,0.0007186516690612
Annabeth Gish,4,4,2,4.6,6.4,32666.5,56646.0,5,2.0,1.0002415415784822e-05,0.001934204626977
Bruce Campbell,2,2,1,6.4,6.4,56646.0,56646.0,3,0.0,0.0,0.00144699618184
Jeffrey Weissman,2,4,2,7.6,7.8,311782.5,340085.0,4,1.0,0.0,0.0014929223067191
Thomas F. Wilson,11,14,7,6.242857142857143,8.5,206201.14285714287,732212.0,12,24.0,0.0003554022155414,0.0084756511564321
Dan Bilzerian,2,2,1,7.6,7.6,203963.0,203963.0,5,0.0,0.0,3.1450638896488034e-05
Jerry Ferrara,4,4,2,7.0,7.6,104506.0,203963.0,6,6.0,2.2795847283546097e-05,6.347495882399611e-05
Scott Elrod,6,6,3,6.566666666666666,7.6,94789.0,203963.0,8,3.0,6.913382069964212e-05,0.0006728668398677
Lori Petty,4,4,2,6.2,7.2,48272.0,71754.0,5,3.0,1.437603413134721e-05,0.005007988748275
Rosie O'Donnell,2,2,1,7.2,7.2,71754.0,71754.0,3,0.0,0.0,0.002947290591122
Javier Botet,6,6,3,7.1000000000000005,7.8,66665.66666666667,134869.0,4,3.0,0.0001020278976136,0.0004465820083904
Dustin Fitzsimons,4,4,2,5.1,7.7,240027.5,479453.0,3,2.0,0.000262768605181,0.000663413460088
Marcella Lentz-Pope,2,2,1,7.7,7.7,479453.0,479453.0,2,0.0,0.0,0.0006609888512368
Beau Mirchoff,2,2,1,5.1,5.1,93748.0,93748.0,1,0.0,0.0,0.0010815006604048
Kelly Rutherford,2,2,1,5.5,5.5,98535.0,98535.0,2,0.0,0.0,2.9254775463820576e-05
Roger Jackson,4,4,2,6.35,7.2,160276.5,222018.0,2,4.0,1.5271396155087653e-05,0.0003353850390707
Wendy Crewson,4,4,2,6.65,7.3,24707.5,48806.0,5,5.0,3.1628903653654376e-05,0.003405337062481
Nadine Velazquez,8,10,5,6.5,7.3,98967.2,264047.0,5,9.0,0.0001046356114422,0.0206859550581045
Eric Schweig,4,4,2,7.0,7.8,63912.5,113068.0,8,18.0,2.6146363530292866e-06,0.0037127864453251
Terry Kinney,6,6,3,6.833333333333333,7.8,63742.666666666664,113068.0,6,20.0,6.105953001203193e-05,0.0064669819837412
Curtis Armstrong,14,14,7,6.328571428571428,7.7,37724.42857142857,110394.0,11,26.0,0.0002453728425973,0.0095366091761671
Jason Douglas,2,2,1,8.1,8.1,656640.0,656640.0,2,0.0,0.0,0.0021665022689946
Powers Boothe,10,10,5,6.88,8.1,170271.2,656640.0,9,20.0,9.695191925257142e-05,0.0065770498473684
Jane Curtin,2,2,1,7.1,7.1,166194.0,166194.0,2,0.0,0.0,0.0098343946344977
Susan Ward,4,4,2,5.25,5.9,56556.5,109445.0,6,1.0,2.414972155364028e-05,0.0023344841239357
Cheryl Penland,2,2,1,8.0,8.0,113472.0,113472.0,3,0.0,0.0,5.21189882039496e-05
Jay O. Sanders,2,2,1,8.0,8.0,113472.0,113472.0,3,0.0,0.0,5.21189882039496e-05
Sally Kirkland,8,8,4,7.074999999999999,8.1,29569.0,113472.0,5,29.0,0.0005728375772225,0.0011680047968397
Marisol Nichols,2,2,1,4.6,4.6,31968.0,31968.0,2,0.0,0.0,0.0024731553488291
Nia Long,27,28,14,6.114285714285714,7.4,30741.428571428572,74626.0,11,21.0,0.0003444380151586,0.0163216804365103
Matthew Perry,8,10,5,6.0,6.7,62747.0,146899.0,7,10.0,4.134972938113234e-05,0.0183583737434313
David Thornton,4,4,2,4.8,6.0,58813.0,104481.0,2,12.0,7.1995513160364975e-06,0.0023563181063845
Kate Upton,4,4,2,5.55,6.0,64982.5,104481.0,2,2.0,7.871093786230468e-06,0.0016854478063983
Andrew Fiscella,6,6,3,5.633333333333333,6.0,53009.0,75345.0,5,1.0,5.000070964476991e-05,0.001739851190765
Krista Allen,4,4,2,5.800000000000001,6.4,50443.5,75345.0,4,4.0,1.0618983834995851e-05,0.0004342009211254
Shantel VanSanten,4,4,2,5.0,5.2,38160.5,75345.0,4,5.0,3.399421958804531e-05,0.0001722293564081
Joaquim de Almeida,6,6,3,5.666666666666667,6.4,29900.333333333332,86902.0,9,15.0,3.2306236409648766e-05,0.0017404242022001
Sam Jaeger,2,2,1,6.4,6.4,86902.0,86902.0,4,0.0,0.0,0.0003954623248557
Nick Cannon,8,8,4,5.725,7.0,26793.5,38142.0,8,4.0,3.605124595587412e-05,0.0079216329008575
Michael Jai White,18,20,10,5.209999999999999,6.5,15339.7,52805.0,10,18.0,0.0002078680509476,0.0075458418025877
Margarita Levieva,2,2,1,7.3,7.3,173848.0,173848.0,3,0.0,0.0,0.0041175709574766
Aidan Quinn,22,24,12,6.658333333333334,7.7,43298.166666666664,210548.0,13,12.0,0.0006830485127749,0.0256455269496597
Lindsay Sloane,5,6,3,6.366666666666667,6.9,179292.33333333334,353442.0,3,14.0,3.956352848992908e-06,0.0128145541218451
Jonathan Morgan Heit,2,2,1,5.9,5.9,20615.0,20615.0,5,0.0,0.0,0.0010287458333102
Paul Scheer,2,2,1,5.9,5.9,20615.0,20615.0,5,0.0,0.0,0.0010287458333102
Dalia Hernández,2,2,1,7.8,7.8,236000.0,236000.0,4,0.0,0.0,1.744949186129846e-05
Jonathan Brewer,2,2,1,7.8,7.8,236000.0,236000.0,4,0.0,0.0,1.744949186129846e-05
Rudy Youngblood,4,4,2,5.7,7.8,118066.5,236000.0,5,9.0,4.6739346350241294e-05,0.0003913406827544
Topher Grace,10,12,6,5.916666666666667,6.4,47945.333333333336,171418.0,7,10.0,0.0001345650197473,0.018008625152684
Debra Winger,4,4,2,6.4,6.9,20135.0,32370.0,6,17.0,1.2178854636451324e-05,0.0023510672378233
Roscoe Lee Browne,6,6,3,6.333333333333333,6.8,38337.333333333336,94435.0,6,26.0,5.363828042025416e-05,0.0009879070800472
Ebon Moss-Bachrach,4,4,2,6.5,6.8,57757.5,114321.0,3,3.0,3.293397773825973e-05,0.0032903032234502
Deneen Tyler,2,2,1,6.5,6.5,87447.0,87447.0,3,0.0,0.0,0.0002772228220046
Gena Rowlands,12,12,6,6.966666666666666,8.0,97354.5,396396.0,10,38.0,0.0003845243097549,0.006214932995014
Joy Bryant,2,2,1,6.5,6.5,87447.0,87447.0,3,0.0,0.0,0.0002772228220046
Beau Garrett,2,2,1,5.8,5.8,54421.0,54421.0,2,0.0,0.0,0.0012772327232117
Busy Philipps,8,10,5,6.0600000000000005,7.1,65895.4,98794.0,5,11.0,3.516460007616771e-05,0.004221143703213
José Wilker,2,2,1,6.0,6.0,17443.0,17443.0,3,0.0,0.0,0.0002431128624662
Lorraine Bracco,4,4,2,6.1,6.2,36046.5,54650.0,6,3.0,4.6739346350241294e-05,0.0054525035666191
Sean Connery,2,2,1,6.0,6.0,17443.0,17443.0,3,0.0,0.0,0.0002431128624662
Ian Whyte,4,4,2,3.7,4.7,74620.0,92789.0,6,2.0,9.57961481848401e-06,0.00048253718715
Johnny Lewis,6,6,3,5.066666666666666,6.6,52891.0,92789.0,8,3.0,6.103943368635524e-05,0.0027339967993839
Sam Trammell,8,8,4,5.8,7.8,91797.0,249688.0,7,16.0,0.0001075160729664,0.0079737049430113
John Larroquette,4,4,2,5.25,5.3,25794.5,49612.0,4,6.0,1.0390292194991022e-05,0.0019265778746456
Jonathan Hyde,2,2,1,5.2,5.2,49612.0,49612.0,2,0.0,0.0,0.0002840924645946
Macaulay Culkin,11,12,6,6.55,7.5,111601.33333333333,311075.0,8,14.0,5.9033966362929465e-05,0.0047251111508935
Julene Renee,2,2,1,5.8,5.8,30394.0,30394.0,2,0.0,0.0,7.329598410660827e-05
Tom Virtue,2,2,1,5.8,5.8,30394.0,30394.0,2,0.0,0.0,7.329598410660827e-05
Aimee Teegarden,6,6,3,6.766666666666666,8.7,53189.0,104119.0,5,0.0,8.958350604260769e-06,0.0017480387542373
Shenae Grimes-Beech,4,4,2,6.15,6.2,57426.5,104119.0,5,2.0,3.685148252821412e-06,0.0009705650542872
Anthony Heald,4,4,2,7.55,8.6,496015.5,887467.0,5,8.0,5.818167638947648e-06,0.0109759291404303
Nat Faxon,4,4,2,5.9,6.7,70006.0,84382.0,2,7.0,3.167118862328506e-05,0.0013473476695285
Jesse James,2,2,1,4.7,4.7,10132.0,10132.0,2,0.0,0.0,0.0002828625676974
Emma Bell,4,4,2,6.050000000000001,6.2,43706.0,83788.0,4,4.0,1.0234243712096664e-05,0.0012915753125563
Jacqueline MacInnes Wood,2,2,1,5.9,5.9,83788.0,83788.0,1,0.0,0.0,0.0002361213404091
Angie Dickinson,6,6,3,7.233333333333334,7.4,44495.333333333336,95860.0,5,33.0,0.000159246075731,0.0043485074260053
Ione Skye,4,4,2,6.65,7.1,23993.0,36223.0,5,19.0,1.1682230743628935e-05,0.0035454727858581
Jimmy Fallon,8,8,4,5.575,6.9,28523.5,55665.0,9,4.0,3.966321623130192e-05,0.0032161272245567
KaDee Strickland,4,4,2,6.95,7.7,21492.5,36223.0,5,0.0,1.0852281338959323e-05,0.0007066727199274
Shaun Weiss,4,4,2,6.050000000000001,6.4,47350.5,50199.0,4,16.0,3.85838610846465e-06,0.0017700044937243
Stephen Henderson,4,4,2,6.9,6.9,42438.5,81298.0,3,2.0,0.0003093209941458,0.0028663264427232
Thomas Horn,2,2,1,6.9,6.9,81298.0,81298.0,3,0.0,0.0,0.0028558307955404
Anne Archer,8,8,4,5.7,6.9,21541.75,55101.0,7,24.0,8.081293239207182e-05,0.002548352163491
David Fine,4,4,2,6.95,7.0,29165.0,41685.0,3,10.0,2.861244159228012e-06,0.0034242967129699
Jesse L. Martin,4,4,2,6.35,7.0,24080.5,41685.0,5,7.0,4.570612242280339e-06,0.0021759027374395
Angela Bettis,2,2,1,5.1,5.1,12093.0,12093.0,4,0.0,0.0,0.0020697614283678
Jimmy Smits,4,4,2,6.15,7.2,10910.0,12093.0,5,9.0,2.7001682785970912e-06,0.0039845108347808
Carlease Burke,2,2,1,5.3,5.3,10446.0,10446.0,1,0.0,0.0,1.9291946546606055e-05
Valerie Perri,2,2,1,5.3,5.3,10446.0,10446.0,1,0.0,0.0,1.9291946546606055e-05
Marco Hofschneider,2,2,1,4.4,4.4,26051.0,26051.0,3,0.0,0.0,0.0020478377951247
Catherine Deneuve,14,14,7,6.757142857142857,8.0,27695.0,79330.0,10,40.0,0.0004940351310237,0.0017855046753721
Justin Chambers,4,4,2,5.4,6.1,26662.5,40469.0,6,7.0,2.333748799412188e-05,0.0018101818542599
Andrea Frankle,2,2,1,5.7,5.7,37412.0,37412.0,2,0.0,0.0,0.0005100710675707
William Ragsdale,2,2,1,5.7,5.7,37412.0,37412.0,2,0.0,0.0,0.0005100710675707
David Proval,4,4,2,7.050000000000001,7.4,33901.5,67797.0,6,42.0,0.0001054186149529,0.0097517547820174
Cliff Robertson,6,6,3,6.266666666666666,7.1,6865.333333333333,13830.0,6,26.0,2.0443155913423645e-05,0.0006945302396415
Lillo Brancato,2,2,1,6.1,6.1,13830.0,13830.0,2,0.0,0.0,0.0004713223502767
Callum Blue,4,4,2,6.25,6.4,43616.0,76498.0,6,2.0,2.8047801681288827e-06,0.0014713966111133
Jesse Borrego,4,4,2,7.2,8.0,49839.5,76498.0,4,18.0,4.02099233869557e-06,0.0032827637530176
Jaleel White,2,2,1,6.2,6.2,11156.0,11156.0,7,0.0,0.0,0.0041862559929885
John Doman,10,10,5,6.92,8.0,109535.0,338415.0,10,14.0,0.0006647276922206,0.024661820433384
Mira Sorvino,10,10,5,5.9399999999999995,6.6,13401.4,31227.0,6,14.0,0.000105121648885,0.0063232720596602
Steven Weber,4,4,2,6.6,7.3,9439.0,11232.0,3,0.0,3.4508176870839083e-06,0.0015636824335402
Dane Cook,12,12,6,5.733333333333333,6.8,44806.0,76467.0,5,4.0,0.0001838391084243,0.0113621069629964
Bobbie Phillips,2,2,1,4.6,4.6,49874.0,49874.0,1,0.0,0.0,0.0004752947319294
Elizabeth Berkley,8,8,4,5.775,6.8,28465.25,49874.0,7,6.0,3.4373560006736226e-05,0.0030438579861639
Lauren Lee Smith,2,2,1,5.1,5.1,27305.0,27305.0,4,0.0,0.0,0.0043668179944511
Geraldine Chaplin,10,10,5,7.08,8.0,72092.2,145270.0,5,47.0,0.00019641561885,0.0126473374938328
Oaklee Pendergast,2,2,1,7.6,7.6,145270.0,145270.0,2,0.0,0.0,0.0024146034648439
Carol Kane,12,12,6,6.183333333333334,8.1,89449.33333333333,294163.0,9,27.0,0.0002488453710587,0.0140730880890349
Isabelle Adjani,6,6,3,5.866666666666667,6.9,8005.333333333333,11031.0,9,18.0,2.1061832325257185e-05,0.0015398890638607
James Gammon,6,6,3,6.3,6.8,49813.0,79877.0,8,8.0,2.3159192140950706e-05,0.0104450511135271
Patricia Heaton,4,4,2,5.65,5.9,13924.0,17365.0,4,22.0,0.0001654129359738,0.0005664280318527
Richard Epcar,2,2,1,5.9,5.9,17365.0,17365.0,4,0.0,0.0,0.0005638581362841
Isabelle Nanty,4,4,2,7.7,8.4,279350.0,534262.0,4,8.0,5.7323941208949984e-05,2.663573342706304e-05
Mathieu Kassovitz,6,6,3,7.266666666666666,8.4,188956.33333333334,534262.0,7,1.0,0.0001594673380105,0.0005946205144106
Bob Saget,2,2,1,4.8,4.8,17722.0,17722.0,4,0.0,0.0,0.0003504523965195
Mary-Kate Olsen,6,6,3,5.8,7.0,36392.666666666664,64190.0,6,7.0,4.467068602661077e-05,0.0010657030614238
Riley Smith,8,8,4,5.925000000000001,6.9,25266.5,43764.0,12,2.0,0.0002681806161688,0.0071386530906587
Andrew Daly,4,4,2,6.3,6.5,77985.5,140740.0,4,4.0,7.320439190742797e-06,0.0026758638613801
Jonathan Jackson,4,4,2,6.5,6.7,14198.0,17983.0,4,3.0,6.553432091440866e-06,0.0051438217053334
Jeffrey Combs,6,6,3,5.066666666666666,6.3,24199.0,45317.0,5,6.0,1.3047140498083034e-05,0.0031802868644126
Jason Robards,10,10,5,6.419999999999999,7.7,40576.2,178731.0,8,23.0,0.0003640516690922,0.0087619519815704
Eddie Rouse,4,4,2,7.15,7.5,63839.0,121432.0,6,9.0,1.1006477566816683e-05,0.0036123371508309
Tim Guinee,8,8,4,6.625,8.2,13262.5,29967.0,8,21.0,2.147273813850966e-05,0.0027781277405955
Bridgette Wilson-Sampras,12,12,6,5.6499999999999995,6.4,28775.5,81783.0,10,10.0,0.0001147817757108,0.006810844400876
John Aylward,6,6,3,5.7,6.5,44496.0,93272.0,8,17.0,5.245803488184319e-05,0.0024579959837825
Matt Ross,4,4,2,6.15,6.5,12803.0,15130.0,3,7.0,4.863620536460412e-06,0.0038001420150808
Troy Garity,2,2,1,7.3,7.3,190132.0,190132.0,3,0.0,0.0,0.0021103570129931
Greg Collins,4,4,2,6.35,6.8,21537.5,30842.0,2,4.0,0.000262768605181,0.0033715215684953
John Gatins,2,2,1,5.9,5.9,30842.0,30842.0,2,0.0,0.0,0.0001503222559646
Lou Saliba,2,2,1,5.9,5.9,30842.0,30842.0,2,0.0,0.0,0.0001503222559646
Kelly Ripa,2,2,1,4.4,4.4,2458.0,2458.0,5,0.0,0.0,0.0010359395744109
Jasmine Trinca,2,2,1,5.8,5.8,28429.0,28429.0,5,0.0,0.0,0.0022882193402632
Ashley Walters,2,2,1,5.1,5.1,20201.0,20201.0,4,0.0,0.0,0.0015166033835277
Aaron Yoo,10,12,6,6.449999999999999,7.0,81872.66666666667,186984.0,7,8.0,4.861224713850726e-05,0.0045800017926567
Sarah Roemer,6,8,4,6.725,8.1,141968.25,186984.0,5,3.0,1.3513309992930764e-05,0.0044168249884986
James Brolin,10,10,5,5.84,6.9,15510.0,22010.0,9,13.0,7.513070614153486e-05,0.0021332985115859
Ljubomir Kerekes,2,2,1,6.9,6.9,22010.0,22010.0,6,0.0,0.0,9.518080023230664e-05
Zan Marolt,2,2,1,6.9,6.9,22010.0,22010.0,6,0.0,0.0,9.518080023230664e-05
John Mahoney,4,4,2,6.699999999999999,7.3,39711.5,65474.0,4,2.0,7.265170019635449e-05,0.0031681470167132
Andy Lau,9,10,5,6.94,7.6,31354.0,92295.0,9,19.0,0.0007065166815769,0.0019129492103527
Takeshi Kaneshiro,5,6,3,7.366666666666667,7.6,50695.333333333336,92295.0,6,4.0,0.0001345434616894,0.0020645859539495
Kuno Becker,4,4,2,6.4,6.8,27120.5,50919.0,5,0.0,3.36583316957777e-06,0.0024526623869072
Kang-ho Song,6,6,3,7.1000000000000005,7.3,92170.33333333333,181472.0,8,7.0,0.0004490716397331,0.002762295288923
François Cluzet,10,10,5,6.960000000000001,7.2,8221.6,18395.0,10,21.0,0.0004006898212258,0.0028246628819301
Arliss Howard,2,2,1,7.1,7.1,114925.0,114925.0,4,0.0,0.0,6.1992250534036646e-06
Brooklynn Proulx,2,2,1,7.1,7.1,114925.0,114925.0,4,0.0,0.0,6.1992250534036646e-06
Michelle Nolden,4,4,2,6.55,7.1,57647.0,114925.0,5,5.0,0.000262768605181,0.0001389139763337
Colin Ferguson,4,4,2,6.75,7.9,35985.5,39559.0,4,0.0,1.0829158289362489e-06,0.0018971225820228
Atticus Shaffer,4,6,3,5.533333333333334,7.0,52750.333333333336,73886.0,9,3.0,5.1885617214077305e-06,0.0108943692781805
Michael Hitchcock,2,2,1,8.0,8.0,242599.0,242599.0,4,0.0,0.0,0.0004507011567841
Sean Maher,2,2,1,8.0,8.0,242599.0,242599.0,4,0.0,0.0,0.0004507011567841
Robert Vaughn,4,4,2,5.050000000000001,5.2,30666.5,49934.0,5,18.0,2.155114406712252e-06,0.0009398172058214
Oscar Gale,2,2,1,6.4,6.4,46480.0,46480.0,2,0.0,0.0,0.011555291206916
Wei Zhao,4,4,2,7.35,7.4,46908.5,56923.0,7,7.0,6.19743421862708e-06,0.0002783084018903
Courtney Gains,2,2,1,6.1,6.1,83786.0,83786.0,2,0.0,0.0,0.0018077176658802
Eric Winter,4,4,2,6.55,6.6,138791.5,163665.0,3,1.0,7.654194175439874e-06,0.0053325151148974
Max Casella,4,4,2,6.550000000000001,7.4,57021.5,96233.0,3,17.0,3.369069841503329e-06,0.0011704212514162
Phil Hartman,4,4,2,6.5,7.3,18730.0,19650.0,6,9.0,2.5974148191712545e-05,0.0025769685788856
Emily Osment,4,4,2,4.65,5.1,38322.5,44885.0,8,7.0,3.5245792425139283e-06,0.0085263046349081
Elvis Tsui,2,2,1,6.5,6.5,24557.0,24557.0,3,0.0,0.0,0.0001823566641976
Hye-kyo Song,2,2,1,6.5,6.5,24557.0,24557.0,3,0.0,0.0,0.0001823566641976
Kristen Johnston,4,4,2,6.75,7.8,22204.0,38383.0,3,0.0,1.0381103510128036e-05,0.0040479318073812
Jeff Kober,8,8,4,5.5,6.1,35881.5,49721.0,7,12.0,8.313946069076768e-05,0.0064159467031191
D.B. Woodside,2,2,1,4.4,4.4,23473.0,23473.0,3,0.0,0.0,0.0002346039446869
Daniella Alonso,8,8,4,5.675,8.1,19657.5,49721.0,5,8.0,6.400726246843267e-05,0.0041423472613402
Eduardo Verástegui,6,6,3,6.133333333333333,7.4,12248.333333333334,23473.0,7,9.0,1.342176510676974e-05,0.0013521059478359
Kari Matchett,6,6,3,6.133333333333333,6.8,16815.666666666668,27052.0,7,1.0,0.0003013053092948,0.0003265427688389
Sonia Braga,4,4,2,6.0,6.4,10199.0,19686.0,3,18.0,0.000262768605181,2.237333549291428e-05
Bill Nunn,6,6,3,6.0,6.1,18811.0,37611.0,7,8.0,4.322256301009688e-05,0.0111331019777799
Beth Grant,16,16,8,6.6375,8.0,99679.875,383784.0,7,25.0,0.0002354409046349,0.0160083379742283
Dagmara Dominczyk,10,10,5,6.0200000000000005,6.6,17457.6,34592.0,5,13.0,0.0002266760868487,0.0046693338799389
Matthew Glave,2,2,1,6.2,6.2,34592.0,34592.0,2,0.0,0.0,0.0008829433574646
Mariah Carey,4,6,3,5.566666666666666,7.3,64441.0,86956.0,3,8.0,4.6739346350241294e-05,0.0010443209210254
Jason Marsden,4,4,2,6.3,6.6,10220.5,17859.0,3,16.0,4.6739346350241294e-05,0.0044181895776402
David Clennon,4,4,2,7.5,8.2,130871.5,258078.0,5,10.0,3.244266705479251e-06,0.0005773713621261
Richard Masur,2,2,1,8.2,8.2,258078.0,258078.0,3,0.0,0.0,0.000299469466107
Nolan Gerard Funk,6,6,3,5.3,6.4,64060.666666666664,125305.0,5,1.0,4.976303898253675e-05,0.0055623388510345
Leonor Varela,8,8,4,5.425000000000001,5.9,3643.5,5699.0,8,14.0,3.4268079824197875e-05,0.0028816649507625
Usher Raymond,4,4,2,3.4000000000000004,5.2,39554.0,74351.0,7,10.0,4.6739346350241294e-05,0.001011467747666
Harry Treadaway,4,4,2,6.9,7.3,50146.5,52908.0,5,1.0,7.414852419022026e-06,0.0082103494619293
David Walliams,2,2,1,4.8,4.8,6691.0,6691.0,4,0.0,0.0,0.0010912908004325
Ryan Cartwright,2,2,1,4.8,4.8,6691.0,6691.0,4,0.0,0.0,0.0010912908004325
Maggie Siff,2,2,1,5.2,5.2,55617.0,55617.0,4,0.0,0.0,0.001855353242638
Nick Robinson,2,2,1,5.2,5.2,55617.0,55617.0,4,0.0,0.0,0.001855353242638
Phylicia Rashad,4,4,2,6.550000000000001,7.7,76530.0,146708.0,4,3.0,6.475514532316673e-06,0.0039572288258615
Owen Burke,2,2,1,7.6,7.6,280228.0,280228.0,3,0.0,0.0,0.0022639892724932
Anthony Simcoe,2,2,1,6.0,6.0,28109.0,28109.0,4,0.0,0.0,0.0028943924569261
Christopher James Baker,2,2,1,6.0,6.0,28109.0,28109.0,4,0.0,0.0,0.0028943924569261
Alexandra Maria Lara,10,10,5,7.580000000000001,8.3,128849.8,312629.0,9,9.0,0.0001154660257403,0.007435657177178
Jim Meskimen,4,4,2,8.05,8.1,307010.0,372990.0,1,8.0,4.664586765754081e-05,0.0004559941753559
Neil Flynn,6,6,3,6.866666666666667,8.0,164527.0,245989.0,4,7.0,0.0001139702540268,0.0041163588169863
Patton Oswalt,6,6,3,6.866666666666667,8.0,120240.0,241030.0,3,12.0,0.0001840473418612,0.0065233882371959
Michael Roark,2,2,1,6.9,6.9,17948.0,17948.0,2,0.0,0.0,0.0104171968177249
Laura Harring,10,10,5,6.719999999999999,8.0,98035.8,235992.0,10,6.0,0.0001340151968191,0.009200082756513
Tamala Jones,12,12,6,5.25,6.9,14765.666666666666,60572.0,8,10.0,4.955326670534963e-05,0.0047344718747766
Laura-Leigh,2,2,1,7.0,7.0,316671.0,316671.0,2,0.0,0.0,0.0008768964185002
Molly C. Quinn,4,4,2,5.65,7.0,159738.5,316671.0,3,0.0,9.865721393901117e-07,0.0010624213997867
Barbara Carrera,2,2,1,6.2,6.2,48636.0,48636.0,3,0.0,0.0,2.453416532360698e-05
Bernie Casey,2,2,1,6.2,6.2,48636.0,48636.0,3,0.0,0.0,2.453416532360698e-05
Klaus Maria Brandauer,4,4,2,6.45,6.7,32183.0,48636.0,4,8.0,0.0004787978640118,0.0005498275563426
Charlie McDermott,4,4,2,6.800000000000001,7.2,80465.0,139184.0,4,2.0,4.6739346350241294e-05,0.0005765127024143
Collette Wolfe,8,8,4,5.8999999999999995,6.4,71123.0,139184.0,4,6.0,7.311993000760322e-05,0.0080183626969623
Taylor Blackwell,2,2,1,6.4,6.4,6069.0,6069.0,2,0.0,0.0,0.0104171968177249
Reeve Carney,4,4,2,6.1,6.8,9261.0,12375.0,6,11.0,3.2164587850370542e-06,0.0032267928916348
Colin O'Donoghue,2,2,1,6.0,6.0,75864.0,75864.0,4,0.0,0.0,0.0061918342624837
Blair Underwood,14,14,7,6.085714285714286,7.8,44421.0,220591.0,8,26.0,0.0001066228751374,0.0106339583946968
Mason Gamble,2,2,1,7.8,7.8,220591.0,220591.0,3,0.0,0.0,0.0010304278679666
Kenan Thompson,12,14,7,4.685714285714285,5.7,39857.42857142857,115650.0,10,12.0,5.794711828856466e-05,0.0048505941516063
Omid Abtahi,2,2,1,4.5,4.5,8860.0,8860.0,5,0.0,0.0,0.0003988772813886
Kwok-Kwan Chan,4,4,2,7.25,7.3,39417.5,56923.0,6,14.0,2.1060516694381367e-05,0.0003396129411013
Lynn Hung,2,2,1,7.2,7.2,21912.0,21912.0,4,0.0,0.0,0.000327144360891
William Hootkins,16,16,8,6.0375000000000005,8.5,128742.625,661017.0,12,24.0,0.000361068002747,0.0131305993725324
Lily Cole,6,6,3,6.166666666666667,6.8,49464.0,126307.0,7,4.0,2.694634649902109e-05,0.0038812026709691
Catherine Dyer,2,2,1,7.7,7.7,223127.0,223127.0,3,0.0,0.0,0.0004246452653408
Quinton Aaron,8,10,5,5.480000000000001,7.7,70562.4,223127.0,8,6.0,0.0006642863052981,0.008346013467312
Aimee Garcia,10,10,5,4.779999999999999,6.6,16710.8,58297.0,10,6.0,0.0002128864444933,0.0017000777943857
Jon Foo,4,4,2,6.449999999999999,7.1,16197.5,30210.0,5,0.0,4.6739346350241294e-05,0.0002113862478503
Reginald Ballard,2,2,1,6.9,6.9,353442.0,353442.0,2,0.0,0.0,0.0031446499521752
Bruce Green,2,2,1,7.7,7.7,240962.0,240962.0,3,0.0,0.0,0.0080321309748311
Rebecca Mader,2,2,1,6.8,6.8,286178.0,286178.0,3,0.0,0.0,0.0087868387530823
Nichelle Nichols,6,14,7,6.528571428571429,7.7,56369.0,91414.0,8,23.0,0.000109596461983,0.0047167003997475
Walter Koenig,4,10,5,6.540000000000001,7.3,46368.8,63330.0,7,18.0,4.664586765754081e-05,0.0021382601289289
Robert Mitchum,4,4,2,7.15,7.3,94449.5,127503.0,5,3.0,1.350442429142522e-05,0.0147637515692095
Amy Schumer,2,2,1,6.3,6.3,94241.0,94241.0,2,0.0,0.0,0.0004295782518816
Josh Segarra,2,2,1,6.3,6.3,94241.0,94241.0,2,0.0,0.0,0.0004295782518816
Nicole Sullivan,2,2,1,5.9,5.9,33887.0,33887.0,2,0.0,0.0,0.0011386488051072
Sherri Shepherd,2,2,1,5.9,5.9,33887.0,33887.0,2,0.0,0.0,0.0011386488051072
Matt McCoy,2,2,1,8.3,8.3,414219.0,414219.0,4,0.0,0.0,0.0034411928440743
Lauren Ambrose,8,8,4,6.175,6.5,34279.0,62198.0,4,15.0,5.6431807443252094e-05,0.0028079796960948
Jordan Lund,2,2,1,5.8,5.8,61018.0,61018.0,4,0.0,0.0,0.0012037844360914
Marg Helgenberger,4,4,2,5.8,5.8,31352.0,61018.0,6,2.0,9.502646466998292e-06,0.004818273282574
Natasha Henstridge,12,14,7,5.671428571428572,6.7,36695.0,90374.0,11,18.0,0.0003647633958853,0.0233796268114833
Amanda Wyss,2,4,2,7.5,7.5,149289.0,149293.0,1,0.0,0.0,0.0173251012309345
Lin Shaye,23,30,15,6.26,7.5,96315.46666666666,247289.0,14,31.0,0.0003942439043111,0.0294688004328502
Anne Parillaud,2,2,1,6.4,6.4,125219.0,125219.0,2,0.0,0.0,0.0034474150193231
Judith Godrèche,2,2,1,6.4,6.4,125219.0,125219.0,2,0.0,0.0,0.0034474150193231
Kevin Connolly,8,8,4,7.7250000000000005,8.5,144839.75,396396.0,7,8.0,4.716647216771019e-05,0.0111327331364727
Kiersey Clemons,4,4,2,6.65,7.3,42323.0,56605.0,3,1.0,9.493892958931796e-05,0.0022117345413215
Al Freeman Jr.,2,2,1,7.7,7.7,63923.0,63923.0,4,0.0,0.0,0.0061014886875261
Charlyne Yi,4,4,2,6.6,7.0,201297.5,298590.0,2,5.0,7.047561302406871e-06,0.0007621998060348
Mackenzie Aladjem,2,2,1,6.2,6.2,104005.0,104005.0,1,0.0,0.0,0.0001842342404493
Craig Parker,2,2,1,6.6,6.6,119974.0,119974.0,5,0.0,0.0,0.0002021760863983
Steven Mackintosh,10,10,5,7.040000000000001,8.4,46262.4,119974.0,12,17.0,0.0002041787634781,0.0037704751430317
Christine Taylor,4,4,2,5.75,6.2,44648.5,57140.0,6,11.0,0.0006107441862522,0.0035591835618679
Victor Webster,2,2,1,5.9,5.9,25883.0,25883.0,2,0.0,0.0,0.0012488804349408
Jaymes Butler,2,2,1,6.7,6.7,198701.0,198701.0,3,0.0,0.0,0.0028994016840308
Heather O'Rourke,3,6,3,6.433333333333334,7.4,74694.66666666667,105448.0,3,6.0,2.2176654777473736e-06,0.0026229975474481
Zelda Rubinstein,3,6,3,6.433333333333334,7.4,74694.66666666667,105448.0,3,6.0,2.2176654777473736e-06,0.0026229975474481
Beau Bridges,12,12,6,6.266666666666667,7.3,63310.333333333336,205284.0,7,28.0,7.297141974287586e-05,0.0088410765570533
Jamie Hector,2,2,1,5.4,5.4,107772.0,107772.0,5,0.0,0.0,0.0030913694457377
Danneel Ackles,6,6,3,5.566666666666666,6.6,61239.666666666664,113918.0,6,3.0,1.5677698754197355e-05,0.0025932418564732
Ashley Williams,6,6,3,6.666666666666667,7.1,62139.0,92599.0,7,3.0,2.6793445465725023e-05,0.0078487684341465
Kirsten Day,2,2,1,5.9,5.9,48019.0,48019.0,3,0.0,0.0,0.0006517604771612
Steve Howey,10,10,5,4.74,5.9,35894.0,79094.0,7,6.0,5.458773981143455e-05,0.007416809513763
Jodi Lyn O'Keefe,6,6,3,6.3,7.0,17858.333333333332,43879.0,6,13.0,5.482342563084418e-05,0.0101887331757152
Logan Browning,4,4,2,7.1,7.2,1192.5,1641.0,2,0.0,5.1926503112802655e-06,0.0012378880611253
Joyce Van Patten,2,2,1,7.3,7.3,16323.0,16323.0,4,0.0,0.0,6.081244847257701e-05
Tatum O'Neal,2,2,1,7.3,7.3,16323.0,16323.0,4,0.0,0.0,6.081244847257701e-05
Vic Morrow,4,4,2,6.9,7.3,20968.0,25613.0,7,7.0,0.000262768605181,0.0013633066796159
Raul Julia,4,4,2,5.3,6.8,74861.0,96607.0,5,3.0,9.494087730260654e-06,0.0011742698884186
Ed Stoppard,2,2,1,8.5,8.5,497946.0,497946.0,3,0.0,0.0,3.364183112304413e-05
Emilia Fox,2,2,1,8.5,8.5,497946.0,497946.0,3,0.0,0.0,3.364183112304413e-05
Frank Finlay,8,8,4,6.975,8.5,129236.75,497946.0,9,32.0,0.0001168515025455,0.0007544604980456
Hiam Abbass,2,2,1,6.8,6.8,8143.0,8143.0,3,0.0,0.0,3.337632973246063e-05
Keisha Castle-Hughes,6,6,3,7.3,7.6,18459.333333333332,34232.0,6,9.0,0.0006180811161355,0.0007483564394508
Shaun Toub,4,4,2,7.199999999999999,7.6,38131.0,68119.0,3,1.0,0.0005251632955913,3.349885082080177e-05
Brian Van Holt,6,8,4,5.425,6.7,55806.75,94463.0,5,5.0,7.5412483876681e-06,0.0016234019626254
Paris Hilton,4,6,3,5.766666666666667,6.7,69779.33333333333,94463.0,3,3.0,5.272090838727228e-06,0.0026338026208208
Colin Stinton,2,2,1,7.3,7.3,168314.0,168314.0,2,0.0,0.0,0.0078185366923474
Aaliyah,4,4,2,5.65,6.1,50515.5,57040.0,6,2.0,1.2579100513558318e-05,0.0045463211768968
Kevin Peter Hall,2,2,1,6.2,6.2,105478.0,105478.0,3,0.0,0.0,0.0007767857134732
Jesse Tyler Ferguson,2,2,1,6.2,6.2,40964.0,40964.0,3,0.0,0.0,0.0010811992160645
Joseph Cross,4,4,2,6.2,6.2,30482.0,40964.0,4,2.0,4.7878292255799725e-05,0.0012828274023388
Douglas Smith,6,6,3,6.166666666666667,6.6,19466.0,48621.0,6,14.0,1.3902825746799976e-05,0.0034406230485855
Sam J. Jones,2,2,1,6.4,6.4,38017.0,38017.0,3,0.0,0.0,0.0014860713433257
Carmen Ejogo,4,4,2,6.1,7.1,37124.5,45992.0,7,3.0,1.1046987249616133e-05,0.0019030938525955
Cicely Tyson,14,14,7,5.428571428571429,6.4,11650.285714285714,28257.0,10,8.0,9.07287874335423e-05,0.0034518658240329
Leon Rippy,2,2,1,6.6,6.6,31751.0,31751.0,4,0.0,0.0,0.0035434611108091
Bill Bailey,4,4,2,7.0,7.9,185962.5,352695.0,5,3.0,0.0003091340367604,0.0004803858265563
Eros Vlahos,2,2,1,6.1,6.1,19230.0,19230.0,3,0.0,0.0,0.0004786176419861
Frank Whaley,4,4,2,6.0,6.6,8802.0,17124.0,4,9.0,9.643204641396142e-06,0.0015527603836773
Nicki Aycox,4,4,2,5.75,5.9,61679.0,78256.0,5,5.0,0.000194995018671,0.0011558874469221
Joanna Lumley,4,4,2,6.85,7.4,118292.5,188785.0,7,1.0,1.5170253421268403e-05,0.0159110112431432
Pip Torrens,2,2,1,5.6,5.6,15788.0,15788.0,5,0.0,0.0,0.0048922024762525
Richard Thomas,2,2,1,7.4,7.4,54643.0,54643.0,2,0.0,0.0,0.0058754853132938
Drake Bell,8,8,4,5.375,7.6,51590.5,143137.0,9,14.0,2.0136488704890143e-05,0.0030397047049967
Marion Ross,2,2,1,4.5,4.5,52052.0,52052.0,4,0.0,0.0,0.0008562153119083
Alona Tal,4,4,2,5.4,6.2,37279.5,63548.0,4,5.0,6.260079742548244e-06,0.0005628757382096
Michael Beach,2,2,1,6.2,6.2,63548.0,63548.0,3,0.0,0.0,0.0002310130805837
Portia de Rossi,4,4,2,5.6,6.2,40258.0,54390.0,2,6.0,2.2438755058986124e-06,0.001678613062531
Shannon Elizabeth,12,14,7,5.771428571428571,7.0,108199.28571428571,315549.0,2,6.0,0.0001434728487108,0.0102801695535884
Jim Gaffigan,12,12,6,6.25,7.2,40348.0,106098.0,6,8.0,0.0001311194007395,0.0032642039247831
Michael Mosley,2,2,1,5.1,5.1,34948.0,34948.0,3,0.0,0.0,0.0002496289198866
Richard T. Jones,6,6,3,6.366666666666667,7.1,83155.66666666667,207934.0,6,16.0,3.664341943825185e-05,0.0025803845417885
Alex Jennings,4,4,2,6.9,7.3,56731.5,85333.0,5,4.0,1.35486056273997e-05,0.0026000789818596
Lucy Gordon,2,2,1,6.5,6.5,28130.0,28130.0,4,0.0,0.0,0.0024843893515613
Wendell Pierce,8,10,5,6.4799999999999995,7.1,53941.6,90046.0,8,13.0,3.219963590800553e-05,0.0150921456655524
Austin Nichols,6,6,3,6.2,7.2,33692.0,51842.0,7,4.0,7.240571030933579e-05,0.0100573475291431
Brooke Shields,6,6,3,5.199999999999999,6.1,36699.333333333336,50125.0,8,30.0,2.434489225158177e-05,0.0055419979993878
Matt Prokop,4,4,2,4.15,4.5,28097.0,43795.0,6,2.0,5.704104837022215e-06,0.0016915649819865
Cariba Heine,2,2,1,5.2,5.2,11482.0,11482.0,3,0.0,0.0,0.0001326247006682
Richard Brancatisano,2,2,1,5.2,5.2,11482.0,11482.0,3,0.0,0.0,0.0001326247006682
Lysette Anthony,2,2,1,6.0,6.0,23351.0,23351.0,3,0.0,0.0,0.0053580118639777
Christopher Rich,2,2,1,5.7,5.7,4795.0,4795.0,4,0.0,0.0,6.556253832171035e-05
Dann Florek,2,2,1,5.7,5.7,4795.0,4795.0,4,0.0,0.0,6.556253832171035e-05
Rosanna Arquette,8,8,4,5.775,6.1,13272.0,30511.0,9,20.0,0.0001422798908421,0.0014695356435485
Jason Behr,2,2,1,6.8,6.8,28542.0,28542.0,1,0.0,0.0,0.0046743800189846
Michiel Huisman,8,8,4,7.35,7.8,71217.25,93767.0,8,9.0,0.0001861696791398,0.0095461624402741
Bashar Rahal,6,6,3,4.833333333333333,5.7,17737.0,31918.0,7,6.0,5.4750539140226335e-05,0.0010322413047748
Shawn Doyle,2,2,1,5.5,5.5,31918.0,31918.0,4,0.0,0.0,0.0009286530010173
Lela Rochon,2,2,1,4.8,4.8,11512.0,11512.0,3,0.0,0.0,0.0009601929979096
Paul Sorvino,24,24,12,6.500000000000001,8.7,71545.91666666667,728685.0,16,35.0,0.0008353108805868,0.0215279527930061
Ray Nicholas,2,2,1,4.8,4.8,11512.0,11512.0,3,0.0,0.0,0.0009601929979096
Maurice Compte,2,4,2,5.7,5.7,47500.0,47502.0,4,0.0,0.0,0.0011581160164386
Benno Fürmann,4,4,2,5.6,6.1,12591.0,14962.0,4,3.0,4.6739346350241294e-05,0.0024455964094968
Jade Kindar-Martin,2,2,1,7.4,7.4,77394.0,77394.0,4,0.0,0.0,0.0026773993272148
Soleyman Pierini,2,2,1,7.4,7.4,77394.0,77394.0,4,0.0,0.0,0.0026773993272148
Angus Macfadyen,4,4,2,5.25,5.9,56638.0,111087.0,5,10.0,7.146821734213696e-06,0.0011175664289722
Lee Arenberg,2,2,1,4.6,4.6,2189.0,2189.0,3,0.0,0.0,0.00044629488586
Marley Shelton,12,12,6,5.666666666666667,6.5,18101.166666666668,56338.0,11,12.0,0.0001821563612195,0.0093335959006792
Warren Brown,2,2,1,8.6,8.6,70568.0,70568.0,4,,0.0,0.0006824662983894
Rie Rasmussen,2,2,1,6.3,6.3,28584.0,28584.0,4,0.0,0.0,0.0001741186164903
Isabelle Carré,2,2,1,7.1,7.1,4885.0,4885.0,4,0.0,0.0,0.0001576962720297
Beverly D'Angelo,20,20,10,6.5200000000000005,8.6,112707.6,782437.0,9,35.0,0.0002524036976096,0.0178930507745996
Aml Ameen,2,2,1,6.8,6.8,310903.0,310903.0,4,0.0,0.0,5.023241572580357e-05
Jacob Latimore,2,2,1,6.8,6.8,310903.0,310903.0,4,0.0,0.0,5.023241572580357e-05
June Diane Raphael,2,2,1,5.4,5.4,23072.0,23072.0,1,0.0,0.0,0.0041359089798991
Melissa McMeekin,4,4,2,6.65,7.9,149470.5,275869.0,4,5.0,6.552095713668276e-06,0.008615456045945
Ellen Burstyn,17,20,10,6.869999999999999,8.4,118884.6,573541.0,8,42.0,0.0002842585577887,0.0209371458415321
Hudson Leick,2,2,1,5.2,5.2,8367.0,8367.0,5,0.0,0.0,0.000335429169993
Kevin J. O'Connor,4,4,2,6.35,7.5,16672.0,24977.0,6,1.0,6.521060457090112e-05,0.0015321044024783
Sami Gayle,2,2,1,5.5,5.5,36914.0,36914.0,4,0.0,0.0,0.0037096759065969
Hayley Lovitt,2,2,1,7.1,7.1,50041.0,50041.0,2,0.0,0.0,0.0006009067457508
Melissa Benoist,6,6,3,7.566666666666666,8.5,156663.0,399138.0,4,1.0,0.0002661851947732,0.0134765323168329
Tiago Riani,2,2,1,7.1,7.1,50041.0,50041.0,2,0.0,0.0,0.0006009067457508
Eva Marie Saint,4,4,2,6.0,6.4,6083.5,8427.0,5,5.0,4.941429928701204e-06,0.0006469524603238
Vincent Perez,4,4,2,6.1,6.6,10890.5,18041.0,5,7.0,4.848827104086835e-06,0.0007336504851616
Fana Mokoena,2,2,1,7.1,7.1,21223.0,21223.0,3,0.0,0.0,2.5685585517982632e-05
Terry Pheto,8,8,4,7.05,7.3,16448.75,25063.0,4,8.0,0.0004026127294609,0.0005758220459575
Tony Kgoroge,2,2,1,7.1,7.1,21223.0,21223.0,3,0.0,0.0,2.5685585517982635e-05
Dato Bakhtadze,2,2,1,4.9,4.9,49312.0,49312.0,5,0.0,0.0,6.2998439368323415e-06
Veronika Vernadskaya,2,2,1,4.9,4.9,49312.0,49312.0,5,0.0,0.0,6.2998439368323415e-06
Ryan Guzman,6,6,3,5.466666666666666,6.5,24359.0,45394.0,6,3.0,6.314150394293091e-05,0.0004232266680456
Stephen Boss,4,4,2,6.35,6.5,46345.5,47297.0,3,2.0,2.2912272823235663e-05,0.0001913538102596
Rachel Blanchard,8,10,5,5.76,6.5,78461.8,132963.0,9,7.0,4.801207197170386e-05,0.0084753703468303
Chris Ellis,2,2,1,5.3,5.3,22220.0,22220.0,4,0.0,0.0,0.0032689788077976
Eddie Jemison,4,4,2,6.8,7.1,80978.0,124242.0,6,3.0,2.2854839177746904e-06,0.0009400395516418
Marco St. John,4,4,2,5.8,6.5,68634.0,124242.0,9,6.0,4.916141879368319e-06,0.0005589882634913
Robert John Burke,6,6,3,5.966666666666666,6.5,51198.666666666664,83097.0,7,15.0,2.5163746982346552e-05,0.0153421720229096
Kenny Baker,6,8,4,8.225000000000001,8.8,619150.75,911097.0,5,6.0,4.841259890318992e-06,0.0099321196766387
Ryan Kruger,2,2,1,6.0,6.0,62770.0,62770.0,3,0.0,0.0,0.0001867260170875
David Kross,4,4,2,7.35,7.6,100778.0,189812.0,4,8.0,1.3152705359455925e-05,0.005923919978956
Susanne Lothar,2,2,1,7.6,7.6,189812.0,189812.0,2,0.0,0.0,0.0037136369177805
David Gallagher,4,4,2,6.4,6.4,38662.0,63839.0,5,9.0,5.24612994925705e-06,0.0060794874125828
Kyra Sedgwick,8,10,5,6.08,6.4,40725.0,63839.0,9,16.0,6.836040470892358e-05,0.009499811747756
Héctor Jiménez,6,6,3,5.6000000000000005,6.1,24975.0,65551.0,6,10.0,6.924841931316499e-06,0.0045297451847224
Steve Bannos,2,2,1,6.8,6.8,218711.0,218711.0,2,0.0,0.0,0.0002912782097589
Wendi McLendon-Covey,6,6,3,5.966666666666666,6.8,87969.0,218711.0,4,4.0,1.979348097001241e-05,0.0037620830155133
Portia Doubleday,4,6,3,5.400000000000001,5.9,78720.33333333333,108248.0,6,2.0,6.667586108871714e-06,0.0097857519098774
Cas Anvar,8,8,4,7.075,8.3,143968.0,379462.0,6,12.0,4.865653732486662e-05,0.0069583195405974
Russell Peters,4,4,2,5.5,7.5,194485.5,379462.0,4,5.0,4.984348351371276e-06,0.0046098971297822
Danny Nucci,2,2,1,7.1,7.1,38949.0,38949.0,4,0.0,0.0,9.474649221236832e-05
Illeana Douglas,10,10,5,6.0200000000000005,7.1,23954.8,62468.0,9,12.0,8.203166493386414e-05,0.0021240933630799
Michael DeLorenzo,2,2,1,7.1,7.1,38949.0,38949.0,4,0.0,0.0,9.47464922123683e-05
Judy Davis,10,10,5,6.860000000000001,7.4,27115.6,67893.0,9,29.0,0.0004496976551822,0.0044736711878453
Julian Richings,18,18,9,6.51111111111111,7.6,54138.444444444445,160511.0,11,18.0,0.000560730964889,0.0111896228142275
John Belushi,6,6,3,7.133333333333333,7.9,85939.33333333333,142448.0,5,2.0,5.476755123084021e-05,0.0043173411158428
Holmes Osborne,4,4,2,7.0,7.1,17018.5,24019.0,7,3.0,9.91771803744422e-06,0.0014049557020115
Ken Howard,6,6,3,6.766666666666666,7.6,21743.333333333332,48909.0,9,33.0,1.6595436198915014e-05,0.002313192728327
Kyle Schmid,6,6,3,6.466666666666666,7.5,90328.33333333333,186606.0,9,1.0,4.183942431629665e-05,0.0053701889135885
Pat Hingle,2,2,1,6.4,6.4,69197.0,69197.0,3,0.0,0.0,0.0034562219688001
Roberts Blossom,4,4,2,7.0,7.6,54438.5,69197.0,4,7.0,0.0001178235779254,0.0036536813007231
Mike Doyle,2,2,1,5.9,5.9,18771.0,18771.0,2,0.0,0.0,0.0009023139231517
Nora Dunn,6,6,3,5.233333333333333,5.9,22234.0,45144.0,5,8.0,5.382002848290309e-05,0.001016627306225
Marc Anthony,2,2,1,6.8,6.8,53028.0,53028.0,2,0.0,0.0,0.0032280256370741
Sonja Sohn,4,4,2,7.0,7.2,27502.0,53028.0,2,1.0,4.6739346350241294e-05,0.003239862220669
Andrea Martin,9,10,5,6.62,9.5,15069.4,26300.0,11,10.0,0.0001181466176397,0.0031048956972589
George Kennedy,11,14,7,6.3,6.9,40299.0,83269.0,9,27.0,0.0003009113992051,0.004564229337734
Rollo Weeks,2,2,1,5.7,5.7,3088.0,3088.0,5,0.0,0.0,0.0003879218435956
Simon Callow,8,8,4,6.95,7.8,74322.5,175524.0,6,17.0,0.0001259943454429,0.0062986919954587
Jean Louisa Kelly,2,2,1,7.3,7.3,30230.0,30230.0,2,0.0,0.0,0.00071887414241
Doug Cockle,2,2,1,6.3,6.3,17319.0,17319.0,6,0.0,0.0,0.0049110713395745
Hope Davis,20,20,10,6.94,7.3,47143.1,107557.0,11,17.0,0.0003058409706421,0.031204468041893
Brian McNamara,2,2,1,6.3,6.3,50389.0,50389.0,4,0.0,0.0,0.0002963608451582
Peter Jason,4,4,2,6.8,7.3,61945.0,73501.0,5,2.0,4.6739346350241294e-05,0.0002974481025639
Chita Rivera,2,2,1,7.2,7.2,172080.0,172080.0,3,0.0,0.0,0.0008011089945085
Jayne Eastwood,4,4,2,6.85,7.2,94152.0,172080.0,5,5.0,3.362668400205698e-06,0.0021777915075596
Joey Lauren Adams,9,10,5,6.5,7.3,76301.4,161858.0,5,13.0,4.55566746570836e-05,0.019699862113713
Dillon Casey,2,2,1,6.8,6.8,145852.0,145852.0,2,0.0,0.0,0.0019067737160226
Lucas Bryant,2,2,1,6.8,6.8,145852.0,145852.0,2,0.0,0.0,0.0019067737160226
Carel Struycken,2,2,1,6.8,6.8,96607.0,96607.0,2,0.0,0.0,0.0006931470128824
Heather Matarazzo,8,8,4,6.4,7.5,33401.75,94049.0,5,7.0,0.0001156831881649,0.0053751620485353
Rodger Bumpass,2,2,1,7.0,7.0,58906.0,58906.0,5,0.0,0.0,0.0058448807203747
Spencer Treat Clark,6,6,3,6.3999999999999995,8.0,140633.66666666666,338415.0,5,14.0,0.0001068089342238,0.0061886211331768
Tom Guiry,4,4,2,7.6,8.0,170947.5,338415.0,5,0.0,0.0001748986151892,0.0013383592148293
Mike Colter,6,6,3,6.8,8.1,160843.0,482064.0,5,11.0,7.373127030241636e-05,0.0124239937422791
Bern Cohen,2,2,1,6.1,6.1,124501.0,124501.0,2,0.0,0.0,0.0025828761853757
Yetta Gottesman,2,2,1,6.1,6.1,124501.0,124501.0,2,0.0,0.0,0.0025828761853757
Casey Kasem,2,2,1,6.1,6.1,8146.0,8146.0,5,0.0,0.0,0.0003877353597961
Melinda Dillon,4,4,2,7.15,7.7,75918.5,139288.0,3,14.0,3.4867880630297883e-06,0.0042814058662431
Chris Lowell,2,2,1,7.4,7.4,270238.0,270238.0,2,0.0,0.0,0.0084848683925576
Howard Hesseman,2,2,1,7.2,7.2,107557.0,107557.0,2,0.0,0.0,0.0013917815631164
June Squibb,2,2,1,7.2,7.2,107557.0,107557.0,2,0.0,0.0,0.0013917815631164
Tracie Thoms,2,2,1,7.4,7.4,428916.0,428916.0,5,0.0,0.0,0.0083315222919802
Christine Cavanaugh,4,4,2,6.35,6.8,54220.0,94435.0,6,3.0,1.0444097785700453e-05,0.000542951880121
Jean Smart,4,4,2,5.6,6.3,21771.5,34258.0,5,12.0,4.750240447255858e-06,0.0090244928401061
Maria Thayer,4,4,2,7.65,8.1,110844.0,217507.0,3,0.0,1.3136950921566177e-06,0.004113826740089
Zach Gilford,12,12,6,6.400000000000001,8.7,46347.333333333336,114241.0,10,5.0,0.0001669552227625,0.0101193539737737
Fionnula Flanagan,10,10,5,7.040000000000001,7.6,95973.2,268581.0,8,13.0,0.000230434972867,0.004229564840718
Tony Nappo,8,8,4,6.625000000000001,6.9,102323.0,188679.0,7,4.0,4.227964816280175e-05,0.0034528882815746
Antony Starr,4,4,2,6.9,7.9,40838.5,44198.0,6,1.0,2.865446412535284e-05,0.0049339600119292
Bonnie Somerville,2,2,1,5.9,5.9,37479.0,37479.0,3,0.0,0.0,0.0002378448998409
Scott Adsit,4,4,2,6.0,6.1,20216.0,37479.0,4,1.0,2.8580263959112107e-06,0.0006375296072588
Christa B. Allen,4,4,2,5.35,6.1,62112.5,122187.0,4,8.0,3.323173582713858e-05,0.004540719056097
Audrey Fleurot,2,2,1,7.7,7.7,301149.0,301149.0,3,0.0,0.0,0.0010797443621146
Nina Arianda,4,4,2,7.4,7.7,151658.0,301149.0,6,5.0,5.330013455017418e-06,0.0059260072886367
John Savage,12,12,6,7.1000000000000005,8.2,60486.166666666664,232577.0,8,35.0,0.0001084827615847,0.0182022139836791
Raphael Sbarge,2,2,1,6.1,6.1,28942.0,28942.0,2,0.0,0.0,0.0034175113088862
Anne Meara,4,4,2,6.05,7.0,17867.0,20660.0,6,24.0,4.528552726524139e-06,0.00178827214902
Brenda Song,2,2,1,5.1,5.1,15074.0,15074.0,4,0.0,0.0,0.0007742592289618
Priscilla Presley,3,4,2,6.6,6.8,80059.5,83269.0,2,3.0,1.5564420637314194e-06,0.0006952855825285
Patrick Macnee,4,4,2,6.449999999999999,6.6,45669.0,68565.0,4,4.0,9.0733807260716e-06,0.0006475485264669
Tanya Roberts,4,4,2,5.55,6.3,35949.5,68565.0,4,1.0,4.6739346350241294e-05,0.0001876968553191
Geraldine McEwan,2,2,1,7.5,7.5,98160.0,98160.0,5,0.0,0.0,0.0002892706358922
Mark Gatiss,6,6,3,7.099999999999999,7.7,95319.66666666667,166269.0,9,4.0,0.0006316398355931,0.006482776482203
Peter Sallis,2,2,1,7.5,7.5,98160.0,98160.0,5,0.0,0.0,0.0002892706358922
Nellie McKay,2,2,1,7.1,7.1,167967.0,167967.0,2,0.0,0.0,0.0043027376737867
Frankie Muniz,13,16,8,5.3999999999999995,7.0,19644.25,29008.0,11,6.0,0.0001782011901697,0.012454560688831
Alfie Allen,4,4,2,6.9,7.8,99397.5,192930.0,7,7.0,7.63313702483211e-06,0.0022217579177749
Brenda Blethyn,12,12,6,7.1000000000000005,7.8,70553.16666666667,193455.0,11,9.0,0.0002677715253346,0.0108456129148014
Luisa Ranieri,2,2,1,6.5,6.5,74630.0,74630.0,3,0.0,0.0,0.0016343170443566
Marcia DeBonis,2,2,1,6.5,6.5,74630.0,74630.0,3,0.0,0.0,0.0016343170443566
Kate Capshaw,4,4,2,7.1,7.6,184637.5,329969.0,4,5.0,2.8411582172777365e-06,0.0057619662890184
Ken Takakura,2,2,1,6.6,6.6,39306.0,39306.0,3,0.0,0.0,0.0028177239696692
Larry David,8,8,4,6.574999999999999,7.6,24680.25,58967.0,4,23.0,0.0001086473499432,0.0023610360307597
Derek Luke,14,14,7,6.528571428571429,7.3,22538.714285714286,57674.0,10,13.0,0.0006173784568372,0.0127622634014793
Mehcad Brooks,6,6,3,5.966666666666666,7.2,15175.666666666666,34910.0,7,9.0,0.000527918241969,0.0040970281926213
Bernardo Saracino,2,2,1,7.6,7.6,196217.0,196217.0,5,0.0,0.0,6.728151182586828e-05
Edgar Arreola,4,4,2,7.199999999999999,7.6,107566.0,196217.0,7,0.0,0.0002301020876766,0.0012875971992438
Oona Laurence,4,4,2,7.4,7.5,73768.0,147128.0,5,1.0,5.852681993184734e-06,0.0045183949913453
Emmanuelle Vaugier,6,6,3,6.599999999999999,7.6,98109.66666666667,188679.0,6,3.0,6.213805082671689e-05,0.0072453220314505
Facundo Lombard,2,2,1,6.2,6.2,47297.0,47297.0,3,0.0,0.0,0.0001729399762189
Sanoe Lake,2,2,1,5.6,5.6,26066.0,26066.0,3,0.0,0.0,0.001102774261054
Christian Stolte,2,2,1,7.6,7.6,186977.0,186977.0,4,0.0,0.0,0.0041137549530849
Danny Rhodes,2,2,1,7.6,7.6,186977.0,186977.0,4,0.0,0.0,0.0041137549530849
Mark Rendall,4,4,2,6.449999999999999,6.6,69975.5,138435.0,2,2.0,2.77974673313718e-06,0.0009339708517244
Megan Franich,2,2,1,6.6,6.6,138435.0,138435.0,1,0.0,0.0,0.0005532291870823
Method Man,4,4,2,4.85,7.0,57892.0,88518.0,3,0.0,8.729023190357145e-06,0.0015126354441265
Yaphet Kotto,12,12,6,7.083333333333333,8.5,139525.16666666666,563827.0,10,27.0,0.000507749041882,0.0197145629660632
Maria Conchita Alonso,6,6,3,4.866666666666666,6.6,39171.666666666664,112669.0,6,24.0,2.1762013131313744e-05,0.0017922957636641
Richard Dawson,2,2,1,6.6,6.6,112669.0,112669.0,4,0.0,0.0,0.0009180309126222
Tisha Campbell-Martin,6,6,3,5.933333333333333,6.9,19225.333333333332,49349.0,7,5.0,0.0001788752954091,0.0058738073437829
Jasika Nicole,2,2,1,6.7,6.7,21767.0,21767.0,2,0.0,0.0,0.0016001857152762
Yaya DaCosta,8,8,4,6.675000000000001,7.2,42721.5,110616.0,5,8.0,0.0001172235679623,0.0090220462680462
Jurnee Smollett-Bell,10,10,5,7.0,7.6,18674.2,47626.0,8,19.0,0.0001821158168363,0.0200869625065416
Alan Oppenheimer,6,6,3,6.866666666666667,7.4,76271.33333333333,111117.0,11,29.0,3.739673851350434e-05,0.0029925406321359
Tom Kane,6,6,3,7.400000000000001,7.9,54323.666666666664,111117.0,10,0.0,2.3511634225786505e-05,0.0023548312218128
Katie Lowes,2,4,2,7.1,7.1,148330.5,148334.0,3,0.0,0.0,0.0042497532067459
Luke Mably,4,4,2,6.4,6.9,51030.0,70076.0,5,5.0,7.854079949285205e-06,0.0023167617573276
Huell Howser,2,2,1,7.3,7.3,15600.0,15600.0,5,0.0,0.0,0.0002023104000767
Robert Lopez,2,2,1,7.3,7.3,15600.0,15600.0,5,0.0,0.0,0.0002023104000767
Cheri Oteri,2,2,1,3.4,3.4,30651.0,30651.0,1,0.0,0.0,0.00038108235341
Graham Beckel,2,2,1,6.8,6.8,21998.0,21998.0,3,0.0,0.0,0.0001694663314953
Kirk Baltz,2,2,1,6.8,6.8,21998.0,21998.0,3,0.0,0.0,0.0001694663314953
Aunjanue Ellis,8,8,4,6.300000000000001,6.9,7170.75,15843.0,8,15.0,5.441284878416803e-05,0.0019178664858113
Josh Hopkins,4,4,2,5.7,6.9,8200.0,15843.0,4,0.0,3.5568076872806923e-06,0.0004953431634766
Tika Sumpter,6,6,3,5.933333333333334,6.9,32003.666666666668,75903.0,7,1.0,2.1686966211847763e-05,0.0024466542643942
Rhys Wakefield,6,6,3,5.966666666666666,6.3,72551.66666666667,139329.0,6,3.0,2.381707259542532e-05,0.003868155251296
Dave Annable,2,2,1,5.2,5.2,15052.0,15052.0,3,0.0,0.0,0.0019654992024067
Jacki Weaver,2,2,1,6.2,6.2,78974.0,78974.0,2,0.0,0.0,0.0010463369991667
Aisha Hinds,2,2,1,7.4,7.4,146364.0,146364.0,4,0.0,0.0,0.0026093209436885
Daniel Stern,10,10,5,6.659999999999999,7.4,52776.6,146364.0,8,28.0,5.8077572049912193e-05,0.0093624434502412
Cameron Bright,10,10,5,6.12,7.7,134403.2,357579.0,8,2.0,7.621894195120288e-05,0.0236069450068497
Drea de Matteo,2,2,1,6.3,6.3,65979.0,65979.0,4,0.0,0.0,0.0008243794494772
Hugh Dillon,2,2,1,6.3,6.3,65979.0,65979.0,4,0.0,0.0,0.0008243794494772
Stephen Baldwin,4,4,2,6.25,7.2,41957.5,76842.0,7,7.0,8.259027142647042e-06,0.0082843919903686
Doug E. Doug,4,4,2,6.15,6.9,56748.5,69733.0,6,9.0,1.0879319083873597e-05,0.0061161927566488
David Hewlett,10,12,6,6.7,7.3,46456.833333333336,160511.0,8,12.0,0.0006743477596719,0.0014879674359005
Delphine Chanéac,2,2,1,5.8,5.8,79517.0,79517.0,3,0.0,0.0,0.0007223957875481
Sarah Polley,15,18,9,6.833333333333334,7.7,33146.88888888889,79517.0,9,15.0,0.000397536814288,0.0154278051229313
Jordan Prentice,2,2,1,4.6,4.6,33669.0,33669.0,5,0.0,0.0,0.0008817689807412
Eddie Cibrian,14,14,7,5.9142857142857155,6.7,12042.42857142857,28606.0,6,15.0,0.0001376387033503,0.0088048508387068
Lobo Sebastian,2,2,1,5.6,5.6,11520.0,11520.0,2,0.0,0.0,0.0002820548987875
Robert Costanzo,2,2,1,5.6,5.6,11520.0,11520.0,2,0.0,0.0,0.0002820548987875
Michael Greyeyes,6,6,3,6.8,7.2,28633.0,70771.0,6,10.0,2.8728896534658663e-05,0.0066523916828035
Texas Battle,2,2,1,2.7,2.7,56451.0,56451.0,5,0.0,0.0,4.417927236584074e-05
Christiana Leucas,2,2,1,6.4,6.4,114241.0,114241.0,3,0.0,0.0,0.0004511920645681
James Burnett,2,2,1,6.4,6.4,114241.0,114241.0,3,0.0,0.0,0.0004511920645681
Munro Chambers,2,2,1,4.8,4.8,22449.0,22449.0,4,0.0,0.0,0.0096383836713232
Stark Sands,2,4,2,6.1,6.1,30092.0,30092.0,2,0.0,0.0,0.0003445337007399
Terence Maynard,2,4,2,6.1,6.1,30092.0,30092.0,2,0.0,0.0,0.0003445337007399
Phil LaMarr,6,6,3,6.5,8.9,446521.6666666667,1324680.0,6,18.0,3.536756447664119e-05,0.0097218405948056
Lynda Boyd,2,2,1,7.0,7.0,24033.0,24033.0,1,0.0,0.0,0.0093279645306093
Atom Egoyan,2,2,1,7.3,7.3,21086.0,21086.0,2,0.0,0.0,0.0006495478339284
Paul Gross,4,4,2,6.65,7.3,12397.5,21086.0,4,8.0,0.0001595883448984,0.0006646547003666
Ned Bellamy,6,6,3,5.133333333333334,6.1,17953.333333333332,25558.0,7,9.0,2.740250274030228e-05,0.0022955918637907
Richard Roundtree,2,2,1,6.1,6.1,25558.0,25558.0,4,0.0,0.0,0.0010471406888524
James Biberi,4,4,2,6.6,6.7,34364.0,54147.0,5,7.0,5.461413744696496e-06,0.0025127709103286
Emir Kusturica,4,4,2,6.949999999999999,7.3,6885.5,9004.0,5,2.0,4.6739346350241294e-05,0.0001445617956738
Saïd Taghmaoui,2,2,1,6.6,6.6,9004.0,9004.0,5,0.0,0.0,0.0001440331896159
Bill Paterson,2,2,1,7.0,7.0,23864.0,23864.0,3,0.0,0.0,0.001179380381498
Lucy Boynton,2,2,1,7.0,7.0,23864.0,23864.0,3,0.0,0.0,0.001179380381498
Nicholas Tse,4,4,2,6.25,6.9,7239.0,8215.0,4,4.0,2.748256682916797e-06,3.3292622254158186e-05
Toby Leonard Moore,2,2,1,5.6,5.6,8215.0,8215.0,3,0.0,0.0,2.995679104965833e-05
Holly Valance,4,4,2,6.35,7.9,261129.5,483756.0,3,2.0,6.888841317258099e-06,0.0061141041073352
Sarah Carter,6,6,3,5.933333333333334,6.8,53690.0,120786.0,6,3.0,2.3501203870392326e-05,0.0024662796629758
Jaycee Chan,2,2,1,6.0,6.0,4670.0,4670.0,5,0.0,0.0,0.0004233900709727
Kad Merad,4,4,2,7.15,7.2,19900.5,30587.0,3,1.0,4.11116573666052e-05,6.847779626697938e-05
Louise Bourgoin,2,2,1,7.2,7.2,9214.0,9214.0,2,0.0,0.0,3.2438704942305623e-06
Sandrine Kiberlain,4,4,2,7.050000000000001,7.2,5326.5,9214.0,6,8.0,1.3134549400904563e-05,7.548239278451622e-06
Kathy Baker,2,2,1,6.8,6.8,52972.0,52972.0,4,0.0,0.0,0.0031311881643797
Patrick Lyster,2,2,1,7.1,7.1,10175.0,10175.0,3,0.0,0.0,2.5685585517982632e-05
Tyrone Keogh,2,2,1,7.1,7.1,10175.0,10175.0,3,0.0,0.0,2.5685585517982632e-05
Jemima West,2,2,1,2.0,2.0,3279.0,3279.0,3,0.0,0.0,0.0021427424340512
Chiara Caselli,2,2,1,6.7,6.7,14618.0,14618.0,4,0.0,0.0,0.0028425640763481
Birgitte Hjort Sørensen,4,4,2,6.3,6.5,69667.5,97697.0,5,1.0,2.1807139501366384e-05,0.0029250752645728
Hana Mae Lee,3,4,2,6.85,7.2,155797.5,213898.0,3,3.0,9.741946111824805e-08,0.0040312954092134
Dallas Roberts,6,6,3,7.0,7.9,69573.0,188637.0,6,0.0,3.3874252001852235e-05,0.0074988649061327
Tyler Hilton,2,2,1,7.9,7.9,188637.0,188637.0,4,0.0,0.0,0.0006385300016258
Amanda Schull,6,6,3,6.5,7.6,13722.0,20839.0,9,16.0,0.0002659762191577,0.0009523224912553
Kirk Acevedo,2,2,1,7.6,7.6,20839.0,20839.0,5,,0.0,0.0002938877672566
Milos Forman,2,2,1,6.4,6.4,44816.0,44816.0,3,0.0,0.0,0.0007366861320476
Bradley Pierce,2,2,1,5.8,5.8,16222.0,16222.0,4,0.0,0.0,0.0039655914029743
Mark Williams,4,4,2,6.25,6.7,17919.0,19616.0,5,14.0,2.312310157765787e-06,0.00431324650371
David Julian Hirsh,2,2,1,7.1,7.1,71596.0,71596.0,6,0.0,0.0,6.786908788829813e-06
Dick Clark,4,4,2,7.55,8.0,97343.0,123090.0,7,0.0,4.6739346350241294e-05,0.0001521634380351
Jennifer Hall,2,2,1,7.1,7.1,71596.0,71596.0,6,0.0,0.0,6.786908788829813e-06
Hannah Spearritt,2,2,1,4.9,4.9,28632.0,28632.0,4,0.0,0.0,0.0049456564416069
Angel Coulby,2,2,1,7.1,7.1,92850.0,92850.0,4,0.0,0.0,0.0012192774934526
Jason Lewis,2,2,1,7.1,7.1,92850.0,92850.0,4,0.0,0.0,0.0012192774934526
Scott Weinger,2,2,1,8.0,8.0,260939.0,260939.0,7,0.0,0.0,0.0039148178264879
Neil Brown Jr.,4,4,2,7.25,7.9,100242.0,119928.0,7,7.0,6.67106580996238e-05,0.0027613970896372
R. Marcos Taylor,2,2,1,7.9,7.9,119928.0,119928.0,5,0.0,0.0,0.0003832293497976
Amrish Puri,4,4,2,7.85,8.1,250847.5,329969.0,5,2.0,5.620053120675655e-06,0.0036569663617459
John Sessions,2,2,1,7.1,7.1,2167.0,2167.0,5,0.0,0.0,0.005088901712394
Enrique Iglesias,2,2,1,6.4,6.4,130094.0,130094.0,3,0.0,0.0,0.0097483301376116
Reginald VelJohnson,2,2,1,8.2,8.2,592582.0,592582.0,2,0.0,0.0,0.0088825823654155
Charlie Talbert,2,2,1,7.8,7.8,182983.0,182983.0,4,0.0,0.0,0.0062930561083948
Demetri Martin,2,2,1,6.7,6.7,24663.0,24663.0,3,0.0,0.0,0.0011221634246794
Eddie Cahill,2,2,1,7.5,7.5,36636.0,36636.0,4,0.0,0.0,0.0010220111897817
Kenneth Mitchell,2,2,1,7.5,7.5,36636.0,36636.0,4,0.0,0.0,0.0010220111897817
Alex Rocco,12,12,6,5.583333333333333,7.1,37864.833333333336,121058.0,13,18.0,0.0002506147300981,0.020568623192809
Rebecca De Mornay,10,10,5,6.640000000000001,7.7,61870.0,177828.0,11,13.0,0.0001851507593794,0.0080245091544934
Topol,4,4,2,7.4,8.0,50962.0,72085.0,7,10.0,5.4244740838546304e-06,0.0012588638263285
Gloria Reuben,2,2,1,5.8,5.8,44394.0,44394.0,4,0.0,0.0,0.0015900527003101
Mia Sara,2,2,1,5.8,5.8,44394.0,44394.0,4,0.0,0.0,0.0015900527003101
David Lyons,4,4,2,6.7,6.7,75012.5,78008.0,6,0.0,4.6739346350241294e-05,0.0010763110027269
Mimi Kirkland,2,2,1,6.7,6.7,78008.0,78008.0,3,0.0,0.0,4.8003045738512174e-05
Noah Lomax,2,2,1,6.7,6.7,78008.0,78008.0,3,0.0,0.0,4.8003045738512174e-05
Larry Bagby,4,4,2,6.75,6.8,39109.5,60494.0,7,10.0,0.0004024257720755,0.000305140130106
Omri Katz,2,2,1,6.7,6.7,60494.0,60494.0,3,0.0,0.0,0.0003040185152567
Lily Rabe,4,4,2,5.5,6.3,31607.0,59068.0,4,9.0,0.000262768605181,0.0017884229958931
Deborah Twiss,2,2,1,7.7,7.7,435864.0,435864.0,2,0.0,0.0,0.0007688201774832
Elizabeth McGovern,8,8,4,7.4750000000000005,7.8,127806.75,435864.0,6,35.0,2.302540362884194e-05,0.0057222816475955
Dilshad Vadsaria,2,2,1,6.1,6.1,77935.0,77935.0,3,0.0,0.0,0.0003463628558165
Jeri Ryan,2,2,1,4.9,4.9,27378.0,27378.0,4,0.0,0.0,0.0031658712882455
Simon Woods,2,2,1,7.8,7.8,193455.0,193455.0,2,0.0,0.0,0.000483708686853
Talulah Riley,2,2,1,7.8,7.8,193455.0,193455.0,2,0.0,0.0,0.000483708686853
Sean Young,4,4,2,7.55,8.2,339047.5,461609.0,3,12.0,6.788823381737449e-05,0.0040362066963094
Richard Sammel,2,2,1,6.2,6.2,69355.0,69355.0,3,0.0,0.0,0.0007989381155579
Tómas Lemarquis,2,2,1,6.2,6.2,69355.0,69355.0,3,0.0,0.0,0.0007989381155579
Antoni Corone,4,4,2,6.800000000000001,6.9,38444.0,72693.0,4,14.0,4.6739346350241294e-05,0.0050710114766536
Oleg Taktarov,2,2,1,6.9,6.9,72693.0,72693.0,3,0.0,0.0,0.0050524882968891
Ben Chaplin,6,6,3,6.266666666666666,7.9,25523.666666666668,45703.0,6,8.0,0.0002588136799059,0.0067868563726756
Bob Clendenin,4,4,2,5.75,6.7,10660.5,11983.0,4,2.0,1.401504935819448e-05,0.0049394080087547
Philippe Labro,1,1,1,8.0,8.0,10369.0,10369.0,1,0.0,0.0,1.3292518400374445e-07
Samaire Armstrong,6,6,3,4.533333333333332,5.3,23380.666666666668,44103.0,6,9.0,0.0001445526898652,0.0025812265599464
Mary McCormack,10,10,5,6.36,7.0,9072.4,22250.0,5,4.0,9.440625499145432e-05,0.0054024792381667
Ron Eldard,6,6,3,6.599999999999999,7.6,51611.666666666664,75920.0,4,4.0,1.1374356248734082e-05,0.0014455599200455
George Lopez,4,4,2,6.2,7.0,17985.5,29971.0,4,8.0,8.41109870123697e-06,0.0015965593671919
Francis Capra,4,4,2,6.9,8.4,29906.0,55524.0,6,0.0,4.687877836970491e-06,0.0015001987240976
Mara Wilson,6,6,3,5.3,6.9,62841.0,181380.0,6,7.0,1.4954808823910274e-05,0.005274852823448
Dominic Flores,2,2,1,6.1,6.1,11476.0,11476.0,2,0.0,0.0,0.0008365734405351
Bella Heathcote,6,6,3,5.766666666666667,7.0,11560.333333333334,23775.0,6,1.0,9.881373379129216e-06,0.005037475736291
Fenella Woolgar,2,2,1,6.5,6.5,61269.0,61269.0,3,0.0,0.0,0.0005405468499048
Katherine Parkinson,2,2,1,6.5,6.5,61269.0,61269.0,3,0.0,0.0,0.0005405468499048
Donald Faison,18,20,10,5.37,6.8,47849.7,202967.0,8,21.0,0.0001784329136183,0.0071479329517296
Eduardo Noriega,4,4,2,6.4,6.7,26529.0,42792.0,8,2.0,6.765359970595114e-06,0.0043620287137396
Elena Anaya,6,6,3,6.166666666666667,6.5,15607.333333333334,27689.0,7,1.0,4.709527512474754e-06,0.006828245609141
Kabir Bedi,4,4,2,6.3,6.6,42023.5,74374.0,5,27.0,1.6920475962260673e-05,1.0217816948430929e-05
Louis Jourdan,2,2,1,6.6,6.6,74374.0,74374.0,3,0.0,0.0,4.602880306887593e-06
Steven Berkoff,4,4,2,7.35,8.1,88000.5,101627.0,6,8.0,0.0002386679138116,9.7568132074449e-05
Harold Ramis,4,4,2,6.95,7.0,173609.5,298590.0,4,26.0,1.3431436333355204e-05,0.0053067637059915
Martin Starr,10,12,6,6.1499999999999995,7.0,92195.5,298590.0,5,7.0,8.293623863777936e-05,0.0088052231145261
Jeffrey Markle,2,2,1,7.4,7.4,74476.0,74476.0,1,0.0,0.0,0.0001836372952554
Sofia Vassilieva,2,2,1,7.4,7.4,74476.0,74476.0,1,0.0,0.0,0.0001836372952554
Richard Wilson,2,2,1,7.4,7.4,12980.0,12980.0,3,0.0,0.0,0.0004372036936889
Andrew Simpson,2,2,1,7.4,7.4,64625.0,64625.0,4,0.0,0.0,0.0002290541491135
Phil Davis,4,4,2,7.35,7.4,44127.0,64625.0,5,4.0,3.0242184769182755e-05,0.0046338192704771
Shaun Parkes,4,4,2,7.25,7.4,41909.5,64625.0,6,7.0,3.7219558075174977e-06,0.0007309064945456
Jake McDorman,2,2,1,7.9,7.9,38177.0,38177.0,4,,0.0,0.0008955089359344
Matthew Settle,4,4,2,5.3,6.0,9510.0,15352.0,3,2.0,2.2765249178167205e-05,0.0012501288990874
Tatyana Ali,10,10,5,6.0600000000000005,7.2,14659.6,50653.0,5,17.0,7.393875264664779e-05,0.013059567187832
Aretha Franklin,2,2,1,7.9,7.9,142448.0,142448.0,4,0.0,0.0,0.0001925233679458
Ray Charles,2,2,1,7.9,7.9,142448.0,142448.0,4,0.0,0.0,0.0001925233679458
Michael Rady,2,2,1,6.2,6.2,22304.0,22304.0,4,0.0,0.0,0.0023531217936169
Dolly Parton,4,4,2,5.75,5.8,7112.0,7748.0,3,30.0,2.409275184437189e-06,0.0012340616602799
Jeremy Jordan,4,4,2,5.800000000000001,5.9,6349.5,6476.0,5,2.0,2.821994682851605e-06,0.0021397999569678
Christopher Webster,2,2,1,7.1,7.1,144021.0,144021.0,3,0.0,0.0,0.0001295900568575
Peter McNicholl,2,2,1,7.1,7.1,144021.0,144021.0,3,0.0,0.0,0.0001295900568575
Sharon Small,4,4,2,7.449999999999999,7.8,81480.5,144021.0,3,2.0,4.6739346350241294e-05,0.0029054797034886
Ty Olsson,4,4,2,5.9,6.2,28965.0,42761.0,6,4.0,6.831367002606493e-06,0.0036793136850843
Barret Oliver,2,2,1,7.4,7.4,99557.0,99557.0,4,0.0,0.0,0.0002499342117126
Art Carney,2,2,1,8.7,8.7,3446.0,3446.0,2,,0.0,1.548508981696124e-06
Jackie Gleason,4,4,2,8.35,8.7,33153.0,62860.0,4,0.0,4.664586765754081e-05,3.470331320700126e-05
Joyce Randolph,2,2,1,8.7,8.7,3446.0,3446.0,2,,0.0,1.548508981696124e-06
Jean Marsh,4,4,2,7.1,7.5,25275.0,30982.0,6,13.0,0.000262768605181,0.0002794255389173
Piper Laurie,4,4,2,6.7,6.7,15936.0,19568.0,7,21.0,0.0003093209941458,0.0062431809443629
Tim Rose,2,2,1,6.7,6.7,19568.0,19568.0,5,0.0,0.0,0.0002784063054241
Lew Temple,12,12,6,6.033333333333334,7.1,30531.333333333332,76267.0,9,16.0,7.928332002431215e-05,0.0077648704329042
Vanesa Tomasino,2,2,1,6.2,6.2,60555.0,60555.0,3,0.0,0.0,0.0041577378852162
William Mapother,4,4,2,6.45,7.0,43971.0,71387.0,6,7.0,4.6739346350241294e-05,0.0006693189246227
Junix Inocian,2,2,1,6.3,6.3,42876.0,42876.0,4,0.0,0.0,0.0005123375080633
Paul Barber,2,2,1,6.3,6.3,42876.0,42876.0,4,0.0,0.0,0.0005123375080633
Eion Bailey,4,4,2,5.300000000000001,6.4,24763.5,49405.0,5,4.0,3.683170028530019e-05,0.0043470722103711
John Neville,4,4,2,6.5,6.8,17176.5,30096.0,3,1.0,1.8981616380297504e-05,0.0027671028626724
Julie Gonzalo,4,4,2,6.0,6.1,79777.0,96693.0,5,1.0,1.7366523377282034e-05,0.0023421021279856
Gerry Bednob,4,4,2,6.85,7.1,231816.0,313797.0,2,3.0,2.8777556396750056e-05,0.0049817198200802
Martin Clunes,2,2,1,7.2,7.2,175524.0,175524.0,3,0.0,0.0,0.0040370514584213
Boyd Holbrook,6,6,3,6.366666666666667,6.8,42696.333333333336,87950.0,7,2.0,1.1847050852148742e-05,0.0105534728055022
David Harbour,2,2,1,6.5,6.5,87950.0,87950.0,4,0.0,0.0,0.005566276854786
Jeanne Moreau,4,4,2,7.45,7.9,34038.5,57958.0,5,34.0,3.716157896245669e-05,0.0014630640558941
Glenn Howerton,4,4,2,7.7,8.8,68809.5,133415.0,1,0.0,5.44190026302325e-06,0.0004943783197732
Kaitlin Olson,4,4,2,7.6000000000000005,8.8,102345.5,133415.0,2,0.0,9.216089531724536e-06,0.0025885563501449
Rob McElhenney,6,6,3,7.7,8.8,52199.333333333336,133415.0,3,2.0,2.6231292795714327e-05,0.0062989512161971
Dirk Bogarde,2,2,1,7.4,7.4,40277.0,40277.0,3,0.0,0.0,9.693408488736404e-05
Ryan O'Neal,10,10,5,6.38,8.1,31767.2,101627.0,8,23.0,0.0003904545431861,0.0021732419402324
Wolfgang Preiss,2,2,1,7.4,7.4,40277.0,40277.0,3,0.0,0.0,9.693408488736404e-05
Carl Gilliard,2,2,1,6.5,6.5,94108.0,94108.0,2,0.0,0.0,8.246010156321696e-05
Robert Pine,6,6,3,5.833333333333333,6.5,45759.333333333336,94108.0,5,3.0,4.941037119220059e-05,0.0018485212363648
Suzie Plakson,2,2,1,6.5,6.5,94108.0,94108.0,2,0.0,0.0,8.246010156321696e-05
Keegan Connor Tracy,4,4,2,5.85,6.2,81274.5,120786.0,4,2.0,7.188032671483108e-06,0.0009443873551705
Michael Landes,2,2,1,6.2,6.2,120786.0,120786.0,2,0.0,0.0,0.0001456251666574
Kate Walsh,4,4,2,6.6,8.0,216072.0,351274.0,5,2.0,2.5660696158385964e-06,0.0052763330947823
Larry Hankin,2,2,1,6.5,6.5,161168.0,161168.0,3,0.0,0.0,0.0027096256054964
Jason George,4,4,2,5.75,6.3,16679.5,22147.0,6,0.0,9.862677034376754e-06,0.0012881457238593
Paula Garcés,12,12,6,5.6000000000000005,7.7,47496.5,155262.0,7,11.0,0.0001449644352572,0.0060635548573096
Brad Leland,2,2,1,7.2,7.2,28247.0,28247.0,4,0.0,0.0,0.0021697329707699
Todd Allen,4,4,2,7.2,7.2,19934.5,28247.0,4,12.0,4.6739346350241294e-05,0.0021776861577877
Seth Meyers,2,2,1,5.7,5.7,66579.0,66579.0,2,0.0,0.0,0.0113161098727088
Gregory Itzin,2,2,1,6.0,6.0,44913.0,44913.0,4,0.0,0.0,0.0049469090252881
Jack Thompson,6,6,3,6.3,7.3,30527.666666666668,44913.0,9,28.0,6.97666345346111e-05,0.0055958485318103
Pam Ferris,2,2,1,6.4,6.4,72886.0,72886.0,3,0.0,0.0,0.0008038190643481
Mario Van Peebles,8,8,4,4.175,5.5,12864.5,30840.0,9,43.0,0.0001514412665901,0.0022183295506784
David Conrad,2,2,1,6.3,6.3,8118.0,8118.0,2,0.0,0.0,0.0011720239029555
Monica Keena,2,2,1,6.3,6.3,8118.0,8118.0,2,0.0,0.0,0.0011720239029555
Kirstie Alley,6,6,3,6.066666666666666,7.7,41228.333333333336,91414.0,6,33.0,3.340937050935488e-05,0.0110680062178571
Chelsea Field,2,2,1,5.2,5.2,8008.0,8008.0,2,0.0,0.0,7.285300813934215e-06
Jessica Wesson,2,2,1,5.2,5.2,8008.0,8008.0,2,0.0,0.0,7.285300813934215e-06
Paul Hogan,6,8,4,5.5,6.5,36636.5,74743.0,5,15.0,0.0002246292985592,0.0001633839296198
Donald Sumpter,4,4,2,6.6,7.5,58170.5,111351.0,9,5.0,6.730225691659398e-06,0.0013744973244962
Matthew Lawrence,4,4,2,6.800000000000001,6.9,92086.0,181380.0,4,15.0,1.7475861098507255e-06,0.005523877319791
Ahney Her,2,2,1,8.2,8.2,561773.0,561773.0,1,0.0,0.0,0.001503915502379
Dreama Walker,4,4,2,7.3,8.2,293220.5,561773.0,4,4.0,7.216163136654872e-06,0.0017385918979413
Luke Bracey,6,6,3,6.266666666666667,6.7,42030.333333333336,50056.0,8,3.0,1.3711675001508137e-05,0.0018654162354116
DeVaughn Nixon,2,2,1,6.1,6.1,89972.0,89972.0,4,0.0,0.0,0.002845197854191
Caroline Goodall,2,2,1,8.9,8.9,865020.0,865020.0,3,0.0,0.0,0.0054527800280846
Embeth Davidtz,10,10,5,6.82,8.9,214858.0,865020.0,6,18.0,0.0002968160866332,0.0078956110002437
Jamie Blackley,2,2,1,6.2,6.2,29282.0,29282.0,3,0.0,0.0,0.0023960127896033
Agnia Ditkovskite,2,2,1,5.4,5.4,3170.0,3170.0,4,0.0,0.0,0.004395137723239
Igor Jijikine,2,2,1,5.4,5.4,3170.0,3170.0,4,0.0,0.0,0.004395137723239
Jason Ritter,14,14,7,5.885714285714286,6.9,25491.285714285714,89101.0,8,12.0,0.0003336083199824,0.0066391128196917
Katharine Isabelle,8,8,4,5.9,6.3,30472.25,89101.0,7,11.0,0.0003691162007779,0.003101893781052
Ava Acres,2,2,1,4.7,4.7,2863.0,2863.0,1,0.0,0.0,0.0003966001428674
Sara Stewart,2,2,1,4.7,4.7,2863.0,2863.0,1,0.0,0.0,0.0003966001428674
Ben Feldman,6,6,3,6.2,7.0,123420.66666666667,296787.0,9,9.0,0.0002662426494191,0.0010113364671438
Liza Lapira,2,2,1,7.0,7.0,296787.0,296787.0,4,0.0,0.0,0.0005225171574436
Ernie Reyes Jr.,6,6,3,6.0,7.0,27171.666666666668,42765.0,8,17.0,5.671984489827712e-05,0.0021576021911446
Kevin Nash,4,4,2,5.85,6.0,40483.5,42765.0,7,24.0,2.7215084775110905e-05,0.0022926024427825
Paige Turco,6,6,3,5.466666666666666,6.0,30425.0,42765.0,8,18.0,1.050999706218876e-05,0.0009552316787596
Billy Drago,4,4,2,6.6,7.9,112575.5,219008.0,4,2.0,9.819516585300832e-05,0.0090514897443792
Charles Martin Smith,2,2,1,7.9,7.9,219008.0,219008.0,3,0.0,0.0,0.0090170471131098
Bryan Callen,6,6,3,5.0,6.2,32820.333333333336,75903.0,4,4.0,2.460792424498516e-05,0.0023577694397052
Hugh O'Conor,2,2,1,7.3,7.3,150308.0,150308.0,2,0.0,0.0,0.0009355097735297
Leslie Caron,2,2,1,7.3,7.3,150308.0,150308.0,2,0.0,0.0,0.0009355097735297
Bob Newhart,4,4,2,5.9,7.2,31847.0,46417.0,3,33.0,1.0596484362815032e-05,0.0034630903047659
Gedde Watanabe,6,6,3,6.133333333333333,7.0,18343.0,21416.0,4,23.0,7.984199728582042e-06,0.0020917015380725
Greta Gerwig,10,10,5,6.340000000000001,7.4,50798.2,168717.0,4,4.0,0.0001521867641621,0.0043074049595842
Dana Delany,4,4,2,7.3,7.8,49453.0,95241.0,7,1.0,7.045934431849168e-06,0.0010055403308173
Billie Whitelaw,4,6,3,7.7,7.9,171538.0,352695.0,5,31.0,4.664586765754081e-05,2.176564411350621e-05
Lee Remick,2,4,2,7.6,7.6,80959.5,80961.0,3,0.0,0.0,2.031235443491017e-06
Patrick Troughton,2,4,2,7.6,7.6,80959.5,80961.0,3,0.0,0.0,2.031235443491017e-06
Chelan Simmons,6,6,3,6.333333333333333,7.6,101775.0,127842.0,3,4.0,1.8789147263746623e-05,0.0022665594223908
Gina Holden,6,6,3,5.8999999999999995,6.3,57589.333333333336,102861.0,4,6.0,3.937632999934617e-05,0.0009291528929473
Jay R. Ferguson,4,4,2,6.3,6.5,52682.5,76882.0,4,2.0,3.1040538550270263e-06,0.0026151262945479
Riley Thomas Stewart,4,4,2,6.6,6.7,58323.0,76882.0,2,1.0,2.241568304066128e-06,0.004658758971685
Larry the Cable Guy,4,4,2,3.9000000000000004,4.7,6684.5,9104.0,3,7.0,5.391319280506441e-06,0.0011554033044657
Darcy Donavan,2,2,1,7.2,7.2,267921.0,267921.0,1,0.0,0.0,0.0073817627490391
Chris Gauthier,4,4,2,5.55,6.1,16655.0,26755.0,8,7.0,4.6739346350241294e-05,0.0009252031043272
Rebecca Gayheart,2,2,1,6.7,6.7,36253.0,36253.0,4,0.0,0.0,0.0015169256247133
David O'Hara,2,2,1,6.5,6.5,101977.0,101977.0,4,0.0,0.0,0.0075096548570045
Kevin Breznahan,2,2,1,8.1,8.1,372990.0,372990.0,1,0.0,0.0,2.033678409779436e-05
Paul F. Tompkins,2,2,1,8.1,8.1,372990.0,372990.0,1,0.0,0.0,2.033678409779436e-05
Flea,4,4,2,6.15,7.1,24607.0,36996.0,6,11.0,1.064418492630777e-05,0.0048903398283518
Nancy Cartwright,2,2,1,5.6,5.6,5674.0,5674.0,6,0.0,0.0,0.000430607573192
Eddie Griffin,18,18,9,5.3999999999999995,6.6,19297.555555555555,59380.0,8,16.0,0.0006257073629635,0.010603959396427
Katharine McPhee,4,4,2,4.75,5.5,42396.0,63969.0,4,3.0,4.271203283190372e-06,0.0035857571267312
Keshia Knight Pulliam,6,6,3,5.5,6.9,10720.666666666666,13194.0,5,24.0,2.268342015140537e-05,0.0035927702303037
LisaRaye McCoy,4,4,2,5.4,5.5,6873.5,13194.0,4,3.0,3.516772185640413e-06,0.0015240130511305
Gregory Alan Williams,2,2,1,7.0,7.0,35833.0,35833.0,3,0.0,0.0,0.0008695322049172
Oliver James,4,4,2,5.85,5.9,35372.0,48095.0,5,1.0,1.2582029647793791e-05,0.0043299747392216
Billy Aaron Brown,2,2,1,5.6,5.6,45102.0,45102.0,1,0.0,0.0,6.174026909289954e-05
Jonathan Breck,4,4,2,5.85,6.1,65996.0,86890.0,2,2.0,5.043569278405979e-05,0.0002899343701789
DMX,2,2,1,5.8,5.8,34942.0,34942.0,4,0.0,0.0,0.0024764567096148
Alexandra Breckenridge,4,4,2,6.050000000000001,6.4,60426.5,116762.0,4,9.0,7.614790974468035e-06,0.0040484006525168
Laura Ramsey,8,8,4,5.075,6.4,54994.0,116762.0,7,5.0,7.314714576262568e-05,0.0022912257515111
Johnny Messner,4,4,2,3.8499999999999996,4.6,11489.0,22243.0,5,11.0,5.88036742086846e-06,0.0003802645477689
Nicholas Gonzalez,12,12,6,5.849999999999999,7.3,9252.166666666666,32357.0,7,11.0,0.000128292291311,0.0035764479728698
Salli Richardson-Whitfield,6,6,3,6.099999999999999,7.9,21908.666666666668,39559.0,8,10.0,2.2904371699803572e-05,0.0038235311101151
Aaron Staton,2,2,1,7.5,7.5,87331.0,87331.0,2,0.0,0.0,0.0038229092547822
Eric Cantona,2,2,1,7.5,7.5,75973.0,75973.0,3,0.0,0.0,0.0003077976543289
Fanny Ardant,2,2,1,7.5,7.5,75973.0,75973.0,3,0.0,0.0,0.0003077976543289
James Whitmore,2,2,1,7.5,7.5,25019.0,25019.0,4,0.0,0.0,0.0001005687394778
Joseph Cotten,8,8,4,7.0,7.5,10723.5,25019.0,10,32.0,0.0001869573854009,0.0022557883284631
Richard Anderson,2,2,1,7.5,7.5,25019.0,25019.0,4,0.0,0.0,0.0001005687394778
Richard Briers,4,6,3,6.3,7.8,29871.0,30618.0,4,1.0,2.913895934426217e-06,0.0065038940561855
Victoria Beckham,2,2,1,3.3,3.3,28377.0,28377.0,3,0.0,0.0,0.0044851579760763
Ari Graynor,12,12,6,6.266666666666667,6.7,49417.333333333336,74887.0,4,4.0,0.0001154227866049,0.0093083652261341
J.B. Smoove,8,8,4,5.625,6.5,31973.25,60202.0,6,13.0,4.820749965649505e-05,0.0044035399311946
Kylie Bunbury,2,2,1,5.7,5.7,60202.0,60202.0,1,0.0,0.0,0.0005857426941277
Essence Atkins,10,10,5,4.4399999999999995,5.4,12127.2,34620.0,7,5.0,6.910489348770023e-05,0.0012951844766112
Jere Burns,4,4,2,4.8,4.8,10330.0,19699.0,5,8.0,0.0004489781610404,0.0032961049025412
Linda Kozlowski,4,6,3,5.6000000000000005,6.5,46179.333333333336,74743.0,4,15.0,0.000177889952209,0.000162832581626
Cjon Saulsberry,2,4,2,6.0,6.0,48560.5,48562.0,3,0.0,0.0,0.0004261567317767
Griffin Cleveland,2,4,2,6.0,6.0,48560.5,48562.0,3,0.0,0.0,0.0004261567317767
James Read,2,2,1,6.6,6.6,58297.0,58297.0,3,0.0,0.0,0.0001189173136345
Tyrone Giordano,4,4,2,6.449999999999999,6.6,53687.0,58297.0,3,0.0,3.290534943432896e-05,0.0010850428639823
Taron Egerton,2,4,2,7.5,7.5,32510.0,32513.0,4,0.0,0.0,0.0051394167764529
Óscar Jaenada,6,6,3,6.033333333333334,6.8,38767.666666666664,74691.0,6,6.0,0.0001213872697647,0.0081549582073446
Don McManus,2,2,1,7.3,7.3,109855.0,109855.0,4,0.0,0.0,0.0039008168602295
Jacob Pitts,2,2,1,6.6,6.6,162067.0,162067.0,1,0.0,0.0,0.0049769392900041
Scott Mechlowicz,8,8,4,6.625,7.3,54064.5,162067.0,7,11.0,2.319705792100469e-05,0.0071581164664592
Tyler James Williams,4,4,2,5.199999999999999,5.3,6231.5,8398.0,4,7.0,7.487413460386452e-06,0.0011472262886433
Bebe Neuwirth,4,4,2,5.8,6.3,4632.0,5178.0,7,4.0,4.946894755741345e-06,0.0025790322199175
Amanda Tilson,2,2,1,7.5,7.5,22289.0,22289.0,3,0.0,0.0,0.0008263011177074
Matthew Knight,4,4,2,6.25,7.5,30473.5,38658.0,5,1.0,5.068553822133503e-06,0.0015669371466132
Gillian Jacobs,6,6,3,5.766666666666666,6.6,37506.666666666664,76303.0,6,6.0,9.31147903007444e-06,0.0059251505612267
Jonathan Tucker,4,4,2,6.2,6.5,35081.0,60062.0,3,1.0,9.889611038762524e-06,0.0008277427681342
Sergio Calderón,2,2,1,5.9,5.9,60062.0,60062.0,1,0.0,0.0,0.0001331789962508
Emily Meade,4,6,3,5.566666666666666,7.1,12375.0,16411.0,6,6.0,7.09856024587932e-06,0.0024560064514811
Zena Grey,2,4,2,4.8,4.8,16411.0,16411.0,3,0.0,0.0,0.0023627818430171
Chris Marquette,4,4,2,6.25,6.8,86352.5,171151.0,7,11.0,0.000262768605181,0.0006016634711314
Jacob Young,2,2,1,6.8,6.8,171151.0,171151.0,3,0.0,0.0,2.6823228443345434e-05
Timothy Bottoms,2,2,1,6.8,6.8,171151.0,171151.0,3,0.0,0.0,2.6823228443345434e-05
Paul Ben-Victor,4,4,2,5.7,6.0,15586.0,15814.0,6,3.0,0.0002273506781433,0.0011150688574055
Zach Grenier,6,6,3,6.866666666666667,7.9,9611.666666666666,15814.0,9,8.0,6.07898666511206e-05,0.0025967040132833
Tara Fitzgerald,2,2,1,7.0,7.0,87682.0,87682.0,5,0.0,0.0,0.0018241231277177
Chris Parnell,2,2,1,6.7,6.7,59900.0,59900.0,1,0.0,0.0,0.0010803617842911
Jorma Taccone,2,2,1,6.7,6.7,59900.0,59900.0,1,0.0,0.0,0.0010803617842911
Devon Murray,2,2,1,7.3,7.3,16995.0,16995.0,1,0.0,0.0,0.001205800392085
Pauline McLynn,4,4,2,6.8,7.3,9196.5,16995.0,2,1.0,2.1381519255309903e-06,0.0017980896546382
Patrick St. Esprit,2,2,1,6.8,6.8,39357.0,39357.0,2,0.0,0.0,0.0025227623370081
Peter Firth,4,4,2,6.199999999999999,6.3,13903.5,15531.0,7,31.0,1.639451284318154e-05,3.466347405753194e-05
Steve Railsback,2,2,1,6.1,6.1,15531.0,15531.0,4,0.0,0.0,3.3685431180013034e-05
Jennifer Hale,6,6,3,5.5,7.2,9805.666666666666,23664.0,9,2.0,2.145820542164928e-05,0.0007237216615585
Marco Treviño,2,2,1,6.9,6.9,21098.0,21098.0,3,0.0,0.0,0.0003944757959048
Kate Burton,8,8,4,7.25,7.6,107080.25,279179.0,7,24.0,9.597761730444104e-05,0.0085358356056903
Peter Kwong,2,2,1,7.3,7.3,92464.0,92464.0,4,0.0,0.0,0.0007825704165527
Alice Pol,2,2,1,6.3,6.3,5525.0,5525.0,2,0.0,0.0,6.801654240310777e-05
Malonn Lévana,2,2,1,6.3,6.3,5525.0,5525.0,2,0.0,0.0,6.801654240310777e-05
James Patrick Stuart,2,2,1,7.7,7.7,21940.0,21940.0,3,0.0,0.0,0.0013250807727356
William Morgan Sheppard,6,6,3,6.7,7.7,14832.333333333334,21940.0,8,15.0,2.0158935641684548e-05,0.0040610407997325
Daniel Lapaine,2,2,1,6.4,6.4,18693.0,18693.0,3,0.0,0.0,1.310675997668922e-05
John Doe,4,4,2,6.25,6.4,9700.5,18693.0,5,0.0,4.664586765754081e-05,0.0002937823995829
Tom Amandes,2,2,1,6.4,6.4,18693.0,18693.0,3,0.0,0.0,1.310675997668922e-05
Madison Davenport,2,4,2,5.9,5.9,47169.0,47169.0,2,0.0,0.0,0.0008870639152815
Natasha Calis,2,4,2,5.9,5.9,47169.0,47169.0,2,0.0,0.0,0.0008870639152815
Cathryn de Prume,4,4,2,6.1,6.2,6769.0,7870.0,3,18.0,8.958976212680367e-06,0.0016142512923339
Rhys Coiro,2,2,1,5.8,5.8,27117.0,27117.0,3,0.0,0.0,0.0018022469937549
Christopher Evan Welch,6,6,3,6.533333333333334,7.2,80421.66666666667,198111.0,3,7.0,4.7328416605008525e-05,0.0089557948001011
Brian Bosworth,2,2,1,5.9,5.9,4972.0,4972.0,4,0.0,0.0,6.429486257949583e-05
Richard Gant,2,2,1,5.9,5.9,4972.0,4972.0,4,0.0,0.0,6.429486257949583e-05
Sam McMurray,4,4,2,5.7,5.9,6250.0,7528.0,6,7.0,4.6739346350241294e-05,0.0014408434682311
Donovan Scott,2,2,1,4.8,4.8,3334.0,3334.0,2,0.0,0.0,8.368498289642278e-06
Ted Wass,2,2,1,4.8,4.8,3334.0,3334.0,2,0.0,0.0,8.368498289642278e-06
Kaylee DeFer,2,2,1,4.1,4.1,4875.0,4875.0,5,0.0,0.0,0.0016000892593024
Jack Plotnick,4,4,2,5.35,5.8,18780.0,26185.0,4,9.0,2.043337582938058e-05,0.0009058529540136
Craig Hall,2,2,1,7.9,7.9,44198.0,44198.0,3,0.0,0.0,0.004898115285365
Don McKellar,4,4,2,6.75,6.9,31693.0,59462.0,6,4.0,4.6739346350241294e-05,0.0001790762172537
Joe Pingue,2,2,1,6.6,6.6,59462.0,59462.0,4,0.0,0.0,7.980864143625468e-06
Yûsuke Iseya,2,2,1,6.6,6.6,59462.0,59462.0,4,0.0,0.0,7.980864143625468e-06
Michael Paré,6,6,3,4.1000000000000005,6.3,15484.666666666666,30628.0,6,10.0,4.045292820105527e-05,0.0014282235759923
Julie Adams,2,2,1,7.2,7.2,96480.0,96480.0,2,0.0,0.0,0.0047855484750223
Aidan McArdle,2,2,1,6.8,6.8,9264.0,9264.0,1,0.0,0.0,0.0003960189469118
James Tupper,2,2,1,6.8,6.8,9264.0,9264.0,1,0.0,0.0,0.0003960189469118
Liya Kebede,2,2,1,7.8,7.8,69676.0,69676.0,4,0.0,0.0,0.0006758472258882
Sean Buchanan,2,2,1,7.8,7.8,69676.0,69676.0,4,0.0,0.0,0.0006758472258882
Shawn Hatosy,12,12,6,6.383333333333333,7.2,27796.166666666668,64944.0,5,10.0,0.0001737377134907,0.0109240281950074
Benoît Magimel,4,4,2,6.85,7.1,10493.0,18395.0,2,7.0,4.6739346350241294e-05,0.0001264880751343
Gilles Lellouche,2,2,1,7.1,7.1,18395.0,18395.0,2,0.0,0.0,0.0001260255777669
Gil Birmingham,2,2,1,5.7,5.7,2395.0,2395.0,4,0.0,0.0,0.000675152377661
Scout Taylor-Compton,6,8,4,5.525,6.6,28599.75,39260.0,7,1.0,1.581182859763192e-05,0.003931541987214
Dan O'Herlihy,4,4,2,5.949999999999999,7.3,17250.0,28589.0,7,12.0,1.5070230235116252e-05,0.0004509434586668
Jack Hawkins,6,6,3,7.966666666666666,8.4,116043.33333333333,192775.0,6,13.0,1.0429244736116336e-05,0.0008629197695513
Siu-Wong Fan,2,2,1,6.5,6.5,5900.0,5900.0,2,0.0,0.0,0.0001445055582788
Wai-Keung Lau,2,2,1,6.5,6.5,5900.0,5900.0,2,0.0,0.0,0.0001445055582788
Kevin Williamson,2,2,1,6.1,6.1,124941.0,124941.0,2,0.0,0.0,0.0024463344576385
Lori Singer,4,6,3,6.3999999999999995,6.5,38195.333333333336,51459.0,7,5.0,1.5908682819794085e-05,0.0043862317578278
Leah Remini,4,4,2,6.95,7.2,92686.0,185258.0,1,0.0,9.639610614122638e-06,0.0044718715376262
Harry Shearer,2,2,1,7.6,7.6,63274.0,63274.0,3,0.0,0.0,0.0035471217485869
Jeff Anderson,4,4,2,7.199999999999999,7.8,165792.0,181749.0,2,14.0,2.1913650359651223e-06,0.0007178340232337
Jennifer Schwalbach Smith,2,2,1,6.6,6.6,149835.0,149835.0,2,0.0,0.0,0.000243395717705
Kathleen Wilhoite,4,4,2,6.0,6.3,17203.5,30119.0,6,14.0,4.6739346350241294e-05,0.0096360975315933
David Arquette,10,10,5,6.779999999999999,7.2,56673.8,222018.0,10,12.0,9.1691641908365e-05,0.0066885937640472
Ellen Albertini Dow,4,4,2,5.55,5.8,19692.0,27675.0,4,2.0,1.1447762741005415e-05,0.0068358142217796
Lolita Davidovich,2,2,1,5.4,5.4,10100.0,10100.0,3,0.0,0.0,0.0007961085359567
Kelly Brook,2,2,1,5.5,5.5,72552.0,72552.0,2,0.0,0.0,0.002260808374999
A.J. Langer,2,2,1,3.9,3.9,2265.0,2265.0,2,0.0,0.0,0.0022927340863497
Clive Revill,2,2,1,7.2,7.2,2541.0,2541.0,5,0.0,0.0,0.0001515044289628
Donald Pleasence,16,20,10,6.9300000000000015,8.3,88142.6,165638.0,11,32.0,0.0003637035582146,0.0033947699032625
Kenneth Williams,2,2,1,7.2,7.2,2541.0,2541.0,5,0.0,0.0,0.0001515044289628
Derek Graf,2,2,1,7.7,7.7,386217.0,386217.0,4,0.0,0.0,0.0064699758783882
Anthony Daniels,2,2,1,8.8,8.8,837759.0,837759.0,4,0.0,0.0,0.0033378494618591
Theresa Randle,2,2,1,6.8,6.8,172405.0,172405.0,5,0.0,0.0,0.0020573208212644
O.J. Simpson,2,2,1,6.8,6.8,83269.0,83269.0,2,0.0,0.0,0.0002245705595228
Brendan Fehr,5,6,3,5.966666666666666,6.7,62881.0,181058.0,5,11.0,8.813248722684484e-05,0.0018551464613751
Kerr Smith,3,4,2,6.0,6.7,94188.5,181058.0,2,1.0,1.895103535291368e-05,0.0005568516252947
Catherine Dent,2,2,1,6.1,6.1,19709.0,19709.0,2,0.0,0.0,0.0038268072826685
Brian Johnson,4,4,2,6.1,8.0,192848.0,355126.0,4,1.0,4.6739346350241294e-05,0.0057389397520808
Matt Letscher,2,2,1,8.0,8.0,355126.0,355126.0,3,0.0,0.0,0.0057179510029147
Dell Yount,2,2,1,6.6,6.6,53415.0,53415.0,2,0.0,0.0,0.0020421482792981
Jessica Bowman,2,2,1,6.6,6.6,53415.0,53415.0,2,0.0,0.0,0.0020421482792981
Keeley Hawes,2,2,1,5.4,5.4,4191.0,4191.0,3,0.0,0.0,0.0004596067422009
Oliver Stark,2,2,1,5.4,5.4,4191.0,4191.0,3,0.0,0.0,0.0004596067422009
Eva Amurri Martino,8,8,4,6.25,6.9,19893.25,40274.0,4,8.0,7.613135716147548e-05,0.0045711908419749
Dan Hedaya,10,10,5,6.279999999999999,6.9,40426.4,123390.0,6,15.0,9.283313465704796e-05,0.006624847888711
Lainie Kazan,4,4,2,6.1,6.6,52992.5,102071.0,4,2.0,2.1940220863050583e-05,0.000846750349343
Judith Barsi,4,4,2,5.05,7.3,46296.5,61753.0,5,1.0,0.0001869573854009,0.0001695078766949
Lynn Whitfield,6,6,3,5.233333333333333,7.3,13625.666666666666,30840.0,7,10.0,9.67328235808653e-05,0.0017364927368226
Garrett Morris,4,4,2,4.699999999999999,5.1,1809.0,3174.0,5,3.0,3.255638169961608e-06,0.0008999635644324
Ian Hart,2,2,1,7.2,7.2,17740.0,17740.0,2,0.0,0.0,0.0005100710675707
James Bolam,2,2,1,7.2,7.2,17740.0,17740.0,2,0.0,0.0,0.0005100710675707
Benoît Poelvoorde,2,2,1,6.7,6.7,32003.0,32003.0,2,0.0,0.0,0.0001471516640965
Marie Gillain,2,2,1,6.7,6.7,32003.0,32003.0,2,0.0,0.0,0.0001471516640965
Landon Liboiron,4,6,3,6.366666666666667,6.5,5430.0,6904.0,5,7.0,1.705967502114073e-05,0.0078055461569381
Gaye Brown,2,2,1,6.2,6.2,8924.0,8924.0,3,0.0,0.0,5.494898914835353e-05
Iben Hjejle,6,6,3,6.033333333333334,6.2,4396.333333333333,8924.0,8,1.0,0.0001464990236044,0.0011560746236588
Tom Burke,4,4,2,5.7,6.2,9150.0,9376.0,6,1.0,4.438901809557203e-06,0.0001310020350827
Lillete Dubey,6,6,3,7.133333333333333,7.8,22416.333333333332,30479.0,3,12.0,0.0001339902990336,8.239095102374011e-05
Roger Lloyd Pack,2,2,1,6.2,6.2,17373.0,17373.0,1,0.0,0.0,8.155332118907556e-05
Romola Garai,8,8,4,6.6499999999999995,8.2,17664.0,28570.0,8,9.0,0.0004165595481682,0.0018276027012222
Bingbing Fan,4,4,2,7.0,7.1,7720.0,9177.0,5,0.0,2.543826368968715e-06,4.000533825698797e-05
Simon Yam,4,4,2,7.1,7.3,6591.0,6919.0,5,3.0,5.71356199065395e-06,4.1383066934696026e-05
Alexandra Silber,2,2,1,6.8,6.8,209396.0,209396.0,2,0.0,0.0,2.97683721296716e-06
Drew Powell,4,4,2,5.75,6.8,118441.0,209396.0,5,1.0,0.000262768605181,6.671650083729844e-05
Kim Thomson,2,2,1,6.8,6.8,209396.0,209396.0,2,0.0,0.0,2.97683721296716e-06
Dick Van Patten,6,6,3,6.966666666666666,7.1,52260.0,136667.0,5,19.0,1.946199675598529e-05,0.0005480193586788
Joan Rivers,2,2,1,7.1,7.1,136667.0,136667.0,3,0.0,0.0,0.000147190271053
Michael Winslow,6,6,3,5.699999999999999,7.1,83121.33333333333,136667.0,4,10.0,3.24487963406976e-05,0.0028996586477663
Cem Yilmaz,2,2,1,7.1,7.1,53341.0,53341.0,2,0.0,0.0,6.627209912692607e-05
Phil Leeds,2,2,1,7.0,7.0,154199.0,154199.0,4,0.0,0.0,0.0042408512180649
Angus T. Jones,6,6,3,5.966666666666666,7.0,21294.666666666668,30058.0,6,2.0,3.3397965941163765e-05,0.0053263769413531
Debra Monk,2,2,1,7.5,7.5,54631.0,54631.0,2,0.0,0.0,0.0062655899472112
Colleen Haskell,2,2,1,4.8,4.8,47383.0,47383.0,2,0.0,0.0,0.0004255534708064
Michael Papajohn,4,4,2,6.35,7.9,170343.5,293304.0,5,13.0,7.131363423591292e-05,0.0028388276859621
Ray McKinnon,2,2,1,5.8,5.8,48909.0,48909.0,5,0.0,0.0,0.0003222517799511
Shane Brolly,2,2,1,7.0,7.0,208092.0,208092.0,3,0.0,0.0,0.0001817310758067
Julian Fellowes,2,2,1,7.4,7.4,13455.0,13455.0,3,0.0,0.0,0.0064432422464422
Charles Keating,2,2,1,4.6,4.6,41239.0,41239.0,1,0.0,0.0,0.0005718923587391
Grigoriy Dobrygin,2,2,1,6.4,6.4,2587.0,2587.0,1,0.0,0.0,4.966778091407058e-06
Pawel Szajda,2,2,1,6.4,6.4,2587.0,2587.0,1,0.0,0.0,4.966778091407058e-06
Radivoje Bukvic,4,4,2,5.75,6.4,14677.0,26767.0,3,1.0,4.6739346350241294e-05,0.0001113322569105
Kyle Gass,2,2,1,5.9,5.9,33287.0,33287.0,3,0.0,0.0,2.319881139367539e-05
Neil Diamond,2,2,1,5.9,5.9,33287.0,33287.0,3,0.0,0.0,2.319881139367539e-05
Zachary Gordon,8,10,5,6.400000000000001,6.9,25734.0,41737.0,5,5.0,3.276592058269773e-05,0.0048846086617142
Jason Mewes,8,10,5,6.58,7.8,105016.8,181749.0,2,16.0,3.297440743776676e-05,0.0091853389423947
Bruce Dern,24,24,12,6.391666666666667,7.8,29385.833333333332,105568.0,14,45.0,0.0002793877463019,0.0261555850683594
Aries Spears,2,2,1,5.3,5.3,18900.0,18900.0,2,0.0,0.0,0.0020786780300614
Paulo Costanzo,6,6,3,5.8,6.5,71378.33333333333,132963.0,3,2.0,3.1395118674753564e-05,0.0045204630222648
Jeremy Kemp,2,2,1,6.2,6.2,1547.0,1547.0,5,0.0,0.0,5.048400528197883e-05
Rock Hudson,2,2,1,6.2,6.2,1547.0,1547.0,5,0.0,0.0,5.048400528197883e-05
Vernon Dobtcheff,6,6,3,6.3999999999999995,8.0,64050.666666666664,168398.0,8,35.0,9.329173531508162e-05,0.0011318596509417
Sebastian Koch,5,6,3,7.866666666666667,8.5,109987.66666666667,259379.0,5,4.0,3.977939207992543e-05,0.0005132534632891
Roger Cross,4,4,2,5.449999999999999,5.8,9297.0,16831.0,5,7.0,3.455097056547122e-05,0.0032005092986598
Anne-Marie Duff,6,6,3,6.833333333333333,7.2,31081.333333333332,48873.0,6,5.0,0.0001562255108799,0.0048607983953034
Ben Crompton,4,4,2,6.3,6.3,37311.5,48873.0,5,3.0,1.585898894583428e-05,0.0030051590960246
Amidou,2,2,1,7.7,7.7,9513.0,9513.0,3,0.0,0.0,9.359394546299482e-07
Joe Spinell,2,2,1,7.7,7.7,9513.0,9513.0,3,0.0,0.0,9.359394546299482e-07
Fabrice Luchini,2,2,1,7.3,7.3,5166.0,5166.0,2,0.0,0.0,9.289894590878708e-05
Ludivine Sagnier,6,6,3,7.066666666666666,7.3,31402.666666666668,53977.0,7,8.0,2.699682456833241e-05,0.0013146711113219
Romain Duris,4,4,2,7.3,7.3,19774.5,34383.0,3,5.0,8.979162540296164e-06,0.0008607643631232
Dendrie Taylor,2,2,1,6.8,6.8,83171.0,83171.0,3,0.0,0.0,0.0071143313545755
Alessandra Mastronardi,2,2,1,6.3,6.3,67893.0,67893.0,2,0.0,0.0,0.0001995766485904
Ornella Muti,2,2,1,6.3,6.3,67893.0,67893.0,2,0.0,0.0,0.0001995766485904
Kenneth Colley,2,2,1,5.9,5.9,19832.0,19832.0,3,0.0,0.0,0.0015218314227496
Warren Clarke,4,4,2,6.5,7.1,14568.5,19832.0,6,27.0,6.452568272796597e-06,0.0021582628615678
Trey Parker,6,6,3,7.066666666666666,7.8,109493.66666666667,162037.0,6,7.0,6.70449094760753e-05,0.0027746267409989
Matt Hill,2,2,1,4.8,4.8,25086.0,25086.0,6,0.0,0.0,0.0001457574594074
DeWayne Warren,2,2,1,6.3,6.3,22649.0,22649.0,2,0.0,0.0,0.0042329683152319
Matt Schulze,2,2,1,6.8,6.8,237248.0,237248.0,3,0.0,0.0,0.0049616982958944
Qi Shu,4,4,2,6.6,6.8,123337.5,237248.0,4,13.0,0.0003093209941458,0.0049799011718852
Leslie Hope,2,2,1,6.6,6.6,80556.0,80556.0,3,0.0,0.0,0.0024912765963264
Eddie Kaye Thomas,4,4,2,4.55,4.6,26426.5,39788.0,4,2.0,9.72096050354783e-06,0.0021058606466429
Jason London,8,8,4,5.324999999999999,6.6,8491.75,14656.0,7,11.0,2.212873497232982e-05,0.0039690469913107
Elaine Hendrix,12,12,6,5.75,8.0,6232.333333333333,15047.0,7,15.0,0.0003130635562965,0.0080816915269122
Sarah Wynter,2,2,1,5.8,5.8,2295.0,2295.0,3,0.0,0.0,0.0003629999640453
Dom DeLuise,8,12,6,6.083333333333333,7.7,23096.166666666668,36559.0,7,23.0,2.617365571175767e-05,0.0038411507500284
Teri Garr,12,12,6,7.616666666666666,8.0,116880.5,288451.0,9,20.0,0.0001474051300474,0.0123885900920649
Ian Somerhalder,6,6,3,6.3,7.5,36137.666666666664,44339.0,6,5.0,1.668386899061015e-05,0.0071143226824573
Kimberly J. Brown,4,4,2,6.1,6.7,16495.0,30058.0,2,4.0,1.1045179871930489e-06,0.0005340585060088
Steve Harris,4,4,2,5.7,5.9,16588.5,30058.0,3,10.0,2.211820452564237e-06,0.000766219525042
Joseph Mascolo,2,2,1,5.7,5.7,51314.0,51314.0,3,0.0,0.0,3.1040282130298118e-06
Murray Hamilton,5,6,3,7.233333333333333,8.0,175542.66666666666,412454.0,5,17.0,9.427159408056982e-05,5.169386791102561e-05
Ali Hillis,2,2,1,3.7,3.7,17829.0,17829.0,5,0.0,0.0,0.0006110267201162
Hayley McFarland,2,2,1,7.5,7.5,300110.0,300110.0,3,0.0,0.0,0.0018153609193438
Mark Duplass,12,12,6,5.916666666666667,7.0,32333.5,101287.0,6,10.0,0.0001508568563903,0.0091835663911121
Mike White,4,4,2,6.85,7.1,107671.0,210680.0,3,3.0,1.004394021244616e-05,0.0010193442135357
Nick Krause,2,2,1,7.3,7.3,205284.0,205284.0,2,0.0,0.0,0.0004726000577182
Shailene Woodley,6,6,3,7.3999999999999995,7.8,186854.33333333334,249688.0,3,3.0,1.5134028344902024e-05,0.0022280090855328
Ski Carr,2,2,1,7.1,7.1,58222.0,58222.0,5,0.0,0.0,0.0007764806058717
Zane Holtz,2,2,1,7.1,7.1,58222.0,58222.0,5,0.0,0.0,0.0007764806058717
Bobby Coleman,4,4,2,5.55,5.8,36959.5,62421.0,5,1.0,3.770513673444061e-05,0.0080416713959509
Melissa Ordway,2,2,1,5.8,5.8,62421.0,62421.0,4,0.0,0.0,0.0013205205587296
Taran Killam,8,8,4,6.6499999999999995,8.1,133433.25,439176.0,5,10.0,9.694486702686256e-05,0.0010986647135636
Jason Weaver,2,2,1,5.7,5.7,28649.0,28649.0,4,0.0,0.0,0.0005539538233644
Brendan Coyle,4,4,2,7.0,7.6,24928.0,44723.0,6,7.0,1.6834849793033535e-06,0.0052877992176251
Romeo Miller,4,4,2,5.05,5.3,22010.0,36666.0,5,9.0,2.232422298777748e-05,0.0020503099491369
Fernando Rey,2,4,2,7.8,7.8,82476.0,82476.0,4,0.0,0.0,1.95949302334341e-06
Tony Lo Bianco,2,4,2,7.8,7.8,82476.0,82476.0,4,0.0,0.0,1.95949302334341e-06
Phil Collins,2,2,1,5.4,5.4,11634.0,11634.0,4,0.0,0.0,0.0018364147752043
Tony Jay,6,6,3,5.533333333333334,6.0,40083.666666666664,87538.0,8,15.0,1.902820477673854e-05,0.0053171429327754
Barry Watson,4,4,2,4.75,5.4,18983.5,25960.0,5,3.0,4.6739346350241294e-05,0.0003662138926459
Charles Mesure,2,2,1,4.1,4.1,25960.0,25960.0,4,0.0,0.0,1.633513688178681e-05
Skye McCole Bartusiak,2,2,1,4.1,4.1,25960.0,25960.0,4,0.0,0.0,1.633513688178681e-05
Marc Macaulay,4,4,2,5.7,5.9,35822.0,62364.0,5,3.0,4.6739346350241294e-05,0.0011553422299487
Kath Soucie,3,4,2,6.35,6.4,8749.5,13319.0,7,5.0,6.923599364539148e-05,0.0005442778776804
Ken Sansom,2,2,1,6.3,6.3,13319.0,13319.0,5,0.0,0.0,6.251530547253062e-05
Aryana Engineer,2,2,1,7.0,7.0,141663.0,141663.0,3,0.0,0.0,0.0018477263214768
Joseph Julian Soria,4,4,2,6.449999999999999,6.8,18255.5,18915.0,6,1.0,1.4455193852412392e-05,0.0024762605402014
David Mann,2,2,1,3.5,3.5,1922.0,1922.0,1,,0.0,2.843354169599864e-05
Denise Boutte,4,4,2,3.65,3.8,5741.0,9560.0,1,0.0,3.7754470317147966e-06,6.456797694680193e-05
Lamman Rucker,6,6,3,4.2,5.6,4093.6666666666665,9811.0,4,3.0,3.754740168379574e-05,0.0006012979204103
Brian d'Arcy James,2,2,1,8.1,8.1,195333.0,195333.0,4,0.0,0.0,0.000994815720088
Jamey Sheridan,2,2,1,8.1,8.1,195333.0,195333.0,4,0.0,0.0,0.000994815720088
Richard Lawson,2,2,1,5.5,5.5,5427.0,5427.0,3,0.0,0.0,0.0001520266939466
Alex Winter,2,2,1,6.2,6.2,49680.0,49680.0,5,0.0,0.0,0.0039259917263853
Maximilian Schell,8,8,4,6.8,8.3,36834.75,44457.0,9,47.0,0.0001708517297175,0.0019529108499759
Yvette Mimieux,2,2,1,5.9,5.9,18481.0,18481.0,2,0.0,0.0,0.0007812969573533
Anneliese van der Pol,2,2,1,3.5,3.5,39095.0,39095.0,1,0.0,0.0,0.0005061104079002
Dave Foley,4,4,2,3.8,4.1,21378.5,39095.0,3,9.0,2.643381530330276e-06,0.0008734879400033
Dermot Crowley,2,2,1,7.5,7.5,243799.0,243799.0,1,0.0,0.0,0.0077235362930186
Harriet Walter,2,2,1,7.5,7.5,243799.0,243799.0,1,0.0,0.0,0.0077235362930186
Jeremy Shada,2,2,1,7.2,7.2,136048.0,136048.0,2,0.0,0.0,0.0001801101922237
Gunnar Hansen,4,6,3,6.6000000000000005,7.5,75984.0,96411.0,2,39.0,0.000262768605181,1.7176871943385265e-07
Keram Malicki-Sánchez,2,2,1,4.8,4.8,35131.0,35131.0,2,0.0,0.0,1.6911416682732313e-07
Shaun Sipos,4,4,2,5.699999999999999,6.6,20078.0,35131.0,3,2.0,0.0003093209941458,3.7853824492465217e-06
William McNamara,8,8,4,4.85,6.6,10933.25,42315.0,9,20.0,6.23944976676275e-05,0.004388946534693
Marisa Saks,2,2,1,3.5,3.5,50337.0,50337.0,1,0.0,0.0,0.0013038993335968
Lee Marvin,8,8,4,7.275,8.1,20629.75,53741.0,8,7.0,0.0001766176687746,0.0018653572954635
Lucas Grabeel,5,8,4,5.5249999999999995,7.6,69877.0,136673.0,8,2.0,2.638513348743568e-05,0.0072025627606973
Jan Cornet,4,4,2,6.8,7.3,6207.5,12276.0,5,1.0,1.0724438878601e-05,2.1496638714196715e-05
María Botto,2,2,1,6.3,6.3,12276.0,12276.0,4,0.0,0.0,2.396944198989468e-06
Francesca Rettondini,2,2,1,5.5,5.5,75920.0,75920.0,1,0.0,0.0,0.0002347651800301
Isaiah Washington,6,6,3,6.266666666666667,6.9,31496.666666666668,75920.0,4,8.0,5.457864301187933e-05,0.0040528586719221
Jeff Perry,2,2,1,6.5,6.5,90677.0,90677.0,4,0.0,0.0,0.0049014798716023
Skyler Samuels,4,4,2,6.05,6.5,37375.0,51326.0,3,6.0,1.866560953498653e-05,0.0025710326997649
Jesper Christensen,2,2,1,6.9,6.9,55441.0,55441.0,2,0.0,0.0,0.0039361586509567
Romi Aboulafia,2,2,1,6.9,6.9,55441.0,55441.0,2,0.0,0.0,0.0039361586509567
Jason Beghe,2,2,1,3.9,3.9,26624.0,26624.0,2,0.0,0.0,0.0001219373029722
Margaret Cho,2,2,1,3.9,3.9,26624.0,26624.0,2,0.0,0.0,0.0001219373029722
Christine Lakin,4,4,2,5.55,5.8,26129.5,41273.0,5,0.0,2.2254070809938083e-05,0.0022363231665908
James Wolk,6,6,3,5.7,6.0,18393.0,41273.0,4,4.0,7.75482332167128e-05,0.0014032958173286
Kay Panabaker,4,4,2,5.45,5.9,14969.5,15877.0,8,2.0,2.59166968342107e-06,0.002258502211284
Geoff Stults,10,10,5,5.4399999999999995,6.4,25582.4,101730.0,3,10.0,6.525879687343751e-05,0.0023856757941402
Brett Cullen,6,6,3,6.333333333333333,6.8,19353.0,32951.0,8,9.0,7.688323543946542e-06,0.0013269317320754
Toby Hemingway,2,2,1,5.3,5.3,39541.0,39541.0,4,0.0,0.0,0.0003271260082445
John Patrick Amedori,2,2,1,6.4,6.4,22604.0,22604.0,3,0.0,0.0,0.0036335569113776
Vanessa Lengies,8,8,4,6.2,6.8,35870.75,76467.0,6,10.0,0.0001664097366977,0.0063866597411065
Jake Short,2,2,1,4.9,4.9,5332.0,5332.0,3,0.0,0.0,0.0015111386891385
Samira Wiley,2,2,1,7.1,7.1,4303.0,4303.0,5,0.0,0.0,0.0001975761751977
Tom Bower,4,4,2,6.699999999999999,6.8,25144.5,50198.0,3,2.0,8.731325408207717e-06,0.0047017058676283
Sheryl Lee,2,2,1,6.1,6.1,42664.0,42664.0,3,0.0,0.0,0.0008666010156983
Janet Leigh,6,8,4,7.275,8.5,130339.5,422432.0,7,20.0,8.066713528032017e-05,0.0032831208751474
John Gavin,2,2,1,8.5,8.5,422432.0,422432.0,3,0.0,0.0,0.0001500617601879
Vera Miles,4,4,2,8.3,8.5,238086.5,422432.0,5,2.0,1.238258373131722e-05,0.0002302068865744
Riki Lindhome,2,2,1,5.9,5.9,36983.0,36983.0,2,0.0,0.0,0.0005319559512547
Billy Barty,2,2,1,5.4,5.4,2061.0,2061.0,1,0.0,0.0,0.0007526318769978
John Wood,2,2,1,7.0,7.0,33597.0,33597.0,4,0.0,0.0,0.0022312661797984
Leo McKern,4,4,2,6.35,7.0,41861.0,50125.0,5,5.0,1.2341286046969229e-05,0.0024932360019361
Jan Hooks,2,2,1,6.9,6.9,18366.0,18366.0,3,0.0,0.0,0.0027379578282699
Steve Guttenberg,12,12,6,6.316666666666666,7.2,28735.833333333332,87739.0,7,17.0,0.0001381094022665,0.0089260211256884
Mark Feuerstein,4,4,2,6.0,6.7,4330.0,8546.0,3,0.0,1.799122536997444e-06,0.0014516034708625
Sharon Lawrence,4,4,2,6.300000000000001,6.7,6316.5,12519.0,4,0.0,1.4977367969514056e-06,0.0012657580072551
Khalid Abdalla,4,4,2,7.85,8.1,37398.5,68119.0,4,6.0,4.664586765754081e-05,1.4993581313168228e-06
Mustafa Haidari,2,2,1,7.6,7.6,68119.0,68119.0,1,0.0,0.0,1.493887109138952e-06
Kelly Carlson,4,4,2,5.25,5.8,20348.0,27486.0,4,2.0,0.0003093209941458,0.0014898406496223
Tom Hollander,8,8,4,7.2,7.9,71145.0,202341.0,8,12.0,0.0001187953918036,0.0043778204586301
Robert Miano,4,4,2,4.8,5.3,11553.0,23076.0,6,10.0,0.000262768605181,0.0001797499848075
Zak Orth,2,2,1,5.3,5.3,23076.0,23076.0,2,0.0,0.0,0.0001790930548575
Bernie Sanders,2,2,1,7.4,7.4,35137.0,35137.0,3,0.0,0.0,0.0001453079372824
Ronald Reagan,2,2,1,7.4,7.4,35137.0,35137.0,3,0.0,0.0,0.0001453079372824
Carroll Baker,2,2,1,6.6,6.6,6484.0,6484.0,3,0.0,0.0,0.0016332290830067
Joe Cole,4,4,2,6.65,7.1,24515.5,28845.0,6,0.0,4.524470355609528e-06,0.0071173331665222
Lorna Raver,2,2,1,5.7,5.7,26236.0,26236.0,3,0.0,0.0,0.0003702277711504
Joanne Whalley,6,6,3,5.466666666666666,6.6,10938.666666666666,23928.0,8,14.0,3.0252048075696352e-05,0.0068727993431407
Jacky Ido,2,2,1,6.1,6.1,82082.0,82082.0,4,0.0,0.0,0.0007505794176673
Sam Lerner,2,2,1,4.8,4.8,26390.0,26390.0,1,0.0,0.0,0.0009749019406148
James Callis,2,2,1,6.3,6.3,5796.0,5796.0,3,0.0,0.0,4.99925522960661e-07
Nimrat Kaur,6,6,3,7.533333333333334,8.5,22417.333333333332,30977.0,7,10.0,5.871408820907532e-05,4.0399106106040906e-06
Tiffany Dupont,4,4,2,6.6,6.9,3314.5,5796.0,4,2.0,2.109304677008429e-05,7.666193580091534e-06
Dequina Moore,2,2,1,6.7,6.7,60516.0,60516.0,4,0.0,0.0,0.0001329367526126
Jordan Carlos,2,2,1,6.7,6.7,60516.0,60516.0,4,0.0,0.0,0.0001329367526126
Nick Gomez,2,2,1,5.6,5.6,22823.0,22823.0,3,0.0,0.0,0.0003267292070343
Taylor Cole,2,2,1,5.6,5.6,22823.0,22823.0,3,0.0,0.0,0.0003267292070343
Don Stark,2,2,1,4.3,4.3,6701.0,6701.0,3,0.0,0.0,0.0004368452304892
Dustin Nguyen,2,2,1,4.3,4.3,6701.0,6701.0,3,0.0,0.0,0.0004368452304892
Melonie Diaz,6,6,3,7.033333333333334,7.5,46172.333333333336,79855.0,4,11.0,0.0005718091632488,0.0004059089483578
Christopher Guest,6,6,3,6.2,7.3,12317.666666666666,22408.0,5,24.0,1.8091120690621607e-05,0.0044679810858785
Sarah Solemani,2,2,1,7.1,7.1,13505.0,13505.0,4,0.0,0.0,0.0023792125170467
Lynn Cohen,10,10,5,6.32,7.4,10670.6,35586.0,6,13.0,9.671720312726008e-05,0.0023291601007798
David Ramsey,2,2,1,6.1,6.1,16372.0,16372.0,2,0.0,0.0,0.0032551733403757
Riccardo Scamarcio,6,6,3,7.066666666666666,7.3,26941.0,61360.0,4,5.0,0.0001085512944034,0.0038456740630778
James Russo,4,4,2,6.65,7.3,71906.5,126464.0,3,5.0,1.30635599103698e-05,0.0116231528230782
Jeff DeRocker,2,2,1,6.8,6.8,30083.0,30083.0,3,0.0,0.0,0.0014309122916199
Edi Gathegi,8,8,4,6.275,7.0,76859.0,196422.0,5,9.0,6.533107656131247e-05,0.0071061293909023
Brendan Sexton III,6,6,3,7.1000000000000005,7.6,57081.666666666664,77551.0,7,10.0,0.0001280882428955,0.0113337624701588
Gigi Rice,2,2,1,5.5,5.5,21933.0,21933.0,3,0.0,0.0,3.3236367921730434e-05
Susie Essman,2,2,1,5.5,5.5,21933.0,21933.0,3,0.0,0.0,3.3236367921730434e-05
Nia Vardalos,9,10,5,6.18,6.6,30185.0,102071.0,5,14.0,7.277272784948248e-05,0.0008169265389422
Ricardo Montalban,2,2,1,7.0,7.0,3454.0,3454.0,5,0.0,0.0,4.200227897229121e-08
Sammy Davis Jr.,2,2,1,7.0,7.0,3454.0,3454.0,5,0.0,0.0,4.200227897229121e-08
Katherine Waterston,4,4,2,6.65,6.7,33480.0,61935.0,6,3.0,4.6739346350241294e-05,3.785258088520078e-06
Martin Dew,2,2,1,6.7,6.7,61935.0,61935.0,5,0.0,0.0,1.689838387593821e-07
Serena Scott Thomas,2,2,1,6.7,6.7,61935.0,61935.0,5,0.0,0.0,1.689838387593821e-07
Caity Lotz,2,2,1,5.0,5.0,7894.0,7894.0,2,0.0,0.0,0.0006301171052312
Chris Brown,7,8,4,5.725,6.6,17126.5,34579.0,4,6.0,1.6955215280615864e-05,0.0048799140436066
Scott Wolf,4,4,2,7.4,7.5,37543.0,59474.0,5,0.0,2.192200399824767e-05,0.001222038624447
Chriss Anglin,2,2,1,4.3,4.3,8560.0,8560.0,2,0.0,0.0,0.0002022487875521
Gary Coleman,4,4,2,6.15,8.0,8123.5,8560.0,5,5.0,4.6739346350241294e-05,0.0002029909621674
Geoffrey Arend,8,8,4,5.824999999999999,7.1,53585.25,104089.0,9,9.0,0.0001227966871535,0.0045331676401837
Marko Zaror,2,2,1,5.6,5.6,59248.0,59248.0,4,0.0,0.0,0.001326829254307
Jackie Burroughs,2,2,1,6.2,6.2,15169.0,15169.0,4,0.0,0.0,0.0005499127299246
Kevin Alejandro,4,4,2,4.85,5.3,9577.0,18571.0,5,3.0,5.049594479826773e-06,0.0013750099997478
Lesley Manville,7,8,4,6.8999999999999995,7.6,9243.75,17933.0,7,15.0,9.349351282628568e-05,0.0047803286546062
Charlie Saxton,2,2,1,6.4,6.4,11958.0,11958.0,5,0.0,0.0,0.0002358818234113
Ryan Donowho,6,6,3,6.966666666666666,7.3,8048.666666666667,11958.0,6,6.0,8.632407120952914e-05,0.0004233741182867
Tyrone Benskin,2,2,1,7.0,7.0,48346.0,48346.0,3,0.0,0.0,0.0062788482436153
Nora Zehetner,8,8,4,6.550000000000001,7.1,19925.25,41737.0,6,13.0,7.681985647067858e-05,0.0034848231246533
Caitlyn Jenner,2,2,1,4.5,4.5,2998.0,2998.0,3,0.0,0.0,0.0003981890016811
Randy Jones,2,2,1,4.5,4.5,2998.0,2998.0,3,0.0,0.0,0.0003981890016811
Brent Anderson,2,2,1,7.0,7.0,2302.0,2302.0,3,0.0,0.0,5.937959120957942e-05
Donny Boaz,2,2,1,7.0,7.0,2302.0,2302.0,3,0.0,0.0,5.937959120957942e-05
Damon Wayans,2,2,1,2.8,2.8,4518.0,4518.0,2,0.0,0.0,0.0007119230616333
Guang Li,2,2,1,7.1,7.1,8087.0,8087.0,2,0.0,0.0,0.0013417288132411
Matthew Walker,2,2,1,7.1,7.1,8087.0,8087.0,2,0.0,0.0,0.0013417288132411
Garrett Clayton,2,2,1,6.7,6.7,14015.0,14015.0,4,0.0,0.0,0.0015443365495125
Toni Braxton,2,2,1,6.7,6.7,14015.0,14015.0,4,0.0,0.0,0.0015443365495125
Melvil Poupaud,2,2,1,5.3,5.3,7976.0,7976.0,2,0.0,0.0,0.0121019432048606
Rosalind Ayres,2,2,1,6.9,6.9,13727.0,13727.0,6,0.0,0.0,0.0006923785841167
Jimmy Jean-Louis,4,4,2,4.6,6.2,5446.0,8279.0,4,1.0,1.4805653418776682e-05,0.0036543761415353
Esai Morales,10,10,5,6.44,8.0,6223.4,21409.0,12,27.0,7.323815273037553e-05,0.0038557211141425
Christian Clavier,4,4,2,6.5,7.0,15792.5,24438.0,4,5.0,1.2767302659068424e-05,1.2479577257712254e-06
Marie-Anne Chazel,2,2,1,6.0,6.0,7147.0,7147.0,4,0.0,0.0,1.0811451928729837e-07
Philippe Nahon,4,4,2,6.7,7.4,47195.5,87244.0,8,4.0,1.5691804205513915e-05,1.2826972091526882e-06
Laura Spencer,2,2,1,5.1,5.1,13026.0,13026.0,8,0.0,0.0,0.0001437363742487
Mark Webber,14,14,7,6.014285714285714,7.1,10670.42857142857,28845.0,10,17.0,0.0001697980319371,0.0110911813708931
Ewen Solon,2,2,1,7.2,7.2,18.0,18.0,2,,0.0,0.0002227907521239
George Coulouris,2,2,1,7.2,7.2,18.0,18.0,2,,0.0,0.0002227907521239
Peter Vaughan,4,4,2,7.550000000000001,7.9,22860.5,45703.0,3,0.0,4.6739346350241294e-05,0.0049962467002877
Tom Conti,2,2,1,5.4,5.4,6147.0,6147.0,4,0.0,0.0,0.0025111481491301
Aaron Ashmore,4,4,2,5.35,5.7,10789.5,20821.0,6,11.0,5.180877443088265e-06,0.0030793221909759
Andy On,2,2,1,6.2,6.2,5154.0,5154.0,4,0.0,0.0,8.52898061028964e-05
Sammo Kam-Bo Hung,4,4,2,6.2,6.2,12464.0,19774.0,6,11.0,4.6739346350241294e-05,8.560192601154362e-05
Alan David,2,2,1,7.5,7.5,77656.0,77656.0,2,0.0,0.0,0.0019409556730804
Martina Gedeck,4,4,2,7.95,8.5,144490.5,259379.0,5,2.0,1.2211194394075829e-05,0.0004523820971113
Michael Spears,2,2,1,8.0,8.0,186485.0,186485.0,3,0.0,0.0,0.0007561619203518
Dan Byrd,6,6,3,6.466666666666666,7.1,156442.0,276746.0,4,6.0,0.0001203780386568,0.0038129427560154
W. Earl Brown,6,6,3,6.3,7.2,91887.0,222018.0,7,17.0,3.963968732336182e-05,0.0007865819138774
Joe Turkel,2,2,1,8.4,8.4,610333.0,610333.0,2,0.0,0.0,0.0001689200173099
Scatman Crothers,4,4,2,8.55,8.7,645187.0,680041.0,2,5.0,5.778671593821826e-06,0.0002230386580158
Shelley Duvall,8,8,4,7.125,8.4,214080.5,610333.0,7,21.0,6.748759747779823e-05,0.0037317854155329
J.J. Cohen,2,2,1,8.5,8.5,732212.0,732212.0,3,0.0,0.0,0.0007464611533595
Eric Mendenhall,2,2,1,4.1,4.1,8346.0,8346.0,2,0.0,0.0,3.581751917325658e-06
Hope Olaide Wilson,2,2,1,4.1,4.1,8346.0,8346.0,2,0.0,0.0,3.581751917325658e-06
Mary J. Blige,4,4,2,4.25,4.4,4989.5,8346.0,5,4.0,4.6739346350241294e-05,8.025449323064214e-05
Kelli Barrett,2,2,1,6.1,6.1,77987.0,77987.0,3,0.0,0.0,7.345332999782303e-05
David Agranov,2,2,1,5.4,5.4,57479.0,57479.0,2,0.0,0.0,4.8993947165141325e-05
David Moscow,2,2,1,5.4,5.4,57479.0,57479.0,2,0.0,0.0,4.8993947165141325e-05
Mem Ferda,4,4,2,6.55,7.1,29921.0,53977.0,6,3.0,3.354207681223456e-06,0.0006832280483121
Michael Wong,4,4,2,5.75,6.2,1143.5,1904.0,3,1.0,0.0003558733831107,8.560257892545735e-05
Terence Yin,2,2,1,6.2,6.2,1904.0,1904.0,3,0.0,0.0,8.528983403136883e-05
Roger Allam,6,6,3,7.099999999999999,7.6,107941.0,139749.0,6,7.0,2.6647602321447e-05,0.0026028268271413
Sophie Nélisse,2,2,1,7.6,7.6,98741.0,98741.0,2,0.0,0.0,0.001240151617852
Katrina Bowden,8,8,4,6.05,7.6,52006.0,127842.0,5,5.0,1.4954515719229968e-05,0.0037715487667903
Dominique McElligott,4,4,2,6.5,6.6,39333.0,71276.0,5,1.0,5.808638765775143e-06,0.0053207507983938
Mel Ferrer,2,2,1,6.7,6.7,6156.0,6156.0,3,0.0,0.0,4.467162602603553e-05
Stephen Boyd,2,2,1,6.7,6.7,6156.0,6156.0,3,0.0,0.0,4.467162602603553e-05
Dante Brown,2,2,1,6.4,6.4,5147.0,5147.0,1,0.0,0.0,0.0012314197585251
Tracy Letts,2,2,1,7.8,7.8,550.0,550.0,1,0.0,0.0,0.0023175688921159
Pedro Miguel Arce,2,2,1,6.2,6.2,78883.0,78883.0,1,0.0,0.0,0.0003707820540727
Angelica Lee,2,2,1,5.7,5.7,625.0,625.0,1,0.0,0.0,1.7063954464124686e-07
Ching Wan Lau,4,4,2,5.95,6.2,371.0,625.0,2,2.0,4.6739346350241294e-05,1.7126323917581636e-07
Louis Koo,4,4,2,5.5,5.7,504.0,625.0,2,1.0,9.34786927004826e-05,3.829674808594147e-06
Carla Gallo,4,4,2,6.800000000000001,7.2,113154.0,216581.0,3,5.0,2.359193992776414e-06,0.0028531799841996
Amy Yasbeck,4,4,2,7.1,7.3,136732.0,265818.0,5,0.0,1.7582659568986286e-06,0.0019470138276345
Alanna Ubach,8,8,4,5.9750000000000005,6.4,43882.75,131801.0,6,20.0,8.840509522741587e-05,0.0026415837266517
Raquel Welch,4,4,2,4.25,6.2,68472.0,131801.0,2,3.0,7.311524181562496e-06,0.0011944567743738
JR Bourne,2,2,1,6.7,6.7,96569.0,96569.0,3,0.0,0.0,0.0044762463122637
Bree Turner,2,2,1,5.7,5.7,59380.0,59380.0,2,0.0,0.0,0.0013347568019702
Paul Schneider,10,10,5,7.0200000000000005,7.5,40135.6,114762.0,4,9.0,8.046130682800627e-05,0.0071702921110454
Sean Patrick Thomas,8,8,4,6.25,6.9,57337.25,149222.0,4,5.0,3.744816794380512e-05,0.0020239295044861
Joey Fatone,2,2,1,6.1,6.1,13562.0,13562.0,3,0.0,0.0,3.951134746862662e-05
Louis Mandylor,3,4,2,6.35,6.6,57816.5,102071.0,3,14.0,1.1462491378832764e-06,0.0001076757179712
Fran Kranz,2,2,1,6.6,6.6,18727.0,18727.0,2,0.0,0.0,0.0006283057301089
Carl Weathers,7,8,4,6.85,8.1,171836.25,375240.0,9,12.0,0.0001162424350793,0.0072449019362697
Shane Black,2,2,1,7.8,7.8,290949.0,290949.0,3,0.0,0.0,0.0006541053052546
Collins Pennie,2,2,1,3.9,3.9,27664.0,27664.0,2,0.0,0.0,0.0004921604923869
Lindsay Duncan,4,4,2,7.25,7.8,119029.5,202341.0,4,10.0,6.416427079114236e-06,0.0002538292007458
Mario Monicelli,2,2,1,6.7,6.7,35718.0,35718.0,3,0.0,0.0,6.642478586781655e-05
Melinda Clarke,6,6,3,7.033333333333334,7.7,39456.333333333336,65785.0,8,0.0,0.0002645490536039,0.002229031094066
Andrew Dice Clay,2,2,1,7.3,7.3,150082.0,150082.0,1,0.0,0.0,0.0004601495850015
Christian Clemenson,2,2,1,7.6,7.6,83374.0,83374.0,3,0.0,0.0,5.726741287745279e-06
David Alan Basche,2,2,1,7.6,7.6,83374.0,83374.0,3,0.0,0.0,5.726741287745279e-06
Susan Blommaert,4,4,2,7.25,7.6,43476.5,83374.0,3,3.0,4.6739346350241294e-05,0.000128351516486
Christian Monzon,2,2,1,5.3,5.3,36666.0,36666.0,3,0.0,0.0,0.0009486866025523
Barry Bostwick,8,8,4,5.65,7.4,9242.75,29621.0,9,34.0,0.0001548127164286,0.0013448570066841
Hulk Hogan,2,2,1,5.3,5.3,29621.0,29621.0,2,0.0,0.0,5.999572885559567e-05
Nicollette Sheridan,2,2,1,5.3,5.3,29621.0,29621.0,2,0.0,0.0,5.999572885559567e-05
Chris Brochu,4,4,2,5.949999999999999,7.1,17984.5,35514.0,5,3.0,9.40724666792776e-06,0.0033859591806746
Martin Balsam,2,2,1,7.2,7.2,17277.0,17277.0,3,0.0,0.0,0.0012674484438541
Dan Bakkedahl,2,2,1,5.8,5.8,52467.0,52467.0,3,0.0,0.0,0.0005810807275677
Grace Jones,2,2,1,5.8,5.8,62009.0,62009.0,3,0.0,0.0,0.000844979407398
Olivia d'Abo,4,4,2,5.4,5.8,31782.0,62009.0,6,14.0,1.478686141301209e-05,0.0031944651044767
Frank Vincent,8,8,4,6.5,8.3,62574.0,235133.0,8,29.0,0.0002705521951186,0.0119334389852371
Sasha Alexander,4,4,2,6.449999999999999,7.3,14411.5,25344.0,2,10.0,7.808454546965692e-06,0.0047905190265228
Ethan Stiefel,2,2,1,6.7,6.7,15817.0,15817.0,3,0.0,0.0,4.246794113413149e-05
Susan May Pratt,2,2,1,6.7,6.7,15817.0,15817.0,3,0.0,0.0,4.246794113413149e-05
Timothée Chalamet,2,2,1,5.7,5.7,9051.0,9051.0,1,0.0,0.0,0.0026554001566604
Corbin Bleu,9,12,6,5.083333333333333,6.6,25555.833333333332,59254.0,8,8.0,6.417070211785702e-05,0.0038093361966693
Kevin G. Schmidt,2,2,1,5.2,5.2,8023.0,8023.0,2,0.0,0.0,0.0023574255417127
Marie Avgeropoulos,2,2,1,5.3,5.3,28209.0,28209.0,2,0.0,0.0,0.000988316885571
Michael Horse,2,2,1,5.0,5.0,1400.0,1400.0,3,0.0,0.0,0.0004374586966636
Richard Farnsworth,4,4,2,6.5,8.0,32566.5,63733.0,5,18.0,9.171747982257432e-06,0.0014823316457569
Dennis Franz,4,4,2,7.1,7.4,23871.0,27629.0,2,3.0,1.5201384002325035e-05,0.000189874361075
John McMartin,2,2,1,7.4,7.4,27629.0,27629.0,2,0.0,0.0,1.8147659398168783e-05
Nancy Allen,4,4,2,7.25,7.4,25807.5,27629.0,3,1.0,1.6871446024724575e-05,0.0002350736877505
Bruce Payne,4,4,2,4.65,4.9,12302.0,19586.0,5,8.0,4.6739346350241294e-05,8.237732891719754e-05
Paul Freeman,6,6,3,4.7,6.7,8963.0,19586.0,8,27.0,0.0003168932720093,0.0018403585348973
Rebecca Budig,2,2,1,4.4,4.4,19586.0,19586.0,3,0.0,0.0,8.20767070488727e-05
Frankie Valli,2,2,1,5.7,5.7,8895.0,8895.0,3,0.0,0.0,0.0005542950434766
Kellie Martin,2,2,1,5.5,5.5,7470.0,7470.0,2,0.0,0.0,0.0009089283104284
Shelley Long,4,4,2,5.15,5.5,5292.0,7470.0,4,6.0,1.0356597438179642e-05,0.0048654070163466
Juliet Stevenson,4,4,2,7.05,7.1,5421.0,10680.0,4,11.0,4.6739346350241294e-05,0.0001113258562234
Shaun Evans,4,4,2,6.65,7.1,5940.5,10680.0,3,5.0,3.273751853252143e-05,0.0009535644781458
David Margulies,6,6,3,6.633333333333333,7.1,90021.0,216486.0,5,14.0,6.966672355191694e-05,0.0009494124130337
Karen Young,2,2,1,5.9,5.9,29591.0,29591.0,2,0.0,0.0,4.447433952772538e-05
Kim Chan,4,4,2,5.95,6.0,22474.5,29591.0,6,13.0,2.4986469622702848e-05,9.223604691441678e-05
Albert Salmi,2,2,1,6.7,6.7,10832.0,10832.0,3,0.0,0.0,0.0005245641392011
Ralph Richardson,2,2,1,6.7,6.7,10832.0,10832.0,3,0.0,0.0,0.0005245641392011
David Masterson,4,4,2,6.0,7.0,9235.5,15352.0,5,6.0,9.205311507047684e-05,0.0026341512341067
Kerry Condon,2,2,1,7.0,7.0,15352.0,15352.0,3,0.0,0.0,0.000319997779181
Honglei Sun,4,6,3,6.233333333333333,7.3,14151.666666666666,37635.0,6,2.0,2.608527665792252e-05,0.0003002261345872
Khulan Chuluun,2,2,1,7.3,7.3,37635.0,37635.0,5,0.0,0.0,0.0002911842846388
Henry Silva,4,4,2,5.5,7.5,36312.5,70084.0,5,17.0,4.6739346350241294e-05,6.022589316848516e-05
Michael Beck,2,2,1,3.5,3.5,2541.0,2541.0,2,0.0,0.0,6.000557746437124e-05
Julie Christie,4,6,3,7.866666666666667,8.0,39017.333333333336,55816.0,3,31.0,4.115647205718438e-06,0.0029745028134474
Aden Young,4,4,2,6.4,7.4,5877.0,6091.0,8,7.0,5.962397305634212e-05,0.0014336026133158
Suzie Steen,2,2,1,7.4,7.4,6091.0,6091.0,4,0.0,0.0,0.0014256152357646
Paul Sparks,4,4,2,7.0,7.3,17320.5,31359.0,4,0.0,7.253255185800345e-06,0.0093532523490359
Sam Reid,2,2,1,7.1,7.1,27882.0,27882.0,4,0.0,0.0,0.0030799861628319
Poppy Montgomery,4,4,2,6.35,6.7,12291.5,12854.0,3,0.0,2.2382051791355205e-06,0.0014864237061663
Anna Harr,2,2,1,4.0,4.0,436.0,436.0,1,0.0,0.0,0.0001363526218982
James Cullen Bressack,2,2,1,4.0,4.0,436.0,436.0,1,0.0,0.0,0.0001363526218982
Nick Cassavetes,2,2,1,5.9,5.9,10082.0,10082.0,5,0.0,0.0,0.0019386262881616
Katharina Schüttler,2,2,1,7.7,7.7,10111.0,10111.0,4,,0.0,0.0015749133467324
Nora von Waldstätten,2,2,1,7.7,7.7,10111.0,10111.0,4,,0.0,0.0015749133467324
Shawn Yue,4,4,2,6.2,6.9,4305.0,6069.0,2,1.0,9.34786927004826e-05,5.5410929506237096e-06
Simón Andreu,2,2,1,5.5,5.5,2541.0,2541.0,1,0.0,0.0,2.473740360246363e-07
Takuya Kimura,4,4,2,5.8,6.1,3720.0,4899.0,5,1.0,4.6739346350241294e-05,2.4828409293932e-07
Mark Moses,4,4,2,6.45,6.7,44051.0,87203.0,9,13.0,4.462004498524392e-06,0.0048435843049055
Greg Nicotero,4,6,3,6.933333333333334,7.2,76353.33333333333,129719.0,1,21.0,0.000262768605181,0.000461183017587
John Amplas,2,4,2,7.2,7.2,49670.5,49672.0,1,0.0,0.0,4.306968337847524e-05
Joseph Pilato,2,4,2,7.2,7.2,49670.5,49672.0,1,0.0,0.0,4.306968337847524e-05
Kevork Malikyan,2,2,1,6.7,6.7,14325.0,14325.0,4,0.0,0.0,0.0006816565999598
Brigitte Nielsen,2,2,1,5.0,5.0,30215.0,30215.0,3,0.0,0.0,0.0001799266386474
Hakeem Kae-Kazim,4,4,2,7.0,8.1,163820.5,264533.0,6,5.0,4.343770929049904e-06,0.0058578289314517
Henry Ian Cusick,6,6,3,6.7,7.7,51226.0,140780.0,8,6.0,1.891510918513885e-05,0.0013300803960719
Vondie Curtis-Hall,2,2,1,4.4,4.4,1633.0,1633.0,4,0.0,0.0,7.996082585196154e-05
Jessica Lowndes,6,6,3,4.3999999999999995,4.8,7462.666666666667,13133.0,4,7.0,0.0002083926609191,0.007098748708952
Elaine Cassidy,4,4,2,7.3,7.6,137635.5,268581.0,4,2.0,8.748272893339063e-05,0.0024795832585496
Eric Sykes,2,2,1,7.6,7.6,268581.0,268581.0,3,0.0,0.0,0.0002864444466194
Carrie Henn,2,2,1,8.4,8.4,488537.0,488537.0,3,0.0,0.0,0.0005695289182368
Patrick Gallagher,2,2,1,7.5,7.5,149966.0,149966.0,4,0.0,0.0,0.0019942991212735
Chris Moss,2,2,1,6.3,6.3,54710.0,54710.0,1,0.0,0.0,4.580829931808082e-05
Jay Chandrasekhar,6,6,3,6.333333333333333,7.1,51561.333333333336,76151.0,5,5.0,5.660869109425818e-05,0.0010269474921659
Owain Yeoman,2,2,1,6.3,6.3,54710.0,54710.0,1,0.0,0.0,4.580829931808081e-05
Betsy Russell,4,4,2,4.85,5.6,36050.0,67978.0,3,1.0,0.0004121921037353,0.0005783743906194
Chris Kattan,6,6,3,6.333333333333333,6.9,20966.0,48458.0,9,11.0,8.907353117116671e-06,0.0061225598244645
Erik Knudsen,2,2,1,5.6,5.6,64190.0,64190.0,3,0.0,0.0,0.0005094049885004
Shad Moss,5,6,3,5.066666666666666,6.0,6501.333333333333,7991.0,4,6.0,6.158817043165888e-06,0.0039343938268143
Adam Boyer,2,2,1,6.0,6.0,8522.0,8522.0,5,0.0,0.0,0.0003099217229195
Malika,2,2,1,6.0,6.0,8522.0,8522.0,5,0.0,0.0,0.0003099217229195
Ben Platt,2,2,1,7.2,7.2,213898.0,213898.0,3,0.0,0.0,0.0020808946623904
Megyn Price,2,2,1,3.1,3.1,9104.0,9104.0,2,0.0,0.0,0.0004112978590721
Caroll Spinney,2,2,1,5.8,5.8,2045.0,2045.0,5,0.0,0.0,0.0006038172264527
Kevin Clash,2,2,1,5.8,5.8,2045.0,2045.0,5,0.0,0.0,0.0006038172264527
Ava Gardner,4,4,2,6.9,7.0,4044.0,4550.0,8,12.0,0.0006642595903296,1.716474339748109e-07
David Niven,6,6,3,7.233333333333333,7.8,3741.3333333333335,4550.0,6,27.0,0.0003559668618034,7.745616749043817e-09
John Ireland,4,4,2,6.949999999999999,7.1,2308.5,4550.0,6,15.0,0.000262768605181,7.715793430883173e-09
Elizabeth Blackmore,2,2,1,6.5,6.5,125016.0,125016.0,1,0.0,0.0,0.000100738410558
Ellen Sandweiss,4,4,2,7.05,7.6,133117.5,141219.0,2,32.0,3.086700379657578e-06,0.0002156986396472
Harland Williams,8,8,4,5.625,6.7,28763.25,48225.0,3,11.0,0.0001176903704195,0.0031690260428882
Rachel Dratch,4,4,2,6.35,6.8,7593.5,15033.0,3,2.0,4.6739346350241294e-05,0.0001709027448052
Clyde Kusatsu,4,4,2,4.7,6.4,12653.0,21225.0,4,19.0,2.4464379214268448e-05,0.0022663651725518
Jake Wood,2,4,2,7.6,7.6,295375.0,295375.0,4,0.0,0.0,0.0074233095760761
Tippi Hedren,2,2,1,6.4,6.4,1275.0,1275.0,3,0.0,0.0,0.0001661492251873
Brenda Fricker,2,2,1,6.9,6.9,16234.0,16234.0,4,0.0,0.0,0.0001026986750836
David Murray,2,2,1,6.9,6.9,16234.0,16234.0,4,0.0,0.0,0.0001026986750836
Gerard McSorley,4,4,2,6.95,7.0,11462.0,16234.0,4,4.0,4.6739346350241294e-05,0.0023030662524387
Carlos Bardem,2,2,1,6.6,6.6,13762.0,13762.0,4,0.0,0.0,0.0019870726597425
Chris Andrew Ciulla,2,2,1,5.5,5.5,32671.0,32671.0,4,0.0,0.0,0.0022815842770944
Mary Mouser,2,2,1,6.6,6.6,10706.0,10706.0,4,0.0,0.0,0.0002786676896403
Jan-Michael Vincent,4,4,2,6.35,7.5,20179.0,36657.0,5,21.0,0.0001265395072796,0.0008603980493267
Paul Winfield,4,4,2,6.65,8.1,301983.5,600266.0,2,7.0,0.0001630453502509,0.0006189988084863
Griffin Dunne,2,2,1,6.8,6.8,55895.0,55895.0,4,0.0,0.0,0.0007755293298596
Matt Servitto,4,4,2,6.45,6.5,18953.5,24668.0,5,6.0,2.129576038933944e-05,0.0054227626458165
Tamara Tunie,4,4,2,6.7,7.4,62376.0,119150.0,5,14.0,7.023695718996478e-06,0.0017650457807916
Laurence Fox,2,2,1,7.1,7.1,46204.0,46204.0,3,0.0,0.0,0.0047363710219841
Danny Strong,2,2,1,6.3,6.3,37700.0,37700.0,2,0.0,0.0,0.0001468472137838
Samm Levine,2,2,1,6.3,6.3,37700.0,37700.0,2,0.0,0.0,0.0001468472137838
Bruno Kirby,4,4,2,7.449999999999999,7.6,123728.0,149108.0,5,2.0,4.6739346350241294e-05,0.0038277308925094
Gretchen Palmer,2,2,1,7.6,7.6,149108.0,149108.0,3,0.0,0.0,0.0001707154528866
Harley Jane Kozak,2,2,1,7.6,7.6,149108.0,149108.0,3,0.0,0.0,0.0001707154528866
Jack Warden,10,10,5,7.26,8.9,100139.0,447785.0,6,42.0,0.000164161045558,0.003190110660382
Mark Walters,2,2,1,6.4,6.4,35312.0,35312.0,4,0.0,0.0,0.0020421482792981
Ron Lester,2,2,1,6.4,6.4,35312.0,35312.0,4,0.0,0.0,0.0020421482792981
Rachel Brosnahan,2,4,2,4.8,4.8,42182.5,42183.0,5,0.0,0.0,0.0082864168570868
Finn Ireland,2,2,1,5.4,5.4,1449.0,1449.0,1,0.0,0.0,0.0002394665045542
Vincent Walsh,2,2,1,5.4,5.4,1449.0,1449.0,1,0.0,0.0,0.0002394665045542
Ivana Baquero,2,2,1,8.2,8.2,467234.0,467234.0,3,0.0,0.0,6.743702733110804e-05
Maribel Verdú,4,4,2,7.949999999999999,8.2,279305.5,467234.0,6,5.0,4.6739346350241294e-05,6.768417837004596e-05
Sergi López,4,4,2,7.8,8.2,251041.0,467234.0,5,4.0,9.34786927004826e-05,0.0015119115325913
Jessika Van,2,2,1,6.6,6.6,7210.0,7210.0,4,,0.0,0.0003201919306068
Angell Conwell,4,4,2,5.5,6.4,7589.0,9566.0,5,0.0,4.6739346350241294e-05,0.0008264302767237
Joe Cornish,2,2,1,7.9,7.9,352695.0,352695.0,3,0.0,0.0,2.1433065447909207e-05
Gustaf Skarsgård,2,2,1,6.6,6.6,18041.0,18041.0,5,0.0,0.0,0.0002652886514367
Tsianina Joelson,2,2,1,5.3,5.3,13661.0,13661.0,3,0.0,0.0,0.0005159180777208
Marc Donato,4,4,2,6.75,7.2,13443.0,25549.0,2,2.0,7.13459617727091e-06,0.0032334991468514
Cynthia Stevenson,2,2,1,5.1,5.1,92712.0,92712.0,3,0.0,0.0,0.0073372761656846
Tracey Walter,6,6,3,6.033333333333334,6.9,12956.0,25332.0,7,16.0,5.844681039630106e-05,0.0046219052541532
Don Pardo,2,2,1,7.6,7.6,24256.0,24256.0,1,0.0,0.0,0.0016834195222913
Ruby Jerins,2,2,1,7.2,7.2,113963.0,113963.0,2,0.0,0.0,0.0018597742247633
Alexandra Holden,4,4,2,6.25,6.8,5202.0,8215.0,4,5.0,4.657560855951792e-06,0.0034233851198381
Trent Ford,4,4,2,5.75,5.8,5416.5,8215.0,5,4.0,2.6997015282635096e-06,0.0022876891436293
Brad William Henke,6,6,3,7.0,7.4,31136.0,51996.0,5,7.0,5.311895570734442e-05,0.0012031308496073
Farrah Fawcett,4,4,2,5.2,6.8,21116.0,39847.0,4,28.0,7.707347576634789e-06,0.0007991840461365
Brian Keith,4,4,2,5.85,6.8,23925.5,42614.0,6,9.0,1.9148389593809576e-05,0.0019009270819879
Karl Malden,8,9,5,7.279999999999999,8.2,52876.8,100890.0,9,28.0,0.000205321860918,0.005635957751706
Shannon Tweed,2,2,1,6.8,6.8,30682.0,30682.0,2,0.0,0.0,0.0022722014906571
Jon Polito,6,6,3,6.333333333333333,7.2,51469.666666666664,98629.0,8,28.0,9.580020062870934e-06,0.0037350952960505
Robin Weigert,2,2,1,7.2,7.2,24104.0,24104.0,1,0.0,0.0,0.001048029224522
Angela Sarafyan,4,4,2,7.1,7.6,10311.5,20616.0,3,2.0,4.6739346350241294e-05,0.0016535428796163
Lynn Redgrave,10,10,5,6.94,7.5,18548.6,31077.0,9,37.0,9.182257973502296e-05,0.0061577486754227
Tuppence Middleton,4,6,3,7.3999999999999995,8.2,64852.333333333336,92640.0,7,0.0,5.325326856020463e-06,0.0092838562159777
Michel Galabru,2,2,1,7.1,7.1,30587.0,30587.0,2,0.0,0.0,6.803620830086069e-05
Jodie Whittaker,4,4,2,6.4,6.6,43997.5,82331.0,7,3.0,4.6739346350241294e-05,0.0027543829067512
Emily Alyn Lind,2,2,1,7.3,7.3,45449.0,45449.0,2,0.0,0.0,3.866581393594005e-05
Paz de la Huerta,4,4,2,7.35,7.4,104075.0,162701.0,3,7.0,1.2361388286383168e-05,0.0003482106767197
Ivan Sergei,2,2,1,5.1,5.1,7444.0,7444.0,3,0.0,0.0,0.0002872818940411
Justin Kirk,6,6,3,5.366666666666667,5.7,4967.0,7444.0,4,4.0,1.5338678545018955e-05,0.0024244984436977
Conrad Kemp,2,2,1,6.7,6.7,12817.0,12817.0,3,0.0,0.0,0.0027620276619503
Tanya van Graan,2,2,1,6.7,6.7,12817.0,12817.0,3,0.0,0.0,0.0027620276619503
Charles Aznavour,2,2,1,6.6,6.6,8624.0,8624.0,2,0.0,0.0,2.986373080751569e-06
David Alpay,2,2,1,6.6,6.6,8624.0,8624.0,2,0.0,0.0,2.986373080751569e-06
Marie-Josée Croze,6,6,3,6.866666666666667,7.7,12894.0,24921.0,7,1.0,9.34786927004826e-05,6.690144973032643e-05
William Shockley,2,2,1,6.5,6.5,1033.0,1033.0,2,0.0,0.0,0.0012065562640115
Dustin Milligan,6,6,3,6.5,6.5,30872.0,61912.0,7,4.0,3.183082693009704e-05,0.003644469227115
Adrian Pasdar,2,2,1,6.9,6.9,219171.0,219171.0,3,0.0,0.0,0.0048325557721293
Chen Chang,4,4,2,7.15,7.9,113583.5,217740.0,3,15.0,0.000262768605181,0.0002228374158291
Pei-Pei Cheng,2,2,1,7.9,7.9,217740.0,217740.0,3,0.0,0.0,9.930294645727464e-06
Sihung Lung,2,2,1,7.9,7.9,217740.0,217740.0,3,0.0,0.0,9.930294645727464e-06
Ara Celi,2,2,1,8.4,8.4,822500.0,822500.0,1,0.0,0.0,0.0033266686794106
Hugh O'Brian,2,2,1,6.0,6.0,87538.0,87538.0,2,0.0,0.0,0.0012043790644092
Rae Dawn Chong,8,8,4,7.1,7.8,61230.75,111649.0,6,30.0,4.754071497189832e-05,0.0042480409472857
Allen Leech,2,2,1,8.1,8.1,467613.0,467613.0,4,0.0,0.0,0.0019912328242905
Levon Helm,6,6,3,7.733333333333333,8.2,19926.333333333332,34194.0,9,27.0,0.0002202441251184,0.0025969834390969
Isabelle Nélisse,2,2,1,6.2,6.2,134869.0,134869.0,2,0.0,0.0,1.9912024362061564e-05
Megan Charpentier,2,2,1,6.2,6.2,134869.0,134869.0,2,0.0,0.0,1.9912024362061564e-05
Georgina Cates,2,2,1,6.6,6.6,77724.0,77724.0,1,0.0,0.0,6.545219450687757e-06
Grasie Mercedes,2,2,1,6.6,6.6,77724.0,77724.0,1,0.0,0.0,6.545219450687757e-06
Jackson Nicoll,4,4,2,6.0,6.6,44478.5,77724.0,2,1.0,4.6739346350241294e-05,0.0001467905456981
Sylvia Syms,2,2,1,7.3,7.3,85333.0,85333.0,2,0.0,0.0,0.0002221932027237
Glenn Shadix,2,2,1,7.5,7.5,189413.0,189413.0,2,0.0,0.0,0.0018516252555001
Jessica Raine,2,2,1,6.4,6.4,139749.0,139749.0,4,0.0,0.0,0.0013536579541541
Tessa Thompson,2,2,1,5.0,5.0,34711.0,34711.0,2,0.0,0.0,0.000921694726437
Lee Majors,6,8,4,5.6000000000000005,6.3,20547.25,29008.0,4,6.0,2.354485349655033e-05,0.0030793035019401
Adam Lamberg,2,2,1,5.3,5.3,27580.0,27580.0,5,0.0,0.0,0.0004657687589589
Clayton Snyder,2,2,1,5.3,5.3,27580.0,27580.0,5,0.0,0.0,0.0004657687589589
Allison Tolman,4,6,3,6.8,7.1,63230.666666666664,79916.0,5,0.0,1.0004799663912883e-06,0.0046603091454997
JoAnna Garcia Swisher,2,2,1,5.7,5.7,80305.0,80305.0,1,0.0,0.0,0.0021973112371131
William Petersen,4,4,2,6.3,7.0,23647.5,26846.0,4,0.0,7.88037748436895e-06,0.0098614124348771
Claude Rains,6,6,3,8.4,8.6,219225.0,387508.0,7,23.0,3.141323772167124e-05,0.0002197678396411
Martha MacIsaac,2,4,2,6.6,6.6,67823.0,67824.0,3,0.0,0.0,0.0064965782629824
André the Giant,2,2,1,8.1,8.1,294163.0,294163.0,4,0.0,0.0,0.0032414766361683
Russ Tamblyn,2,2,1,7.8,7.8,431578.0,431578.0,2,0.0,0.0,0.002968674641027
Kali Rocha,2,2,1,6.0,6.0,15582.0,15582.0,3,0.0,0.0,0.0006703265287697
Luke Benward,2,2,1,6.4,6.4,8427.0,8427.0,3,0.0,0.0,0.0001750439334521
Mitchell Ryan,4,4,2,6.15,7.4,47081.0,73347.0,6,2.0,0.000171127134359,0.0025745239286679
Brenda Strong,5,6,3,6.566666666666667,6.9,19512.333333333332,57140.0,6,9.0,0.0003037906512831,0.0001606409850717
Rachel True,4,4,2,6.35,6.5,30351.0,57140.0,5,4.0,0.000262768605181,0.0001594268258208
Nicole Ari Parker,4,4,2,7.2,7.9,96272.5,189032.0,3,2.0,1.8065417460171623e-05,0.0015115517415767
Nina Hartley,2,2,1,7.9,7.9,189032.0,189032.0,1,0.0,0.0,0.0014773826617694
Joss Ackland,2,2,1,5.5,5.5,17074.0,17074.0,5,0.0,0.0,0.0006230079126703
Danny Pino,6,6,3,6.933333333333334,7.9,5804.0,8369.0,8,1.0,5.753697115941657e-05,0.0010911116517969
Joey Lawrence,2,2,1,4.1,4.1,13048.0,13048.0,3,0.0,0.0,0.0012573358809434
Firass Dirani,2,2,1,4.7,4.7,27486.0,27486.0,3,0.0,0.0,6.647252210005232e-05
Cinda McCain,4,4,2,6.1,6.3,7627.0,14814.0,2,0.0,4.04147693762358e-06,0.0017540511458945
Angelo Anthony Pizza,2,2,1,7.3,7.3,187170.0,187170.0,3,0.0,0.0,0.0040609422042037
Akie Kotabe,2,2,1,6.3,6.3,50056.0,50056.0,3,0.0,0.0,0.0009205230544412
Geneviève Bujold,2,2,1,4.9,4.9,13320.0,13320.0,3,0.0,0.0,0.0002112794820025
Jason Priestley,6,6,3,5.733333333333333,7.1,5810.333333333333,13320.0,4,16.0,1.7680829938874972e-05,0.0017875722949542
George C. Scott,8,8,4,7.625,8.5,126160.0,342585.0,9,23.0,0.000754345267496,0.0007578684530518
Homayoun Ershadi,2,2,1,6.8,6.8,57210.0,57210.0,3,0.0,0.0,0.0042338464842409
Nina Hoss,2,2,1,6.8,6.8,57210.0,57210.0,3,0.0,0.0,0.0042338464842409
Larry Mullen Jr.,2,2,1,8.4,8.4,2673.0,2673.0,2,0.0,0.0,2.201014853976024e-06
The Edge,2,2,1,8.4,8.4,2673.0,2673.0,2,0.0,0.0,2.201014853976024e-06
Adam Copeland,2,2,1,4.6,4.6,16340.0,16340.0,4,0.0,0.0,0.0004171369781324
Adrian Paul,2,2,1,4.6,4.6,16340.0,16340.0,4,0.0,0.0,0.0004171369781324
Kevin Gage,6,6,3,6.166666666666667,7.2,9104.333333333334,19768.0,6,14.0,5.4216449122248605e-05,0.0024010246319915
Keith Allen,4,4,2,6.25,6.6,8584.0,9649.0,7,3.0,3.981428483475396e-06,0.0017151744345219
Sandra Nelson,2,2,1,6.6,6.6,9649.0,9649.0,4,0.0,0.0,0.0007089257620215
Kyla Pratt,2,2,1,2.8,2.8,2724.0,2724.0,2,0.0,0.0,0.0001495388503866
Shirley Douglas,2,2,1,2.8,2.8,2724.0,2724.0,2,0.0,0.0,0.0001495388503866
Daniel Wu,4,4,2,6.25,7.1,31324.0,53471.0,4,3.0,4.520200653910824e-05,0.0008247055540197
Chris Bruno,2,2,1,7.5,7.5,7122.0,7122.0,4,,0.0,8.089584744914141e-05
Nicole de Boer,4,4,2,7.4,7.5,83816.5,160511.0,5,0.0,8.103761522727274e-05,0.0006000946095281
Khandi Alexander,8,8,4,6.475,7.5,17198.0,39508.0,4,9.0,6.698964202871565e-05,0.0025187104578922
Michael Michele,2,2,1,6.6,6.6,17261.0,17261.0,4,0.0,0.0,0.0002080705895535
Dan Futterman,6,6,3,6.766666666666667,7.0,11199.0,24150.0,8,10.0,2.4309731798317714e-05,0.0055326554205962
Marla Sokoloff,4,4,2,5.5,5.5,62340.0,116625.0,4,0.0,2.656665320206677e-06,0.0084653016445295
Estelle Parsons,2,4,2,7.4,7.4,1465.0,1465.0,2,0.0,0.0,0.0027206253789155
Diahann Carroll,6,6,3,5.766666666666667,7.3,3774.0,6915.0,8,19.0,4.952353459515563e-05,0.0010644779037778
Conleth Hill,2,2,1,7.2,7.2,58967.0,58967.0,2,0.0,0.0,0.0006405016893987
Guillermo Arriaga,2,2,1,7.5,7.5,34194.0,34194.0,5,0.0,0.0,0.000814883565182
Corbin Bernsen,12,12,6,6.616666666666667,8.4,49549.0,175962.0,7,21.0,0.00015220068096,0.0081717655147649
Chris Geere,2,2,1,5.5,5.5,15388.0,15388.0,4,0.0,0.0,0.0003233327852424
Anna Silk,2,2,1,7.9,7.9,3828.0,3828.0,3,,0.0,0.0003278281739721
Mac McDonald,2,2,1,6.7,6.7,42792.0,42792.0,4,0.0,0.0,0.001605274639833
Mike Muscat,2,2,1,5.3,5.3,4996.0,4996.0,3,0.0,0.0,0.0004457265546883
Dany Verissimo-Petit,2,2,1,7.2,7.2,55928.0,55928.0,3,0.0,0.0,0.0003901432879178
Satoshi Tsumabuki,2,2,1,6.4,6.4,9427.0,9427.0,2,0.0,0.0,0.0002220251582592
JJ Feild,4,4,2,6.7,7.0,34896.5,64777.0,6,9.0,1.2596992519323469e-05,0.0065342826290968
Conrad Dunn,2,2,1,5.6,5.6,2699.0,2699.0,3,0.0,0.0,0.0002350329698924
Gina Bellman,2,2,1,5.6,5.6,2699.0,2699.0,3,0.0,0.0,0.0002350329698924
Aubrey Poo,2,2,1,6.0,6.0,609.0,609.0,3,0.0,0.0,0.0002219649991505
Edward Fox,2,2,1,4.5,4.5,2236.0,2236.0,4,0.0,0.0,0.001507366824141
Gael Le Cornec,2,2,1,5.9,5.9,7519.0,7519.0,5,0.0,0.0,0.0010764773097914
Hans Matheson,4,4,2,5.9,6.0,2134.5,3425.0,5,5.0,7.072507405739723e-06,0.0009223628374225
Lucy Gaskell,2,2,1,4.9,4.9,5018.0,5018.0,3,0.0,0.0,3.672701845011119e-06
Steven Elder,2,2,1,4.9,4.9,5018.0,5018.0,3,0.0,0.0,3.672701845011119e-06
Yasuaki Kurata,2,2,1,7.1,7.1,9177.0,9177.0,4,0.0,0.0,3.694551801945611e-05
Linus Roache,4,4,2,5.25,6.6,492.0,695.0,3,12.0,4.6739346350241294e-05,0.0013043558630521
Arben Bajraktaraj,2,2,1,7.5,7.5,12937.0,12937.0,2,0.0,0.0,0.002818139137101
Bart Shatto,2,2,1,6.2,6.2,993.0,993.0,3,0.0,0.0,4.144503017680608e-05
Sharon Leal,4,4,2,5.7,6.2,3484.0,5975.0,4,0.0,2.6491985492985896e-05,0.0008055008577271
Jean-Marc Barr,2,2,1,7.4,7.4,18646.0,18646.0,1,0.0,0.0,0.0011143778286779
Jeremy Davies,8,8,4,7.199999999999999,7.4,55670.75,106098.0,6,11.0,9.125834195735216e-05,0.0027589246040729
Lois Smith,6,6,3,7.066666666666666,7.6,43742.0,73193.0,5,12.0,1.2033339622839917e-05,0.0009561754531248
Joe Flaherty,4,4,2,8.1,9.5,11763.0,23516.0,6,0.0,3.1304967999832984e-05,0.0006009475423871
John Meillon,2,2,1,5.5,5.5,44096.0,44096.0,3,0.0,0.0,1.3925157490367931e-05
Chad Bishop,2,2,1,5.7,5.7,1554.0,1554.0,5,0.0,0.0,0.0005994681486219
Malik Yoba,4,4,2,7.35,7.8,48575.5,69733.0,6,0.0,3.87612398024723e-06,0.0007652697821689
Jensen Ackles,4,4,2,6.45,7.4,35466.0,45603.0,6,0.0,3.245920958766029e-06,0.0018321099086171
Barbara Bach,2,2,1,7.1,7.1,76477.0,76477.0,4,0.0,0.0,0.0002006364157127
Caroline Munro,2,2,1,7.1,7.1,76477.0,76477.0,4,0.0,0.0,0.0002006364157127
Susan Hogan,2,2,1,6.7,6.7,15730.0,15730.0,2,0.0,0.0,0.0005478168418365
Olivia Colman,2,2,1,6.4,6.4,82327.0,82327.0,3,0.0,0.0,0.0086173210876953
Maya Angelou,2,2,1,5.9,5.9,8904.0,8904.0,2,0.0,0.0,0.0001456316250058
Gino Salvano,2,2,1,5.7,5.7,9693.0,9693.0,4,0.0,0.0,0.0009880808698037
Roger Guenveur Smith,2,2,1,5.7,5.7,9693.0,9693.0,4,0.0,0.0,0.0009880808698037
Allen Payne,2,2,1,4.5,4.5,17262.0,17262.0,4,0.0,0.0,0.0004534853104926
Linda Blair,4,4,2,5.85,8.0,150273.0,284252.0,1,4.0,4.302468820000136e-06,0.0013067430770181
Lance Gross,2,2,1,4.9,4.9,5721.0,5721.0,2,0.0,0.0,0.0007822655681086
Paolo Seganti,2,2,1,6.9,6.9,9323.0,9323.0,3,0.0,0.0,0.0007792596530891
Bethany Joy Lenz,2,2,1,5.7,5.7,19805.0,19805.0,2,0.0,0.0,0.0007523869156435
Eliza Coupe,4,4,2,5.9,6.3,7560.5,13866.0,3,5.0,5.103286280089265e-06,0.0067457439639666
Kane Hodder,12,12,6,4.933333333333334,5.7,21021.333333333332,38985.0,7,26.0,0.0002101829215683,0.0012607019845629
Lexa Doig,2,2,1,4.4,4.4,38985.0,38985.0,4,0.0,0.0,0.0005832586160196
China Chow,2,2,1,5.4,5.4,11693.0,11693.0,3,0.0,0.0,0.0019347052471496
Osric Chau,2,2,1,5.4,5.4,11233.0,11233.0,2,0.0,0.0,0.0001462546923339
Emmanuelle Seigner,2,2,1,8.0,8.0,89906.0,89906.0,2,0.0,0.0,9.998782381575256e-05
Isaach De Bankolé,2,2,1,8.0,8.0,89906.0,89906.0,2,0.0,0.0,9.998782381575256e-05
Jane Adams,6,6,3,7.233333333333333,7.6,33080.0,92781.0,4,14.0,3.2656552526521e-05,0.0057816167916922
Noam Jenkins,2,2,1,5.9,5.9,12519.0,12519.0,3,0.0,0.0,0.001023169116639
Tovah Feldshuh,2,2,1,6.6,6.6,6782.0,6782.0,1,0.0,0.0,0.0028850092725587
Bonnie Henna,2,2,1,6.7,6.7,9334.0,9334.0,3,0.0,0.0,0.0005695052779703
Angela Featherstone,4,4,2,5.45,7.0,9821.5,12366.0,6,3.0,4.6739346350241294e-05,0.0001616638034092
Candace Kroslak,2,2,1,3.9,3.9,7277.0,7277.0,4,0.0,0.0,7.212005671391253e-06
Melissa Sagemiller,2,2,1,3.9,3.9,7277.0,7277.0,4,0.0,0.0,7.212005671391253e-06
Nigel Whitmey,2,2,1,5.7,5.7,2427.0,2427.0,4,0.0,0.0,0.0001574581624191
Todd Boyce,2,2,1,5.7,5.7,2427.0,2427.0,4,0.0,0.0,0.0001574581624191
Behrouz Vossoughi,2,2,1,6.5,6.5,524.0,524.0,3,0.0,0.0,0.0022310788932678
Karl Johnson,2,2,1,6.8,6.8,17933.0,17933.0,3,0.0,0.0,0.0002223380192642
Ruth Sheen,3,4,2,7.199999999999999,7.6,13047.0,17933.0,3,12.0,0.0,0.0004271835666003
Edouard Baer,4,4,2,6.6,6.9,2306.5,3174.0,5,8.0,0.0002485387513766,0.0001005240756337
Sara Forestier,4,4,2,6.75,7.2,4739.0,6304.0,3,1.0,9.34786927004826e-05,0.0001003935778087
Ulrich Mühe,3,4,2,7.9,8.5,135228.0,259379.0,5,4.0,1.8939986120304024e-06,8.854834996191498e-05
Kelly Lin,2,2,1,6.9,6.9,6069.0,6069.0,1,0.0,0.0,5.52077280871641e-06
Woo-sung Jung,4,4,2,7.1,7.3,16112.5,26156.0,4,2.0,0.0001402180390507,0.0001237054838214
John Gallagher Jr.,4,4,2,6.9,7.3,69473.0,126893.0,5,5.0,7.062703836293962e-06,0.0088704722881219
Diora Baird,2,2,1,3.6,3.6,9928.0,9928.0,2,0.0,0.0,0.0005237822732712
Elisa Donovan,2,2,1,6.8,6.8,123390.0,123390.0,2,0.0,0.0,0.0005881825656545
Amelia Warner,2,2,1,7.4,7.4,44795.0,44795.0,2,0.0,0.0,0.0036150587987116
Stephen Marcus,2,2,1,7.4,7.4,44795.0,44795.0,2,0.0,0.0,0.0036150587987116
Bruno Ganz,2,2,1,8.3,8.3,248354.0,248354.0,4,0.0,0.0,0.0017365660423295
Belén Rueda,4,4,2,7.8,8.1,92372.5,120189.0,5,3.0,9.34786927004826e-05,0.0005661626285295
Lola Dueñas,4,4,2,7.85,8.1,70618.5,76681.0,6,2.0,4.6739346350241294e-05,2.5344126621536864e-05
Tamar Novas,2,2,1,8.1,8.1,64556.0,64556.0,3,0.0,0.0,2.5251606420078025e-05
Alison Chand,2,2,1,6.3,6.3,85022.0,85022.0,4,0.0,0.0,0.0057170136980076
Paul Brannigan,2,2,1,6.3,6.3,85022.0,85022.0,4,0.0,0.0,0.0057170136980076
Stephanie Danielson,2,2,1,3.6,3.6,912.0,912.0,1,0.0,0.0,0.0009167551172531
Boys II Men,2,2,1,1.6,1.6,74351.0,74351.0,2,0.0,0.0,4.510807362270028e-05
Sean Kingston,2,2,1,1.6,1.6,74351.0,74351.0,2,0.0,0.0,4.510807362270028e-05
Fredro Starr,4,4,2,5.199999999999999,6.1,23964.5,47876.0,4,14.0,4.6739346350241294e-05,0.0003639607932307
Brighton Sharbino,6,6,3,7.266666666666667,8.2,6393.333333333333,12796.0,6,3.0,4.548284283374101e-05,0.0039334223047209
Patrick Wayne,2,2,1,6.8,6.8,42614.0,42614.0,5,0.0,0.0,0.0002542970215426
Andrew Keegan,4,6,3,6.533333333333334,7.2,85588.33333333333,222099.0,4,2.0,7.909243044331548e-06,0.0081715559178429
Gene Simmons,2,2,1,5.9,5.9,28805.0,28805.0,1,0.0,0.0,0.0033242444477907
Sedona Legge,2,2,1,6.8,6.8,12983.0,12983.0,3,0.0,0.0,0.0004048738983619
Antonio Sabato Jr.,2,2,1,6.1,6.1,24834.0,24834.0,4,0.0,0.0,0.001166432967145
Charlotte Sullivan,6,6,3,6.233333333333333,6.8,14519.0,31836.0,5,13.0,4.004454294261658e-05,0.0023956112097846
Greg Germann,6,6,3,5.333333333333333,5.9,17662.0,31371.0,7,24.0,5.671794373073976e-05,0.0009142863054134
Jenny Agutter,6,6,3,5.766666666666667,6.8,23820.333333333332,39847.0,6,36.0,3.8083882810085045e-05,0.0034687725018122
Henry Simmons,4,4,2,6.25,6.9,22320.0,31964.0,4,5.0,1.1892939912357191e-05,0.0045297097975819
Kate del Castillo,8,8,4,5.925000000000001,7.5,8615.0,14831.0,5,7.0,5.76010077870206e-05,0.0024656714479734
Orson Bean,2,2,1,7.8,7.8,254404.0,254404.0,3,0.0,0.0,0.0008407861044151
Rolando Molina,4,4,2,6.3,6.5,24449.0,27492.0,3,1.0,1.2869811400921494e-05,0.0084181369246462
David Dencik,2,2,1,8.1,8.1,335.0,335.0,4,,0.0,0.0002443955703595
Lena Endre,2,2,1,8.1,8.1,335.0,335.0,4,,0.0,0.0002443955703595
Josie Loren,2,2,1,5.9,5.9,60407.0,60407.0,1,0.0,0.0,0.0002479459708925
Justin Chon,4,4,2,5.25,5.9,31222.5,60407.0,2,1.0,1.8206180356289769e-06,0.0004425853358472
Sarah Wright,4,4,2,5.300000000000001,5.9,33887.0,60407.0,1,5.0,3.688805871758063e-05,0.0053649052327439
Catalina Sandino Moreno,6,6,3,7.133333333333333,7.5,32407.666666666668,63084.0,6,8.0,7.294260412725317e-05,0.0068250329271326
Kathryn Morris,4,4,2,6.65,6.8,10349.0,18442.0,3,8.0,1.758424007430927e-05,0.0024726586498942
Sarita Choudhury,4,4,2,5.85,6.0,18406.0,28573.0,5,17.0,9.396510375312791e-05,0.0009907332813147
Daniel Auteuil,2,2,1,7.3,7.3,4767.0,4767.0,2,0.0,0.0,6.4500209985574e-06
Yves Jacques,2,2,1,7.3,7.3,4767.0,4767.0,2,0.0,0.0,6.4500209985574e-06
Meghan Heffern,2,2,1,6.3,6.3,56264.0,56264.0,4,0.0,0.0,0.0053438297119764
Natalie Lisinska,2,2,1,6.3,6.3,56264.0,56264.0,4,0.0,0.0,0.0053438297119764
Paul Mazursky,2,2,1,5.9,5.9,1595.0,1595.0,3,0.0,0.0,0.0015711900950621
Ezra Miller,8,8,4,7.225,8.0,119350.25,351274.0,4,3.0,4.137660431069515e-05,0.0048808546392054
Ian Gomez,2,2,1,5.1,5.1,922.0,922.0,1,0.0,0.0,0.0007663380001577
Thomas Ian Griffith,2,2,1,5.1,5.1,922.0,922.0,1,0.0,0.0,0.0007663380001577
John Boyega,2,2,1,6.6,6.6,82331.0,82331.0,4,0.0,0.0,0.0001228392920259
Luke Treadaway,2,2,1,6.6,6.6,82331.0,82331.0,4,0.0,0.0,0.0001228392920259
Tara Platt,2,2,1,6.7,6.7,88241.0,88241.0,2,0.0,0.0,0.0003662048842849
Dean Dawson,2,2,1,6.8,6.8,90.0,90.0,4,0.0,0.0,0.0053438297119764
Jung-jae Lee,2,2,1,6.8,6.8,90.0,90.0,4,0.0,0.0,0.0053438297119764
Steve Irwin,2,2,1,5.4,5.4,5663.0,5663.0,4,0.0,0.0,6.671104729686695e-05
Everett McGill,6,6,3,7.2,8.0,26751.333333333332,63733.0,5,18.0,5.365564073155806e-05,0.00129397230676
Gary Schwartz,2,2,1,7.4,7.4,16281.0,16281.0,3,0.0,0.0,0.000236656210486
Gabriel Millman,2,2,1,6.9,6.9,14354.0,14354.0,1,0.0,0.0,0.0003520717458492
Rob Morrow,2,2,1,6.9,6.9,14354.0,14354.0,1,0.0,0.0,0.0003520717458492
Hannah Murray,2,2,1,6.4,6.4,9957.0,9957.0,3,0.0,0.0,0.0009713752996175
Jude Ciccolella,2,2,1,7.8,7.8,75675.0,75675.0,3,0.0,0.0,0.0066189813331857
Julian Morris,8,8,4,5.25,5.9,14346.25,24012.0,5,9.0,0.0005677356916454,0.0017756591173715
Margo Harshman,2,2,1,5.1,5.1,24012.0,24012.0,2,0.0,0.0,0.000213954973685
Mary Astor,2,2,1,7.8,7.8,3256.0,3256.0,3,0.0,0.0,3.4897369746607687e-10
Ronald Colman,2,2,1,7.8,7.8,3256.0,3256.0,3,0.0,0.0,3.4897369746607687e-10
Björk,2,2,1,8.0,8.0,79330.0,79330.0,3,0.0,0.0,0.0006518084528767
Vincent Gallo,7,8,4,6.325,7.5,14206.5,36657.0,4,8.0,9.246464707646004e-05,0.0044086633219191
Christian Campbell,4,4,2,6.15,6.2,8195.5,14757.0,6,2.0,1.358400337806664e-05,0.0028904773858506
Bill Erwin,4,4,2,7.3,7.3,41401.0,61753.0,6,8.0,0.0001402180390507,7.590123823673311e-06
Gabriel Damon,2,2,1,7.3,7.3,61753.0,61753.0,3,0.0,0.0,7.562309281196964e-06
Bin Won,2,2,1,8.1,8.1,31943.0,31943.0,3,0.0,0.0,2.982273859504698e-05
Min-sik Choi,5,6,3,8.066666666666668,8.4,147210.66666666666,356181.0,6,2.0,7.010901952536193e-05,3.0158810208826257e-05
Lee J. Cobb,4,4,2,8.45,8.9,366018.5,447785.0,3,16.0,1.751793252381356e-05,0.001125110049705
Robert Shaw,10,10,5,7.659999999999999,8.3,142021.4,412454.0,9,13.0,0.0005292419927329,0.0003729033778832
Lambert Wilson,6,6,3,7.066666666666666,7.9,8704.333333333334,12411.0,5,4.0,5.011854299960378e-05,0.0015270393091821
Charlotte Lewis,2,2,1,5.9,5.9,39798.0,39798.0,5,0.0,0.0,0.0004840776221797
Ally Sheedy,6,6,3,6.733333333333333,7.1,30843.0,71842.0,5,27.0,0.0002222265287274,0.0053841739631171
Josh Henderson,4,4,2,5.55,6.5,46451.5,90938.0,6,8.0,1.665715848819841e-05,0.0020504997559377
Sid Haig,10,10,5,6.4,7.5,79400.4,239540.0,6,15.0,0.0001742986606163,0.0098729744793412
Ashley Hinshaw,2,2,1,7.1,7.1,204327.0,204327.0,3,0.0,0.0,0.0018255449390166
Amy Irving,6,6,3,6.966666666666666,7.2,15781.666666666666,29239.0,3,26.0,7.987784583568962e-05,0.0043769385361723
Steven Hill,2,2,1,6.6,6.6,9503.0,9503.0,3,0.0,0.0,0.0002570693250225
Kirby Bliss Blanton,2,2,1,6.7,6.7,157051.0,157051.0,2,0.0,0.0,0.0001145523422376
Oliver Cooper,2,2,1,6.7,6.7,157051.0,157051.0,2,0.0,0.0,0.0001145523422376
Bill Hickman,2,2,1,8.0,8.0,76398.0,76398.0,3,0.0,0.0,0.0002729589141431
Jerry Nelson,2,2,1,7.7,7.7,33850.0,33850.0,5,0.0,0.0,0.0002336023898687
Nat Wolff,6,6,3,6.833333333333333,7.8,110943.33333333333,249688.0,3,2.0,4.813195959708024e-05,0.0063002345618544
Richard Dysart,2,2,1,5.4,5.4,3000.0,3000.0,2,0.0,0.0,0.0001172476189364
Robert Foxworth,2,2,1,5.4,5.4,3000.0,3000.0,2,0.0,0.0,0.0001172476189364
Talia Shire,4,4,2,5.800000000000001,6.2,1531.0,3000.0,3,30.0,4.6739346350241294e-05,0.0026289301901142
Kathryn Erbe,6,6,3,6.3999999999999995,7.0,21515.333333333332,62468.0,5,13.0,1.7139504336955038e-05,0.001655469961497
Lusia Strus,2,2,1,7.0,7.0,62468.0,62468.0,3,0.0,0.0,0.0001613741218521
Kelvin Taylor,2,2,1,8.6,8.6,173172.0,173172.0,5,,0.0,0.0005530319314024
Viva Bianca,2,2,1,8.6,8.6,173172.0,173172.0,5,,0.0,0.0005530319314024
Mare Winningham,2,2,1,7.6,7.6,76094.0,76094.0,2,0.0,0.0,0.0025523582878379
Peter Hermann,4,4,2,6.6,7.6,40286.0,76094.0,3,0.0,7.082121876108362e-06,0.00307969744656
Meg Crosbie,2,2,1,6.4,6.4,63390.0,63390.0,3,0.0,0.0,0.0006485810577179
Lark Voorhies,2,2,1,5.3,5.3,2301.0,2301.0,1,0.0,0.0,0.0011538859021585
Bill Irwin,6,6,3,6.666666666666667,7.0,24295.666666666668,41226.0,3,9.0,1.2463694323063785e-05,0.0055346002574022
John Colicos,2,2,1,6.6,6.6,16764.0,16764.0,4,0.0,0.0,0.0006792405516664
Herbert Grönemeyer,2,2,1,8.4,8.4,168203.0,168203.0,4,0.0,0.0,0.000445079501284
Martin Semmelrogge,2,2,1,8.4,8.4,168203.0,168203.0,4,0.0,0.0,0.000445079501284
Tom Hughes,2,2,1,7.8,7.8,202341.0,202341.0,3,0.0,0.0,0.0001978018535285
Zhengyong Zhang,2,2,1,7.6,7.6,92295.0,92295.0,4,0.0,0.0,0.0001697451134898
Gary Weeks,2,2,1,6.4,6.4,57349.0,57349.0,2,0.0,0.0,9.654847383428272e-05
Jonny Weston,4,4,2,6.25,6.4,39117.0,57349.0,5,0.0,5.460608105850431e-05,0.0004056742391978
Sofia Black-D'Elia,4,4,2,5.4,6.4,28793.0,57349.0,5,1.0,0.0001890922456022,0.0018555416158458
Tammy Blanchard,4,4,2,7.0,7.0,28015.0,40618.0,3,2.0,7.702117686094238e-06,0.0017467742902793
Veronika Dash,2,2,1,7.0,7.0,15412.0,15412.0,3,0.0,0.0,0.0005640979658579
Sherman Hemsley,2,2,1,5.7,5.7,6965.0,6965.0,2,0.0,0.0,0.0013789877679575
Aleksa Palladino,2,2,1,6.3,6.3,20576.0,20576.0,2,0.0,0.0,0.0001527961773306
Greg Mottola,2,2,1,6.3,6.3,20576.0,20576.0,2,0.0,0.0,0.0001527961773306
Jill Clayburgh,2,2,1,6.2,6.2,20000.0,20000.0,2,0.0,0.0,0.0002541581517309
Brian Dietzen,2,2,1,2.1,2.1,23606.0,23606.0,3,0.0,0.0,9.530063446236684e-05
Kelly Clarkson,2,2,1,2.1,2.1,23606.0,23606.0,3,0.0,0.0,9.530063446236684e-05
Nick Damici,4,4,2,5.9,6.5,26447.5,34263.0,5,7.0,1.0973205300535696e-05,0.0012955949338673
Susan Gardner,2,2,1,5.3,5.3,18632.0,18632.0,2,0.0,0.0,0.0012225364648238
Samantha Ivers,2,2,1,7.1,7.1,29613.0,29613.0,2,0.0,0.0,0.001100964312329
Ah-sung Ko,2,2,1,7.0,7.0,68883.0,68883.0,4,0.0,0.0,0.000123231967713
Doona Bae,2,2,1,7.0,7.0,68883.0,68883.0,4,0.0,0.0,0.000123231967713
Paul Gleason,2,2,1,5.7,5.7,763.0,763.0,3,0.0,0.0,0.0062641499916043
Jake Richardson,2,2,1,7.1,7.1,12047.0,12047.0,2,0.0,0.0,0.0005852384403171
Michael Harding,2,2,1,7.1,7.1,12047.0,12047.0,2,0.0,0.0,0.0005852384403171
Harmony Korine,2,2,1,6.8,6.8,84620.0,84620.0,2,0.0,0.0,0.0005575781763659
Mia Wasikowska,6,6,3,6.866666666666667,7.1,71617.33333333333,110616.0,3,3.0,1.0131576527318189e-05,0.0030454595035338
Eamonn Walker,6,6,3,6.933333333333334,7.3,19427.333333333332,29608.0,8,6.0,1.5890576620785264e-05,0.0079605323428771
Alicja Bachleda,6,6,3,7.233333333333334,7.5,14256.0,16863.0,7,5.0,6.775423317667002e-05,0.0014966120231205
James Shigeta,2,2,1,7.2,7.2,18520.0,18520.0,3,0.0,0.0,0.001441392071783
Andy Davoli,2,2,1,6.4,6.4,12559.0,12559.0,2,0.0,0.0,0.0012341417812632
Dahong Ni,2,4,2,5.7,5.7,2410.0,2410.0,2,0.0,0.0,3.2297997077884056e-05
Ni Yan,4,6,3,6.233333333333333,7.3,2536.3333333333335,2789.0,2,5.0,4.566041838603331e-06,7.818074126357717e-05
Ryu Kohata,2,2,1,7.7,7.7,8429.0,8429.0,3,0.0,0.0,2.225845394810442e-06
Yuanyuan Gao,2,2,1,7.7,7.7,8429.0,8429.0,3,0.0,0.0,2.225845394810442e-06
Rebecca Black,2,2,1,3.2,3.2,408.0,408.0,5,0.0,0.0,0.001873293325167
Hiroyuki Ikeuchi,2,2,1,6.1,6.1,4899.0,4899.0,4,0.0,0.0,1.1088832996289444e-08
Meisa Kuroki,2,2,1,6.1,6.1,4899.0,4899.0,4,0.0,0.0,1.1088832996289444e-08
Ana Imnadze,2,2,1,5.6,5.6,12128.0,12128.0,3,0.0,0.0,0.0006288547207074
Kenneth Cranham,2,2,1,5.6,5.6,12128.0,12128.0,3,0.0,0.0,0.0006288547207074
Alexandra Callas,2,2,1,7.5,7.5,314.0,314.0,1,0.0,0.0,0.0004171369781324
Kelly LeBrock,2,2,1,7.5,7.5,314.0,314.0,1,0.0,0.0,0.0004171369781324
Connor Corum,2,2,1,5.8,5.8,21034.0,21034.0,2,0.0,0.0,0.0003624231421571
Denise Crosby,2,2,1,6.6,6.6,63855.0,63855.0,2,0.0,0.0,0.0011174573718947
Hailu Qin,2,2,1,6.2,6.2,117.0,117.0,1,0.0,0.0,7.627123994576323e-09
Wei Tang,2,2,1,6.2,6.2,117.0,117.0,1,0.0,0.0,7.627123994576323e-09
Harry Carey Jr.,6,6,3,7.466666666666666,7.8,58509.666666666664,142293.0,7,36.0,6.906509051844101e-05,0.00019647953398
Zach Galligan,4,4,2,6.25,7.2,73118.0,142293.0,3,9.0,5.515924303357732e-05,0.0004741423268877
Peter Cushing,2,2,1,8.7,8.7,911097.0,911097.0,4,0.0,0.0,0.0033378494618591
Jason Mantzoukas,2,2,1,6.0,6.0,49671.0,49671.0,1,0.0,0.0,0.0090643456741592
Klaus Kinski,2,2,1,8.0,8.0,55816.0,55816.0,3,0.0,0.0,0.0006668894155336
Daniel Zettel,2,2,1,7.2,7.2,14437.0,14437.0,5,0.0,0.0,4.59776135761072e-06
Selton Mello,2,2,1,7.2,7.2,14437.0,14437.0,5,0.0,0.0,4.59776135761072e-06
Wagner Moura,6,6,3,7.133333333333333,8.1,32606.333333333332,81644.0,6,7.0,9.329173531508162e-05,0.0001031172078263
Jack McGee,4,4,2,6.65,7.9,138137.0,275869.0,5,13.0,4.6739346350241294e-05,0.0048499962272225
Lane Smith,6,6,3,6.6000000000000005,7.5,43316.666666666664,82743.0,7,5.0,3.3106655786641974e-05,0.0048548621573102
John Enos III,4,4,2,7.199999999999999,7.3,106711.5,207934.0,5,5.0,4.664586765754081e-05,0.0013999728315201
Lauren German,8,8,4,5.875000000000001,7.4,68881.25,162701.0,6,11.0,0.0001739668057447,0.0042485153025678
Robert Prosky,2,2,1,7.6,7.6,73193.0,73193.0,2,0.0,0.0,0.0002796140504825
Eric Mabius,6,6,3,6.966666666666666,7.7,50593.333333333336,149222.0,3,14.0,2.332185766237752e-05,0.0009569234220764
George Newbern,4,4,2,5.65,6.0,41237.0,76207.0,3,2.0,4.370485946775508e-06,0.0010421393633964
Shawnee Smith,10,12,6,6.416666666666668,7.7,136629.33333333334,299127.0,5,9.0,6.077060185797381e-05,0.0039479522959559
Sid Caesar,7,10,5,7.06,7.6,57026.8,170027.0,6,18.0,5.273292378995742e-05,0.002860677763891
Alicia Keys,2,2,1,7.3,7.3,19440.0,19440.0,1,0.0,0.0,0.0005742212497083
Peter Berg,2,2,1,4.6,4.6,10966.0,10966.0,2,0.0,0.0,0.0007143359356867
Gabrielle Carteris,2,2,1,6.0,6.0,9903.0,9903.0,3,0.0,0.0,3.425737999926686e-05
Steven Bauer,2,2,1,6.0,6.0,9903.0,9903.0,3,0.0,0.0,3.425737999926686e-05
Bud Cort,4,4,2,6.25,7.0,14105.0,23023.0,4,14.0,1.2219921088471728e-05,0.0011696126783515
Louise Fletcher,6,6,3,6.7,8.7,228933.66666666666,680041.0,3,32.0,1.8705188275610297e-05,0.0006399865858485
Eva Birthistle,2,2,1,7.5,7.5,73249.0,73249.0,2,0.0,0.0,0.0008204706545331
Fiona Glascott,2,2,1,7.5,7.5,73249.0,73249.0,2,0.0,0.0,0.0008204706545331
Hardy Krüger,2,2,1,8.1,8.1,101627.0,101627.0,4,0.0,0.0,9.696117352038752e-05
Pauline Collins,2,2,1,6.8,6.8,15684.0,15684.0,2,0.0,0.0,5.2165190037439045e-05
Sheridan Smith,2,2,1,6.8,6.8,15684.0,15684.0,2,0.0,0.0,5.2165190037439045e-05
Patricia Tallman,2,2,1,7.6,7.6,128850.0,128850.0,3,0.0,0.0,0.0011286687653658
Jim Rash,4,4,2,6.35,7.4,64125.0,115813.0,3,11.0,3.2005621075564915e-06,0.0043162760346911
Kevin Tighe,6,6,3,6.7,7.8,72619.33333333333,171882.0,4,5.0,3.010665348964929e-05,0.0113003777470382
Alan Van Sprang,4,4,2,7.45,7.7,18131.0,34098.0,6,1.0,1.2893165189349406e-05,0.0007189236478915
Scott Handy,2,2,1,7.7,7.7,2164.0,2164.0,3,0.0,0.0,8.748600949040551e-05
Jimi Mistry,6,6,3,6.433333333333334,7.0,10131.0,14548.0,4,8.0,5.782262936135804e-05,0.0013134509146225
Alex Karpovsky,4,4,2,6.85,7.4,48496.5,96233.0,3,1.0,1.6531868276163514e-05,0.0012289645981005
Lisa Pelikan,2,2,1,5.1,5.1,14129.0,14129.0,3,0.0,0.0,0.0026652758341912
Wayne Pygram,2,2,1,5.1,5.1,14129.0,14129.0,3,0.0,0.0,0.0026652758341912
Samantha Eggar,2,2,1,6.9,6.9,2603.0,2603.0,2,0.0,0.0,8.918116237601147e-05
Geoff Bell,6,6,3,6.433333333333334,6.9,33949.0,66840.0,6,4.0,1.5633708615147538e-05,0.0086266464785097
Scott Patterson,2,2,1,5.8,5.8,88529.0,88529.0,2,0.0,0.0,0.0009432948768292
Britt Ekland,2,2,1,6.2,6.2,618.0,618.0,3,0.0,0.0,0.0002793202496256
John Cassavetes,4,4,2,7.1,8.0,70572.5,140527.0,4,1.0,2.554890922315112e-05,0.0003263087757776
Alix Freihage,2,2,1,4.3,4.3,45144.0,45144.0,3,0.0,0.0,4.534122006851449e-05
Lina Esco,2,2,1,4.3,4.3,45144.0,45144.0,3,0.0,0.0,4.534122006851449e-05
John Abraham,4,4,2,6.9,7.8,13279.0,13998.0,2,1.0,4.6739346350241294e-05,6.856190887883458e-06
Preity Zinta,3,4,2,6.95,7.9,24223.5,34449.0,3,2.0,3.477407368457952e-05,7.966352462621713e-05
Shah Rukh Khan,7,8,4,7.199999999999999,8.0,40125.5,69759.0,5,8.0,0.0011625817474898,8.022993213708985e-05
Tom Cullen,6,6,3,6.3999999999999995,7.7,16531.0,28570.0,6,3.0,0.0002764371676081,0.001333243020946
Francesc Pagès,2,2,1,5.4,5.4,16747.0,16747.0,1,0.0,0.0,0.0011975207003284
Dee Wallace,8,8,4,6.5,7.9,88787.75,281842.0,6,31.0,4.571423791888606e-05,0.001789216051704
Raoul Max Trujillo,2,2,1,6.3,6.3,1337.0,1337.0,2,0.0,0.0,0.0016759263837528
Kelli Williams,2,2,1,6.4,6.4,859.0,859.0,2,0.0,0.0,0.0009693611102418
Arjun Rampal,2,2,1,5.3,5.3,8598.0,8598.0,1,0.0,0.0,7.203174314228631e-09
Boman Irani,2,2,1,5.3,5.3,8598.0,8598.0,1,0.0,0.0,7.203174314228631e-09
Riteish Deshmukh,4,4,2,6.3,7.3,11087.5,13577.0,3,3.0,0.000262768605181,1.6108867659494896e-07
Taylor Handley,2,2,1,5.8,5.8,2618.0,2618.0,4,0.0,0.0,0.0008835070383236
Santiago Cabrera,2,2,1,6.6,6.6,3665.0,3665.0,3,0.0,0.0,0.0003493391468571
Eric Elmosnino,2,2,1,7.4,7.4,15060.0,15060.0,3,0.0,0.0,9.184670620734589e-06
François Damiens,2,2,1,7.4,7.4,15060.0,15060.0,3,0.0,0.0,9.184670620734589e-06
Karin Viard,4,4,2,7.35,7.4,12928.0,15060.0,4,3.0,4.6739346350241294e-05,0.0002058639959109
Glen Powell,4,4,2,4.45,5.3,3534.0,6935.0,4,1.0,9.34786927004826e-05,0.0087422029988144
Leigh Whannell,5,6,3,6.3,6.6,101839.66666666667,142115.0,4,9.0,1.5657825144671804e-05,0.0034672804679169
Clare Kramer,2,2,1,5.9,5.9,70141.0,70141.0,2,0.0,0.0,0.0064327018575007
Eddie Albert,4,4,2,7.55,7.8,21805.0,43270.0,4,3.0,6.215449397538517e-06,0.0002820294237671
Richard Beymer,4,4,2,7.699999999999999,7.8,57594.5,71919.0,8,1.0,1.905066309193908e-05,0.0001199274854505
Ted Raimi,7,8,4,6.9,7.8,97774.75,141219.0,5,26.0,0.0001051245173103,0.0026841972634811
Frances Bay,4,4,2,6.3,7.0,78260.0,156143.0,3,1.0,5.710099799400983e-06,0.0039315382184902
Patricia Belcher,4,4,2,6.4,6.7,62674.5,86890.0,4,12.0,3.445839536745854e-05,0.0022122986121852
Al Leong,4,4,2,6.7,6.9,55487.5,85362.0,6,6.0,4.103722775328865e-05,0.0051235592682042
Jack Wild,2,2,1,7.5,7.5,25303.0,25303.0,3,0.0,0.0,0.0001725179025842
Ron Moody,2,2,1,7.5,7.5,25303.0,25303.0,3,0.0,0.0,0.0001725179025842
Andrew Lawrence,2,2,1,6.5,6.5,6808.0,6808.0,5,0.0,0.0,0.0005239089872949
Dabney Coleman,4,4,2,5.75,6.5,5356.0,6808.0,6,20.0,4.324829437345641e-06,0.0012904556401213
Angelo Rossitto,4,4,2,4.8,6.2,51897.5,101840.0,5,5.0,4.6739346350241294e-05,0.000304685063655
Tina Turner,2,2,1,6.2,6.2,101840.0,101840.0,4,0.0,0.0,0.0003035724409065
Vernon Wells,6,6,3,5.766666666666667,7.6,82117.33333333333,133966.0,5,29.0,1.9409928081334182e-05,0.0008977991985766
Stephanie Lemelin,2,2,1,6.0,6.0,35654.0,35654.0,3,0.0,0.0,0.000108669065297
Hayley Kiyoko,2,2,1,6.1,6.1,54190.0,54190.0,3,0.0,0.0,0.0014061568574952
Vanity,4,4,2,6.050000000000001,6.9,8496.5,9424.0,6,3.0,6.14593420767688e-06,0.0021888742596619
Austin O'Brien,2,2,1,5.4,5.4,27800.0,27800.0,2,0.0,0.0,0.0001126182821549
Jeff Fahey,4,4,2,5.1,5.4,14127.5,27800.0,4,22.0,6.856718290511085e-06,0.0005799022558314
Sal Lopez,2,2,1,5.6,5.6,12388.0,12388.0,2,0.0,0.0,0.0003357219265046
Shiri Appleby,4,4,2,5.55,6.1,10053.0,16300.0,4,1.0,8.519528731085918e-06,0.0011974124890391
Tom Waits,2,2,1,7.2,7.2,57363.0,57363.0,2,0.0,0.0,0.0042178562301298
Isiah Whitlock Jr.,2,2,1,7.3,7.3,408.0,408.0,3,0.0,0.0,0.0011894840024927
Herbert Lom,4,4,2,7.15,7.2,32200.0,44804.0,6,8.0,0.0001837812114801,0.0009602543909576
Jaden Klein,2,2,1,5.2,5.2,25210.0,25210.0,3,0.0,0.0,0.0002162118836423
Laila Haley,2,2,1,5.2,5.2,25210.0,25210.0,3,0.0,0.0,0.0002162118836423
Johnny Whitworth,4,4,2,5.35,6.0,23658.0,26849.0,4,7.0,4.630517176625355e-06,0.0008860343383729
Eddie Jones,4,4,2,5.949999999999999,6.6,3431.5,6143.0,4,19.0,4.6739346350241294e-05,0.0004064864036071
Richard Lynch,4,4,2,5.05,5.3,4225.5,6143.0,4,2.0,8.523832634664539e-06,0.0004348625227481
Ronald Pickup,2,2,1,6.6,6.6,22369.0,22369.0,2,0.0,0.0,0.0005171003699485
Tina Desai,2,2,1,6.6,6.6,22369.0,22369.0,2,0.0,0.0,0.0005171003699485
Charlie Murphy,2,2,1,6.5,6.5,8295.0,8295.0,3,0.0,0.0,0.004831954520102
Michael Gross,4,4,2,6.199999999999999,7.1,49029.0,90070.0,3,22.0,4.962441513603536e-06,0.0001961744287442
Reba McEntire,2,2,1,7.1,7.1,90070.0,90070.0,3,0.0,0.0,9.985206348940592e-05
Lindy Booth,4,4,2,6.0,6.1,55257.5,87494.0,4,2.0,3.608254714032621e-05,0.0025287308796335
Byron Mann,2,2,1,6.0,6.0,15358.0,15358.0,5,0.0,0.0,5.153815343777873e-05
Carlos Alazraqui,2,2,1,5.9,5.9,23928.0,23928.0,2,0.0,0.0,0.0009921629238006
Chad Allen,2,2,1,7.0,7.0,4360.0,4360.0,2,0.0,0.0,5.349992321463192e-05
Chase Ellison,4,4,2,7.2,7.4,25218.0,46076.0,5,1.0,4.6739346350241294e-05,0.001199070637166
Jack Guzman,2,2,1,7.0,7.0,4360.0,4360.0,2,0.0,0.0,5.349992321463192e-05
Jasper Cole,2,2,1,5.5,5.5,35888.0,35888.0,3,0.0,0.0,0.0006137900756371
Rob Huebel,4,4,2,6.7,6.7,55797.0,87203.0,5,0.0,8.396732875126516e-06,0.004072572386069
Michaela Conlin,2,2,1,7.9,7.9,111506.0,111506.0,5,,0.0,0.0006552164718933
Tamara Taylor,4,4,2,6.75,7.9,60989.0,111506.0,5,0.0,1.9141981688114342e-06,0.0009667229456895
Johanna Braddy,4,4,2,5.949999999999999,6.1,56428.5,76828.0,3,1.0,2.695549046071789e-05,4.14676701412868e-05
Lee Tergesen,2,2,1,6.1,6.1,36029.0,36029.0,3,0.0,0.0,2.3289080725858947e-05
Iddo Goldberg,4,4,2,6.949999999999999,7.3,46446.0,58509.0,4,5.0,1.9742594868953093e-06,0.0011871251622346
India de Beaufort,2,2,1,6.6,6.6,58509.0,58509.0,3,0.0,0.0,0.0004326228106758
Jillian Estell,2,2,1,6.6,6.6,8058.0,8058.0,1,0.0,0.0,0.0012468468371196
François Chau,2,2,1,7.3,7.3,84641.0,84641.0,4,0.0,0.0,0.0046627788636947
Toby Huss,2,2,1,7.3,7.3,84641.0,84641.0,4,0.0,0.0,0.0046627788636947
Evan Ross,4,4,2,6.6,6.7,28462.0,56005.0,3,1.0,5.180176662201815e-06,0.005220689027972
Lesley Ann Warren,4,4,2,7.1,7.1,46180.5,67949.0,6,3.0,5.726485351597845e-06,0.000654978870764
Dennis Burkley,2,2,1,5.6,5.6,1768.0,1768.0,3,0.0,0.0,0.0002270440020497
Tim DeKay,4,4,2,7.15,7.3,18362.5,20426.0,4,1.0,3.096688122653743e-06,0.0021100915838198
Gillian White,2,2,1,6.5,6.5,8720.0,8720.0,3,0.0,0.0,0.003997638878532
Dree Hemingway,2,2,1,6.3,6.3,30325.0,30325.0,2,0.0,0.0,0.0019583078127669
Maria Dizzia,2,2,1,6.3,6.3,30325.0,30325.0,2,0.0,0.0,0.0019583078127669
Eddie 'Piolin' Sotelo,2,2,1,7.2,7.2,13174.0,13174.0,2,0.0,0.0,0.0002364723214581
Robert Peters,4,4,2,7.050000000000001,7.2,17710.0,22246.0,5,15.0,6.844382471205896e-06,0.0012456089210497
Naseeruddin Shah,4,4,2,6.85,7.4,15904.0,19397.0,6,5.0,5.8580481488272575e-06,8.824611647269089e-06
Rekha,4,4,2,6.15,6.3,10325.0,12411.0,7,10.0,3.8006871606586434e-05,0.0001150732710764
Sharat Saxena,2,2,1,6.3,6.3,12411.0,12411.0,4,0.0,0.0,5.291021143971749e-06
Carol Sutton,2,2,1,6.7,6.7,59297.0,59297.0,4,0.0,0.0,0.0034039938906231
Scott A. Martin,2,2,1,6.7,6.7,59297.0,59297.0,4,0.0,0.0,0.0034039938906231
Robert Pralgo,4,4,2,6.75,7.0,32927.5,33473.0,6,5.0,6.975079420646901e-06,0.005578616554277
Adriane Lenox,2,2,1,6.7,6.7,44208.0,44208.0,2,0.0,0.0,0.0034106179658933
Norah Jones,2,2,1,6.7,6.7,44208.0,44208.0,2,0.0,0.0,0.0034106179658933
George DiCenzo,2,2,1,6.2,6.2,1402.0,1402.0,1,0.0,0.0,0.0009081747541501
Sergej Trifunovic,2,2,1,5.7,5.7,20008.0,20008.0,3,0.0,0.0,0.0001420838169563
Karen Mok,2,2,1,7.3,7.3,56923.0,56923.0,3,0.0,0.0,2.6373807259757992e-05
Anna Vareschi,2,2,1,5.0,5.0,11487.0,11487.0,1,0.0,0.0,0.0001966645332392
Cheryl Tiegs,2,2,1,5.0,5.0,11487.0,11487.0,1,0.0,0.0,0.0001966645332392
Michel Serrault,2,2,1,6.6,6.6,1649.0,1649.0,3,0.0,0.0,0.0004206763981223
Aitana Sánchez-Gijón,2,2,1,6.8,6.8,1135.0,1135.0,2,0.0,0.0,0.0004356868920748
Romane Bohringer,4,4,2,7.199999999999999,7.6,23559.5,45984.0,3,8.0,4.5232110220448704e-05,0.0093372739496565
Lubna Azabal,4,4,2,7.199999999999999,8.2,53719.0,80429.0,4,1.0,4.6739346350241294e-05,0.0029064320669328
Kip Pardue,6,6,3,6.1000000000000005,7.3,26509.666666666668,68222.0,4,2.0,5.6802130413885606e-05,0.0017452624395373
Larry Fessenden,4,4,2,6.9,7.3,26273.5,43839.0,4,3.0,8.613454679888368e-06,0.0014199995753928
Danny Dyer,10,10,5,6.4,7.1,17874.8,31890.0,7,8.0,9.476783026653372e-05,0.0117290059880422
Laura Harris,4,4,2,6.949999999999999,7.3,27149.0,31890.0,4,3.0,8.443141180353963e-06,0.0013027186065328
Dulé Hill,4,4,2,7.35,8.4,38643.0,67315.0,5,0.0,4.945456241369326e-06,0.0011366292819112
Kerry Cahill,2,2,1,7.0,7.0,19979.0,19979.0,1,0.0,0.0,0.002424683581381
Lee Norris,2,2,1,6.7,6.7,465.0,465.0,1,0.0,0.0,0.0009427191495782
Jared Gilman,2,2,1,6.5,6.5,2041.0,2041.0,3,0.0,0.0,0.0003242230032838
Harvey Weinstein,4,4,2,5.45,7.4,1722.5,2971.0,2,12.0,1.8677766357784623e-05,0.0006512660633473
Sandra Echeverría,2,2,1,4.2,4.2,361.0,361.0,1,0.0,0.0,0.0005631587094129
Glenn Plummer,4,4,2,5.800000000000001,6.4,5934.0,10771.0,4,6.0,4.6739346350241294e-05,0.0011524995058123
Drew Fuller,4,4,2,5.65,7.4,9547.5,14100.0,4,1.0,1.557356434038925e-05,0.0023424397729415
Drew Waters,6,6,3,5.1000000000000005,6.0,5869.333333333333,10196.0,6,6.0,2.8415352102451967e-05,0.0025055660168254
Danny Sapani,2,2,1,6.1,6.1,22753.0,22753.0,3,0.0,0.0,6.792223099196319e-05
Leonor Watling,2,2,1,6.1,6.1,22753.0,22753.0,3,0.0,0.0,6.792223099196319e-05
Michael McElhatton,6,6,3,6.666666666666667,6.9,11444.666666666666,19616.0,6,3.0,8.906440390288826e-06,0.0054431011504721
Amanda Troop,2,2,1,4.8,4.8,162.0,162.0,2,0.0,0.0,0.0008986182485438
Veronica Ferres,2,2,1,6.3,6.3,3075.0,3075.0,2,0.0,0.0,0.0022689764518896
Sendhil Ramamurthy,4,4,2,6.550000000000001,7.7,101682.5,202115.0,7,0.0,3.968780746409012e-06,0.0010814229447532
Shabana Azmi,2,2,1,5.4,5.4,1250.0,1250.0,4,0.0,0.0,0.0006673447758534
Jesse Moss,2,2,1,7.0,7.0,2223.0,2223.0,2,0.0,0.0,5.8607137679822265e-05
John Light,2,2,1,7.0,7.0,2223.0,2223.0,2,0.0,0.0,5.8607137679822265e-05
Luke Perry,6,6,3,5.466666666666668,5.9,400.0,553.0,2,4.0,1.7412846222400982e-05,0.0022227726963688
Dal-su Oh,2,2,1,7.3,7.3,26156.0,26156.0,4,0.0,0.0,0.0001232522097234
Enrique Murciano,2,2,1,6.7,6.7,8369.0,8369.0,2,0.0,0.0,4.868198674170832e-05
Victor Rivers,2,2,1,6.7,6.7,8369.0,8369.0,2,0.0,0.0,4.868198674170832e-05
Akon,4,4,2,5.4,5.6,6378.5,12372.0,4,2.0,4.6739346350241294e-05,0.0018397771536818
Burt Kwouk,4,4,2,7.0,7.1,47438.0,75280.0,6,8.0,6.265925764601457e-05,0.0003805420693178
Emmanuelle Riva,2,2,1,7.9,7.9,70382.0,70382.0,2,0.0,0.0,0.0003134930021878
Jean-Louis Trintignant,4,4,2,8.0,8.1,44097.5,70382.0,2,42.0,4.6739346350241294e-05,0.0003146436346383
Jesse Garcia,4,4,2,6.1,7.1,2719.0,3675.0,3,9.0,4.6739346350241294e-05,0.0003147109212805
Spencer Tracy,8,8,4,7.5,8.3,19400.5,44457.0,9,23.0,0.0004307870996487,0.0008963737220774
Antonio de la Torre,2,2,1,7.6,7.6,76681.0,76681.0,4,0.0,0.0,1.1300198245663092e-06
Carmen Maura,2,2,1,7.6,7.6,76681.0,76681.0,4,0.0,0.0,1.1300198245663092e-06
Don Francks,2,2,1,6.7,6.7,23516.0,23516.0,5,0.0,0.0,2.8692845616239004e-05
John Vernon,4,4,2,6.5,6.7,18096.5,23516.0,7,12.0,5.578968303402531e-06,7.099645196739572e-05
Jizelle Jade,2,2,1,6.1,6.1,9006.0,9006.0,3,0.0,0.0,0.0015373824943374
Luisa D'Oliveira,2,2,1,5.3,5.3,4486.0,4486.0,3,0.0,0.0,0.0021693782420795
Michaela McManus,2,2,1,5.3,5.3,4486.0,4486.0,3,0.0,0.0,0.0021693782420795
Bárbara Mori,2,2,1,6.0,6.0,9673.0,9673.0,4,0.0,0.0,6.033329534598359e-06
Steven Michael Quezada,4,4,2,7.0,8.0,4839.5,9673.0,4,4.0,4.76066871060138e-05,0.000131134992997
Luke Ford,4,4,2,7.45,7.5,6651.0,13003.0,6,0.0,9.34786927004826e-05,0.0007456141449942
Katrina Kaif,4,4,2,7.1,7.3,27936.5,42296.0,3,5.0,0.0003091340367604,3.5939110660438214e-06
Vic Waghorn,2,2,1,6.9,6.9,42296.0,42296.0,2,0.0,0.0,3.5807154873409984e-06
Bolaji Badejo,2,2,1,8.5,8.5,563827.0,563827.0,2,0.0,0.0,0.0017261060677548
Edwin Neal,2,4,2,7.5,7.5,96410.5,96411.0,2,0.0,0.0,1.608718925584563e-08
Marilyn Burns,2,4,2,7.5,7.5,96410.5,96411.0,2,0.0,0.0,1.608718925584563e-08
Rosalind Harris,2,2,1,8.0,8.0,29839.0,29839.0,4,0.0,0.0,0.0003233097595739
Earl Cameron,2,2,1,7.0,7.0,82073.0,82073.0,3,0.0,0.0,0.0002261317596708
Parker Bagley,2,2,1,5.8,5.8,12520.0,12520.0,3,0.0,0.0,0.0018723707912479
Shanley Caswell,4,4,2,4.0,5.8,6577.0,12520.0,3,1.0,9.329173531508162e-05,0.0018792537720711
Alessandro Preziosi,2,2,1,7.3,7.3,8667.0,8667.0,3,0.0,0.0,0.0001715455592631
Lunetta Savino,2,2,1,7.3,7.3,8667.0,8667.0,3,0.0,0.0,0.0001715455592631
Jarrod Bunch,2,2,1,6.7,6.7,6525.0,6525.0,2,0.0,0.0,0.0019043758645399
Bill Clinton,5,6,3,7.8,8.0,64364.666666666664,123090.0,3,5.0,4.6739346350241294e-05,0.0002922901320749
Tucker Albrizzi,2,2,1,8.0,8.0,66610.0,66610.0,2,0.0,0.0,0.0001515837602363
Roberta Valderrama,2,2,1,6.5,6.5,92364.0,92364.0,4,0.0,0.0,0.0015765772054666
Denholm Elliott,7,8,4,7.325,7.8,38047.5,102895.0,4,11.0,0.0002792308281559,0.0012974552988766
Don Ameche,4,4,2,7.25,7.5,52138.0,102895.0,4,45.0,7.297329657761768e-06,0.0001263780142881
Ralph Bellamy,2,2,1,7.5,7.5,102895.0,102895.0,1,0.0,0.0,6.080091833852776e-05
Patrick Cranshaw,2,2,1,5.5,5.5,4247.0,4247.0,2,0.0,0.0,0.0004913196689715
Danny Webb,4,4,2,7.4,7.7,13424.0,23441.0,7,8.0,2.9057015858689102e-06,0.0021178472478809
Gbenga Akinnagbe,2,2,1,7.2,7.2,32188.0,32188.0,2,0.0,0.0,0.0045973626676037
Dylan Kussman,2,2,1,6.7,6.7,27536.0,27536.0,4,0.0,0.0,0.0001156525668106
Kristin Lehman,2,2,1,6.7,6.7,27536.0,27536.0,4,0.0,0.0,0.0001156525668106
Nicky Katt,4,4,2,6.050000000000001,6.7,14577.0,27536.0,5,3.0,4.6739346350241294e-05,0.0025927729809484
Chris Young,2,2,1,6.5,6.5,10476.0,10476.0,1,0.0,0.0,0.0034205808438605
John Carradine,6,6,3,6.5,7.0,13408.333333333334,31077.0,7,46.0,6.224027592701586e-05,0.0015301849939565
Robert Urich,2,2,1,5.7,5.7,7767.0,7767.0,5,0.0,0.0,0.0007083388554548
Carly Schroeder,4,4,2,5.95,6.2,2215.0,3624.0,5,1.0,0.00026103861478,0.0011174839378774
Janet McTeer,4,4,2,6.85,7.0,15349.0,27766.0,3,1.0,1.3963642598301642e-05,0.0054591684724791
Heather Morris,4,4,2,5.35,5.4,56919.5,108683.0,4,1.0,1.3292937317669011e-05,0.0056243597916382
Kevin McHale,2,2,1,5.4,5.4,5156.0,5156.0,2,0.0,0.0,0.0003915347644059
Julie Engelbrecht,2,2,1,6.1,6.1,1673.0,1673.0,1,0.0,0.0,6.80996779191533e-05
Lionel Abelanski,2,2,1,6.1,6.1,1673.0,1673.0,1,0.0,0.0,6.80996779191533e-05
Gary McDonald,2,2,1,7.6,7.6,8161.0,8161.0,1,0.0,0.0,0.0002223380192642
Q'orianka Kilcher,4,4,2,5.1,6.2,1030.0,1201.0,4,6.0,4.6739346350241294e-05,0.000884949874099
Lars Mikkelsen,2,2,1,7.3,7.3,14247.0,14247.0,4,0.0,0.0,6.05399383793076e-05
Thure Lindhardt,4,4,2,6.5,7.3,7739.0,14247.0,6,4.0,8.816280647734139e-06,0.0001677248182378
Perrey Reeves,2,2,1,4.2,4.2,2599.0,2599.0,3,0.0,0.0,0.0007982423824478
John Henshaw,2,2,1,7.1,7.1,9305.0,9305.0,4,0.0,0.0,0.0007248044915709
Ronit Elkabetz,2,2,1,6.0,6.0,1219.0,1219.0,1,0.0,0.0,7.964910920198396e-05
Émilie Dequenne,2,2,1,6.0,6.0,1219.0,1219.0,1,0.0,0.0,7.964910920198396e-05
David Gulpilil,4,4,2,7.0,7.5,49114.5,74743.0,5,16.0,9.329173531508162e-05,1.397844665444769e-05
Steven Waddington,2,2,1,5.7,5.7,4990.0,4990.0,7,0.0,0.0,0.0004611176753643
Maïwenn,4,4,2,7.05,7.3,32918.0,55040.0,3,8.0,1.4615127701909465e-05,0.000956749205038
James Arnold Taylor,2,2,1,7.9,7.9,28190.0,28190.0,6,,0.0,0.0004811904634047
Celina Jade,2,2,1,5.7,5.7,5228.0,5228.0,3,0.0,0.0,0.0005755457110329
Debrianna Mansini,2,2,1,7.3,7.3,67760.0,67760.0,3,0.0,0.0,0.0040443826145078
Alan Bates,2,2,1,6.9,6.9,6142.0,6142.0,3,0.0,0.0,0.0003354773728008
Frederic Forrest,2,2,1,6.9,6.9,6142.0,6142.0,3,0.0,0.0,0.0003354773728008
David Hemmings,2,2,1,5.9,5.9,24436.0,24436.0,4,0.0,0.0,0.0004934701734027
Milo O'Shea,2,2,1,5.9,5.9,24436.0,24436.0,4,0.0,0.0,0.0004934701734027
Molly Hagan,2,2,1,7.3,7.3,73640.0,73640.0,2,0.0,0.0,0.0026371302181523
Max Beesley,2,2,1,2.1,2.1,19412.0,19412.0,3,0.0,0.0,4.66066017611347e-05
Valarie Pettiford,2,2,1,2.1,2.1,19412.0,19412.0,3,0.0,0.0,4.66066017611347e-05
Brad James,2,2,1,5.3,5.3,13167.0,13167.0,4,0.0,0.0,0.0003950848218956
Samuel Roukin,2,2,1,7.0,7.0,21360.0,21360.0,3,0.0,0.0,0.0011917321355825
Christopher B. Duncan,2,2,1,8.0,8.0,69759.0,69759.0,3,0.0,0.0,3.582242408284856e-06
Jimmy Shergill,6,6,3,6.966666666666666,8.2,32703.0,69759.0,5,8.0,0.000515701758379,3.6295592922830014e-06
Casey Siemaszko,4,4,2,7.6,8.1,138476.0,271794.0,3,13.0,2.710034833239168e-05,0.0005978744731793
Vanessa Martinez,2,2,1,7.1,7.1,5158.0,5158.0,3,0.0,0.0,0.000573099723918
Clive Standen,2,2,1,7.3,7.3,13577.0,13577.0,3,0.0,0.0,1.6049559894194226e-07
Deborah Kerr,4,4,2,7.5,7.8,21897.5,33987.0,5,2.0,4.189505148444458e-06,3.987191667299878e-05
Peter Ustinov,6,6,3,6.866666666666667,7.2,17384.333333333332,39847.0,7,25.0,4.636078318231904e-05,0.0007207238117058
Robert Taylor,2,2,1,7.2,7.2,9808.0,9808.0,4,0.0,0.0,3.2483888760148146e-05
Jim Henson,2,2,1,7.7,7.7,25498.0,25498.0,4,0.0,0.0,0.0004326406984842
James Huang,2,2,1,7.9,7.9,293304.0,293304.0,3,0.0,0.0,0.002529532207006
Lindsay Price,2,2,1,5.6,5.6,23823.0,23823.0,3,0.0,0.0,0.0002034236282375
Howard Morris,2,2,1,6.2,6.2,54723.0,54723.0,3,0.0,0.0,0.002855362358584
Patrick Cronin,2,2,1,6.2,6.2,54723.0,54723.0,3,0.0,0.0,0.002855362358584
Jill Talley,2,2,1,7.9,7.9,355810.0,355810.0,2,0.0,0.0,0.0035972768388343
Steven Christopher Parker,2,2,1,7.9,7.9,355810.0,355810.0,2,0.0,0.0,0.0035972768388343
Frances Lee McCain,2,2,1,8.1,8.1,271794.0,271794.0,2,0.0,0.0,4.925793196956848e-05
Jennifer Freeman,2,2,1,3.5,3.5,23671.0,23671.0,2,0.0,0.0,7.073541170490848e-05
Marques Houston,2,2,1,3.5,3.5,23671.0,23671.0,2,0.0,0.0,7.073541170490848e-05
Steve Harvey,4,4,2,5.05,6.6,14179.0,23671.0,4,4.0,4.6739346350241294e-05,0.0015855815365715
Daisy Betts,2,2,1,5.2,5.2,26609.0,26609.0,3,0.0,0.0,4.3642100645161896e-05
David Denman,2,2,1,5.2,5.2,26609.0,26609.0,3,0.0,0.0,4.3642100645161896e-05
James Kyson,4,4,2,5.300000000000001,5.4,14752.0,26609.0,3,5.0,4.6739346350241294e-05,0.0009785964995973
Josh Pais,4,4,2,6.1,6.1,39763.0,76791.0,3,16.0,4.6739346350241294e-05,0.0001300746411885
Lola Glaudini,2,2,1,6.1,6.1,76791.0,76791.0,2,0.0,0.0,5.806363092329152e-06
Mackenzie Davis,2,2,1,6.1,6.1,76791.0,76791.0,2,0.0,0.0,5.806363092329152e-06
George Lazenby,2,2,1,6.8,6.8,59941.0,59941.0,3,0.0,0.0,0.0002006364157127
Telly Savalas,2,2,1,6.8,6.8,59941.0,59941.0,3,0.0,0.0,0.0002006364157127
Jeff Marlow,2,2,1,7.1,7.1,5817.0,5817.0,4,,0.0,0.0002912815513444
Nick Wechsler,2,2,1,7.1,7.1,5817.0,5817.0,4,,0.0,0.0002912815513444
Heather Langenkamp,4,4,2,6.5,6.6,44005.5,49820.0,5,7.0,4.6739346350241294e-05,0.0008144459441404
Tracy Middendorf,2,2,1,6.4,6.4,38191.0,38191.0,4,0.0,0.0,0.0008114706074948
Keri Lynn Pratt,4,4,2,6.65,7.6,49043.0,83182.0,3,10.0,2.652376262165216e-06,0.0036524243530181
Sean Michael Afable,4,4,2,7.3,7.5,9960.0,15337.0,1,3.0,4.9657347715458087e-05,0.0005103204051914
Richard Howland,2,2,1,7.0,7.0,8616.0,8616.0,4,0.0,0.0,0.0007397176208637
Sarain Boylan,2,2,1,7.0,7.0,8616.0,8616.0,4,0.0,0.0,0.0007397176208637
Diego Velazquez,2,2,1,6.4,6.4,2311.0,2311.0,2,0.0,0.0,0.0003317084185402
Omar Metwally,2,2,1,6.4,6.4,2311.0,2311.0,2,0.0,0.0,0.0003317084185402
Christopher Nicholas Smith,4,4,2,6.449999999999999,7.1,63034.0,76828.0,4,2.0,0.0003678662058877,0.0004237384133304
Michaela Watkins,2,2,1,7.1,7.1,49240.0,49240.0,3,0.0,0.0,0.0004212219970802
Fred Armisen,4,4,2,7.0,7.1,144453.0,276746.0,7,3.0,4.308548638320163e-06,0.0029725954463367
Samuel West,4,4,2,6.95,7.5,11060.5,21254.0,3,6.0,4.832966039892127e-05,0.0066866780499143
David Thewlis,2,2,1,7.3,7.3,31489.0,31489.0,4,0.0,0.0,0.0014204284395296
Emmanuelle Béart,2,2,1,7.1,7.1,23660.0,23660.0,4,0.0,0.0,0.0003763003346425
Vernee Watson,2,2,1,6.0,6.0,12561.0,12561.0,4,0.0,0.0,0.000974089690159
Kevin Rahm,2,2,1,6.6,6.6,9494.0,9494.0,2,0.0,0.0,0.0019582793483423
Robbie Kay,2,2,1,7.2,7.2,11158.0,11158.0,4,0.0,0.0,0.0026250607718937
Gina McKee,4,4,2,6.9,6.9,11923.0,20275.0,4,2.0,3.139875684620703e-05,0.006648494673196
Amy Locane,2,2,1,6.8,6.8,5673.0,5673.0,4,0.0,0.0,0.0006724452563579
Laurel Holloman,4,4,2,6.65,6.8,4593.0,5673.0,5,2.0,8.80903739055707e-06,0.0007383056775502
Marina Sirtis,2,2,1,4.0,4.0,802.0,802.0,2,0.0,0.0,0.0015266194463456
Karen Pittman,2,2,1,7.4,7.4,99430.0,99430.0,2,0.0,0.0,0.0005405468499048
Mary Catherine Garrison,2,2,1,7.4,7.4,99430.0,99430.0,2,0.0,0.0,0.0005405468499048
Alexa Havins,2,2,1,6.4,6.4,5049.0,5049.0,2,0.0,0.0,3.4624257016315354e-05
Tony Devon,4,4,2,6.4,6.4,4231.0,5049.0,3,6.0,0.0002330846749617,0.0007475506952709
Alexia Fast,2,2,1,6.8,6.8,25055.0,25055.0,4,0.0,0.0,0.0001026166375523
Kesun Loder,2,2,1,6.8,6.8,25055.0,25055.0,4,0.0,0.0,0.0001026166375523
Larry Drake,2,2,1,6.0,6.0,26849.0,26849.0,3,0.0,0.0,0.0002801931177691
Chris Owen,2,2,1,6.6,6.6,9003.0,9003.0,4,0.0,0.0,0.0019045839736888
Julie LeBreton,2,2,1,7.7,7.7,4412.0,4412.0,3,0.0,0.0,0.0001070698504458
Roy Dupuis,2,2,1,7.7,7.7,4412.0,4412.0,3,0.0,0.0,0.0001070698504458
Rachel Ann Mullins,2,2,1,4.6,4.6,1965.0,1965.0,4,0.0,0.0,0.0001418741408022
Darren Boyd,2,2,1,6.9,6.9,23023.0,23023.0,3,0.0,0.0,0.0005171850015036
Jean-Claude Lecas,2,2,1,6.8,6.8,35065.0,35065.0,4,0.0,0.0,0.0007701604175842
Kacey Clarke,2,2,1,5.4,5.4,3740.0,3740.0,2,0.0,0.0,0.0006098659887252
Mark Wingett,4,4,2,5.800000000000001,6.2,12491.5,21243.0,4,0.0,3.972966422225541e-06,0.0010566424597405
Anna Katarina,2,2,1,6.5,6.5,4792.0,4792.0,3,0.0,0.0,0.0018683268418279
Craig Sheffer,2,2,1,4.2,4.2,662.0,662.0,1,0.0,0.0,0.0002914764365462
Helena Mattsson,2,2,1,4.2,4.2,662.0,662.0,1,0.0,0.0,0.0002914764365462
Scott Takeda,4,4,2,5.300000000000001,6.4,20483.5,40305.0,3,6.0,4.6739346350241294e-05,0.0065347061190913
Jessica Tandy,4,4,2,7.45,7.5,36819.0,72324.0,3,44.0,0.0002838328401376,0.0093538607629337
Patti LuPone,4,4,2,7.050000000000001,7.4,36781.0,72324.0,3,10.0,1.3170757273915502e-05,0.0101171385418544
Anita Mui,4,4,2,7.15,7.6,32181.5,34520.0,2,1.0,4.6739346350241294e-05,8.560192601154362e-05
Françoise Yip,2,2,1,6.7,6.7,29843.0,29843.0,2,0.0,0.0,3.815041739513267e-06
Garvin Cross,2,2,1,6.7,6.7,29843.0,29843.0,2,0.0,0.0,3.815041739513267e-06
Reda Kateb,2,2,1,7.3,7.3,4035.0,4035.0,3,0.0,0.0,0.0026981119231256
Ángela Molina,2,2,1,7.3,7.3,4035.0,4035.0,3,0.0,0.0,0.0026981119231256
Todd Louiso,2,2,1,7.6,7.6,191998.0,191998.0,2,0.0,0.0,0.0075837999987531
Stanislav Ianevski,2,2,1,5.4,5.4,69989.0,69989.0,1,0.0,0.0,0.0013481492327216
Ellie Kendrick,2,2,1,7.3,7.3,112138.0,112138.0,1,0.0,0.0,0.0016086442548999
Nastassja Kinski,2,2,1,6.0,6.0,6595.0,6595.0,3,0.0,0.0,0.000668753963646
Molly Parker,2,2,1,6.0,6.0,3709.0,3709.0,4,0.0,0.0,4.2322961588627645e-05
Richard Bull,4,4,2,5.35,7.6,20922.0,36381.0,4,35.0,7.085659600016642e-06,0.0021968682981651
Eric Johnson,3,4,2,6.75,6.9,698.5,833.0,3,1.0,5.46850352297823e-07,1.4364253133000282e-05
Roschdy Zem,2,2,1,6.9,6.9,1439.0,1439.0,5,0.0,0.0,4.613257050732433e-06
Natalie Mendoza,2,2,1,6.3,6.3,18109.0,18109.0,4,0.0,0.0,0.0006349943205339
Nathin Butler,2,2,1,5.6,5.6,385.0,385.0,4,0.0,0.0,8.207508714340185e-05
Razaaq Adoti,2,2,1,5.6,5.6,385.0,385.0,4,0.0,0.0,8.207508714340185e-05
Danielle Darrieux,2,2,1,8.0,8.0,70194.0,70194.0,4,0.0,0.0,0.000341630558231
Charles Baker,2,2,1,7.0,7.0,9866.0,9866.0,2,0.0,0.0,0.0032031019812112
Ayla Kell,2,2,1,3.5,3.5,4682.0,4682.0,5,0.0,0.0,0.0005855823432816
George Coe,2,2,1,3.5,3.5,4682.0,4682.0,5,0.0,0.0,0.0005855823432816
Jill St. John,2,2,1,6.7,6.7,74249.0,74249.0,3,0.0,0.0,0.0002261317596708
Cynthia Rhodes,2,2,1,6.1,6.1,35172.0,35172.0,3,0.0,0.0,5.077795451359421e-05
Lee Ving,2,2,1,6.1,6.1,35172.0,35172.0,3,0.0,0.0,5.077795451359421e-05
Geneviève Lemon,2,2,1,7.6,7.6,63931.0,63931.0,3,0.0,0.0,0.0009072353852498
Ian Mune,2,2,1,7.6,7.6,63931.0,63931.0,3,0.0,0.0,0.0009072353852498
Angus Sampson,2,2,1,4.9,4.9,25870.0,25870.0,3,0.0,0.0,0.0001826637518734
Emma Caulfield,6,6,3,6.866666666666667,8.2,42598.0,101902.0,8,12.0,2.374730788621372e-05,0.002988620328388
Clifton James,4,4,2,7.199999999999999,7.6,49079.5,74957.0,5,23.0,8.715876291651408e-06,0.0043125349510803
Cody Linley,2,2,1,7.0,7.0,16651.0,16651.0,3,0.0,0.0,0.0012553289844702
Paulina Gerzon,2,2,1,7.2,7.2,127760.0,127760.0,3,0.0,0.0,0.0021334817428631
Sakina Jaffrey,2,2,1,7.2,7.2,127760.0,127760.0,3,0.0,0.0,0.0021334817428631
Kwesi Ameyaw,2,2,1,7.4,7.4,100571.0,100571.0,3,0.0,0.0,0.0042338464842409
Michael J. Burg,2,2,1,7.4,7.4,100571.0,100571.0,3,0.0,0.0,0.0042338464842409
Hervé Villechaize,2,2,1,6.8,6.8,73950.0,73950.0,3,0.0,0.0,0.002326875195795
Craig Conway,2,2,1,7.2,7.2,154938.0,154938.0,3,0.0,0.0,3.177956087057089e-05
MyAnna Buring,6,6,3,6.233333333333333,7.2,65994.66666666667,154938.0,7,6.0,5.237575471658202e-05,0.0007123976771651
Shauna Macdonald,2,2,1,7.2,7.2,154938.0,154938.0,3,0.0,0.0,3.177956087057089e-05
Bob Costas,2,2,1,7.5,7.5,1723.0,1723.0,2,0.0,0.0,0.0048967252280598
Allison Miller,2,2,1,4.0,4.0,13913.0,13913.0,2,0.0,0.0,0.0004594451256835
Vanessa Ray,4,4,2,5.7,7.4,28947.5,43982.0,5,2.0,4.748883310987887e-06,0.0006444829414818
Mary Tyler Moore,2,2,1,6.8,6.8,15088.0,15088.0,1,0.0,0.0,0.0008403071910812
Ken Foree,2,2,1,6.9,6.9,76267.0,76267.0,2,0.0,0.0,0.0007530408764265
Rick Fox,2,2,1,7.3,7.3,56605.0,56605.0,3,0.0,0.0,0.0002718433198408
Erin Daniels,2,2,1,6.0,6.0,60709.0,60709.0,1,0.0,0.0,0.0004402528632099
Matthew McGrory,2,2,1,6.0,6.0,60709.0,60709.0,1,0.0,0.0,0.0004402528632099
Fred Melamed,2,2,1,7.0,7.0,102125.0,102125.0,2,0.0,0.0,0.0003894358150475
Peter Breitmayer,2,2,1,7.0,7.0,102125.0,102125.0,2,0.0,0.0,0.0003894358150475
Darryl Stephens,2,2,1,6.9,6.9,11191.0,11191.0,2,0.0,0.0,0.0026841992430798
Teddy Sears,2,2,1,7.6,7.6,83182.0,83182.0,2,0.0,0.0,0.0028826294496161
Barbara Hershey,9,10,5,6.859999999999999,7.6,78000.0,202800.0,7,25.0,0.0001427852457571,0.0044751783063063
Irvin Kershner,2,2,1,7.6,7.6,39680.0,39680.0,1,0.0,0.0,0.0003470550931979
George Wendt,2,2,1,6.4,6.4,7736.0,7736.0,3,0.0,0.0,0.0004872730701147
Jonathan Brandis,2,2,1,6.4,6.4,7736.0,7736.0,3,0.0,0.0,0.0004872730701147
Anupam Kher,12,12,6,6.516666666666668,8.4,36200.333333333336,89806.0,7,9.0,0.0012845227134298,0.0016980773263484
Deborah Mailman,4,4,2,6.9,7.5,12437.0,23486.0,6,7.0,4.6739346350241294e-05,6.256298931687944e-07
Roy Billing,2,2,1,7.5,7.5,23486.0,23486.0,4,0.0,0.0,6.233481703724786e-07
Lil' Wayne,2,2,1,2.0,2.0,13815.0,13815.0,2,0.0,0.0,0.0010950058109415
Alastair Duncan,2,2,1,6.2,6.2,8391.0,8391.0,5,0.0,0.0,0.0002530764692556
Michael J. Pollard,2,2,1,6.2,6.2,8391.0,8391.0,5,0.0,0.0,0.0002530764692556
Miriama Smith,2,2,1,6.5,6.5,3203.0,3203.0,3,0.0,0.0,0.0041271237910273
Nathaniel Lees,2,2,1,6.5,6.5,3203.0,3203.0,3,0.0,0.0,0.0041271237910273
Randy Couture,2,2,1,6.8,6.8,18561.0,18561.0,2,0.0,0.0,0.0010855105800241
Katie Aselton,6,6,3,5.866666666666667,6.6,13521.666666666666,29967.0,5,7.0,4.930263018482872e-05,0.0010451884824963
Cheryl Ladd,4,4,2,5.5,6.3,752.5,781.0,5,15.0,9.34786927004826e-05,0.0016647180111549
Ashley Gerasimovich,2,2,1,7.5,7.5,95529.0,95529.0,2,0.0,0.0,0.0005498047636163
Samantha Barks,2,2,1,5.8,5.8,844.0,844.0,2,0.0,0.0,0.0002434827434875
Jennifer Butler,2,2,1,6.5,6.5,1119.0,1119.0,2,0.0,0.0,0.0012924253246722
Rick Rossovich,2,2,1,4.8,4.8,3114.0,3114.0,3,0.0,0.0,0.0041557042101426
Jack O'Halloran,2,2,1,6.3,6.3,2215.0,2215.0,4,0.0,0.0,7.964910920198396e-05
Terence Hill,2,2,1,6.3,6.3,2215.0,2215.0,4,0.0,0.0,7.964910920198396e-05
Valérie Lemercier,2,2,1,7.0,7.0,24438.0,24438.0,3,0.0,0.0,1.190969572162387e-06
Derek Wayne Johnson,2,2,1,5.3,5.3,7412.0,7412.0,1,0.0,0.0,0.0001064262414916
Susie Abromeit,2,2,1,5.3,5.3,7412.0,7412.0,1,0.0,0.0,0.0001064262414916
Richard Graham,2,2,1,6.2,6.2,21243.0,21243.0,3,0.0,0.0,0.000490051668963
Casey Affleck,1,1,1,6.2,6.2,15104.0,15104.0,3,0.0,0.0,0.0046713065749478
Eleanor Bron,2,2,1,6.7,6.7,1966.0,1966.0,2,0.0,0.0,0.0011607230872551
Bob Marley,2,2,1,7.9,7.9,197845.0,197845.0,3,0.0,0.0,0.0010123457832673
David Della Rocco,2,2,1,7.9,7.9,197845.0,197845.0,3,0.0,0.0,0.0010123457832673
Stephen Au,2,2,1,5.3,5.3,383.0,383.0,2,0.0,0.0,3.815693490430579e-06
Sydney Penny,2,2,1,7.3,7.3,39451.0,39451.0,1,0.0,0.0,0.0022613830379257
Ben Browder,2,2,1,7.4,7.4,15862.0,15862.0,5,0.0,0.0,0.0003024300742809
Olesya Rulin,2,4,2,5.0,5.2,49520.0,59254.0,6,1.0,0.0,0.0009401758554089
Gordon Pinsent,4,4,2,7.4,7.6,2504.5,4976.0,4,12.0,4.6739346350241294e-05,0.0002025101929266
John Ralston,2,2,1,7.2,7.2,33.0,33.0,2,0.0,0.0,9.038526340510077e-06
Justin Edward Seale,2,2,1,7.2,7.2,33.0,33.0,2,0.0,0.0,9.038526340510077e-06
Rex Baker,2,2,1,5.8,5.8,5255.0,5255.0,3,0.0,0.0,0.000316831696602
Travis Aaron Wade,2,2,1,5.8,5.8,5255.0,5255.0,3,0.0,0.0,0.000316831696602
Jason Cerbone,2,2,1,6.4,6.4,10771.0,10771.0,2,0.0,0.0,5.143418863224114e-05
Mark De Alessandro,2,2,1,6.4,6.4,10771.0,10771.0,2,0.0,0.0,5.143418863224114e-05
Gil Bellows,2,2,1,5.6,5.6,58366.0,58366.0,3,0.0,0.0,0.0029365931526037
Ahmad Massad,2,2,1,8.2,8.2,80429.0,80429.0,3,0.0,0.0,0.0001296325651025
Mélissa Désormeaux-Poulin,2,2,1,8.2,8.2,80429.0,80429.0,3,0.0,0.0,0.0001296325651025
André Ramiro,2,2,1,8.1,8.1,81644.0,81644.0,4,0.0,0.0,4.59776135761072e-06
Fernanda Machado,2,2,1,8.1,8.1,81644.0,81644.0,4,0.0,0.0,4.59776135761072e-06
Annabelle Wallis,4,4,2,5.25,5.4,40978.0,81699.0,3,9.0,9.34786927004826e-05,0.0013199764541197
Gabriel Bateman,4,4,2,6.15,6.9,47611.0,81699.0,2,2.0,1.038734579577352e-05,0.0023456701552577
Jessica Mauboy,2,2,1,6.3,6.3,1388.0,1388.0,3,0.0,0.0,2.788277268683717e-08
Magda Szubanski,2,2,1,6.3,6.3,1388.0,1388.0,3,0.0,0.0,2.788277268683717e-08
Danielle von Zerneck,2,2,1,6.8,6.8,21409.0,21409.0,3,0.0,0.0,0.0001719593442773
Rosanna DeSoto,2,2,1,6.8,6.8,21409.0,21409.0,3,0.0,0.0,0.0001719593442773
Len Cariou,2,2,1,7.2,7.2,3157.0,3157.0,2,0.0,0.0,3.47942585384419e-06
Rita Moreno,6,6,3,7.7,8.3,75032.0,150020.0,6,29.0,6.003995126890908e-05,7.79843757985276e-05
Sandy Dennis,2,2,1,7.2,7.2,3157.0,3157.0,2,0.0,0.0,3.479425853844191e-06
Jake Cherry,2,2,1,5.9,5.9,19715.0,19715.0,3,0.0,0.0,4.078351790929734e-05
Marin Hinkle,2,2,1,5.9,5.9,19715.0,19715.0,3,0.0,0.0,4.078351790929734e-05
David Wayne,4,4,2,7.25,7.3,17432.0,25857.0,5,3.0,0.000262768605181,0.0003410257429568
Eric Christmas,2,2,1,7.2,7.2,25857.0,25857.0,2,0.0,0.0,1.5212147058380048e-05
Paula Kelly,2,2,1,7.2,7.2,25857.0,25857.0,2,0.0,0.0,1.5212147058380048e-05
Emily Podleski,2,2,1,6.6,6.6,564.0,564.0,2,0.0,0.0,7.472299930048566e-06
Sara-Marie Maltha,2,2,1,7.3,7.3,2601.0,2601.0,1,0.0,0.0,0.0007458672727815
Stellan Skarsgård,2,2,1,7.3,7.3,2601.0,2601.0,1,0.0,0.0,0.0007458672727815
Mark Bazeley,2,2,1,7.6,7.6,32307.0,32307.0,3,0.0,0.0,0.0010479784893745
Maurice Roëves,2,2,1,7.6,7.6,32307.0,32307.0,3,0.0,0.0,0.0010479784893745
Beverly Randolph,2,4,2,7.3,7.3,39856.5,39857.0,3,0.0,0.0,4.4498019078442585e-06
Clu Gulager,6,8,4,6.475,7.3,31130.5,43485.0,7,2.0,1.9012096763240755e-05,2.971104547145352e-05
Linnea Quigley,4,6,3,6.366666666666667,7.3,27206.0,39857.0,4,4.0,1.3356824057504856e-05,2.239188537799556e-05
Olivia Newton-John,2,2,1,7.2,7.2,170027.0,170027.0,2,0.0,0.0,0.0008337582521508
Katharine Ross,4,4,2,6.9,8.1,76447.5,152089.0,6,37.0,0.000262768605181,5.51024845606172e-05
Kenneth Mars,2,2,1,8.1,8.1,152089.0,152089.0,4,0.0,0.0,2.456602833014811e-06
Ted Cassidy,2,2,1,8.1,8.1,152089.0,152089.0,4,0.0,0.0,2.456602833014811e-06
George Chakiris,2,2,1,7.6,7.6,71919.0,71919.0,5,0.0,0.0,8.45216866221402e-06
Rodney Dangerfield,2,2,1,7.4,7.4,81599.0,81599.0,2,0.0,0.0,0.0047587612927069
Erik Estrada,2,2,1,6.4,6.4,89128.0,89128.0,2,0.0,0.0,0.0024496068456058
Ajay Naidu,4,4,2,7.6,7.9,127854.0,251349.0,4,8.0,2.3472013793512324e-05,0.0015362385707213
John D'Leo,2,2,1,7.9,7.9,251349.0,251349.0,2,0.0,0.0,0.0014107327181175
Jennifer Jones,2,2,1,6.9,6.9,6304.0,6304.0,3,0.0,0.0,0.0001005851248142
Lillian Gish,4,4,2,7.45,8.0,8511.0,10718.0,5,30.0,4.6739346350241294e-05,0.0001009532396994
Tom Atkins,4,4,2,5.9,7.2,59803.0,91017.0,4,1.0,1.3675960004330823e-05,0.0002981954301699
Ossie Davis,6,6,3,6.266666666666667,7.2,14641.333333333334,38893.0,5,16.0,5.2668952809246125e-05,0.0022827087462815
Rachel Blakely,2,2,1,6.2,6.2,19774.0,19774.0,3,0.0,0.0,3.815041739513267e-06
Richard Norton,2,2,1,6.2,6.2,19774.0,19774.0,3,0.0,0.0,3.815041739513267e-06
John Lynch,2,2,1,6.8,6.8,52805.0,52805.0,4,0.0,0.0,0.0009341664271937
David Alan Grier,4,4,2,6.1,6.1,2966.5,4582.0,3,20.0,2.587648265964753e-05,0.0010986029928959
Abby Mukiibi Nkaaga,2,2,1,7.7,7.7,145580.0,145580.0,4,0.0,0.0,0.0017669442057459
Tamara Glynn,2,2,1,5.2,5.2,22929.0,22929.0,2,0.0,0.0,0.0002328807449101
Brandon Smith,2,2,1,6.8,6.8,45396.0,45396.0,3,0.0,0.0,0.0034039938906231
Rick Dial,2,2,1,6.8,6.8,45396.0,45396.0,3,0.0,0.0,0.0034039938906231
Daryl Hannah,1,1,1,6.5,6.5,172.0,172.0,3,0.0,0.0,0.0007140220625061
Amy Madigan,4,4,2,6.55,7.0,11755.0,23023.0,3,17.0,4.4481901040955576e-05,0.0017091115860591
Luis E. Carazo,2,2,1,5.5,5.5,17169.0,17169.0,2,0.0,0.0,0.0044417413820112
Dominik García-Lorido,2,2,1,7.4,7.4,27301.0,27301.0,2,0.0,0.0,0.0003216184192758
Wale Ojo,2,2,1,7.3,7.3,64794.0,64794.0,3,0.0,0.0,0.0015934051825152
Annette Badland,4,4,2,7.05,7.1,7986.5,13892.0,5,1.0,1.3848199298982251e-06,0.0065382595052993
Lawrence Gilliard Jr.,4,4,2,5.6,5.9,5957.0,11439.0,5,8.0,0.000262768605181,0.0019089236621646
Jason Dohring,2,2,1,8.4,8.4,55524.0,55524.0,3,,0.0,0.0004535121732248
John Cameron Mitchell,2,2,1,7.8,7.8,26300.0,26300.0,4,0.0,0.0,0.0001384747463939
Miriam Shor,2,2,1,7.8,7.8,26300.0,26300.0,4,0.0,0.0,0.0001384747463939
Ryan Bollman,2,2,1,6.7,6.7,4195.0,4195.0,2,0.0,0.0,0.0002261724452197
Todd Susman,2,2,1,6.7,6.7,4195.0,4195.0,2,0.0,0.0,0.0002261724452197
Lynne Thigpen,2,2,1,5.8,5.8,9589.0,9589.0,4,0.0,0.0,0.000216758177801
Polly Noonan,2,2,1,5.8,5.8,9589.0,9589.0,4,0.0,0.0,0.000216758177801
Frederick Weller,2,2,1,6.4,6.4,3413.0,3413.0,2,0.0,0.0,0.0007435330975234
L.Q. Jones,4,4,2,7.65,8.0,34771.0,63192.0,6,1.0,3.668365620068205e-06,0.0007381406116418
Warren Oates,4,4,2,7.4,8.0,34243.0,63192.0,4,4.0,4.860451662586898e-06,0.001094169893333
William Holden,6,6,3,8.1,8.2,105376.33333333333,149444.0,6,19.0,5.298905778651631e-05,0.0061958964965741
Bryan Dick,2,2,1,6.7,6.7,6906.0,6906.0,1,0.0,0.0,0.0004238219037483
Paul Popplewell,2,2,1,6.7,6.7,6906.0,6906.0,1,0.0,0.0,0.0004238219037483
Marc Singer,2,2,1,3.8,3.8,2281.0,2281.0,4,0.0,0.0,0.0001466257862886
Michael Berryman,10,10,5,5.38,8.7,141131.6,680041.0,7,37.0,7.549601832534513e-05,0.0006816783052536
Kendrick Cross,2,2,1,5.7,5.7,1245.0,1245.0,3,0.0,0.0,0.001143710784942
Sammy Nagi Njuguna,2,2,1,5.7,5.7,1245.0,1245.0,3,0.0,0.0,0.001143710784942
Mélanie Doutey,2,2,1,6.6,6.6,2591.0,2591.0,1,0.0,0.0,5.643567551884408e-06
Nathalie Baye,2,2,1,6.6,6.6,2591.0,2591.0,1,0.0,0.0,5.643567551884408e-06
Cara Seymour,4,4,2,7.0,7.3,41513.5,75633.0,3,5.0,4.6739346350241294e-05,0.0016622597123182
Ji-hyun Jun,2,2,1,6.1,6.1,3024.0,3024.0,2,0.0,0.0,0.0003324990186926
Diane Ladd,2,2,1,6.2,6.2,2330.0,2330.0,2,0.0,0.0,0.0007764806058717
Ritchie Montgomery,2,2,1,6.2,6.2,2330.0,2330.0,2,0.0,0.0,0.0007764806058717
Peter McNamara,4,4,2,6.4,6.6,4322.5,6705.0,3,4.0,9.713188427807787e-06,0.0017126404660657
Catherine Bell,2,2,1,5.8,5.8,2989.0,2989.0,3,0.0,0.0,0.0006010104227787
Robert Wahlberg,2,2,1,5.9,5.9,2050.0,2050.0,3,0.0,0.0,0.001220434221473
John Bell,2,2,1,7.2,7.2,1696.0,1696.0,2,0.0,0.0,0.001859698759334
Sean Cook,2,2,1,5.4,5.4,10196.0,10196.0,2,0.0,0.0,0.0014042049983359
Blake Ritson,2,2,1,8.2,8.2,10388.0,10388.0,3,,0.0,9.417587238722092e-05
Debbie Harry,4,4,2,7.05,7.3,46439.5,60522.0,7,19.0,4.6739346350241294e-05,0.0004814447644143
Leslie Carlson,2,2,1,7.3,7.3,60522.0,60522.0,4,0.0,0.0,2.1482067955978835e-05
Reiner Schwarz,2,2,1,7.3,7.3,60522.0,60522.0,4,0.0,0.0,2.1482067955978835e-05
Li Jun Li,2,2,1,5.8,5.8,6797.0,6797.0,2,0.0,0.0,0.0041271237910273
Shawn Parsons,2,2,1,5.8,5.8,6797.0,6797.0,2,0.0,0.0,0.0041271237910273
Michel Simon,2,2,1,7.9,7.9,10119.0,10119.0,2,0.0,0.0,6.82028310475471e-05
Paul Scofield,4,4,2,7.9,7.9,16916.0,23713.0,5,2.0,7.88020918763006e-06,0.000134000072859
Trieu Tran,2,2,1,5.4,5.4,748.0,748.0,2,0.0,0.0,0.0005153607370555
Johnny Nguyen,2,2,1,7.1,7.1,30210.0,30210.0,4,0.0,0.0,9.42855972592376e-06
Nathan Jones,2,2,1,7.1,7.1,30210.0,30210.0,4,0.0,0.0,9.42855972592376e-06
Parminder Nagra,2,2,1,6.7,6.7,89806.0,89806.0,4,0.0,0.0,0.0005115408277928
Edie Falco,8,8,4,6.25,6.9,4627.5,13485.0,4,13.0,4.204602239493881e-05,0.0024005614955455
Eva Marcille,2,2,1,2.1,2.1,8707.0,8707.0,2,0.0,0.0,3.541294357162595e-06
Wayne Brady,2,2,1,2.1,2.1,8707.0,8707.0,2,0.0,0.0,3.541294357162595e-06
Wesley Jonathan,6,6,3,3.1666666666666665,4.0,3183.6666666666665,8707.0,6,3.0,9.34786927004826e-05,7.940205524185983e-05
Nicholas Bell,2,2,1,7.7,7.7,43013.0,43013.0,4,0.0,0.0,0.0010534108788256
Tony Danza,2,2,1,6.6,6.6,190494.0,190494.0,3,0.0,0.0,0.0080358731393691
John Hillerman,2,2,1,7.6,7.6,36381.0,36381.0,2,0.0,0.0,0.0015234849240628
Avery Schreiber,2,2,1,3.4,3.4,1955.0,1955.0,2,0.0,0.0,1.3587263501715504e-05
Stephen Macht,2,2,1,3.4,3.4,1955.0,1955.0,2,0.0,0.0,1.3587263501715504e-05
Claudia Ferri,2,2,1,6.7,6.7,5548.0,5548.0,2,0.0,0.0,0.0009601929979096
Luke Kirby,2,2,1,6.7,6.7,5548.0,5548.0,2,0.0,0.0,0.0009601929979096
Franky G,4,4,2,6.8,7.0,9642.5,18792.0,5,1.0,4.6739346350241294e-05,0.0005717379165353
Danny Aiello,6,6,3,7.300000000000001,7.9,21322.0,59524.0,5,25.0,5.260702907822682e-05,0.0028756473311636
Jo Prestia,2,2,1,7.4,7.4,87244.0,87244.0,4,0.0,0.0,1.2271394047186277e-06
Madhavan,2,2,1,8.4,8.4,70233.0,70233.0,4,0.0,0.0,0.0002334905202724
David Dastmalchian,2,2,1,6.2,6.2,605.0,605.0,1,0.0,0.0,0.0011826473843628
Cree Kelly,2,2,1,5.3,5.3,3788.0,3788.0,4,0.0,0.0,0.0001456518250923
Mike Eshaq,2,2,1,5.3,5.3,3788.0,3788.0,4,0.0,0.0,0.0001456518250923
Ron Silver,2,2,1,5.0,5.0,15315.0,15315.0,2,0.0,0.0,0.0009879941203427
Shane Meadows,2,2,1,7.7,7.7,4471.0,4471.0,2,0.0,0.0,0.0024804360820487
Adam Butcher,2,2,1,7.6,7.6,4976.0,4976.0,3,0.0,0.0,0.0002017691583553
Colin Farrell,2,2,1,5.6,5.6,2894.0,2894.0,2,0.0,0.0,0.0004238219037483
Jessica Chastain,2,2,1,5.6,5.6,2894.0,2894.0,2,0.0,0.0,0.0004238219037483
George Voskovec,2,2,1,7.3,7.3,21049.0,21049.0,3,0.0,0.0,3.387188060393847e-07
Teresa Wright,4,4,2,7.699999999999999,8.1,30704.0,40359.0,4,34.0,9.34786927004826e-05,3.399676223812781e-07
Abhishek Bachchan,6,6,3,5.566666666666666,7.2,3909.3333333333335,7295.0,7,6.0,8.461658576268649e-05,1.0845048932583295e-05
Prateik,2,2,1,6.2,6.2,3266.0,3266.0,4,0.0,0.0,1.0758791549177538e-05
Sumalee Montano,2,2,1,7.3,7.3,126893.0,126893.0,5,0.0,0.0,0.0038531524958973
Amiah Miller,2,2,1,6.9,6.9,13523.0,13523.0,1,0.0,0.0,0.0011265957026876
Sprague Grayden,4,4,2,5.75,5.8,79480.5,82133.0,1,1.0,0.0003558733831107,1.9950672790384843e-05
Daren Kagasoff,2,2,1,4.4,4.4,31915.0,31915.0,2,0.0,0.0,0.001314442947901
Shelley Hennig,4,4,2,5.050000000000001,5.7,38122.0,44329.0,4,0.0,4.6739346350241294e-05,0.0013192609325676
Jennifer Rubin,2,2,1,6.6,6.6,49820.0,49820.0,4,0.0,0.0,3.632737300146295e-05
John Saxon,2,2,1,6.6,6.6,49820.0,49820.0,4,0.0,0.0,3.632737300146295e-05
Eugenio Derbez,4,4,2,7.5,7.6,13815.5,22105.0,3,6.0,4.6739346350241294e-05,0.0007665003986636
Hugo Stiglitz,2,2,1,7.6,7.6,22105.0,22105.0,2,0.0,0.0,3.4191644161187754e-05
Jessica Lindsey,2,2,1,7.6,7.6,22105.0,22105.0,2,0.0,0.0,3.4191644161187754e-05
Victor Mature,2,2,1,6.8,6.8,6359.0,6359.0,2,0.0,0.0,0.0006164130304671
Catherine Schell,2,2,1,7.1,7.1,19596.0,19596.0,3,0.0,0.0,5.724716775933634e-05
Paul Lukas,2,4,2,7.2,7.2,22123.5,22124.0,5,0.0,0.0,9.351536882406046e-05
Robert J. Wilke,2,4,2,7.2,7.2,22123.5,22124.0,5,0.0,0.0,9.351536882406046e-05
Gloria Sandoval,2,2,1,5.0,5.0,31791.0,31791.0,3,0.0,0.0,3.99665363594828e-08
Molly Ephraim,4,4,2,5.35,5.7,56962.0,82133.0,3,4.0,4.664586765754081e-05,8.943504601542306e-07
Richard Cabral,2,2,1,5.0,5.0,31791.0,31791.0,3,0.0,0.0,3.99665363594828e-08
Jorja Fox,2,2,1,8.5,8.5,845580.0,845580.0,2,0.0,0.0,0.0015148786566602
Garrett Ryan,2,2,1,6.5,6.5,85688.0,85688.0,2,0.0,0.0,0.0006488217001868
James Lafferty,2,2,1,6.5,6.5,85688.0,85688.0,2,0.0,0.0,0.0006488217001868
Brian O'Halloran,3,4,2,7.6,7.8,148273.0,181749.0,1,12.0,2.8316933766207926e-06,0.0023989771174235
Jamie Draven,2,2,1,7.7,7.7,98354.0,98354.0,2,0.0,0.0,0.0009740676861862
Helen Martin,4,4,2,6.05,7.0,3170.5,3571.0,4,4.0,2.259347162719172e-06,0.0003950699231162
William Schallert,2,2,1,5.1,5.1,3571.0,3571.0,4,0.0,0.0,0.0002677240098983
Tom Burlinson,2,2,1,7.3,7.3,5894.0,5894.0,5,0.0,0.0,0.0002495223990877
Tony Bonner,2,2,1,7.3,7.3,5894.0,5894.0,5,0.0,0.0,0.0002495223990877
Alice Playten,2,2,1,5.0,5.0,2448.0,2448.0,3,0.0,0.0,0.0007357305563827
Constance Shulman,2,2,1,5.0,5.0,2448.0,2448.0,3,0.0,0.0,0.0007357305563827
John Beasley,2,2,1,7.2,7.2,11622.0,11622.0,1,0.0,0.0,9.711917742448076e-05
June Carter Cash,2,2,1,7.2,7.2,11622.0,11622.0,1,0.0,0.0,9.711917742448076e-05
Diana Scarwid,4,4,2,6.65,6.7,5327.5,10564.0,2,25.0,4.215650140277608e-06,0.0035312583367725
Chrystale Wilson,2,2,1,5.6,5.6,4345.0,4345.0,2,0.0,0.0,0.0011683885883879
Monica Calhoun,6,6,3,5.066666666666666,5.6,1780.6666666666667,4345.0,4,7.0,8.34020852520401e-06,0.0018348549798625
Edwin Hodge,2,2,1,6.1,6.1,49948.0,49948.0,3,0.0,0.0,4.5118855988767454e-05
Perdita Weeks,2,2,1,6.1,6.1,49948.0,49948.0,3,0.0,0.0,4.5118855988767454e-05
Cameron Mills,2,2,1,5.2,5.2,5975.0,5975.0,2,0.0,0.0,0.0007970473639869
Gene Tierney,2,2,1,6.6,6.6,2498.0,2498.0,2,0.0,0.0,0.0005430034689784
Lindsay Wagner,2,2,1,6.4,6.4,12519.0,12519.0,3,0.0,0.0,0.0030550295445025
Persis Khambatta,2,2,1,6.4,6.4,12519.0,12519.0,3,0.0,0.0,0.0030550295445025
Peter Mark Richman,2,2,1,4.5,4.5,22961.0,22961.0,2,0.0,0.0,5.623586292189474e-05
Scott Reeves,2,2,1,4.5,4.5,22961.0,22961.0,2,0.0,0.0,5.623586292189474e-05
Rachel Korine,2,2,1,5.3,5.3,108683.0,108683.0,2,0.0,0.0,0.0054630628540743
Kim Darby,4,4,2,4.050000000000001,4.9,14640.0,20815.0,4,8.0,0.000262768605181,0.0002559262059662
Daniel Giménez Cacho,2,2,1,7.7,7.7,91377.0,91377.0,4,0.0,0.0,3.018331584802685e-06
María Aura,2,2,1,7.7,7.7,91377.0,91377.0,4,0.0,0.0,3.018331584802685e-06
Peter Serafinowicz,2,2,1,8.0,8.0,395921.0,395921.0,2,0.0,0.0,0.0007195150664377
Randy Wayne,8,8,4,4.824999999999999,7.1,3676.25,7904.0,5,4.0,0.0003120619621253,0.0005686517870121
Miriam Colon,2,2,1,7.6,7.6,23202.0,23202.0,2,0.0,0.0,0.0034427731003441
Ellie Cornell,2,2,1,5.9,5.9,29629.0,29629.0,2,0.0,0.0,0.0001515044289628
Kathleen Kinmont,2,2,1,5.9,5.9,29629.0,29629.0,2,0.0,0.0,0.0001515044289628
Clayton Rohner,2,2,1,6.2,6.2,10624.0,10624.0,2,0.0,0.0,0.0003781039483548
Deborah Foreman,2,2,1,6.2,6.2,10624.0,10624.0,2,0.0,0.0,0.0003781039483548
Robert Beltran,4,4,2,4.95,6.3,4239.0,7973.0,7,17.0,3.747120309506561e-06,0.002520610218088
William Sanderson,2,2,1,6.3,6.3,7973.0,7973.0,5,0.0,0.0,0.0011915016592834
Andrew Airlie,2,2,1,5.2,5.2,47227.0,47227.0,4,0.0,0.0,7.780415089167807e-05
Ryan Robbins,2,2,1,5.2,5.2,47227.0,47227.0,4,0.0,0.0,7.780415089167807e-05
Vanna Bonta,2,2,1,6.2,6.2,15345.0,15345.0,3,0.0,0.0,0.0018189581258883
Finlay Currie,2,2,1,6.2,6.2,2017.0,2017.0,4,0.0,0.0,3.161271962742822e-05
George Sanders,4,4,2,7.199999999999999,8.2,44720.5,87424.0,7,19.0,9.34786927004826e-05,0.0007089712181203
Gina Lollobrigida,4,4,2,6.5,6.8,2559.5,3102.0,4,3.0,4.6739346350241294e-05,3.172839844603028e-05
Lauren London,2,2,1,4.5,4.5,1180.0,1180.0,2,0.0,0.0,0.0003328195358642
Marina Hands,2,2,1,7.7,7.7,24921.0,24921.0,5,0.0,0.0,2.986373080751569e-06
Stéphane Rousseau,2,2,1,7.7,7.7,24921.0,24921.0,5,0.0,0.0,2.986373080751569e-06
Nicol Williamson,2,2,1,6.6,6.6,8930.0,8930.0,3,0.0,0.0,7.132669985023737e-05
Michael Richards,2,2,1,7.0,7.0,21416.0,21416.0,2,0.0,0.0,0.0004382233639094
Shirley Jones,4,4,2,7.45,7.9,37925.5,67853.0,2,46.0,5.334930624674844e-06,0.0015859396256124
Jessica Walter,2,2,1,6.6,6.6,9427.0,9427.0,2,0.0,0.0,0.0013701236224941
Claudia Cardinale,2,2,1,8.6,8.6,216005.0,216005.0,1,0.0,0.0,4.1081064873184e-06
Jack Elam,2,2,1,8.6,8.6,216005.0,216005.0,1,0.0,0.0,4.1081064873184e-06
Woody Strode,8,8,4,7.025,8.6,68749.5,216005.0,4,15.0,0.0001182850379522,9.210698252310864e-05
Jonathan Silverman,2,2,1,6.4,6.4,15053.0,15053.0,4,0.0,0.0,0.0038560540975837
Matt Berry,2,2,1,7.9,7.9,260607.0,260607.0,3,0.0,0.0,0.0030510490591103
Simon Baker,2,2,1,7.7,7.7,26720.0,26720.0,1,0.0,0.0,0.0020232253834076
Olivier Rabourdin,2,2,1,7.2,7.2,12411.0,12411.0,1,0.0,0.0,0.0004757335104692
Liz Mullane,2,2,1,7.4,7.4,50197.0,50197.0,5,0.0,0.0,0.0037573558492466
Bobby Batson,2,2,1,4.6,4.6,2047.0,2047.0,1,0.0,0.0,0.0010912908004325
Cynthia Barrett,2,2,1,4.6,4.6,2047.0,2047.0,1,0.0,0.0,0.0010912908004325
Marilyn Manson,2,2,1,6.3,6.3,12675.0,12675.0,4,0.0,0.0,0.0007422121247767
Tim Russ,2,2,1,5.6,5.6,5494.0,5494.0,3,0.0,0.0,0.0004473512469702
Winter Ave Zoli,2,2,1,5.6,5.6,5494.0,5494.0,3,0.0,0.0,0.0004473512469702
Kristoffer Polaha,2,2,1,4.4,4.4,1900.0,1900.0,3,0.0,0.0,0.000113354220587
Darryl Cox,2,2,1,7.1,7.1,54478.0,54478.0,3,0.0,0.0,0.0004154841234648
Lumi Cavazos,2,2,1,7.1,7.1,54478.0,54478.0,3,0.0,0.0,0.0004154841234648
Akshaye Khanna,2,2,1,7.4,7.4,1311.0,1311.0,3,0.0,0.0,2.6385139261415444e-06
Bhoomika Chawla,4,4,2,6.25,7.4,784.0,1311.0,4,2.0,4.6739346350241294e-05,5.9119459573535024e-05
Darshan Jariwala,2,2,1,7.4,7.4,1311.0,1311.0,3,0.0,0.0,2.6385139261415444e-06
Sara Gilbert,2,2,1,6.2,6.2,1884.0,1884.0,1,0.0,0.0,0.002619363954552
Alice Evans,2,2,1,3.3,3.3,1207.0,1207.0,3,0.0,0.0,0.0002141257953997
Doug Bradley,2,2,1,6.2,6.2,10056.0,10056.0,4,0.0,0.0,0.0001807790839725
Georgia Groome,4,4,2,6.6,7.0,8682.0,10056.0,5,2.0,1.02495063071112e-06,0.0002965881214453
John Stamos,2,2,1,4.2,4.2,4322.0,4322.0,2,0.0,0.0,0.0013136019020467
Katie Leclerc,2,2,1,4.5,4.5,215.0,215.0,3,0.0,0.0,0.0001299941787206
Patricia Neal,4,4,2,6.2,7.9,7746.0,15277.0,3,46.0,4.6739346350241294e-05,0.000130471208938
Timothy Omundson,2,2,1,8.4,8.4,67315.0,67315.0,3,,0.0,0.0003975241722623
David Adam Flannery,2,2,1,7.5,7.5,12672.0,12672.0,3,0.0,0.0,0.0010558470316789
Cyndi Lauper,2,2,1,6.7,6.7,83.0,83.0,2,0.0,0.0,0.0016011859885202
Irène Jacob,2,2,1,4.4,4.4,6964.0,6964.0,2,0.0,0.0,0.003227497486797
Tomiwa Edun,2,2,1,4.4,4.4,6964.0,6964.0,2,0.0,0.0,0.003227497486797
Lisa Kay,2,2,1,4.4,4.4,237.0,237.0,4,0.0,0.0,0.0018349718082931
David Huddleston,4,4,2,7.3,7.8,55641.0,95294.0,5,3.0,2.10306872865208e-06,0.0014730010350329
Cody Howard,2,2,1,8.6,8.6,8.0,8.0,1,0.0,0.0,0.000340126441594
David Raizor,2,2,1,8.6,8.6,8.0,8.0,1,0.0,0.0,0.000340126441594
Birol Ünel,2,2,1,7.3,7.3,29203.0,29203.0,2,0.0,0.0,0.000684704021649
Joseph Mawle,2,2,1,6.5,6.5,46347.0,46347.0,2,0.0,0.0,0.0008949811391658
Takashi Miike,2,2,1,5.9,5.9,138814.0,138814.0,1,0.0,0.0,0.0013074050955096
Robert Longstreet,2,2,1,7.4,7.4,68211.0,68211.0,2,0.0,0.0,0.0011768850338632
Katherine Helmond,2,2,1,6.7,6.7,4695.0,4695.0,4,0.0,0.0,0.0018118052529126
Bill Johnson,4,4,2,6.4,7.3,14653.5,19234.0,3,2.0,4.6739346350241294e-05,0.0015483495411505
Jim Siedow,2,2,1,5.5,5.5,19234.0,19234.0,2,0.0,0.0,6.904689805567253e-05
Lou Perryman,2,2,1,5.5,5.5,19234.0,19234.0,2,0.0,0.0,6.904689805567253e-05
Bob Dylan,4,4,2,7.8,8.2,13039.0,13467.0,6,5.0,0.0001060606573823,0.0012374865969706
Yayaying Rhatha Phongam,2,2,1,5.7,5.7,83234.0,83234.0,2,0.0,0.0,0.0035525780494251
Emmanuelle Bercot,2,2,1,5.4,5.4,262.0,262.0,1,0.0,0.0,1.1422971112035845e-05
Isild Le Besco,2,2,1,5.4,5.4,262.0,262.0,1,0.0,0.0,1.1422971112035845e-05
Jack McElhone,2,2,1,7.8,7.8,18940.0,18940.0,2,0.0,0.0,0.0028948659470386
Keith Carradine,4,4,2,5.15,5.3,367.5,436.0,2,2.0,7.4782165251379905e-06,0.0013127663607976
Jacques Gamblin,2,2,1,7.2,7.2,6304.0,6304.0,3,0.0,0.0,4.477425369505872e-06
Zinedine Soualem,4,4,2,7.050000000000001,7.2,4573.5,6304.0,3,14.0,4.6739346350241294e-05,4.493821295378983e-06
Kim Ly,2,2,1,6.2,6.2,421.0,421.0,2,0.0,0.0,0.0008089160127287
Bubba Smith,2,2,1,6.7,6.7,87739.0,87739.0,1,0.0,0.0,0.0005049693474335
Christopher Atkins,4,4,2,5.45,5.7,27495.5,50125.0,5,29.0,2.779439685133853e-06,0.0008546010046162
James Fleet,2,2,1,7.1,7.1,107923.0,107923.0,3,0.0,0.0,0.0019921985781947
James Robertson Justice,2,2,1,7.4,7.4,13474.0,13474.0,2,0.0,0.0,4.334343784480837e-06
Richard Basehart,2,2,1,7.4,7.4,13474.0,13474.0,2,0.0,0.0,4.334343784480837e-06
Royal Dano,6,6,3,6.633333333333333,7.4,13648.333333333334,24891.0,6,35.0,0.0002859234265483,9.718415944823064e-05
Indiana Evans,2,2,1,7.7,7.7,6762.0,6762.0,2,,0.0,0.0004297886908974
Kevin Michael Richardson,2,2,1,7.4,7.4,41138.0,41138.0,4,0.0,0.0,0.0005063664769951
Peter Spellos,2,2,1,7.4,7.4,41138.0,41138.0,4,0.0,0.0,0.0005063664769951
Louise Lasser,4,4,2,7.75,8.4,300593.5,573541.0,2,29.0,4.691195727499737e-05,0.0028547885953287
Dana Andrews,4,4,2,7.6,8.1,21557.5,40359.0,4,1.0,4.6739346350241294e-05,1.5238119629412553e-08
Frank McHugh,2,2,1,7.1,7.1,2756.0,2756.0,2,0.0,0.0,6.818924690833234e-10
Jeanne Crain,2,2,1,7.1,7.1,2756.0,2756.0,2,0.0,0.0,6.818924690833234e-10
Juan Fernández,2,2,1,7.5,7.5,15175.0,15175.0,4,0.0,0.0,0.0015969743855672
Alex Kendrick,8,8,4,5.975,7.0,9890.25,15401.0,6,8.0,0.0001905473952107,3.688691769805484e-05
Sarah Drew,2,2,1,5.4,5.4,10483.0,10483.0,1,0.0,0.0,2.5785448618035896e-05
James Duval,4,4,2,7.4,8.1,303886.0,580999.0,4,1.0,1.3819950710232267e-05,0.0029686406301671
Rich Pecci,2,2,1,6.5,6.5,5465.0,5465.0,2,0.0,0.0,0.0020284792886591
Hye-jeong Kang,3,4,2,8.05,8.4,204844.5,356181.0,4,2.0,0.0,2.696371408365765e-06
Yeong-ae Lee,2,2,1,7.7,7.7,53508.0,53508.0,2,0.0,0.0,1.4034419464247183e-06
Artyom Bogucharskiy,2,2,1,7.9,7.9,35464.0,35464.0,2,0.0,0.0,0.0002658132305715
Lyubov Agapova,2,2,1,7.9,7.9,35464.0,35464.0,2,0.0,0.0,0.0002658132305715
Dimple Kapadia,2,2,1,4.7,4.7,781.0,781.0,2,0.0,0.0,1.6206446646181865e-07
Sana Saeed,2,2,1,4.7,4.7,781.0,781.0,2,0.0,0.0,1.6206446646181865e-07
Purab Kohli,2,2,1,8.5,8.5,30977.0,30977.0,5,0.0,0.0,1.80237460403251e-07
Sameer Ali Khan,2,2,1,8.5,8.5,30977.0,30977.0,5,0.0,0.0,1.80237460403251e-07
Jonathan Crombie,2,2,1,8.4,8.4,14251.0,14251.0,2,,0.0,0.0001363526218982
Megan Follows,2,2,1,8.4,8.4,14251.0,14251.0,2,,0.0,0.0001363526218982
Lateef Crowder,2,2,1,5.8,5.8,4952.0,4952.0,2,0.0,0.0,0.0003365191167016
Michael J. Morris,2,2,1,5.8,5.8,4952.0,4952.0,2,0.0,0.0,0.0003365191167016
Amanda Redman,2,2,1,7.3,7.3,43135.0,43135.0,2,0.0,0.0,0.0021216975826782
James Fox,2,2,1,7.3,7.3,43135.0,43135.0,2,0.0,0.0,0.0021216975826782
Fabian Bolin,2,2,1,6.7,6.7,13443.0,13443.0,4,0.0,0.0,6.969042517602314e-05
Matias Varela,2,2,1,6.7,6.7,13443.0,13443.0,4,0.0,0.0,6.969042517602314e-05
Rawiri Paratene,2,2,1,7.6,7.6,34232.0,34232.0,2,0.0,0.0,3.3370868697511725e-05
Tammy Davis,2,2,1,7.6,7.6,34232.0,34232.0,2,0.0,0.0,3.3370868697511725e-05
Paresh Rawal,2,2,1,7.2,7.2,7295.0,7295.0,2,0.0,0.0,4.907603681428254e-07
Vidya Balan,4,4,2,7.699999999999999,8.2,17432.0,27569.0,3,3.0,7.95775594321569e-06,6.47023762001048e-07
Kathleen Munroe,2,2,1,5.0,5.0,17478.0,17478.0,1,0.0,0.0,0.0007011857376644
Catherine Lambert,2,2,1,7.8,7.8,321283.0,321283.0,1,0.0,0.0,0.0099256179686333
Cornel Wilde,2,2,1,6.7,6.7,9456.0,9456.0,3,0.0,0.0,1.2123636876508166e-05
Dorothy Lamour,4,4,2,6.35,6.7,12706.0,15956.0,7,35.0,0.000262768605181,0.0002717843887966
Gloria Grahame,2,2,1,6.7,6.7,9456.0,9456.0,3,0.0,0.0,1.2123636876508166e-05
Marcus Lyle Brown,2,2,1,7.1,7.1,71495.0,71495.0,2,0.0,0.0,0.0026689274159897
David A Cole,2,2,1,5.6,5.6,30219.0,30219.0,2,0.0,0.0,0.0003257522002553
Harold Gould,2,2,1,7.3,7.3,9007.0,9007.0,3,0.0,0.0,0.0003397795966154
Adam Hicks,2,2,1,4.6,4.6,27198.0,27198.0,2,0.0,0.0,8.497334461537428e-05
Katy Jurado,2,2,1,6.8,6.8,3102.0,3102.0,2,0.0,0.0,1.4140703608127114e-06
Sidney James,2,2,1,6.8,6.8,3102.0,3102.0,2,0.0,0.0,1.4140703608127114e-06
George 'Buck' Flower,2,2,1,7.3,7.3,73501.0,73501.0,3,0.0,0.0,1.3269770577725451e-05
Meg Foster,2,2,1,7.3,7.3,73501.0,73501.0,3,0.0,0.0,1.3269770577725451e-05
Gordon Jackson,2,2,1,8.3,8.3,165638.0,165638.0,5,0.0,0.0,0.0008904333588941
Armin Shimerman,2,2,1,5.4,5.4,12059.0,12059.0,6,0.0,0.0,0.0003605190446747
Marlee Matlin,2,2,1,5.4,5.4,12059.0,12059.0,6,0.0,0.0,0.0003605190446747
Ashley Bell,4,4,2,4.8,5.6,27507.5,41509.0,3,3.0,9.174370154088543e-06,0.000693801087101
DJ Pooh,2,2,1,4.6,4.6,5612.0,5612.0,1,0.0,0.0,3.687554424597299e-05
Dr. Dre,2,2,1,4.6,4.6,5612.0,5612.0,1,0.0,0.0,3.687554424597299e-05
Kevin McCarthy,6,6,3,6.6000000000000005,7.4,7505.0,12981.0,7,51.0,5.528359493222789e-05,1.0376557478974423e-05
Montgomery Clift,8,8,4,7.825,8.3,28185.25,44457.0,6,13.0,0.0001161686059916,0.0001349948187772
Thelma Ritter,2,2,1,7.4,7.4,12981.0,12981.0,3,0.0,0.0,6.207128493063372e-06
Peter Appel,2,2,1,4.6,4.6,2129.0,2129.0,2,0.0,0.0,0.0004422311642069
William Hickey,2,2,1,4.6,4.6,2129.0,2129.0,2,0.0,0.0,0.0004422311642069
Fernando Cayo,2,2,1,7.5,7.5,120189.0,120189.0,3,0.0,0.0,0.0005640914150428
Ashley Rickards,2,2,1,4.7,4.7,14621.0,14621.0,2,0.0,0.0,5.778243376768472e-05
Gabriel Iglesias,2,2,1,4.7,4.7,14621.0,14621.0,2,0.0,0.0,5.778243376768472e-05
Philippe Noiret,2,2,1,6.3,6.3,12677.0,12677.0,2,0.0,0.0,4.5211258846092094e-05
Amy Hill,2,2,1,6.0,6.0,19622.0,19622.0,2,0.0,0.0,0.001800571575854
Alan Taylor,2,2,1,2.7,2.7,3611.0,3611.0,1,0.0,0.0,0.0001021978519679
Benjamin Fletcher,2,2,1,2.7,2.7,3611.0,3611.0,1,0.0,0.0,0.0001021978519679
Aaron Hughes,2,2,1,6.5,6.5,16224.0,16224.0,4,0.0,0.0,0.0014658473052668
Anna Gunn,2,2,1,6.2,6.2,53342.0,53342.0,4,0.0,0.0,0.0039157192237294
Rob Brydon,2,2,1,6.9,6.9,20275.0,20275.0,2,0.0,0.0,0.0004069170355426
Stephanie Leonidas,4,4,2,6.9,6.9,11500.0,20275.0,4,1.0,9.10480899944198e-06,0.0028814359886805
Eva LaRue,2,2,1,4.8,4.8,2308.0,2308.0,2,0.0,0.0,4.766166230080226e-05
Elena Satine,2,2,1,5.7,5.7,4091.0,4091.0,2,0.0,0.0,0.0022039660808302
Leos Carax,2,2,1,7.1,7.1,29440.0,29440.0,2,0.0,0.0,0.0002382557997274
Ronnie Gene Blevins,2,2,1,6.9,6.9,36494.0,36494.0,1,0.0,0.0,0.0040309238466827
Hal Landon Jr.,4,4,2,6.65,7.4,36268.0,69831.0,6,10.0,4.6739346350241294e-05,0.0028008547796078
Beth Broderick,4,4,2,5.8,6.3,4814.5,5012.0,4,7.0,1.8919658151887817e-06,0.0002743501197649
Kathleen Robertson,2,2,1,6.3,6.3,4617.0,4617.0,3,0.0,0.0,0.0001316381340886
Jordan Trovillion,2,2,1,7.0,7.0,34224.0,34224.0,3,0.0,0.0,0.0010220111897817
Zoe Levin,2,2,1,7.0,7.0,34224.0,34224.0,3,0.0,0.0,0.0010220111897817
Alan Williams,2,2,1,5.9,5.9,811.0,811.0,2,0.0,0.0,1.4881616859509872e-06
Rachel Griffiths,4,4,2,6.65,7.4,555.0,811.0,4,0.0,4.6739346350241294e-05,3.33758697144269e-05
Rob Jarvis,2,2,1,5.9,5.9,811.0,811.0,2,0.0,0.0,1.4881616859509872e-06
Danny Arroyo,2,2,1,5.0,5.0,1555.0,1555.0,3,0.0,0.0,0.0024803182570388
Connor Paolo,4,4,2,6.7,6.9,22579.5,34263.0,4,3.0,1.492240119719415e-05,0.0016579626587704
Michael Cerveris,2,2,1,6.5,6.5,34263.0,34263.0,3,0.0,0.0,0.0001261316202829
Jesuíta Barbosa,2,2,1,6.1,6.1,1738.0,1738.0,1,0.0,0.0,0.0001023643847995
Angelo Tsarouchas,2,2,1,6.3,6.3,5137.0,5137.0,2,0.0,0.0,6.641158574042128e-05
Howard Caine,2,2,1,7.6,7.6,6303.0,6303.0,4,0.0,0.0,0.0017935742449779
Peter Jacobson,2,2,1,6.6,6.6,2727.0,2727.0,3,0.0,0.0,0.0010402732001516
Kira McLean,2,2,1,4.7,4.7,4146.0,4146.0,1,0.0,0.0,7.978576032287939e-05
Shannon Woodward,2,2,1,4.7,4.7,4146.0,4146.0,1,0.0,0.0,7.978576032287939e-05
Brooke D'Orsay,2,2,1,6.3,6.3,1929.0,1929.0,2,0.0,0.0,8.053392403792916e-05
Diana Vickers,2,2,1,4.7,4.7,724.0,724.0,4,0.0,0.0,7.424307078999709e-05
Rachel Hendrix,4,4,2,5.75,6.8,3417.0,6110.0,4,3.0,4.6739346350241294e-05,7.451505750815015e-05
Susannah York,4,4,2,7.35,7.9,16110.5,23713.0,5,3.0,9.221816940755712e-05,0.0012336365216533
George Reeves,2,2,1,8.2,8.2,215340.0,215340.0,4,0.0,0.0,1.99827422194962e-05
Hattie McDaniel,2,2,1,8.2,8.2,215340.0,215340.0,4,0.0,0.0,1.99827422194962e-05
Thomas Mitchell,8,8,4,8.075,8.6,143191.25,275720.0,7,22.0,8.669539020754727e-05,0.0004480060815109
Marama Corlett,2,2,1,6.0,6.0,1177.0,1177.0,2,0.0,0.0,0.0001882396308203
Slim Pickens,6,6,3,7.533333333333334,8.5,118076.33333333333,342585.0,6,6.0,0.0006841385210269,0.0012338432095102
Betty Hutton,2,2,1,7.0,7.0,3167.0,3167.0,5,0.0,0.0,3.812563795227725e-06
Howard Keel,4,4,2,7.0,7.0,3352.5,3538.0,7,1.0,0.0007569904534885,3.8266612165258745e-06
Keenan Wynn,4,4,2,7.75,8.5,172876.0,342585.0,5,14.0,0.0008026080555263,8.53985212078089e-05
Alex Macqueen,2,2,1,7.3,7.3,55982.0,55982.0,3,0.0,0.0,0.000740609447641
Fernanda Montenegro,4,4,2,7.75,8.0,15800.5,28951.0,1,7.0,4.6739346350241294e-05,1.983713354703764e-05
Fernanda Torres,2,2,1,7.5,7.5,2650.0,2650.0,1,0.0,0.0,1.9764557872259807e-05
Seu Jorge,4,4,2,8.1,8.7,267925.0,533200.0,2,3.0,9.329173531508162e-05,0.0004429454202357
Alice Olivia Clarke,2,2,1,6.9,6.9,3579.0,3579.0,1,0.0,0.0,0.0001278822191567
Jamie Farr,2,2,1,8.4,8.4,36265.0,36265.0,3,,0.0,5.773110525000878e-05
Mike Farrell,2,2,1,8.4,8.4,36265.0,36265.0,3,,0.0,5.773110525000878e-05
Barnard Hughes,2,2,1,7.9,7.9,76616.0,76616.0,1,0.0,0.0,3.010350219105889e-06
Brenda Vaccaro,4,4,2,7.2,7.9,38681.0,76616.0,3,36.0,4.6739346350241294e-05,6.749222057860086e-05
John McGiver,2,2,1,7.9,7.9,76616.0,76616.0,1,0.0,0.0,3.010350219105889e-06
Lesley Sharp,2,4,2,7.2,7.2,82232.0,82232.0,3,0.0,0.0,0.0087785560547487
Jon Osbeck,2,2,1,3.5,3.5,801.0,801.0,2,0.0,0.0,0.0009478688494192
Ta'Rhonda Jones,2,2,1,7.8,7.8,27418.0,27418.0,2,,0.0,0.0002214620457996
John Forsythe,4,4,2,7.6,8.0,21958.5,24891.0,7,12.0,1.0791727724941113e-05,2.418959419679468e-05
Will Geer,2,2,1,8.0,8.0,19026.0,19026.0,4,0.0,0.0,1.999798380904479e-05
Bernard Cribbins,2,2,1,7.5,7.5,30982.0,30982.0,1,0.0,0.0,1.2455742731358745e-05
Clive Swift,2,2,1,7.5,7.5,30982.0,30982.0,1,0.0,0.0,1.2455742731358745e-05
Kate Dickie,2,2,1,6.8,6.8,66483.0,66483.0,2,0.0,0.0,0.0005515659017612
Michael McGlone,4,4,2,6.35,6.6,10162.0,13949.0,3,1.0,0.000262768605181,0.0006472245407347
Dan Hicks,3,4,2,7.05,7.8,67415.0,113451.0,4,20.0,0.0,0.0002398224782773
Kassie Wesley DePaiva,2,2,1,7.8,7.8,113451.0,113451.0,4,0.0,0.0,0.000124820096971
Cassandra Scerbo,2,2,1,3.3,3.3,34532.0,34532.0,1,0.0,0.0,0.0011604356541254
Lara Jean Chorostecki,2,2,1,4.7,4.7,342.0,342.0,6,0.0,0.0,4.748430562869475e-05
Mykel Shannon Jenkins,2,2,1,4.7,4.7,342.0,342.0,6,0.0,0.0,4.748430562869475e-05
Blaine Anderson,2,2,1,6.1,6.1,1634.0,1634.0,4,0.0,0.0,0.0002471965134542
Robert Townsend,4,4,2,6.25,7.0,1571.0,2770.0,4,11.0,3.473349110122893e-05,0.0009622538314049
Ash Cook,2,2,1,7.3,7.3,653.0,653.0,2,,0.0,0.0003049592810696
Genevieve O'Reilly,2,2,1,7.3,7.3,653.0,653.0,2,,0.0,0.0003049592810696
Grey Griffin,2,2,1,8.4,8.4,30434.0,30434.0,5,0.0,0.0,0.0007217669934853
Jane Goodall,4,4,2,7.2,7.4,40.0,75.0,1,1.0,4.6739346350241294e-05,0.001273829075212
Jerry Brown,2,2,1,7.0,7.0,75.0,75.0,1,0.0,0.0,5.683521354590362e-05
Peter Agnefjall,2,2,1,7.0,7.0,75.0,75.0,1,0.0,0.0,5.683521354590362e-05
Ralitsa Paskaleva,2,2,1,3.3,3.3,1285.0,1285.0,4,0.0,0.0,4.603477877882172e-05
Shelly Varod,2,2,1,3.3,3.3,1285.0,1285.0,4,0.0,0.0,4.603477877882172e-05
Glen Murphy,2,2,1,3.1,3.1,610.0,610.0,3,0.0,0.0,0.0021216975826782
Joe Egan,2,2,1,3.1,3.1,610.0,610.0,3,0.0,0.0,0.0021216975826782
Sofie Gråbøl,2,2,1,7.6,7.6,45984.0,45984.0,1,0.0,0.0,0.0092838823100205
Alexandre Rodrigues,2,2,1,8.7,8.7,533200.0,533200.0,2,0.0,0.0,0.000441323025342
John Simm,2,2,1,7.1,7.1,19194.0,19194.0,2,0.0,0.0,0.0005317688863996
Luis Antonio,2,2,1,6.6,6.6,2116.0,2116.0,3,0.0,0.0,0.0001698970201305
Rus Blackwell,2,2,1,6.6,6.6,2116.0,2116.0,3,0.0,0.0,0.0001698970201305
Darren McGavin,2,2,1,8.1,8.1,104908.0,104908.0,2,0.0,0.0,0.0001363526218982
Scott Schwartz,2,2,1,8.1,8.1,104908.0,104908.0,2,0.0,0.0,0.0001363526218982
Perry King,2,2,1,6.6,6.6,6549.0,6549.0,4,0.0,0.0,9.567979253190664e-05
Timothy Van Patten,2,2,1,6.6,6.6,6549.0,6549.0,4,0.0,0.0,9.567979253190664e-05
Charles Grodin,2,2,1,8.0,8.0,140527.0,140527.0,2,0.0,0.0,6.035428700912304e-05
Terry Walters,2,2,1,7.2,7.2,29239.0,29239.0,2,0.0,0.0,0.0009159532695661
Wilson Guerrero,2,2,1,7.5,7.5,30474.0,30474.0,2,0.0,0.0,0.0003046066456486
Yenny Paola Vega,2,2,1,7.5,7.5,30474.0,30474.0,2,0.0,0.0,0.0003046066456486
Mary Page Keller,2,2,1,7.2,7.2,73349.0,73349.0,3,0.0,0.0,0.0009555791248036
Gert Fröbe,2,2,1,7.8,7.8,139432.0,139432.0,3,0.0,0.0,3.5755091769494374e-05
Honor Blackman,4,4,2,6.65,7.8,70705.0,139432.0,4,4.0,8.463417535886474e-06,3.975729452106912e-05
Caleb Landry Jones,6,6,3,5.266666666666667,5.7,17541.0,41509.0,4,5.0,1.864260225011617e-05,0.0016263060542808
Donna Reed,4,4,2,8.2,8.6,154853.5,275720.0,5,7.0,5.976293118555818e-06,4.542903063126744e-05
Lionel Barrymore,6,6,3,8.033333333333333,8.6,98277.66666666667,275720.0,5,8.0,4.182091742584597e-05,0.0004411903902997
Micah Sloat,4,4,2,6.0,6.3,133478.5,184824.0,1,3.0,4.6739346350241294e-05,8.943504601542306e-07
Daoming Chen,2,2,1,7.3,7.3,2789.0,2789.0,1,0.0,0.0,5.09599062543883e-05
Robert Rusler,2,2,1,5.4,5.4,43485.0,43485.0,2,0.0,0.0,2.4998397659282524e-05
Adelaide Kane,2,2,1,5.7,5.7,139329.0,139329.0,3,0.0,0.0,0.0009528128372134
Danielle Kotch,2,2,1,6.8,6.8,155153.0,155153.0,2,0.0,0.0,0.0002162118836423
Victoria Leigh,2,2,1,6.8,6.8,155153.0,155153.0,2,0.0,0.0,0.0002162118836423
Dayna Devon,2,2,1,5.4,5.4,1466.0,1466.0,3,0.0,0.0,1.5597161892476557e-05
Mikki Padilla,2,2,1,5.4,5.4,1466.0,1466.0,3,0.0,0.0,1.5597161892476557e-05
Ron Palillo,2,2,1,5.9,5.9,25332.0,25332.0,2,0.0,0.0,0.002020280935859
Vincent Guastaferro,2,2,1,5.9,5.9,25332.0,25332.0,2,0.0,0.0,0.002020280935859
Sessue Hayakawa,2,2,1,8.2,8.2,149444.0,149444.0,3,0.0,0.0,0.0003013663526149
Tonya Lee Williams,2,2,1,5.3,5.3,2580.0,2580.0,3,0.0,0.0,9.562616260801132e-05
David White,2,2,1,8.3,8.3,109335.0,109335.0,3,0.0,0.0,7.653679731447258e-05
Fred MacMurray,2,2,1,8.3,8.3,109335.0,109335.0,3,0.0,0.0,7.653679731447258e-05
Erin Gray,2,2,1,4.3,4.3,19331.0,19331.0,3,0.0,0.0,5.623586292189474e-05
Leslie Jordan,2,2,1,4.3,4.3,19331.0,19331.0,3,0.0,0.0,5.623586292189474e-05
Lauryn Hill,2,2,1,7.2,7.2,7721.0,7721.0,3,0.0,0.0,0.0036296835904354
Bobby Brown,2,2,1,6.6,6.6,1361.0,1361.0,3,0.0,0.0,0.0004742717313879
LisaGay Hamilton,2,2,1,6.6,6.6,1361.0,1361.0,3,0.0,0.0,0.0004742717313879
Edward Andrews,2,2,1,7.9,7.9,7998.0,7998.0,1,0.0,0.0,0.0005799601760915
Countess Vaughn,2,2,1,5.2,5.2,1004.0,1004.0,1,0.0,0.0,0.0003188984972472
Deon Richmond,2,2,1,5.2,5.2,1004.0,1004.0,1,0.0,0.0,0.0003188984972472
Walter Brennan,2,2,1,7.8,7.8,21316.0,21316.0,4,0.0,0.0,1.41495725188215e-05
Joyful Drake,2,2,1,3.0,3.0,8279.0,8279.0,1,0.0,0.0,0.0004874333242033
John Astin,2,2,1,3.2,3.2,8465.0,8465.0,2,0.0,0.0,1.1423301075223807e-05
Robert Neary,2,2,1,3.2,3.2,8465.0,8465.0,2,0.0,0.0,1.1423301075223807e-05
Clifton Powell,6,6,3,5.5,6.9,631.6666666666666,806.0,4,5.0,1.7770467827933572e-05,0.0018130759360584
Jessica De Gouw,2,2,1,7.4,7.4,299.0,299.0,2,,0.0,3.325404108802753e-05
Lisa Ray,2,2,1,7.8,7.8,12560.0,12560.0,2,0.0,0.0,3.061082840317173e-07
Seema Biswas,2,2,1,7.8,7.8,12560.0,12560.0,2,0.0,0.0,3.061082840317173e-07
Callie Thorne,4,4,2,5.550000000000001,6.7,3930.0,4195.0,3,2.0,2.2043341110926047e-05,0.0045599112614249
David Heyman,2,2,1,4.4,4.4,3665.0,3665.0,2,0.0,0.0,0.0002640414678411
Ann Morgan Guilbert,2,2,1,6.6,6.6,9808.0,9808.0,2,0.0,0.0,0.0027332328231937
Paula Marshall,2,2,1,5.3,5.3,3943.0,3943.0,2,0.0,0.0,0.0003039014182171
George Hamilton,2,2,1,5.3,5.3,8005.0,8005.0,2,0.0,0.0,0.0001140496313139
Richard Libertini,2,2,1,8.0,8.0,37594.0,37594.0,2,0.0,0.0,0.0027687971510877
Stuart Margolin,2,2,1,8.0,8.0,37594.0,37594.0,2,0.0,0.0,0.0027687971510877
Jeff Conaway,2,2,1,5.4,5.4,18711.0,18711.0,3,0.0,0.0,0.0028845264630446
Courtney Love,2,2,1,6.9,6.9,15885.0,15885.0,2,0.0,0.0,0.0051096491046905
Grace Gummer,2,2,1,7.4,7.4,43982.0,43982.0,3,0.0,0.0,0.0002114202447621
Nambitha Mpumlwana,2,2,1,7.3,7.3,25063.0,25063.0,2,0.0,0.0,2.5689798000025903e-05
Rapulana Seiphemo,4,4,2,7.55,7.8,17376.0,25063.0,3,3.0,0.000262768605181,2.578407984254245e-05
Joe Howard,2,2,1,6.6,6.6,761.0,761.0,2,0.0,0.0,0.0004730477022452
Robert Noble,2,2,1,6.6,6.6,761.0,761.0,2,0.0,0.0,0.0004730477022452
Ji-tae Yu,2,2,1,8.4,8.4,356181.0,356181.0,3,0.0,0.0,1.4034419464247183e-06
Molly Dunsworth,2,2,1,6.1,6.1,37495.0,37495.0,3,0.0,0.0,0.0001331619184169
Robb Wells,2,2,1,6.1,6.1,37495.0,37495.0,3,0.0,0.0,0.0001331619184169
Erick Elias,2,2,1,5.0,5.0,368.0,368.0,2,0.0,0.0,0.001531542355641
Brianna Brown,4,4,2,6.25,7.2,3150.5,5012.0,5,1.0,9.58547303275448e-07,0.0004185921801683
Jason Maza,2,2,1,7.3,7.3,47385.0,47385.0,1,0.0,0.0,0.0024971654124796
Andrew Rannells,2,2,1,5.3,5.3,37156.0,37156.0,2,0.0,0.0,0.007957028778484
Megan Hilty,2,2,1,7.9,7.9,2948.0,2948.0,5,,0.0,0.0001574556144543
Lindsey Haun,2,2,1,5.0,5.0,758.0,758.0,3,0.0,0.0,0.0017879674457401
Bob Ross,2,2,1,5.3,5.3,7988.0,7988.0,1,0.0,0.0,0.0001043546256247
Kostja Ullmann,2,2,1,7.4,7.4,11074.0,11074.0,4,0.0,0.0,6.674749274070002e-05
Robert Stadlober,2,2,1,7.4,7.4,11074.0,11074.0,4,0.0,0.0,6.674749274070002e-05
Johnny Pacar,4,4,2,4.45,5.9,501.5,737.0,6,1.0,1.6005947647622957e-05,0.0014682883205244
Matt Cohen,4,4,2,3.65,4.1,2145.5,4122.0,3,6.0,9.677799985214833e-05,0.0001411951321428
Noah Segan,4,4,2,4.25,4.4,2805.0,4122.0,2,3.0,0.0002626751264883,3.084421116884496e-05
Peter Onorati,2,2,1,6.7,6.7,1238.0,1238.0,2,0.0,0.0,0.001212686568776
Jim Norton,2,2,1,6.2,6.2,2437.0,2437.0,3,0.0,0.0,0.0011442386649795
Emily Nelson,2,2,1,5.5,5.5,1370.0,1370.0,3,0.0,0.0,0.000811737764686
Kristi Clainos,2,2,1,5.5,5.5,1370.0,1370.0,3,0.0,0.0,0.000811737764686
Alex Meraz,2,2,1,5.8,5.8,13599.0,13599.0,3,0.0,0.0,0.0003365191167016
Jillian Murray,2,2,1,5.8,5.8,13599.0,13599.0,3,0.0,0.0,0.0003365191167016
Carroll O'Connor,4,4,2,7.4,7.4,7949.0,13640.0,4,0.0,4.6739346350241294e-05,0.0002662986566445
Salvatore Santone,2,2,1,5.1,5.1,118.0,118.0,1,0.0,0.0,0.0010303795024047
Sarah Rafferty,2,2,1,5.1,5.1,118.0,118.0,1,0.0,0.0,0.0010303795024047
David Bianchi,2,2,1,5.2,5.2,704.0,704.0,1,0.0,0.0,0.0012209511449088
John Robinson,4,4,2,5.949999999999999,7.1,6608.5,12241.0,4,6.0,0.0002860447996634,8.351480936880505e-05
Brett Wagner,2,2,1,3.9,3.9,520.0,520.0,1,0.0,0.0,0.0008036662240973
Brooke Newton,2,2,1,3.9,3.9,520.0,520.0,1,0.0,0.0,0.0008036662240973
Fabio Testi,2,2,1,6.2,6.2,240.0,240.0,3,0.0,0.0,5.7716675106817306e-05
Jack Taylor,2,2,1,6.2,6.2,240.0,240.0,3,0.0,0.0,5.7716675106817306e-05
Cybill Shepherd,2,2,1,5.9,5.9,3443.0,3443.0,3,0.0,0.0,0.0029140961834127
Matheus Nachtergaele,2,2,1,8.0,8.0,28951.0,28951.0,1,0.0,0.0,8.852617622847678e-07
Othon Bastos,2,2,1,8.0,8.0,28951.0,28951.0,1,0.0,0.0,8.852617622847678e-07
Glenn Ford,2,2,1,7.3,7.3,4313.0,4313.0,2,0.0,0.0,0.000415474132793
Anthony L. Fernandez,2,2,1,4.9,4.9,2425.0,2425.0,2,0.0,0.0,0.0002460240240794
Scott Evans,2,2,1,4.9,4.9,2425.0,2425.0,2,0.0,0.0,0.0002460240240794
Greg Crowe,2,2,1,6.4,6.4,5695.0,5695.0,1,0.0,0.0,0.0002196776896847
Tempestt Bledsoe,4,4,2,4.95,6.4,3121.5,5695.0,4,0.0,5.481611170127152e-06,0.0002973501333904
Oana Pellea,2,2,1,6.8,6.8,55040.0,55040.0,1,0.0,0.0,0.0007908238725082
Allegra Carpenter,2,2,1,4.0,4.0,859.0,859.0,3,0.0,0.0,3.949300834637397e-05
Gregory Cruz,2,2,1,4.0,4.0,859.0,859.0,3,0.0,0.0,3.949300834637397e-05
Terry Kiser,4,4,2,5.6,5.9,11341.5,21359.0,4,1.0,2.2381011280989365e-05,5.766712233689616e-05
William Butler,2,2,1,5.3,5.3,21359.0,21359.0,1,0.0,0.0,5.6297041867633336e-05
Joe Dinicol,2,2,1,5.7,5.7,40800.0,40800.0,1,0.0,0.0,0.0006343730643011
Sanjay Dutt,2,2,1,8.2,8.2,27569.0,27569.0,3,0.0,0.0,1.827802042780645e-07
Patricia Richardson,2,2,1,7.1,7.1,5744.0,5744.0,1,0.0,0.0,0.0001986125351662
Vanessa Zima,2,2,1,7.1,7.1,5744.0,5744.0,1,0.0,0.0,0.0001986125351662
Hoyt Axton,2,2,1,7.4,7.4,8856.0,8856.0,3,0.0,0.0,0.0005526285518318
Kelly Reno,2,2,1,7.4,7.4,8856.0,8856.0,3,0.0,0.0,0.0005526285518318
Casper Christensen,2,2,1,5.7,5.7,1828.0,1828.0,5,0.0,0.0,5.155580445030331e-05
Frank Hvam,2,2,1,5.7,5.7,1828.0,1828.0,5,0.0,0.0,5.155580445030331e-05
Cesar Romero,4,4,2,6.7,6.9,14380.5,22975.0,4,3.0,5.033959430945247e-06,0.0003614007035611
Esther Williams,4,4,2,6.75,7.0,1316.0,1553.0,6,1.0,4.6739346350241294e-05,4.012944422689712e-05
Irene Dunne,2,2,1,7.0,7.0,1553.0,1553.0,4,0.0,0.0,3.998285311606132e-05
Laurie Metcalf,2,2,1,6.0,6.0,6930.0,6930.0,2,0.0,0.0,0.0008346517366212
Cyd Charisse,2,2,1,8.3,8.3,150020.0,150020.0,3,0.0,0.0,7.244131486329063e-05
Nancy Kyes,2,2,1,4.6,4.6,28589.0,28589.0,3,0.0,0.0,3.199082666470833e-05
Sal Mineo,2,2,1,6.3,6.3,23546.0,23546.0,2,0.0,0.0,0.0005978836511344
Melvyn Douglas,2,2,1,7.9,7.9,15277.0,15277.0,1,0.0,0.0,5.820893025553755e-06
Whit Bissell,2,2,1,7.9,7.9,15277.0,15277.0,1,0.0,0.0,5.820893025553755e-06
Jill Flint,2,2,1,7.6,7.6,187595.0,187595.0,3,0.0,0.0,0.0006418833206916
Jessica Hecht,2,2,1,7.6,7.6,7776.0,7776.0,3,0.0,0.0,0.0006332786737397
Ana Gasteyer,2,2,1,7.1,7.1,52509.0,52509.0,4,0.0,0.0,0.0023247975275166
Joshua Ormond,2,2,1,7.1,7.1,52509.0,52509.0,4,0.0,0.0,0.0023247975275166
Amanda Plummer,2,2,1,7.6,7.6,21202.0,21202.0,2,0.0,0.0,0.0011366637381348
Dayo Okeniyi,2,2,1,7.1,7.1,105591.0,105591.0,3,0.0,0.0,0.0012623325259008
Michael Bower,2,2,1,7.1,7.1,97.0,97.0,5,0.0,0.0,0.0017516832747881
George W. Bush,6,6,3,7.866666666666667,8.3,22174.666666666668,55382.0,3,3.0,0.0003428213056812,0.0050133594811873
Sheryl Crow,4,4,2,7.5,7.6,5059.0,9540.0,2,5.0,4.6739346350241294e-05,0.0003161245889496
Shriya Saran,2,2,1,6.2,6.2,4820.0,4820.0,3,0.0,0.0,0.0005781796119328
Rüdiger Vogler,2,2,1,6.1,6.1,10220.0,10220.0,2,0.0,0.0,0.0001090635946045
Sebastian Blomberg,2,2,1,6.1,6.1,10220.0,10220.0,2,0.0,0.0,0.0001090635946045
Tenoch Huerta,2,2,1,5.9,5.9,5699.0,5699.0,4,0.0,0.0,0.0004263945366567
Paul T. Taylor,2,2,1,6.8,6.8,61787.0,61787.0,3,0.0,0.0,0.0019197815775221
Cecilia Pillado,2,2,1,5.0,5.0,3119.0,3119.0,2,0.0,0.0,0.0024219835645042
Emmanuel Kabongo,2,2,1,6.3,6.3,63.0,63.0,1,0.0,0.0,0.001487624535706
Justine Waddell,2,2,1,5.1,5.1,4057.0,4057.0,4,0.0,0.0,0.0013766050557945
Anthony 'Citric' Campos,2,2,1,6.6,6.6,108052.0,108052.0,3,0.0,0.0,0.0005124657627699
Kevin Leslie,2,2,1,5.0,5.0,1510.0,1510.0,2,0.0,0.0,0.0002208392130454
Kris Sommerville,2,2,1,5.0,5.0,1510.0,1510.0,2,0.0,0.0,0.0002208392130454
Bianca Brigitte VanDamme,2,2,1,3.1,3.1,2753.0,2753.0,2,0.0,0.0,0.0011858381741179
Basil Rathbone,2,2,1,6.5,6.5,1079.0,1079.0,2,0.0,0.0,1.7897222887409532e-06
Red Skelton,2,2,1,6.5,6.5,1079.0,1079.0,2,0.0,0.0,1.7897222887409532e-06
Jossara Jinaro,2,2,1,3.9,3.9,1015.0,1015.0,2,0.0,0.0,7.581586089986177e-05
Rene Rosado,2,2,1,3.9,3.9,1015.0,1015.0,2,0.0,0.0,7.581586089986177e-05
Mindy Sterling,2,2,1,7.3,7.3,19650.0,19650.0,6,0.0,0.0,0.0022171285126775
Kayla Ewell,2,2,1,4.3,4.3,1118.0,1118.0,1,0.0,0.0,4.5571196744910966e-05
Linden Ashby,2,2,1,4.3,4.3,1118.0,1118.0,1,0.0,0.0,4.5571196744910966e-05
Greer Garson,2,2,1,7.5,7.5,1314.0,1314.0,1,0.0,0.0,0.0004181540048258
Brad Schmidt,2,2,1,4.8,4.8,1351.0,1351.0,2,0.0,0.0,0.0003165927534634
Ethan Peck,2,2,1,4.8,4.8,1351.0,1351.0,2,0.0,0.0,0.0003165927534634
Myrna Loy,2,2,1,8.1,8.1,40359.0,40359.0,3,0.0,0.0,1.5181818509770356e-08
Cheyenne Haynes,2,2,1,6.3,6.3,544.0,544.0,1,0.0,0.0,0.0003791154938421
Martha Higareda,2,2,1,6.3,6.3,544.0,544.0,1,0.0,0.0,0.0003791154938421
Carmen Argenziano,4,4,2,5.6,6.7,955.5,1905.0,6,34.0,5.882082205169839e-05,0.0004366270854543
Travis Myers,2,2,1,6.7,6.7,6.0,6.0,5,0.0,0.0,0.0004349086125008
Maria Doyle Kennedy,2,2,1,5.5,5.5,1274.0,1274.0,3,0.0,0.0,0.0002162118836423
Shaun O'Hagan,2,2,1,5.5,5.5,1274.0,1274.0,3,0.0,0.0,0.0002162118836423
Daniela Bianchi,2,2,1,7.5,7.5,89403.0,89403.0,3,0.0,0.0,4.998198701148301e-05
Alan Autry,2,2,1,7.4,7.4,2258.0,2258.0,3,,0.0,1.1875769088630894e-05
Crystal R. Fox,2,2,1,7.4,7.4,2258.0,2258.0,3,,0.0,1.1875769088630894e-05
John Beck,2,2,1,7.3,7.3,33335.0,33335.0,2,0.0,0.0,0.0006117013661832
Mews Small,2,2,1,7.3,7.3,33335.0,33335.0,2,0.0,0.0,0.0006117013661832
Brock Peters,2,2,1,8.4,8.4,215086.0,215086.0,2,0.0,0.0,0.0050516621129492
William Windom,2,2,1,8.4,8.4,215086.0,215086.0,2,0.0,0.0,0.0050516621129492
Kjell Nilsson,2,2,1,7.6,7.6,133966.0,133966.0,4,0.0,0.0,0.0003289016441232
Ho-Sung Pak,2,2,1,7.6,7.6,34520.0,34520.0,2,0.0,0.0,8.52898061028964e-05
Alicia Goranson,2,2,1,7.6,7.6,77551.0,77551.0,4,0.0,0.0,0.0005053956190615
Jeannetta Arnette,2,2,1,7.6,7.6,77551.0,77551.0,4,0.0,0.0,0.0005053956190615
Ben Davies,2,2,1,7.0,7.0,15401.0,15401.0,1,0.0,0.0,1.6475589240623867e-06
T.C. Stallings,2,2,1,7.0,7.0,15401.0,15401.0,1,0.0,0.0,1.6475589240623867e-06
Claudette Colbert,4,4,2,7.6499999999999995,8.2,33578.5,64888.0,5,6.0,4.6739346350241294e-05,4.012944422689712e-05
Hedy Lamarr,2,2,1,7.1,7.1,2269.0,2269.0,4,0.0,0.0,3.998285311606132e-05
Daniel Tay,2,2,1,7.5,7.5,41999.0,41999.0,3,0.0,0.0,0.001872679797375
James Urbaniak,6,6,3,6.833333333333333,7.5,19370.0,41999.0,6,14.0,0.0004956240286979,0.0018864850696841
Albert Delpy,2,2,1,8.0,8.0,168398.0,168398.0,2,0.0,0.0,5.048400528197883e-05
Marie Pillet,2,2,1,8.0,8.0,168398.0,168398.0,2,0.0,0.0,5.048400528197883e-05
Sarah Clarke,2,2,1,6.8,6.8,68222.0,68222.0,1,0.0,0.0,0.0009430133608238
Celeste Holm,2,2,1,7.4,7.4,10791.0,10791.0,2,0.0,0.0,0.0007157766966364
John Garfield,2,2,1,7.4,7.4,10791.0,10791.0,2,0.0,0.0,0.0007157766966364
Lauren Sweetser,2,2,1,7.2,7.2,111658.0,111658.0,1,0.0,0.0,0.0028194375706154
Shelley Waggener,2,2,1,7.2,7.2,111658.0,111658.0,1,0.0,0.0,0.0028194375706154
Tyrone Power,2,2,1,7.0,7.0,1381.0,1381.0,3,0.0,0.0,7.075429355871071e-05
Miranda July,2,2,1,7.4,7.4,31130.0,31130.0,2,0.0,0.0,5.365295183130509e-05
Najarra Townsend,2,2,1,7.4,7.4,31130.0,31130.0,2,0.0,0.0,5.365295183130509e-05
Barney Frank,2,2,1,8.3,8.3,55382.0,55382.0,2,0.0,0.0,0.0048853739253071
Gano Grills,2,2,1,7.5,7.5,70084.0,70084.0,4,0.0,0.0,2.687484821690102e-06
Richard Portnow,2,2,1,7.5,7.5,70084.0,70084.0,4,0.0,0.0,2.687484821690102e-06
Sydelle Noel,2,2,1,5.3,5.3,3911.0,3911.0,3,0.0,0.0,0.0015835310219083
Rose Marie,2,2,1,5.7,5.7,4288.0,4288.0,3,0.0,0.0,0.0004297115108981
Tawny Kitaen,2,2,1,5.7,5.7,4288.0,4288.0,3,0.0,0.0,0.0004297115108981
Bruce Newbold,2,2,1,3.3,3.3,397.0,397.0,1,0.0,0.0,6.142261525167244e-07
Kirby Heyborne,8,8,4,5.625,6.8,4968.0,17725.0,8,1.0,0.0003560603404961,1.3768633517195723e-05
Noah Danby,2,2,1,3.3,3.3,397.0,397.0,1,0.0,0.0,6.142261525167245e-07
Dick Cheney,2,2,1,8.3,8.3,7314.0,7314.0,2,0.0,0.0,0.000201736038193
Donald Rumsfeld,2,2,1,8.3,8.3,7314.0,7314.0,2,0.0,0.0,0.000201736038193
Austin Lyon,2,2,1,6.9,6.9,16645.0,16645.0,2,0.0,0.0,0.0015267804789413
Debrah Farentino,2,2,1,7.3,7.3,415.0,415.0,3,,0.0,0.0041869769784646
Manny Perez,4,4,2,7.1,7.3,2278.0,4359.0,3,12.0,4.6739346350241294e-05,0.0001891007119946
Jean-Hugues Anglade,4,4,2,6.5,6.5,14176.5,17322.0,4,8.0,3.607201952873882e-06,0.0018724269348793
Kate Magowan,2,2,1,7.4,7.4,16828.0,16828.0,4,0.0,0.0,4.230634823205806e-05
Paul Kaye,2,2,1,7.4,7.4,16828.0,16828.0,4,0.0,0.0,4.230634823205806e-05
Karl Collins,2,2,1,7.1,7.1,2081.0,2081.0,4,0.0,0.0,0.00246759707948
Chuck Zito,2,2,1,5.4,5.4,508.0,508.0,2,0.0,0.0,0.0009327959115067
Jansen Panettiere,2,2,1,4.8,4.8,1278.0,1278.0,3,0.0,0.0,1.234282471047557e-05
Charly Bivona,2,2,1,5.9,5.9,6223.0,6223.0,4,0.0,0.0,0.0020001423687462
Kent McCord,2,2,1,5.9,5.9,10182.0,10182.0,3,0.0,0.0,9.945667057865508e-05
Sarah Douglas,2,2,1,5.9,5.9,10182.0,10182.0,3,0.0,0.0,9.945667057865508e-05
Michelle Hurst,2,2,1,6.6,6.6,10282.0,10282.0,1,0.0,0.0,0.0004157287807591
Lorraine Stanley,4,4,2,6.9,7.0,32559.5,57811.0,4,2.0,3.055760770969666e-05,0.0027011021751082
Marlene Forte,4,4,2,5.550000000000001,5.7,1938.5,2895.0,4,2.0,8.883248583668094e-06,0.0027162432324003
Silvia Colloca,2,2,1,5.2,5.2,17296.0,17296.0,4,0.0,0.0,0.0005478857647108
Kenneth Nkosi,2,2,1,7.8,7.8,9689.0,9689.0,3,0.0,0.0,1.1504138481947349e-06
Robert Hobbs,2,2,1,7.8,7.8,9689.0,9689.0,3,0.0,0.0,1.1504138481947349e-06
Daniel Baldwin,2,2,1,5.5,5.5,9280.0,9280.0,5,0.0,0.0,5.155235412714874e-05
William Lee Scott,2,2,1,5.5,5.5,9280.0,9280.0,5,0.0,0.0,5.155235412714874e-05
Charlotte Rae,2,2,1,7.1,7.1,27646.0,27646.0,1,0.0,0.0,0.0007074650398052
Kathy Uyen,2,2,1,3.9,3.9,289.0,289.0,1,0.0,0.0,5.816333423416618e-05
Paul Sheehan,2,2,1,3.9,3.9,289.0,289.0,1,0.0,0.0,5.816333423416618e-05
Mario Cimarro,2,2,1,4.6,4.6,355.0,355.0,4,0.0,0.0,0.0001595220128179
Ricardo Chavira,2,2,1,4.6,4.6,355.0,355.0,4,0.0,0.0,0.0001595220128179
Mark Rolston,2,2,1,6.3,6.3,5182.0,5182.0,2,0.0,0.0,0.00274610342314
Sunil Narkar,2,2,1,6.6,6.6,4204.0,4204.0,1,0.0,0.0,0.0001304650018615
Kate Maberly,2,2,1,5.7,5.7,344.0,344.0,4,0.0,0.0,4.55652998067075e-06
Paul Williams,4,4,2,5.6,5.7,11554.0,22764.0,5,39.0,5.828932698688212e-05,9.6318840166963e-05
Karin Dor,2,2,1,6.0,6.0,952.0,952.0,2,0.0,0.0,0.0022299780128854
Lex Barker,2,2,1,6.0,6.0,952.0,952.0,2,0.0,0.0,0.0022299780128854
Jon Mack,2,2,1,5.7,5.7,3605.0,3605.0,2,0.0,0.0,0.0002934072458547
Josh Meyers,2,2,1,5.7,5.7,3605.0,3605.0,2,0.0,0.0,0.0002934072458547
Eddie Vedder,2,2,1,5.3,5.3,2242.0,2242.0,1,0.0,0.0,0.0001453079372824
Steve Earle,2,2,1,5.3,5.3,2242.0,2242.0,1,0.0,0.0,0.0001453079372824
David Lewis,2,2,1,5.2,5.2,2032.0,2032.0,2,0.0,0.0,7.377801496401294e-06
Mike 'The Miz' Mizanin,2,2,1,5.2,5.2,2032.0,2032.0,2,0.0,0.0,7.377801496401294e-06
Paul McGillion,4,6,3,6.3999999999999995,7.0,2852.0,3262.0,3,8.0,0.000262768605181,0.0001652811438817
Erik Palladino,2,2,1,7.0,7.0,118684.0,118684.0,3,0.0,0.0,0.0024729291137404
Ahmed Hassan,2,2,1,8.1,8.1,6678.0,6678.0,4,0.0,0.0,6.684350114638883e-08
Aida Elkashef,2,2,1,8.1,8.1,6678.0,6678.0,4,0.0,0.0,6.684350114638883e-08
Prabhudheva,2,2,1,6.4,6.4,5018.0,5018.0,2,0.0,0.0,4.74902684216616e-05
Remo,2,2,1,6.4,6.4,5018.0,5018.0,2,0.0,0.0,4.74902684216616e-05
Adam Ratcliffe,2,2,1,7.2,7.2,744.0,744.0,1,0.0,0.0,0.0006506075406774
Patrick Fabian,2,2,1,5.6,5.6,41509.0,41509.0,3,0.0,0.0,9.90625134317444e-05
Kim Hunter,4,4,2,7.6,8.0,40105.0,78454.0,3,1.0,4.958583471297115e-05,0.00201774633427
Ana Claudia Talancón,4,4,2,6.449999999999999,6.8,7158.0,11088.0,4,4.0,4.6739346350241294e-05,6.942116965944402e-05
Dwight Henry,2,2,1,7.3,7.3,70336.0,70336.0,2,0.0,0.0,0.0001306494302712
Gina Montana,2,2,1,7.3,7.3,70336.0,70336.0,2,0.0,0.0,0.0001306494302712
Claude Akins,2,2,1,5.5,5.5,22764.0,22764.0,2,0.0,0.0,9.57071062085899e-05
Donald Trump,2,2,1,6.6,6.6,13223.0,13223.0,2,0.0,0.0,0.0008938360611911
J.J. Abrams,2,2,1,6.6,6.6,13223.0,13223.0,2,0.0,0.0,0.0008938360611911
Alan Hale Jr.,2,2,1,7.0,7.0,25472.0,25472.0,1,0.0,0.0,0.002546346544826
Humphrey Bogart,4,4,2,7.9,8.6,194632.0,387508.0,5,10.0,6.067551817721544e-06,9.995623908465443e-05
Jim Backus,2,2,1,7.2,7.2,1756.0,1756.0,3,0.0,0.0,9.039915931720956e-05
Keenan Tracey,2,2,1,3.4,3.4,761.0,761.0,2,0.0,0.0,0.0005037590447576
Nicholas Carella,2,2,1,3.4,3.4,761.0,761.0,2,0.0,0.0,0.0005037590447576
Christian Keyes,2,2,1,5.4,5.4,686.0,686.0,2,0.0,0.0,0.0006128634906585
Armin Rohde,2,2,1,7.8,7.8,161471.0,161471.0,2,0.0,0.0,0.0001140100145972
Ludger Pistor,2,2,1,7.8,7.8,161471.0,161471.0,2,0.0,0.0,0.0001140100145972
Will Estes,2,2,1,6.7,6.7,26773.0,26773.0,2,0.0,0.0,0.000275579506825
CJ Adams,2,2,1,4.7,4.7,840.0,840.0,2,0.0,0.0,0.0010425839650542
Erin Pitt,2,2,1,4.7,4.7,840.0,840.0,2,0.0,0.0,0.0010425839650542
Gordon Jump,2,2,1,6.1,6.1,23268.0,23268.0,2,0.0,0.0,9.567979253190664e-05
John Randolph,2,2,1,6.1,6.1,23268.0,23268.0,2,0.0,0.0,9.567979253190664e-05
Daniel Franzese,2,2,1,6.3,6.3,56402.0,56402.0,2,0.0,0.0,0.0002735659181122
Sarah Butler,2,2,1,6.3,6.3,56402.0,56402.0,2,0.0,0.0,0.0002735659181122
Ally Walker,2,2,1,6.3,6.3,8697.0,8697.0,3,0.0,0.0,0.0003142057142429
Dean Andrews,2,2,1,6.8,6.8,16349.0,16349.0,2,0.0,0.0,0.0003050115562326
Natalie Press,2,2,1,6.8,6.8,16349.0,16349.0,2,0.0,0.0,0.0003050115562326
Nawazuddin Siddiqui,2,2,1,7.8,7.8,30479.0,30479.0,2,0.0,0.0,3.6906840090694296e-06
Ann Miller,2,2,1,8.0,8.0,17799.0,17799.0,3,0.0,0.0,2.0891934914570173e-05
Jean Arthur,4,4,2,8.1,8.2,47595.5,77392.0,3,1.0,2.3131297301676443e-06,4.823620417620594e-05
Ben Johnson,2,2,1,7.4,7.4,11920.0,11920.0,1,0.0,0.0,8.7594520134434e-06
Victor McLaglen,2,2,1,7.4,7.4,11920.0,11920.0,1,0.0,0.0,8.7594520134434e-06
Michael Welch,4,4,2,5.85,6.1,14256.0,25951.0,3,7.0,1.6869578422221823e-06,0.0009398839028589
Marla Gibbs,2,2,1,4.3,4.3,536.0,536.0,2,0.0,0.0,0.0005302935425406
Alejandro Furth,2,2,1,4.7,4.7,2621.0,2621.0,2,0.0,0.0,0.0005100710675707
Pixie Davies,2,2,1,4.7,4.7,2621.0,2621.0,2,0.0,0.0,0.0005100710675707
Cindy Williams,2,2,1,7.9,7.9,74651.0,74651.0,3,0.0,0.0,0.0034428452501445
Revathy,2,2,1,5.1,5.1,257.0,257.0,1,0.0,0.0,5.89031599950136e-05
Jean-Paul Belmondo,4,4,2,7.45,7.7,11888.5,19386.0,3,4.0,4.6739346350241294e-05,7.995457780763377e-05
Michel Bouquet,2,2,1,7.2,7.2,4391.0,4391.0,3,0.0,0.0,7.966217642929837e-05
Marisa Coughlan,2,2,1,5.4,5.4,1618.0,1618.0,2,0.0,0.0,0.0025832990068349
Justin Pierce,2,2,1,7.0,7.0,59041.0,59041.0,1,0.0,0.0,0.0019697597067037
Leo Fitzpatrick,2,2,1,7.0,7.0,59041.0,59041.0,1,0.0,0.0,0.0019697597067037
Matthew Ziff,6,6,3,6.199999999999999,9.1,398.6666666666667,606.0,3,4.0,0.0003033686337148,0.0005016067640756
Sam Medina,2,2,1,9.1,9.1,246.0,246.0,1,0.0,0.0,2.238057640456782e-05
T.J. Storm,2,2,1,9.1,9.1,246.0,246.0,1,0.0,0.0,2.238057640456782e-05
Philip Friedman,2,2,1,6.8,6.8,202800.0,202800.0,4,0.0,0.0,0.0014491914275278
Miguel Sandoval,2,2,1,6.9,6.9,25332.0,25332.0,4,0.0,0.0,0.0002571280646068
Ryan McDonald,2,2,1,6.7,6.7,9408.0,9408.0,1,0.0,0.0,0.0004524403340854
Salvator Xuereb,2,2,1,6.5,6.5,17322.0,17322.0,3,0.0,0.0,0.0014263789042631
Summer Phoenix,2,2,1,7.2,7.2,30314.0,30314.0,1,0.0,0.0,0.0019109110012946
Theresa Russell,2,2,1,7.2,7.2,30314.0,30314.0,1,0.0,0.0,0.0019109110012946
Jessy Schram,2,2,1,6.2,6.2,2963.0,2963.0,2,0.0,0.0,0.0003267707504092
Joel Murray,2,2,1,5.7,5.7,23349.0,23349.0,2,0.0,0.0,0.0007105852095133
Timothy Patrick Quill,2,2,1,6.3,6.3,21379.0,21379.0,2,0.0,0.0,0.000124820096971
Jim O'Heir,2,2,1,6.1,6.1,1351.0,1351.0,1,0.0,0.0,0.0003722472204649
Darren E. Burrows,2,2,1,6.0,6.0,1134.0,1134.0,3,0.0,0.0,0.0015033416680989
Jenny O'Hara,2,2,1,6.0,6.0,1134.0,1134.0,3,0.0,0.0,0.0015033416680989
Boyd Banks,4,4,2,6.050000000000001,6.7,11174.5,22212.0,5,6.0,0.000262768605181,0.0001121892198053
Georgina Reilly,3,4,2,6.2,6.7,11721.5,22212.0,3,4.0,1.043400875043e-06,0.0002169482497769
Jaime Zevallos,2,2,1,7.6,7.6,7.0,7.0,3,0.0,0.0,7.373690485370534e-05
Michael Elian,2,2,1,7.6,7.6,7.0,7.0,3,0.0,0.0,7.373690485370534e-05
Katrina Law,2,2,1,3.1,3.1,735.0,735.0,3,0.0,0.0,7.721390627424824e-05
Balthazar Getty,2,2,1,3.3,3.3,1547.0,1547.0,4,0.0,0.0,0.0006655502391413
Lydia Hearst,2,2,1,3.3,3.3,1547.0,1547.0,4,0.0,0.0,0.0006655502391413
Kiowa Gordon,2,2,1,3.6,3.6,133.0,133.0,3,0.0,0.0,0.000389912149068
Brigitte Bardot,2,2,1,5.5,5.5,1978.0,1978.0,1,0.0,0.0,5.630005085931755e-06
Christina Moore,2,2,1,4.8,4.8,162.0,162.0,1,0.0,0.0,0.0004016640216343
Cullen Douglas,2,2,1,4.8,4.8,162.0,162.0,1,0.0,0.0,0.0004016640216343
Laurent Poitrenaux,2,2,1,6.3,6.3,2082.0,2082.0,3,0.0,0.0,9.998782381575256e-05
Léa Drucker,2,2,1,6.3,6.3,2082.0,2082.0,3,0.0,0.0,9.998782381575256e-05
Angela Jones,2,2,1,6.9,6.9,330.0,330.0,2,0.0,0.0,0.0001979024601799
Jonathan Mangum,2,2,1,6.9,6.9,330.0,330.0,2,0.0,0.0,0.0001979024601799
Burgess Meredith,4,4,2,7.3,8.1,199107.5,375240.0,5,10.0,3.0093944785484945e-05,0.0032559388765822
Burt Ward,2,2,1,6.5,6.5,22975.0,22975.0,3,0.0,0.0,0.0001544130049626
Michael Douglas,1,1,1,7.3,7.3,3405.0,3405.0,4,,0.0,0.000240596088257
Paprika Steen,2,2,1,8.1,8.1,65951.0,65951.0,1,0.0,0.0,0.0003968715135022
Trine Dyrholm,2,2,1,8.1,8.1,65951.0,65951.0,1,0.0,0.0,0.0003968715135022
Kristen Cloke,2,2,1,7.7,7.7,6381.0,6381.0,2,,0.0,0.0001329572420779
Tucker Smallwood,2,2,1,7.7,7.7,6381.0,6381.0,2,,0.0,0.0001329572420779
Lenore Zann,2,2,1,4.3,4.3,1339.0,1339.0,2,0.0,0.0,0.0003723149780081
Tim Choate,2,2,1,4.3,4.3,1339.0,1339.0,2,0.0,0.0,0.0003723149780081
Samantha McLeod,2,2,1,3.3,3.3,1167.0,1167.0,3,0.0,0.0,4.837736527097933e-07
Uday Chopra,2,2,1,3.3,3.3,1167.0,1167.0,3,0.0,0.0,4.837736527097933e-07
Matt Crabtree,2,2,1,2.7,2.7,5579.0,5579.0,1,0.0,0.0,0.0002328155765133
Chloe Bridges,2,2,1,5.2,5.2,4866.0,4866.0,3,0.0,0.0,0.0005255328191656
Joan Fontaine,2,2,1,8.2,8.2,87424.0,87424.0,4,0.0,0.0,0.0007063791627582
Jenni Rivera,2,2,1,5.7,5.7,910.0,910.0,2,0.0,0.0,0.0011956773841786
Jorge Diaz,2,2,1,5.7,5.7,910.0,910.0,2,0.0,0.0,0.0011956773841786
Vic Mignogna,2,2,1,3.7,3.7,458.0,458.0,1,0.0,0.0,0.0003386053224121
Jean Peters,2,2,1,7.1,7.1,11047.0,11047.0,3,0.0,0.0,0.0001005687394778
Will Wright,2,2,1,7.1,7.1,11047.0,11047.0,3,0.0,0.0,0.0001005687394778
Barry Fitzgerald,2,2,1,7.8,7.8,15840.0,15840.0,2,0.0,0.0,9.567979253190664e-05
Walter Pidgeon,2,2,1,7.8,7.8,15840.0,15840.0,2,0.0,0.0,9.567979253190664e-05
Riley Keough,2,2,1,7.3,7.3,3282.0,3282.0,1,,0.0,0.0011664419778037
Elvis Nolasco,2,2,1,4.1,4.1,794.0,794.0,3,0.0,0.0,0.0007967643461107
Felicia Pearson,2,2,1,4.1,4.1,794.0,794.0,3,0.0,0.0,0.0007967643461107
Laura San Giacomo,2,2,1,7.2,7.2,37785.0,37785.0,1,0.0,0.0,0.0007615951626671
Steven Brill,2,2,1,7.2,7.2,37785.0,37785.0,1,0.0,0.0,0.0007615951626671
Ben Youcef,2,2,1,7.6,7.6,101.0,101.0,3,0.0,0.0,0.0003719180374294
Zuhair Haddad,2,2,1,7.6,7.6,101.0,101.0,3,0.0,0.0,0.0003719180374294
Randeep Hooda,2,2,1,7.4,7.4,19397.0,19397.0,3,0.0,0.0,3.895056147092563e-06
Jerry Mathers,2,2,1,7.2,7.2,24891.0,24891.0,3,0.0,0.0,5.182403095312299e-06
Gale Sondergaard,2,2,1,6.5,6.5,1047.0,1047.0,3,0.0,0.0,1.646780303083511e-11
Nigel Bruce,2,2,1,6.5,6.5,1047.0,1047.0,3,0.0,0.0,1.646780303083511e-11
Spring Byington,4,4,2,6.8,7.1,2232.5,3418.0,7,4.0,0.000262768605181,3.5078266012402086e-10
Enzo Petito,2,2,1,8.9,8.9,503509.0,503509.0,1,0.0,0.0,0.0014934406853498
Luigi Pistilli,2,2,1,8.9,8.9,503509.0,503509.0,1,0.0,0.0,0.0014934406853498
Eric Lange,2,2,1,6.0,6.0,2582.0,2582.0,2,0.0,0.0,0.0001971054928889
Marshall Allman,2,2,1,6.0,6.0,2582.0,2582.0,2,0.0,0.0,0.0001971054928889
Jim Cody Williams,2,2,1,6.1,6.1,2953.0,2953.0,3,0.0,0.0,0.0004257924041894
Rich Ceraulo,2,2,1,3.8,3.8,9560.0,9560.0,1,0.0,0.0,3.877888394566297e-05
Errol Flynn,2,2,1,7.1,7.1,3418.0,3418.0,4,0.0,0.0,3.4915733299463035e-10
Kristin Booth,2,2,1,4.5,4.5,652.0,652.0,1,0.0,0.0,3.039732874102253e-05
Michael Eisner,2,2,1,4.5,4.5,652.0,652.0,1,0.0,0.0,3.039732874102253e-05
Brittney Powell,2,2,1,6.2,6.2,5061.0,5061.0,3,0.0,0.0,0.0004161901112923
Sabrina Carmichael,2,2,1,4.6,4.6,742.0,742.0,1,0.0,0.0,0.0002238550213689
George Newton,2,2,1,7.7,7.7,39929.0,39929.0,3,0.0,0.0,0.0003317439408568
Susan Tyrrell,2,2,1,5.9,5.9,1324.0,1324.0,4,0.0,0.0,3.7320320929158327e-06
Eva Bourne,2,2,1,6.1,6.1,6555.0,6555.0,2,0.0,0.0,4.1264331245864725e-05
Marilyn Norry,2,2,1,6.1,6.1,6555.0,6555.0,2,0.0,0.0,4.1264331245864725e-05
Matthew R. Anderson,2,2,1,3.0,3.0,737.0,737.0,3,0.0,0.0,0.0001010066425492
Conrad Veidt,2,2,1,8.6,8.6,387508.0,387508.0,3,0.0,0.0,1.3648809666791665e-05
Jesse Vint,2,2,1,6.7,6.7,20678.0,20678.0,2,0.0,0.0,0.0012099846725858
Christopher Abbott,3,4,2,5.9,6.9,20468.5,40425.0,3,3.0,0.0,0.0004080606694329
Gitte Witt,2,2,1,4.9,4.9,512.0,512.0,1,0.0,0.0,0.0002123876601876
Hugh Griffith,2,2,1,6.8,6.8,8508.0,8508.0,3,0.0,0.0,0.0012128757820066
Heather Sossaman,2,2,1,5.7,5.7,44329.0,44329.0,3,0.0,0.0,5.883664863585015e-05
Renee Olstead,2,2,1,5.7,5.7,44329.0,44329.0,3,0.0,0.0,5.883664863585015e-05
Jack Lord,2,2,1,7.3,7.3,116642.0,116642.0,3,0.0,0.0,3.557656117722121e-05
Ursula Andress,2,2,1,7.3,7.3,116642.0,116642.0,3,0.0,0.0,3.557656117722121e-05
Paul Borghese,2,2,1,7.4,7.4,36321.0,36321.0,3,0.0,0.0,0.0005781812579418
Claudiu Trandafir,2,2,1,4.2,4.2,30570.0,30570.0,1,0.0,0.0,0.0002560955612842
Fernanda Andrade,2,2,1,4.2,4.2,30570.0,30570.0,1,0.0,0.0,0.0002560955612842
Cynthia Myers,2,2,1,6.2,6.2,7584.0,7584.0,3,0.0,0.0,0.0004607996295194
Harrison Page,2,2,1,6.2,6.2,7584.0,7584.0,3,0.0,0.0,0.0004607996295194
Al Gore,1,1,1,7.5,7.5,67654.0,67654.0,1,0.0,0.0,5.47221056753418e-06
Magda Apanowicz,2,2,1,5.4,5.4,21468.0,21468.0,2,0.0,0.0,0.0004383342919884
Alex Lawther,2,2,1,7.0,7.0,162.0,162.0,3,0.0,0.0,4.968753519995407e-06
Niamh Cusack,2,2,1,7.0,7.0,162.0,162.0,3,0.0,0.0,4.968753519995407e-06
Rhea Perlman,2,2,1,7.2,7.2,36381.0,36381.0,4,0.0,0.0,7.767024013123791e-05
Jason Burkey,2,2,1,6.8,6.8,6110.0,6110.0,1,0.0,0.0,3.3224373675238444e-06
Robert Amaya,2,2,1,6.8,6.8,6110.0,6110.0,1,0.0,0.0,3.3224373675238444e-06
Kathleen Rose Perkins,2,2,1,6.8,6.8,31254.0,31254.0,2,0.0,0.0,0.0013496599492315
Julia Garner,2,2,1,6.9,6.9,40425.0,40425.0,3,0.0,0.0,0.0002123876601876
Jake Lacy,2,2,1,6.8,6.8,16594.0,16594.0,2,0.0,0.0,0.0004354263687367
Jenny Slate,2,2,1,6.8,6.8,16594.0,16594.0,2,0.0,0.0,0.0004354263687367
Michael O'Keefe,2,2,1,7.2,7.2,21746.0,21746.0,2,0.0,0.0,2.570633879422618e-05
Misty Upham,2,2,1,7.2,7.2,21746.0,21746.0,2,0.0,0.0,2.570633879422618e-05
Lou Adler,2,2,1,7.4,7.4,9540.0,9540.0,2,0.0,0.0,1.4105305412304614e-05
Merry Clayton,2,2,1,7.4,7.4,9540.0,9540.0,2,0.0,0.0,1.4105305412304614e-05
Angel David,2,2,1,5.6,5.6,5933.0,5933.0,2,0.0,0.0,0.0046639146695121
Natasha Gregson Wagner,4,4,2,5.55,5.6,3113.5,5933.0,3,0.0,1.1343351473010968e-05,0.0053281106021031
Colette Divine,2,2,1,7.7,7.7,11283.0,11283.0,1,0.0,0.0,0.0004613627980015
Phyllis Diller,2,2,1,7.7,7.7,11283.0,11283.0,1,0.0,0.0,0.0004613627980015
Ella Joyce,2,2,1,7.2,7.2,38893.0,38893.0,3,0.0,0.0,0.0004873979843944
Bonz Malone,2,2,1,7.2,7.2,1976.0,1976.0,1,0.0,0.0,0.0001445055582788
Saul Williams,2,2,1,7.2,7.2,1976.0,1976.0,1,0.0,0.0,0.0001445055582788
Frank Gerrish,4,4,2,6.45,7.2,540.5,983.0,4,2.0,4.6739346350241294e-05,0.0002881760650791
Rick Macy,2,2,1,7.2,7.2,983.0,983.0,3,0.0,0.0,0.0002871229697428
Dian Bachar,2,2,1,6.2,6.2,30396.0,30396.0,2,0.0,0.0,0.0001237425409801
Matt Stone,2,2,1,6.2,6.2,30396.0,30396.0,2,0.0,0.0,0.0001237425409801
Olivia Crocicchia,2,2,1,6.3,6.3,19752.0,19752.0,1,0.0,0.0,0.0054919166789349
Steven Yeun,2,2,1,7.3,7.3,75633.0,75633.0,3,0.0,0.0,7.414528155835133e-05
Venida Evans,2,2,1,7.3,7.3,75633.0,75633.0,3,0.0,0.0,7.414528155835133e-05
Alex Gibney,2,2,1,7.7,7.7,10564.0,10564.0,3,0.0,0.0,0.0002236169516182
Greg D'Agostino,2,2,1,7.7,7.7,10564.0,10564.0,3,0.0,0.0,0.0002236169516182
Melissa Gilbert,2,2,1,5.7,5.7,455.0,455.0,2,0.0,0.0,0.0009936873136275
Raquel Elizabeth Ames,2,2,1,5.6,5.6,606.0,606.0,2,0.0,0.0,4.570470673186151e-05
Lena Dunham,10,10,5,6.0200000000000005,6.4,15100.6,30160.0,4,5.0,0.0002940905381055,0.0032865962314116
James Gunn,2,2,1,6.0,6.0,1938.0,1938.0,4,0.0,0.0,0.0029868303572774
Jonathon Trent,2,2,1,6.1,6.1,3228.0,3228.0,3,0.0,0.0,3.100536885658685e-06
Jordana Spiro,2,2,1,6.1,6.1,3228.0,3228.0,3,0.0,0.0,3.100536885658685e-06
Alexia Rasmussen,2,2,1,5.5,5.5,1048.0,1048.0,2,0.0,0.0,0.0001554544473699
Meredith Hagner,2,2,1,5.5,5.5,1048.0,1048.0,2,0.0,0.0,0.0001554544473699
Ian Bohen,2,2,1,6.9,6.9,4862.0,4862.0,3,0.0,0.0,0.0025437506277074
Paul Blackthorne,2,2,1,6.9,6.9,4862.0,4862.0,3,0.0,0.0,0.0025437506277074
Jesse Hutch,2,2,1,4.1,4.1,783.0,783.0,2,0.0,0.0,0.0003354773728008
Mariel Hemingway,2,2,1,4.1,4.1,783.0,783.0,2,0.0,0.0,0.0003354773728008
Heather Bucha,2,2,1,5.4,5.4,480.0,480.0,2,0.0,0.0,0.0001657522940512
Ilene Graff,2,2,1,6.7,6.7,9190.0,9190.0,2,0.0,0.0,4.630067771632579e-07
Laura Breckenridge,2,2,1,6.7,6.7,9190.0,9190.0,2,0.0,0.0,4.630067771632579e-07
James Eckhouse,2,2,1,6.2,6.2,1420.0,1420.0,3,0.0,0.0,7.942326016029211e-05
Nicole Randall Johnson,2,2,1,6.2,6.2,1420.0,1420.0,3,0.0,0.0,7.942326016029211e-05
Alicia Ziegler,2,2,1,2.8,2.8,1612.0,1612.0,1,0.0,0.0,2.5363548069894987e-05
Lauren C. Mayhew,2,2,1,2.8,2.8,1612.0,1612.0,1,0.0,0.0,2.5363548069894987e-05
Louise Sorel,2,2,1,7.3,7.3,340.0,340.0,1,0.0,0.0,0.0001771943067832
Janet Hubert,2,2,1,5.8,5.8,275.0,275.0,1,0.0,0.0,0.0011923451244336
Diane Venora,2,2,1,6.1,6.1,33.0,33.0,1,0.0,0.0,0.0008259343066326
Maureen McCormick,2,2,1,2.2,2.2,634.0,634.0,1,0.0,0.0,8.385218158389871e-05
Tim Abell,4,4,2,2.2,2.2,463.0,634.0,4,3.0,4.6739346350241294e-05,8.415999402127292e-05
Chrystee Pharris,2,2,1,3.4,3.4,293.0,293.0,2,0.0,0.0,3.541294357162595e-06
Sticky Fingaz,2,2,1,3.4,3.4,293.0,293.0,2,0.0,0.0,3.541294357162595e-06
Randy Jay Burrell,4,4,2,3.9,4.0,76.5,93.0,4,2.0,1.935242720553936e-05,0.0013738059738855
Anslem Richardson,2,2,1,4.7,4.7,6531.0,6531.0,2,0.0,0.0,4.663242396990575e-05
Jay Paulson,2,2,1,4.7,4.7,6531.0,6531.0,2,0.0,0.0,4.663242396990575e-05
Chloe Rose,2,2,1,5.4,5.4,137.0,137.0,3,0.0,0.0,5.004339946815462e-06
Kristian Bruun,2,2,1,5.4,5.4,137.0,137.0,3,0.0,0.0,5.004339946815462e-06
Angelina Armani,2,2,1,5.2,5.2,6256.0,6256.0,1,0.0,0.0,0.0001071238009531
Fiona Dourif,2,2,1,5.2,5.2,6256.0,6256.0,1,0.0,0.0,0.0001071238009531
Justin Baldoni,2,2,1,5.3,5.3,207.0,207.0,1,0.0,0.0,0.0002179504892631
Claire Bloom,2,2,1,7.1,7.1,4998.0,4998.0,3,0.0,0.0,5.3075183021403394e-05
Michael McMillian,2,2,1,5.5,5.5,6265.0,6265.0,2,0.0,0.0,2.166723390797974e-05
Monique Candelaria,2,2,1,5.5,5.5,6265.0,6265.0,2,0.0,0.0,2.166723390797974e-05
Bruno Campos,2,2,1,5.9,5.9,954.0,954.0,1,,0.0,8.583500970628828e-05
David DeLuise,2,2,1,5.9,5.9,954.0,954.0,1,,0.0,8.583500970628828e-05
Gia Mantegna,2,2,1,6.0,6.0,7870.0,7870.0,1,0.0,0.0,0.0002353866855644
Brian Dorton,2,2,1,7.3,7.3,139.0,139.0,1,0.0,0.0,1.9979638432652725e-05
Ahna O'Reilly,2,2,1,7.5,7.5,53919.0,53919.0,3,0.0,0.0,1.8112205848385164e-05
Ariana Neal,2,2,1,7.5,7.5,53919.0,53919.0,3,0.0,0.0,1.8112205848385164e-05
Adam Carolla,2,2,1,7.3,7.3,5489.0,5489.0,3,0.0,0.0,6.244699960999277e-05
Rian Bishop,2,2,1,7.3,7.3,5489.0,5489.0,3,0.0,0.0,6.244699960999277e-05
Janel Parrish,2,2,1,6.7,6.7,24391.0,24391.0,3,0.0,0.0,0.0005715800999617
D. David Morin,4,4,2,6.35,7.1,3162.5,4583.0,3,7.0,2.9253768432155864e-05,4.6507898549954495e-05
Hal Linden,2,2,1,5.6,5.6,1742.0,1742.0,3,0.0,0.0,2.320588278684316e-06
Johnny Harris,2,2,1,7.0,7.0,7308.0,7308.0,3,0.0,0.0,0.0001279500242948
Christopher Berry,2,2,1,4.9,4.9,2706.0,2706.0,4,0.0,0.0,0.0004730477022452
Michelle Tabora,2,2,1,4.9,4.9,2706.0,2706.0,4,0.0,0.0,0.0004730477022452
Tommy O'Reilly,2,2,1,3.2,3.2,169.0,169.0,2,0.0,0.0,0.0001162465301477
Christina Vidal,2,2,1,7.5,7.5,26513.0,26513.0,2,0.0,0.0,0.000239709437688
Ken Leung,2,2,1,7.5,7.5,26513.0,26513.0,2,0.0,0.0,0.000239709437688
Judy Marte,4,4,2,7.050000000000001,7.2,2673.0,4743.0,2,2.0,0.000262768605181,1.8181802413350386e-05
Victor Rasuk,2,2,1,7.2,7.2,4743.0,4743.0,2,0.0,0.0,1.811519065613024e-05
Diane Baker,2,2,1,7.4,7.4,59.0,59.0,1,0.0,0.0,0.0015421783822038
Melora Walters,2,2,1,7.4,7.4,59.0,59.0,1,0.0,0.0,0.0015421783822038
Zachary Knighton,2,2,1,7.2,7.2,3480.0,3480.0,3,0.0,0.0,7.521595518542117e-05
Arly Jover,2,2,1,4.2,4.2,122.0,122.0,1,0.0,0.0,0.0010531880890829
Corbin Allred,2,2,1,6.8,6.8,17725.0,17725.0,4,0.0,0.0,1.3617657672610789e-05
Mackenzie Phillips,2,2,1,7.5,7.5,63839.0,63839.0,3,0.0,0.0,0.0030529146407322
Isaac C. Singleton Jr.,2,2,1,7.5,7.5,3543.0,3543.0,2,0.0,0.0,0.0004576773887307
Jeanette Branch,2,2,1,7.5,7.5,3543.0,3543.0,2,0.0,0.0,0.0004576773887307
Jake Ryan,2,2,1,5.5,5.5,27260.0,27260.0,1,0.0,0.0,0.0001465924524909
Pat Healy,2,2,1,5.5,5.5,27260.0,27260.0,1,0.0,0.0,0.0001465924524909
Dominique Sanda,2,2,1,8.1,8.1,17813.0,17813.0,1,0.0,0.0,1.4039664207592402e-05
Stefania Sandrelli,2,2,1,8.1,8.1,17813.0,17813.0,1,0.0,0.0,1.4039664207592402e-05
Nichola Burley,2,2,1,5.2,5.2,9376.0,9376.0,4,0.0,0.0,8.141789576245563e-05
Whitney Able,4,4,2,6.0,6.4,50810.0,75669.0,4,4.0,1.4216472124710058e-06,0.0010450267063785
Walter Masterson,2,2,1,7.2,7.2,8509.0,8509.0,2,0.0,0.0,4.1741325884760704e-05
Jeff Lima,2,2,1,7.2,7.2,70885.0,70885.0,1,0.0,0.0,0.0019946609414236
Akima,2,2,1,6.5,6.5,103.0,103.0,1,0.0,0.0,0.0002810416320518
Max Gail,2,2,1,6.5,6.5,103.0,103.0,1,0.0,0.0,0.0002810416320518
Chenoa Maxwell,2,2,1,6.5,6.5,819.0,819.0,1,0.0,0.0,6.988439683585572e-05
Robinne Lee,2,2,1,6.5,6.5,819.0,819.0,1,0.0,0.0,6.988439683585572e-05
Danielle Savre,2,2,1,4.9,4.9,514.0,514.0,3,0.0,0.0,0.0001827249142302
Steffinnie Phrommany,4,4,2,4.6,4.9,269.0,514.0,4,0.0,0.000262768605181,0.0001833943155044
Richard Curtis,2,2,1,7.4,7.4,474.0,474.0,1,0.0,0.0,7.48740667642752e-05
Dave Fennoy,2,2,1,7.4,7.4,5.0,5.0,1,0.0,0.0,0.0012691717638748
Karolina Wydra,2,2,1,5.4,5.4,3699.0,3699.0,4,0.0,0.0,0.0003325109523759
Madison Lintz,2,2,1,5.4,5.4,3699.0,3699.0,4,0.0,0.0,0.0003325109523759
Lorraine Ziff,2,2,1,3.9,3.9,344.0,344.0,2,0.0,0.0,0.0004746141418132
Cynthia Watros,2,2,1,5.6,5.6,448.0,448.0,3,0.0,0.0,0.0004832187936249
David A.R. White,2,2,1,5.6,5.6,448.0,448.0,3,0.0,0.0,0.0004832187936249
Brent David Fraser,2,2,1,6.6,6.6,531.0,531.0,1,0.0,0.0,0.0004393560678075
Angela Nordeng,2,2,1,6.3,6.3,85.0,85.0,2,0.0,0.0,0.0001595220128179
Exie Booker,2,2,1,6.3,6.3,85.0,85.0,2,0.0,0.0,0.0001595220128179
Lymari Nadal,2,2,1,8.0,8.0,6.0,6.0,3,0.0,0.0,0.0001304696359462
Félix Moati,2,2,1,7.2,7.2,389.0,389.0,2,0.0,0.0,0.0001260049205133
Marianne Denicourt,2,2,1,7.2,7.2,389.0,389.0,2,0.0,0.0,0.0001260049205133
John Brodsky,2,2,1,4.5,4.5,719.0,719.0,1,0.0,0.0,0.0004165618497629
George Harrison,2,2,1,7.7,7.7,31429.0,31429.0,2,0.0,0.0,7.335720527271978e-06
Paul McCartney,2,2,1,7.7,7.7,31429.0,31429.0,2,0.0,0.0,7.335720527271978e-06
Ringo Starr,4,4,2,7.949999999999999,8.2,22020.0,31429.0,4,14.0,4.664586765754081e-05,0.000164386945235
Erin Bethea,4,4,2,6.6,6.7,14733.5,17068.0,3,2.0,4.6739346350241294e-05,1.6541864268823678e-06
Ken Bevel,2,2,1,6.5,6.5,17068.0,17068.0,2,0.0,0.0,7.396358048142855e-08
Kirk Cameron,2,2,1,6.5,6.5,17068.0,17068.0,2,0.0,0.0,7.396358048142855e-08
Abby Elliott,2,2,1,5.4,5.4,1305.0,1305.0,1,0.0,0.0,0.0003308099681434
Hoke Howell,2,2,1,5.9,5.9,3274.0,3274.0,2,0.0,0.0,4.1081064873184e-06
Tiffany Bolling,2,2,1,5.9,5.9,3274.0,3274.0,2,0.0,0.0,4.1081064873184e-06
Bob Dole,2,2,1,7.4,7.4,3394.0,3394.0,1,0.0,0.0,1.3036860641292035e-05
Ken Burns,2,2,1,7.4,7.4,3394.0,3394.0,1,0.0,0.0,1.3036860641292035e-05
Daryn Tufts,2,2,1,6.4,6.4,1099.0,1099.0,3,0.0,0.0,6.142261525167244e-07
Lincoln Hoppe,2,2,1,6.4,6.4,1099.0,1099.0,3,0.0,0.0,6.142261525167244e-07
Jason Kravits,2,2,1,6.8,6.8,154.0,154.0,1,0.0,0.0,7.628339813803017e-06
Peter Riegert,2,2,1,6.8,6.8,154.0,154.0,1,0.0,0.0,7.628339813803017e-06
Ari Gold,2,2,1,6.5,6.5,3562.0,3562.0,2,0.0,0.0,7.110670874506716e-06
Denny Kirkwood,2,2,1,6.5,6.5,3562.0,3562.0,2,0.0,0.0,7.110670874506716e-06
Big Budah,2,2,1,6.0,6.0,651.0,651.0,3,0.0,0.0,6.142261525167244e-07
Curt Doussett,2,2,1,6.0,6.0,651.0,651.0,3,0.0,0.0,6.142261525167244e-07
William Katt,4,4,2,7.65,8.0,66639.0,129799.0,3,8.0,4.566358156800445e-06,0.0012485185109766
Ti West,2,2,1,6.1,6.1,45928.0,45928.0,3,0.0,0.0,0.0041183092909469
Nick Cave,2,2,1,5.8,5.8,3013.0,3013.0,3,0.0,0.0,0.0077235362930186
Tina Louise,2,2,1,5.8,5.8,3013.0,3013.0,3,0.0,0.0,0.0077235362930186
Jake Sandvig,2,2,1,6.2,6.2,1656.0,1656.0,1,0.0,0.0,0.0002184834107515
Joe McQueen,2,2,1,6.2,6.2,1656.0,1656.0,1,0.0,0.0,0.0002184834107515
Cecelia Antoinette,2,2,1,5.8,5.8,26185.0,26185.0,3,0.0,0.0,5.394268914292499e-05
Eddie Spears,2,2,1,6.1,6.1,2004.0,2004.0,2,0.0,0.0,0.0038842075095608
Ricky Catter,2,2,1,6.4,6.4,75669.0,75669.0,3,0.0,0.0,0.0005020786911918
Ann Dowd,2,2,1,6.5,6.5,739.0,739.0,1,0.0,0.0,0.0001456518250923
Matthew Cowles,2,2,1,6.5,6.5,739.0,739.0,1,0.0,0.0,0.0001456518250923
Max Adler,2,2,1,4.6,4.6,2038.0,2038.0,2,0.0,0.0,0.0002127621932802
Stafford Douglas,2,2,1,6.4,6.4,15756.0,15756.0,2,0.0,0.0,0.0020263984578228
Mike Beckingham,2,2,1,2.2,2.2,292.0,292.0,3,0.0,0.0,3.7556139349764782e-06
Tom Stedham,2,2,1,2.2,2.2,292.0,292.0,3,0.0,0.0,3.7556139349764782e-06
Christopher Denham,4,4,2,6.65,6.7,10400.0,15775.0,4,0.0,0.0004024257720755,8.448535519823288e-05
Christian Alvarez,2,2,1,6.9,6.9,197.0,197.0,2,0.0,0.0,8.435510724738972e-06
Claudette Lalí,2,2,1,6.9,6.9,197.0,197.0,2,0.0,0.0,8.435510724738972e-06
Vincent De Paul,2,2,1,4.0,4.0,60.0,60.0,3,0.0,0.0,8.955473441637863e-05
Terrance Zdunich,2,2,1,7.4,7.4,259.0,259.0,2,0.0,0.0,0.0009766232914188
Mark Torgl,2,2,1,6.2,6.2,19253.0,19253.0,4,0.0,0.0,0.0001305516830623
Pat Ryan,2,2,1,6.2,6.2,19253.0,19253.0,4,0.0,0.0,0.0001305516830623
George T. Odom,2,2,1,5.9,5.9,475.0,475.0,2,0.0,0.0,8.513819065201743e-05
Matty Rich,2,2,1,5.9,5.9,475.0,475.0,2,0.0,0.0,8.513819065201743e-05
Nicholas Farrell,2,2,1,7.7,7.7,19732.0,19732.0,3,0.0,0.0,0.0003049592810696
Tim Pigott-Smith,2,2,1,7.7,7.7,19732.0,19732.0,3,0.0,0.0,0.0003049592810696
Dennis L.A. White,2,2,1,4.3,4.3,53.0,53.0,1,0.0,0.0,1.6238226735440335e-05
Luis Sanchez,2,2,1,4.3,4.3,53.0,53.0,1,0.0,0.0,1.6238226735440335e-05
Cheyenne Jackson,2,2,1,6.8,6.8,64.0,64.0,2,0.0,0.0,8.601609110952665e-06
Jennifer Lafleur,4,4,2,6.4,6.8,1785.5,3507.0,4,5.0,4.6739346350241294e-05,0.0001928507689386
Michael Stahl-David,2,2,1,6.8,6.8,64.0,64.0,2,0.0,0.0,8.601609110952663e-06
Frida Hallgren,2,2,1,7.6,7.6,13543.0,13543.0,4,0.0,0.0,0.0002443955703595
Nils-Anders Vallgårda,2,2,1,7.6,7.6,13543.0,13543.0,4,0.0,0.0,0.0002443955703595
Amy Hargreaves,2,2,1,7.1,7.1,42678.0,42678.0,3,0.0,0.0,0.0005301876650867
Eve Plumb,2,2,1,7.1,7.1,42678.0,42678.0,3,0.0,0.0,0.0005301876650867
Amber Armstrong,2,2,1,6.3,6.3,184824.0,184824.0,1,0.0,0.0,3.99665363594828e-08
Ashley Palmer,2,2,1,6.3,6.3,184824.0,184824.0,1,0.0,0.0,3.99665363594828e-08
Terry Jones,2,2,1,8.3,8.3,382240.0,382240.0,3,0.0,0.0,0.0007523048262673
Alicia Sixtos,2,2,1,7.1,7.1,3675.0,3675.0,1,0.0,0.0,1.4036847859619534e-05
Emily Rios,2,2,1,7.1,7.1,3675.0,3675.0,1,0.0,0.0,1.4036847859619534e-05
Alex Sanborn,2,2,1,5.4,5.4,143.0,143.0,2,0.0,0.0,5.623586292189474e-05
Paul Elia,2,2,1,5.4,5.4,143.0,143.0,2,0.0,0.0,5.623586292189474e-05
Michelle Krusiec,2,2,1,6.1,6.1,140740.0,140740.0,2,0.0,0.0,0.0015424425587646
Desmond Askew,2,2,1,5.8,5.8,191.0,191.0,4,0.0,0.0,3.956300435404291e-06
R. Brandon Johnson,4,4,2,5.449999999999999,5.8,1302.0,2413.0,5,1.0,4.6739346350241294e-05,3.970852128031421e-06
Gabriel Hogan,2,2,1,6.0,6.0,369.0,369.0,2,0.0,0.0,0.0001384057595244
Mae Marsh,2,2,1,8.0,8.0,10718.0,10718.0,3,0.0,0.0,4.499339422444687e-06
Walter Long,2,2,1,8.0,8.0,10718.0,10718.0,3,0.0,0.0,4.499339422444687e-06
DeForest Kelley,2,2,1,7.0,7.0,4407.0,4407.0,1,0.0,0.0,9.548868859694996e-05
James Doohan,2,2,1,7.0,7.0,4407.0,4407.0,1,0.0,0.0,9.548868859694996e-05
Betsy Baker,2,2,1,7.6,7.6,141219.0,141219.0,2,0.0,0.0,0.000123790404916
Tracy Spiridakos,2,2,1,6.7,6.7,72017.0,72017.0,4,,0.0,0.0010723796333818
Alan Hale,2,2,1,8.2,8.2,64888.0,64888.0,2,0.0,0.0,1.7897222887409532e-06
Walter Connolly,2,2,1,8.2,8.2,64888.0,64888.0,2,0.0,0.0,1.7897222887409532e-06
James Cagney,2,2,1,8.0,8.0,7687.0,7687.0,3,0.0,0.0,9.056830764859769e-06
Todd Bridges,2,2,1,8.0,8.0,7687.0,7687.0,3,0.0,0.0,9.056830764859769e-06
Jane Bradbury,2,2,1,6.9,6.9,2843.0,2843.0,2,0.0,0.0,2.003380107253938e-07
Simon Abkarian,2,2,1,6.9,6.9,2843.0,2843.0,2,0.0,0.0,2.003380107253938e-07
Daniel London,2,2,1,6.7,6.7,4423.0,4423.0,1,0.0,0.0,3.346859435579896e-07
Lucy,3,4,2,6.9,7.1,8332.0,12241.0,1,2.0,0.0001197228356761,3.916072528569785e-06
Will Oldham,3,4,2,6.9,7.1,8332.0,12241.0,1,2.0,0.0001197228356761,3.916072528569785e-06
Anna Karina,2,2,1,7.7,7.7,19386.0,19386.0,3,0.0,0.0,3.567548770828869e-06
Graziella Galvani,2,2,1,7.7,7.7,19386.0,19386.0,3,0.0,0.0,3.567548770828869e-06
Ivan Dixon,2,2,1,8.1,8.1,891.0,891.0,2,0.0,0.0,0.001012613768916
Eli Marienthal,2,2,1,5.5,5.5,294.0,294.0,2,0.0,0.0,0.0008824411025044
Christina Chambers,2,2,1,6.6,6.6,720.0,720.0,2,0.0,0.0,1.8123949567696733e-05
Don Wallace,2,2,1,6.6,6.6,720.0,720.0,2,0.0,0.0,1.8123949567696733e-05
Joanna Cassidy,2,2,1,7.2,7.2,95.0,95.0,3,0.0,0.0,4.8993947165141325e-05
Ryan Carnes,2,2,1,7.2,7.2,95.0,95.0,3,0.0,0.0,4.8993947165141325e-05
Vanna White,2,2,1,4.5,4.5,1905.0,1905.0,2,0.0,0.0,1.95929787579008e-05
Ahmed Best,2,2,1,6.4,6.4,4550.0,4550.0,6,0.0,0.0,0.0004134732419191
James McCaffrey,2,2,1,6.4,6.4,24668.0,24668.0,4,0.0,0.0,0.0003058670991774
Raven Goodwin,2,2,1,6.9,6.9,6041.0,6041.0,3,0.0,0.0,0.000544933855312
Hector Echavarria,2,2,1,4.3,4.3,30.0,30.0,5,0.0,0.0,8.01849181235427e-06
Ron Roggé,2,2,1,4.3,4.3,30.0,30.0,5,0.0,0.0,8.01849181235427e-06
Stephanie Berry,2,2,1,6.5,6.5,3513.0,3513.0,3,0.0,0.0,9.609243968938836e-05
Chris Weitz,2,2,1,6.6,6.6,4662.0,4662.0,2,0.0,0.0,0.0001675077663392
Matt Day,2,2,1,6.4,6.4,1727.0,1727.0,2,0.0,0.0,0.0015957534142112
Amir Talai,2,2,1,5.5,5.5,2787.0,2787.0,3,0.0,0.0,0.0001522277761896
Charlie Bewley,2,2,1,6.7,6.7,46813.0,46813.0,2,0.0,0.0,0.0028194375706154
Finola Hughes,2,2,1,6.7,6.7,46813.0,46813.0,2,0.0,0.0,0.0028194375706154
Clint Jung,2,2,1,4.3,4.3,24.0,24.0,1,0.0,0.0,8.177112231824494e-06
Marshal Hilton,2,2,1,4.3,4.3,24.0,24.0,1,0.0,0.0,8.177112231824494e-06
Gus Van Sant,2,2,1,3.9,3.9,8511.0,8511.0,2,0.0,0.0,0.0002481383190708
James Deen,2,2,1,3.9,3.9,8511.0,8511.0,2,0.0,0.0,0.0002481383190708
James Norton,2,2,1,8.5,8.5,12848.0,12848.0,2,,0.0,0.0013730915575556
Sarah Lancashire,2,2,1,8.5,8.5,12848.0,12848.0,2,,0.0,0.0013730915575556
Dominic Colón,2,2,1,6.9,6.9,603.0,603.0,1,0.0,0.0,8.117438719797957e-07
Flaco Navaja,2,2,1,6.9,6.9,603.0,603.0,1,0.0,0.0,8.117438719797957e-07
Pollyanna McIntosh,2,2,1,6.9,6.9,70076.0,70076.0,2,0.0,0.0,0.0004468880960389
Samantha Buck,2,2,1,6.3,6.3,336.0,336.0,1,0.0,0.0,8.416124130627514e-05
Terumi Matthews,2,2,1,6.3,6.3,336.0,336.0,1,0.0,0.0,8.416124130627514e-05
Debra Lynn Hull,2,2,1,2.5,2.5,602.0,602.0,2,0.0,0.0,2.95947744789753e-05
Mark Hengst,2,2,1,2.5,2.5,602.0,602.0,2,0.0,0.0,2.95947744789753e-05
Kirsten Collins,2,2,1,5.7,5.7,300.0,300.0,1,0.0,0.0,0.0003645593400963
Lorne Cardinal,2,2,1,5.7,5.7,300.0,300.0,1,0.0,0.0,0.0003645593400963
Stuart Whitman,2,2,1,4.5,4.5,870.0,870.0,2,0.0,0.0,0.0007063210349762
Brit Morgan,2,2,1,4.4,4.4,1488.0,1488.0,2,0.0,0.0,1.3761669974489513e-06
Sedona James,2,2,1,4.4,4.4,1488.0,1488.0,2,0.0,0.0,1.3761669974489513e-06
Jacob Zachar,2,2,1,6.5,6.5,110.0,110.0,1,0.0,0.0,0.0004402528632099
Travis Betz,2,2,1,6.5,6.5,110.0,110.0,1,0.0,0.0,0.0004402528632099
James Lance,2,2,1,7.1,7.1,84817.0,84817.0,4,0.0,0.0,0.0015567556261971
Matt King,2,2,1,7.1,7.1,84817.0,84817.0,4,0.0,0.0,0.0015567556261971
Matt Keeslar,2,2,1,7.0,7.0,2742.0,2742.0,1,0.0,0.0,0.000455445745
Hugh Keays-Byrne,2,2,1,7.0,7.0,152232.0,152232.0,4,0.0,0.0,0.000325117899471
Joanne Samuel,2,2,1,7.0,7.0,152232.0,152232.0,4,0.0,0.0,0.000325117899471
Alex Désert,2,2,1,7.4,7.4,63951.0,63951.0,2,0.0,0.0,0.0034036496690296
Blake Lindsley,2,2,1,7.4,7.4,63951.0,63951.0,2,0.0,0.0,0.0034036496690296
Aldo Sambrell,2,2,1,8.0,8.0,147566.0,147566.0,3,0.0,0.0,0.0014934406853498
Gian Maria Volontè,2,2,1,8.0,8.0,147566.0,147566.0,3,0.0,0.0,0.0014934406853498
Lorraine Toussaint,2,2,1,6.5,6.5,1034.0,1034.0,1,0.0,0.0,0.0018158682770554
Richard Glover,2,2,1,5.1,5.1,2413.0,2413.0,4,0.0,0.0,1.7731547931004626e-07
Stevan Mena,2,2,1,5.1,5.1,2413.0,2413.0,4,0.0,0.0,1.7731547931004626e-07
Elise Muller,2,2,1,6.0,6.0,3507.0,3507.0,4,0.0,0.0,0.0001921462747058
David Lee Smith,2,2,1,8.0,8.0,129799.0,129799.0,3,0.0,0.0,0.0002987110194513
Bruce Gooch,2,2,1,7.2,7.2,1338.0,1338.0,2,0.0,0.0,4.848944028878726e-05
Jordan Bridges,2,2,1,7.2,7.2,1338.0,1338.0,2,0.0,0.0,4.848944028878726e-05
Elaine Bromka,4,4,2,7.4,8.1,26.0,37.0,3,0.0,4.664586765754081e-05,5.231928158484976e-05
Matthew Gumley,2,2,1,6.7,6.7,37.0,37.0,3,0.0,0.0,2.3360100060720984e-06
Robert Turano,2,2,1,6.7,6.7,37.0,37.0,3,0.0,0.0,2.3360100060720984e-06
Alex Emanuel,2,2,1,8.1,8.1,15.0,15.0,1,0.0,0.0,5.212758063813189e-05
Chris New,2,2,1,7.7,7.7,19846.0,19846.0,2,0.0,0.0,5.947772882757898e-05
Vauxhall Jermaine,2,2,1,7.7,7.7,19846.0,19846.0,2,0.0,0.0,5.947772882757898e-05
Joie Lee,2,2,1,6.5,6.5,4769.0,4769.0,2,0.0,0.0,8.319535517005537e-05
Tracy Camilla Johns,2,2,1,6.5,6.5,4769.0,4769.0,2,0.0,0.0,8.319535517005537e-05
Flint Beverage,2,2,1,7.0,7.0,71387.0,71387.0,3,0.0,0.0,2.9857184310076714e-05
Robin Lord Taylor,2,2,1,7.0,7.0,71387.0,71387.0,3,0.0,0.0,2.9857184310076714e-05
Melvin Van Peebles,2,2,1,5.5,5.5,3340.0,3340.0,3,0.0,0.0,0.0004745277311722
Bob Eubanks,2,2,1,7.5,7.5,22800.0,22800.0,1,0.0,0.0,0.0001453079372824
Pat Boone,2,2,1,7.5,7.5,22800.0,22800.0,1,0.0,0.0,0.0001453079372824
Constance Wu,2,2,1,6.7,6.7,15775.0,15775.0,4,0.0,0.0,8.417510215327586e-05
Mel Eslyn,2,2,1,6.7,6.7,21618.0,21618.0,2,0.0,0.0,0.0004096107485348
Mike Birbiglia,2,2,1,6.7,6.7,21618.0,21618.0,2,0.0,0.0,0.0004096107485348
Jason Stuart,2,2,1,5.4,5.4,1197.0,1197.0,2,0.0,0.0,0.0005795668256857
Christopher Robin Miller,2,2,1,5.7,5.7,98.0,98.0,1,0.0,0.0,1.2855129610382544e-05
Richard Moll,2,2,1,5.7,5.7,98.0,98.0,1,0.0,0.0,1.2855129610382544e-05
Shannen Fields,4,4,2,6.800000000000001,6.9,7692.5,12399.0,2,3.0,4.6739346350241294e-05,1.6541864268823678e-06
Charlotte Stewart,2,2,1,7.4,7.4,69831.0,69831.0,3,0.0,0.0,0.0001249118539967
Jack Nance,2,2,1,7.4,7.4,69831.0,69831.0,3,0.0,0.0,0.0001249118539967
Elissa Dowling,4,4,2,5.0,6.8,6494.0,12796.0,5,2.0,0.000262768605181,0.0012130980507387
Adam Rayner,2,2,1,5.6,5.6,5747.0,5747.0,1,0.0,0.0,0.0006468013849069
Arthur O'Connell,2,2,1,7.1,7.1,67.0,67.0,2,0.0,0.0,3.473129044175451e-10
Sheldon Leonard,2,2,1,7.1,7.1,67.0,67.0,2,0.0,0.0,3.473129044175451e-10
Clint Mansell,2,2,1,7.5,7.5,142619.0,142619.0,3,0.0,0.0,0.0014194729486454
Stanley B. Herman,4,4,2,6.95,7.5,71528.5,142619.0,4,3.0,6.328990332036994e-06,0.001740931202202
Meredith Scott Lynn,2,2,1,5.4,5.4,405.0,405.0,2,0.0,0.0,0.000216268860236
Tim DeZarn,2,2,1,5.4,5.4,405.0,405.0,2,0.0,0.0,0.000216268860236
Robert McKee,2,2,1,5.3,5.3,1622.0,1622.0,3,0.0,0.0,0.0001993878361898
Tom Ardavany,2,2,1,5.3,5.3,1622.0,1622.0,3,0.0,0.0,0.0001993878361898
James DeBello,2,2,1,5.6,5.6,1389.0,1389.0,1,0.0,0.0,0.0024129121206942
Sean Whalen,4,4,2,4.8,5.6,1580.0,1771.0,3,0.0,4.6739346350241294e-05,0.0024217490814193
Maxine Bahns,2,2,1,6.6,6.6,6375.0,6375.0,3,0.0,0.0,2.8866956085698975e-05
Shari Albert,2,2,1,6.6,6.6,6375.0,6375.0,3,0.0,0.0,2.8866956085698975e-05
Joffre Soares,2,2,1,6.4,6.4,712.0,712.0,3,0.0,0.0,9.983855737618715e-07
Marcello Mastroianni,2,2,1,6.4,6.4,712.0,712.0,3,0.0,0.0,9.983855737618715e-07
Jemima Kirke,2,2,1,6.3,6.3,11816.0,11816.0,3,0.0,0.0,0.0003483787833169
Corlandos Scott,2,2,1,3.4,3.4,485.0,485.0,3,0.0,0.0,0.0003731630297557
Jeremy Sande,2,2,1,3.4,3.4,485.0,485.0,3,0.0,0.0,0.0003731630297557
Amanda MacDonald,2,2,1,4.7,4.7,128.0,128.0,2,0.0,0.0,0.0003645593400963
Chelse Swain,2,2,1,4.7,4.7,128.0,128.0,2,0.0,0.0,0.0003645593400963
Beau Knapp,2,2,1,6.1,6.1,48236.0,48236.0,2,0.0,0.0,0.0013142280639902
Olivia Cooke,2,2,1,6.1,6.1,48236.0,48236.0,2,0.0,0.0,0.0013142280639902
Kelen Coleman,2,2,1,5.5,5.5,181.0,181.0,1,0.0,0.0,0.0009468838537242
Damian Jewan Lee,2,2,1,7.5,7.5,6246.0,6246.0,1,0.0,0.0,0.0004604422833592
Johnny Walter,2,2,1,5.0,5.0,34.0,34.0,3,0.0,0.0,0.0009252523477144
Shiree Nelson,2,2,1,5.0,5.0,34.0,34.0,3,0.0,0.0,0.0009252523477144
Lindsay Felton,2,2,1,3.2,3.2,192.0,192.0,1,0.0,0.0,5.411930294529202e-05
Patricia Raven,2,2,1,3.2,3.2,192.0,192.0,1,0.0,0.0,5.411930294529202e-05
Jordan Scovel,2,2,1,6.3,6.3,1516.0,1516.0,1,0.0,0.0,0.0004189869857222
Jason Dixie,2,2,1,7.3,7.3,11550.0,11550.0,2,0.0,0.0,3.955406360580264e-05
Stacy Edwards,2,2,1,7.3,7.3,11550.0,11550.0,2,0.0,0.0,3.955406360580264e-05
Casper Martinez,2,2,1,7.0,7.0,493.0,493.0,2,0.0,0.0,2.5510599588263104e-05
Panchito Gómez,2,2,1,7.0,7.0,493.0,493.0,2,0.0,0.0,2.5510599588263104e-05
Janet Lee Dapper,2,2,1,6.9,6.9,2986.0,2986.0,1,0.0,0.0,7.396358048142855e-08
Lisa Arnold,2,2,1,6.9,6.9,2986.0,2986.0,1,0.0,0.0,7.396358048142855e-08
Bari Hyman,2,2,1,6.6,6.6,4067.0,4067.0,3,0.0,0.0,0.0004367599203931
Zoe Lister-Jones,2,2,1,6.2,6.2,1194.0,1194.0,1,0.0,0.0,0.0001557977993498
Jason Trost,2,2,1,4.0,4.0,1771.0,1771.0,2,0.0,0.0,0.00010796725193
Nick Principe,2,2,1,4.0,4.0,1771.0,1771.0,2,0.0,0.0,0.00010796725193
Béatrice Dalle,2,2,1,6.9,6.9,3924.0,3924.0,3,0.0,0.0,0.0001784232822761
James Noble,2,2,1,6.4,6.4,438.0,438.0,2,0.0,0.0,0.0003927442918989
Daphne Zuniga,2,2,1,7.7,7.7,629.0,629.0,2,0.0,0.0,0.0002728879964634
